Content,EventTemplate,Dataset,Category,GPT_Temp_2,GPT_Time_2,GPT_In_Tokens_2,GPT_Out_Tokens_2
Connection closed by 173.234.31.186 [preauth],Connection closed by <*> [preauth],OpenSSH,Unseen,Connection closed by <*> [preauth],0.6665072441101074,100,12
Connection closed by 212.47.254.145 [preauth],Connection closed by <*> [preauth],OpenSSH,Unseen,Connection closed by <*> [preauth],0.5773317813873291,100,12
Received disconnect from 52.80.34.196: 11: Bye Bye [preauth],Received disconnect from <*>: <*>: Bye Bye [preauth],OpenSSH,Unseen,Received disconnect from <*>: <*>: <*> [preauth],0.7820463180541992,106,16
Connection closed by 173.234.31.186 [preauth],Connection closed by <*> [preauth],OpenSSH,Unseen,Connection closed by <*> [preauth],0.6027522087097168,100,12
Received disconnect from 202.100.179.208: 11: Bye Bye [preauth],Received disconnect from <*>: <*>: Bye Bye [preauth],OpenSSH,Unseen,Received disconnect from <*>: <*>: <*> <*> [preauth],1.3070406913757324,106,17
Received disconnect from 112.95.230.3: 11: Bye Bye [preauth],Received disconnect from <*>: <*>: Bye Bye [preauth],OpenSSH,Unseen,Received disconnect from <*>: <*>: <*> <*> [preauth],0.9592623710632324,106,17
Received disconnect from 112.95.230.3: 11: Bye Bye [preauth],Received disconnect from <*>: <*>: Bye Bye [preauth],OpenSSH,Unseen,Received disconnect from <*>: <*>: <*> [preauth],0.8031055927276611,106,16
Received disconnect from 112.95.230.3: 11: Bye Bye [preauth],Received disconnect from <*>: <*>: Bye Bye [preauth],OpenSSH,Unseen,Received disconnect from <*>: <*>: <*> <*> [preauth],0.8763899803161621,106,17
Received disconnect from 112.95.230.3: 11: Bye Bye [preauth],Received disconnect from <*>: <*>: Bye Bye [preauth],OpenSSH,Unseen,Received disconnect from <*>: <*>: <*> <*> [preauth],0.8179221153259277,106,17
Received disconnect from 112.95.230.3: 11: Bye Bye [preauth],Received disconnect from <*>: <*>: Bye Bye [preauth],OpenSSH,Unseen,Received disconnect from <*>: <*>: <*> <*> [preauth],0.660423994064331,106,17
Received disconnect from 112.95.230.3: 11: Bye Bye [preauth],Received disconnect from <*>: <*>: Bye Bye [preauth],OpenSSH,Unseen,Received disconnect from <*>: <*>: <*> <*> [preauth],0.9987146854400635,106,17
Received disconnect from 112.95.230.3: 11: Bye Bye [preauth],Received disconnect from <*>: <*>: Bye Bye [preauth],OpenSSH,Unseen,Received disconnect from <*>: <*>: <*> <*> [preauth],1.030677080154419,106,17
Received disconnect from 112.95.230.3: 11: Bye Bye [preauth],Received disconnect from <*>: <*>: Bye Bye [preauth],OpenSSH,Unseen,Received disconnect from <*>: <*>: <*> <*> [preauth],1.511441946029663,106,17
Received disconnect from 112.95.230.3: 11: Bye Bye [preauth],Received disconnect from <*>: <*>: Bye Bye [preauth],OpenSSH,Unseen,Received disconnect from <*>: <*>: <*> <*> [preauth],0.7333629131317139,106,17
Received disconnect from 112.95.230.3: 11: Bye Bye [preauth],Received disconnect from <*>: <*>: Bye Bye [preauth],OpenSSH,Unseen,Received disconnect from <*>: <*>: <*> <*> [preauth],0.7525026798248291,106,17
Received disconnect from 112.95.230.3: 11: Bye Bye [preauth],Received disconnect from <*>: <*>: Bye Bye [preauth],OpenSSH,Unseen,Received disconnect from <*>: <*>: <*> [preauth],0.7018599510192871,106,16
Received disconnect from 112.95.230.3: 11: Bye Bye [preauth],Received disconnect from <*>: <*>: Bye Bye [preauth],OpenSSH,Unseen,Received disconnect from <*>: <*>: <*> <*> [preauth],0.7414374351501465,106,17
Received disconnect from 112.95.230.3: 11: Bye Bye [preauth],Received disconnect from <*>: <*>: Bye Bye [preauth],OpenSSH,Unseen,Received disconnect from <*>: <*>: <*> [preauth],1.168501853942871,106,16
Received disconnect from 112.95.230.3: 11: Bye Bye [preauth],Received disconnect from <*>: <*>: Bye Bye [preauth],OpenSSH,Unseen,Received disconnect from <*>: <*>: <*> <*> [preauth],0.8590950965881348,106,17
Received disconnect from 112.95.230.3: 11: Bye Bye [preauth],Received disconnect from <*>: <*>: Bye Bye [preauth],OpenSSH,Unseen,Received disconnect from <*>: <*>: <*> <*> [preauth],1.084890365600586,106,17
Received disconnect from 112.95.230.3: 11: Bye Bye [preauth],Received disconnect from <*>: <*>: Bye Bye [preauth],OpenSSH,Unseen,Received disconnect from <*>: <*>: <*> <*> [preauth],1.4162650108337402,106,17
Received disconnect from 112.95.230.3: 11: Bye Bye [preauth],Received disconnect from <*>: <*>: Bye Bye [preauth],OpenSSH,Unseen,Received disconnect from <*>: <*>: <*> <*> [preauth],0.7180643081665039,106,17
Received disconnect from 112.95.230.3: 11: Bye Bye [preauth],Received disconnect from <*>: <*>: Bye Bye [preauth],OpenSSH,Unseen,Received disconnect from <*>: <*>: <*> <*> [preauth],0.6880776882171631,106,17
Received disconnect from 112.95.230.3: 11: Bye Bye [preauth],Received disconnect from <*>: <*>: Bye Bye [preauth],OpenSSH,Unseen,Received disconnect from <*>: <*>: <*> <*> [preauth],0.8028864860534668,106,17
Received disconnect from 112.95.230.3: 11: Bye Bye [preauth],Received disconnect from <*>: <*>: Bye Bye [preauth],OpenSSH,Unseen,Received disconnect from <*>: <*>: <*> <*> [preauth],0.9174151420593262,106,17
Received disconnect from 112.95.230.3: 11: Bye Bye [preauth],Received disconnect from <*>: <*>: Bye Bye [preauth],OpenSSH,Unseen,Received disconnect from <*>: <*>: <*> <*> [preauth],0.754187822341919,106,17
Received disconnect from 112.95.230.3: 11: Bye Bye [preauth],Received disconnect from <*>: <*>: Bye Bye [preauth],OpenSSH,Unseen,Received disconnect from <*>: <*>: <*> <*> [preauth],0.6519417762756348,106,17
Received disconnect from 112.95.230.3: 11: Bye Bye [preauth],Received disconnect from <*>: <*>: Bye Bye [preauth],OpenSSH,Unseen,Received disconnect from <*>: <*>: <*> <*> [preauth],1.3821842670440674,106,17
Received disconnect from 112.95.230.3: 11: Bye Bye [preauth],Received disconnect from <*>: <*>: Bye Bye [preauth],OpenSSH,Unseen,Received disconnect from <*>: <*>: <*> <*> [preauth],0.729682445526123,106,17
Received disconnect from 112.95.230.3: 11: Bye Bye [preauth],Received disconnect from <*>: <*>: Bye Bye [preauth],OpenSSH,Unseen,Received disconnect from <*>: <*>: <*> <*> [preauth],0.7258446216583252,106,17
Received disconnect from 112.95.230.3: 11: Bye Bye [preauth],Received disconnect from <*>: <*>: Bye Bye [preauth],OpenSSH,Unseen,Received disconnect from <*>: <*>: <*> <*> [preauth],0.7358734607696533,106,17
Received disconnect from 123.235.32.19: 11: Bye Bye [preauth],Received disconnect from <*>: <*>: Bye Bye [preauth],OpenSSH,Unseen,Received disconnect from <*>: <*>: <*> [preauth],0.9089488983154297,106,16
Received disconnect from 123.235.32.19: 11: Bye Bye [preauth],Received disconnect from <*>: <*>: Bye Bye [preauth],OpenSSH,Unseen,Received disconnect from <*>: <*>: <*> <*> [preauth],0.9239950180053711,106,17
Received disconnect from 123.235.32.19: 11: Bye Bye [preauth],Received disconnect from <*>: <*>: Bye Bye [preauth],OpenSSH,Unseen,Received disconnect from <*>: <*>: <*> <*> [preauth],0.8053543567657471,106,17
Received disconnect from 123.235.32.19: 11: Bye Bye [preauth],Received disconnect from <*>: <*>: Bye Bye [preauth],OpenSSH,Unseen,Received disconnect from <*>: <*>: <*> <*> [preauth],0.7916457653045654,106,17
Received disconnect from 123.235.32.19: 11: Bye Bye [preauth],Received disconnect from <*>: <*>: Bye Bye [preauth],OpenSSH,Unseen,Received disconnect from <*>: <*>: <*> [preauth],0.70556640625,106,16
Received disconnect from 123.235.32.19: 11: Bye Bye [preauth],Received disconnect from <*>: <*>: Bye Bye [preauth],OpenSSH,Unseen,Received disconnect from <*>: <*>: <*> <*> [preauth],0.7372250556945801,106,17
Received disconnect from 123.235.32.19: 11: Bye Bye [preauth],Received disconnect from <*>: <*>: Bye Bye [preauth],OpenSSH,Unseen,Received disconnect from <*>: <*>: <*> <*> [preauth],0.7240805625915527,106,17
Received disconnect from 183.136.162.51: 11: Bye Bye [preauth],Received disconnect from <*>: <*>: Bye Bye [preauth],OpenSSH,Unseen,Received disconnect from <*>: <*>: <*> <*> [preauth],0.6956698894500732,106,17
Connection closed by 191.210.223.172 [preauth],Connection closed by <*> [preauth],OpenSSH,Unseen,Connection closed by <*> [preauth],0.5149526596069336,100,12
error: Received disconnect from 195.154.37.122: 3: com.jcraft.jsch.JSchException: Auth fail [preauth],error: Received disconnect from <*>: <*>: com.jcraft.jsch.JSchException: Auth fail [preauth],OpenSSH,Unseen,error: Received disconnect from <*>: <*>: com.jcraft.jsch.JSchException: Auth fail [preauth],1.1617228984832764,117,28
error: Received disconnect from 195.154.37.122: 3: com.jcraft.jsch.JSchException: Auth fail [preauth],error: Received disconnect from <*>: <*>: com.jcraft.jsch.JSchException: Auth fail [preauth],OpenSSH,Unseen,error: Received disconnect from <*>: <*>: com.jcraft.jsch.JSchException: Auth fail [preauth],0.7380037307739258,117,28
Connection closed by 194.190.163.22 [preauth],Connection closed by <*> [preauth],OpenSSH,Unseen,Connection closed by <*> [preauth],0.8564949035644531,100,12
Received disconnect from 52.80.34.196: 11: Bye Bye [preauth],Received disconnect from <*>: <*>: Bye Bye [preauth],OpenSSH,Unseen,Received disconnect from <*>: <*>: <*> <*> [preauth],0.9287374019622803,106,17
Connection closed by 194.190.163.22 [preauth],Connection closed by <*> [preauth],OpenSSH,Unseen,Connection closed by <*> [preauth],0.7155015468597412,100,12
Received disconnect from 175.102.13.6: 11: Bye Bye [preauth],Received disconnect from <*>: <*>: Bye Bye [preauth],OpenSSH,Unseen,Received disconnect from <*>: <*>: <*> <*> [preauth],0.9647331237792969,106,17
Connection closed by 194.190.163.22 [preauth],Connection closed by <*> [preauth],OpenSSH,Unseen,Connection closed by <*> [preauth],0.5874769687652588,100,12
Connection closed by 5.188.10.180 [preauth],Connection closed by <*> [preauth],OpenSSH,Unseen,Connection closed by <*> [preauth],1.305934190750122,100,12
Connection closed by 5.188.10.180 [preauth],Connection closed by <*> [preauth],OpenSSH,Unseen,Connection closed by <*> [preauth],1.1675612926483154,100,12
Connection closed by 5.188.10.180 [preauth],Connection closed by <*> [preauth],OpenSSH,Unseen,Connection closed by <*> [preauth],0.8423762321472168,100,12
Connection closed by 5.188.10.180 [preauth],Connection closed by <*> [preauth],OpenSSH,Unseen,Connection closed by <*> [preauth],0.6281986236572266,100,12
Connection closed by 5.188.10.180 [preauth],Connection closed by <*> [preauth],OpenSSH,Unseen,Connection closed by <*> [preauth],0.9584012031555176,100,12
Connection closed by 5.188.10.180 [preauth],Connection closed by <*> [preauth],OpenSSH,Unseen,Connection closed by <*> [preauth],0.663231611251831,100,12
Connection closed by 5.188.10.180 [preauth],Connection closed by <*> [preauth],OpenSSH,Unseen,Connection closed by <*> [preauth],0.9322350025177002,100,12
Connection closed by 5.188.10.180 [preauth],Connection closed by <*> [preauth],OpenSSH,Unseen,Connection closed by <*> [preauth],0.7127013206481934,100,12
PAM 1 more authentication failure; logname= uid=0 euid=0 tty=ssh ruser= rhost=5.188.10.180,PAM <*> more authentication failure; logname= uid=<*> euid=<*> tty=ssh ruser= rhost=<*>,OpenSSH,Unseen,PAM <*> more authentication failure; logname= uid=<*> euid=<*> tty=<*> ruser= rhost=<*>,0.9290306568145752,119,31
Connection closed by 5.188.10.180 [preauth],Connection closed by <*> [preauth],OpenSSH,Unseen,Connection closed by <*> [preauth],0.8696928024291992,100,12
Connection closed by 5.188.10.180 [preauth],Connection closed by <*> [preauth],OpenSSH,Unseen,Connection closed by <*> [preauth],1.1447803974151611,100,12
Connection closed by 5.188.10.180 [preauth],Connection closed by <*> [preauth],OpenSSH,Unseen,Connection closed by <*> [preauth],1.010591745376587,100,12
Connection closed by 194.190.163.22 [preauth],Connection closed by <*> [preauth],OpenSSH,Unseen,Connection closed by <*> [preauth],1.1478321552276611,100,12
Received disconnect from 52.80.34.196: 11: Bye Bye [preauth],Received disconnect from <*>: <*>: Bye Bye [preauth],OpenSSH,Unseen,Received disconnect from <*>: <*>: <*> <*> [preauth],0.7783799171447754,106,17
Connection closed by 185.190.58.151 [preauth],Connection closed by <*> [preauth],OpenSSH,Unseen,Connection closed by <*> [preauth],0.7590038776397705,100,12
Connection closed by 185.190.58.151 [preauth],Connection closed by <*> [preauth],OpenSSH,Unseen,Connection closed by <*> [preauth],0.8866851329803467,100,12
Connection closed by 185.190.58.151 [preauth],Connection closed by <*> [preauth],OpenSSH,Unseen,Connection closed by <*> [preauth],1.7182562351226807,100,12
Connection closed by 185.190.58.151 [preauth],Connection closed by <*> [preauth],OpenSSH,Unseen,Connection closed by <*> [preauth],1.3104867935180664,100,12
Connection closed by 185.190.58.151 [preauth],Connection closed by <*> [preauth],OpenSSH,Unseen,Connection closed by <*> [preauth],0.8701884746551514,100,12
Connection closed by 185.190.58.151 [preauth],Connection closed by <*> [preauth],OpenSSH,Unseen,Connection closed by <*> [preauth],0.6490495204925537,100,12
PAM 1 more authentication failure; logname= uid=0 euid=0 tty=ssh ruser= rhost=185.190.58.151,PAM <*> more authentication failure; logname= uid=<*> euid=<*> tty=ssh ruser= rhost=<*>,OpenSSH,Unseen,PAM <*> more authentication failure; logname= uid=<*> euid=<*> tty=<*> ruser= rhost=<*>,0.9478123188018799,119,31
Received disconnect from 187.141.143.180: 11: Bye Bye [preauth],Received disconnect from <*>: <*>: Bye Bye [preauth],OpenSSH,Unseen,Received disconnect from <*>: <*>: <*> [preauth],0.6924164295196533,106,16
Received disconnect from 187.141.143.180: 11: Bye Bye [preauth],Received disconnect from <*>: <*>: Bye Bye [preauth],OpenSSH,Unseen,Received disconnect from <*>: <*>: <*> [preauth],0.7812185287475586,106,16
Received disconnect from 187.141.143.180: 11: Bye Bye [preauth],Received disconnect from <*>: <*>: Bye Bye [preauth],OpenSSH,Unseen,Received disconnect from <*>: <*>: <*> [preauth],0.8140358924865723,106,16
Connection closed by 185.190.58.151 [preauth],Connection closed by <*> [preauth],OpenSSH,Unseen,Connection closed by <*> [preauth],1.65826416015625,100,12
Received disconnect from 187.141.143.180: 11: Bye Bye [preauth],Received disconnect from <*>: <*>: Bye Bye [preauth],OpenSSH,Unseen,Received disconnect from <*>: <*>: <*> [preauth],0.7411458492279053,106,16
Received disconnect from 187.141.143.180: 11: Bye Bye [preauth],Received disconnect from <*>: <*>: Bye Bye [preauth],OpenSSH,Unseen,Received disconnect from <*>: <*>: <*> [preauth],0.689965009689331,106,16
Received disconnect from 187.141.143.180: 11: Bye Bye [preauth],Received disconnect from <*>: <*>: Bye Bye [preauth],OpenSSH,Unseen,Received disconnect from <*>: <*>: <*> [preauth],0.883561372756958,106,16
Received disconnect from 187.141.143.180: 11: Bye Bye [preauth],Received disconnect from <*>: <*>: Bye Bye [preauth],OpenSSH,Unseen,Received disconnect from <*>: <*>: <*> <*> [preauth],0.8584318161010742,106,17
Received disconnect from 187.141.143.180: 11: Bye Bye [preauth],Received disconnect from <*>: <*>: Bye Bye [preauth],OpenSSH,Unseen,Received disconnect from <*>: <*>: <*> [preauth],0.8033692836761475,106,16
Received disconnect from 187.141.143.180: 11: Bye Bye [preauth],Received disconnect from <*>: <*>: Bye Bye [preauth],OpenSSH,Unseen,Received disconnect from <*>: <*>: <*> [preauth],0.944136381149292,106,16
Received disconnect from 187.141.143.180: 11: Bye Bye [preauth],Received disconnect from <*>: <*>: Bye Bye [preauth],OpenSSH,Unseen,Received disconnect from <*>: <*>: <*> [preauth],0.7051482200622559,106,16
Received disconnect from 187.141.143.180: 11: Bye Bye [preauth],Received disconnect from <*>: <*>: Bye Bye [preauth],OpenSSH,Unseen,Received disconnect from <*>: <*>: <*> [preauth],1.0256547927856445,106,16
Received disconnect from 187.141.143.180: 11: Bye Bye [preauth],Received disconnect from <*>: <*>: Bye Bye [preauth],OpenSSH,Unseen,Received disconnect from <*>: <*>: <*> [preauth],0.8680689334869385,106,16
Received disconnect from 187.141.143.180: 11: Bye Bye [preauth],Received disconnect from <*>: <*>: Bye Bye [preauth],OpenSSH,Unseen,Received disconnect from <*>: <*>: <*> [preauth],0.6718134880065918,106,16
Received disconnect from 187.141.143.180: 11: Bye Bye [preauth],Received disconnect from <*>: <*>: Bye Bye [preauth],OpenSSH,Unseen,Received disconnect from <*>: <*>: <*> [preauth],0.6986916065216064,106,16
Received disconnect from 187.141.143.180: 11: Bye Bye [preauth],Received disconnect from <*>: <*>: Bye Bye [preauth],OpenSSH,Unseen,Received disconnect from <*>: <*>: <*> <*> [preauth],0.7214725017547607,106,17
Received disconnect from 187.141.143.180: 11: Bye Bye [preauth],Received disconnect from <*>: <*>: Bye Bye [preauth],OpenSSH,Unseen,Received disconnect from <*>: <*>: <*> [preauth],0.905052661895752,106,16
Received disconnect from 187.141.143.180: 11: Bye Bye [preauth],Received disconnect from <*>: <*>: Bye Bye [preauth],OpenSSH,Unseen,Received disconnect from <*>: <*>: <*> [preauth],0.9596767425537109,106,16
Received disconnect from 187.141.143.180: 11: Bye Bye [preauth],Received disconnect from <*>: <*>: Bye Bye [preauth],OpenSSH,Unseen,Received disconnect from <*>: <*>: <*> [preauth],0.8497984409332275,106,16
Received disconnect from 187.141.143.180: 11: Bye Bye [preauth],Received disconnect from <*>: <*>: Bye Bye [preauth],OpenSSH,Unseen,Received disconnect from <*>: <*>: <*> [preauth],0.7597627639770508,106,16
Received disconnect from 187.141.143.180: 11: Bye Bye [preauth],Received disconnect from <*>: <*>: Bye Bye [preauth],OpenSSH,Unseen,Received disconnect from <*>: <*>: <*> <*> [preauth],0.637798547744751,106,17
Received disconnect from 187.141.143.180: 11: Bye Bye [preauth],Received disconnect from <*>: <*>: Bye Bye [preauth],OpenSSH,Unseen,Received disconnect from <*>: <*>: <*> <*> [preauth],0.939286470413208,106,17
Received disconnect from 187.141.143.180: 11: Bye Bye [preauth],Received disconnect from <*>: <*>: Bye Bye [preauth],OpenSSH,Unseen,Received disconnect from <*>: <*>: <*> [preauth],0.8408417701721191,106,16
Received disconnect from 187.141.143.180: 11: Bye Bye [preauth],Received disconnect from <*>: <*>: Bye Bye [preauth],OpenSSH,Unseen,Received disconnect from <*>: <*>: <*> [preauth],1.2313838005065918,106,16
Received disconnect from 187.141.143.180: 11: Bye Bye [preauth],Received disconnect from <*>: <*>: Bye Bye [preauth],OpenSSH,Unseen,Received disconnect from <*>: <*>: <*> [preauth],0.8776547908782959,106,16
Received disconnect from 187.141.143.180: 11: Bye Bye [preauth],Received disconnect from <*>: <*>: Bye Bye [preauth],OpenSSH,Unseen,Received disconnect from <*>: <*>: <*> [preauth],0.8788862228393555,106,16
Received disconnect from 187.141.143.180: 11: Bye Bye [preauth],Received disconnect from <*>: <*>: Bye Bye [preauth],OpenSSH,Unseen,Received disconnect from <*>: <*>: <*> [preauth],1.2089850902557373,106,16
Received disconnect from 187.141.143.180: 11: Bye Bye [preauth],Received disconnect from <*>: <*>: Bye Bye [preauth],OpenSSH,Unseen,Received disconnect from <*>: <*>: <*> [preauth],0.634021520614624,106,16
Received disconnect from 187.141.143.180: 11: Bye Bye [preauth],Received disconnect from <*>: <*>: Bye Bye [preauth],OpenSSH,Unseen,Received disconnect from <*>: <*>: <*> [preauth],0.8791437149047852,106,16
Received disconnect from 187.141.143.180: 11: Bye Bye [preauth],Received disconnect from <*>: <*>: Bye Bye [preauth],OpenSSH,Unseen,Received disconnect from <*>: <*>: <*> [preauth],0.9107859134674072,106,16
Received disconnect from 187.141.143.180: 11: Bye Bye [preauth],Received disconnect from <*>: <*>: Bye Bye [preauth],OpenSSH,Unseen,Received disconnect from <*>: <*>: <*> [preauth],0.6889443397521973,106,16
Received disconnect from 187.141.143.180: 11: Bye Bye [preauth],Received disconnect from <*>: <*>: Bye Bye [preauth],OpenSSH,Unseen,Received disconnect from <*>: <*>: <*> [preauth],0.7193830013275146,106,16
Received disconnect from 187.141.143.180: 11: Bye Bye [preauth],Received disconnect from <*>: <*>: Bye Bye [preauth],OpenSSH,Unseen,Received disconnect from <*>: <*>: <*> [preauth],0.8917627334594727,106,16
Received disconnect from 187.141.143.180: 11: Bye Bye [preauth],Received disconnect from <*>: <*>: Bye Bye [preauth],OpenSSH,Unseen,Received disconnect from <*>: <*>: <*> [preauth],0.833050012588501,106,16
Received disconnect from 187.141.143.180: 11: Bye Bye [preauth],Received disconnect from <*>: <*>: Bye Bye [preauth],OpenSSH,Unseen,Received disconnect from <*>: <*>: <*> [preauth],0.5943830013275146,106,16
Received disconnect from 187.141.143.180: 11: Bye Bye [preauth],Received disconnect from <*>: <*>: Bye Bye [preauth],OpenSSH,Unseen,Received disconnect from <*>: <*>: <*> <*> [preauth],0.8188769817352295,106,17
Received disconnect from 187.141.143.180: 11: Bye Bye [preauth],Received disconnect from <*>: <*>: Bye Bye [preauth],OpenSSH,Unseen,Received disconnect from <*>: <*>: <*> [preauth],0.9446563720703125,106,16
Received disconnect from 187.141.143.180: 11: Bye Bye [preauth],Received disconnect from <*>: <*>: Bye Bye [preauth],OpenSSH,Unseen,Received disconnect from <*>: <*>: <*> <*> [preauth],0.8960206508636475,106,17
Received disconnect from 187.141.143.180: 11: Bye Bye [preauth],Received disconnect from <*>: <*>: Bye Bye [preauth],OpenSSH,Unseen,Received disconnect from <*>: <*>: <*> [preauth],0.8480355739593506,106,16
Received disconnect from 187.141.143.180: 11: Bye Bye [preauth],Received disconnect from <*>: <*>: Bye Bye [preauth],OpenSSH,Unseen,Received disconnect from <*>: <*>: <*> <*> [preauth],0.8219974040985107,106,17
Received disconnect from 187.141.143.180: 11: Bye Bye [preauth],Received disconnect from <*>: <*>: Bye Bye [preauth],OpenSSH,Unseen,Received disconnect from <*>: <*>: <*> [preauth],0.7230863571166992,106,16
Received disconnect from 187.141.143.180: 11: Bye Bye [preauth],Received disconnect from <*>: <*>: Bye Bye [preauth],OpenSSH,Unseen,Received disconnect from <*>: <*>: <*> [preauth],0.7394888401031494,106,16
Received disconnect from 187.141.143.180: 11: Bye Bye [preauth],Received disconnect from <*>: <*>: Bye Bye [preauth],OpenSSH,Unseen,Received disconnect from <*>: <*>: <*> [preauth],0.8393504619598389,106,16
Received disconnect from 187.141.143.180: 11: Bye Bye [preauth],Received disconnect from <*>: <*>: Bye Bye [preauth],OpenSSH,Unseen,Received disconnect from <*>: <*>: <*> [preauth],0.7187032699584961,106,16
Received disconnect from 187.141.143.180: 11: Bye Bye [preauth],Received disconnect from <*>: <*>: Bye Bye [preauth],OpenSSH,Unseen,Received disconnect from <*>: <*>: <*> <*> [preauth],0.9418039321899414,106,17
Received disconnect from 187.141.143.180: 11: Bye Bye [preauth],Received disconnect from <*>: <*>: Bye Bye [preauth],OpenSSH,Unseen,Received disconnect from <*>: <*>: <*> [preauth],0.6453056335449219,106,16
Received disconnect from 187.141.143.180: 11: Bye Bye [preauth],Received disconnect from <*>: <*>: Bye Bye [preauth],OpenSSH,Unseen,Received disconnect from <*>: <*>: <*> [preauth],0.7450814247131348,106,16
Received disconnect from 187.141.143.180: 11: Bye Bye [preauth],Received disconnect from <*>: <*>: Bye Bye [preauth],OpenSSH,Unseen,Received disconnect from <*>: <*>: <*> [preauth],10.507197618484497,106,16
Received disconnect from 187.141.143.180: 11: Bye Bye [preauth],Received disconnect from <*>: <*>: Bye Bye [preauth],OpenSSH,Unseen,Received disconnect from <*>: <*>: <*> <*> [preauth],6.997567892074585,106,17
Received disconnect from 187.141.143.180: 11: Bye Bye [preauth],Received disconnect from <*>: <*>: Bye Bye [preauth],OpenSSH,Unseen,Received disconnect from <*>: <*>: <*> [preauth],0.7148692607879639,106,16
Received disconnect from 187.141.143.180: 11: Bye Bye [preauth],Received disconnect from <*>: <*>: Bye Bye [preauth],OpenSSH,Unseen,Received disconnect from <*>: <*>: <*> [preauth],0.6325633525848389,106,16
Received disconnect from 187.141.143.180: 11: Bye Bye [preauth],Received disconnect from <*>: <*>: Bye Bye [preauth],OpenSSH,Unseen,Received disconnect from <*>: <*>: <*> [preauth],0.8266279697418213,106,16
Received disconnect from 187.141.143.180: 11: Bye Bye [preauth],Received disconnect from <*>: <*>: Bye Bye [preauth],OpenSSH,Unseen,Received disconnect from <*>: <*>: <*> [preauth],0.853724479675293,106,16
Received disconnect from 187.141.143.180: 11: Bye Bye [preauth],Received disconnect from <*>: <*>: Bye Bye [preauth],OpenSSH,Unseen,Received disconnect from <*>: <*>: <*> [preauth],0.7883586883544922,106,16
Received disconnect from 187.141.143.180: 11: Bye Bye [preauth],Received disconnect from <*>: <*>: Bye Bye [preauth],OpenSSH,Unseen,Received disconnect from <*>: <*>: <*> [preauth],0.746345043182373,106,16
Received disconnect from 187.141.143.180: 11: Bye Bye [preauth],Received disconnect from <*>: <*>: Bye Bye [preauth],OpenSSH,Unseen,Received disconnect from <*>: <*>: <*> <*> [preauth],0.7127985954284668,106,17
Received disconnect from 187.141.143.180: 11: Bye Bye [preauth],Received disconnect from <*>: <*>: Bye Bye [preauth],OpenSSH,Unseen,Received disconnect from <*>: <*>: <*> [preauth],0.8161265850067139,106,16
Received disconnect from 187.141.143.180: 11: Bye Bye [preauth],Received disconnect from <*>: <*>: Bye Bye [preauth],OpenSSH,Unseen,Received disconnect from <*>: <*>: <*> [preauth],0.7384457588195801,106,16
Received disconnect from 187.141.143.180: 11: Bye Bye [preauth],Received disconnect from <*>: <*>: Bye Bye [preauth],OpenSSH,Unseen,Received disconnect from <*>: <*>: <*> [preauth],0.7626035213470459,106,16
Received disconnect from 187.141.143.180: 11: Bye Bye [preauth],Received disconnect from <*>: <*>: Bye Bye [preauth],OpenSSH,Unseen,Received disconnect from <*>: <*>: <*> [preauth],0.868480920791626,106,16
Received disconnect from 187.141.143.180: 11: Bye Bye [preauth],Received disconnect from <*>: <*>: Bye Bye [preauth],OpenSSH,Unseen,Received disconnect from <*>: <*>: <*> [preauth],0.8316526412963867,106,16
Received disconnect from 187.141.143.180: 11: Bye Bye [preauth],Received disconnect from <*>: <*>: Bye Bye [preauth],OpenSSH,Unseen,Received disconnect from <*>: <*>: <*> [preauth],0.6261494159698486,106,16
Received disconnect from 187.141.143.180: 11: Bye Bye [preauth],Received disconnect from <*>: <*>: Bye Bye [preauth],OpenSSH,Unseen,Received disconnect from <*>: <*>: <*> [preauth],1.632652759552002,106,16
Received disconnect from 187.141.143.180: 11: Bye Bye [preauth],Received disconnect from <*>: <*>: Bye Bye [preauth],OpenSSH,Unseen,Received disconnect from <*>: <*>: <*> <*> [preauth],0.7351675033569336,106,17
Received disconnect from 187.141.143.180: 11: Bye Bye [preauth],Received disconnect from <*>: <*>: Bye Bye [preauth],OpenSSH,Unseen,Received disconnect from <*>: <*>: <*> [preauth],1.1222147941589355,106,16
Received disconnect from 187.141.143.180: 11: Bye Bye [preauth],Received disconnect from <*>: <*>: Bye Bye [preauth],OpenSSH,Unseen,Received disconnect from <*>: <*>: <*> [preauth],0.8053536415100098,106,16
Received disconnect from 187.141.143.180: 11: Bye Bye [preauth],Received disconnect from <*>: <*>: Bye Bye [preauth],OpenSSH,Unseen,Received disconnect from <*>: <*>: <*> [preauth],1.3476922512054443,106,16
Received disconnect from 187.141.143.180: 11: Bye Bye [preauth],Received disconnect from <*>: <*>: Bye Bye [preauth],OpenSSH,Unseen,Received disconnect from <*>: <*>: <*> [preauth],0.852546215057373,106,16
Received disconnect from 187.141.143.180: 11: Bye Bye [preauth],Received disconnect from <*>: <*>: Bye Bye [preauth],OpenSSH,Unseen,Received disconnect from <*>: <*>: <*> [preauth],0.8846080303192139,106,16
Received disconnect from 187.141.143.180: 11: Bye Bye [preauth],Received disconnect from <*>: <*>: Bye Bye [preauth],OpenSSH,Unseen,Received disconnect from <*>: <*>: <*> <*> [preauth],0.8945803642272949,106,17
Received disconnect from 187.141.143.180: 11: Bye Bye [preauth],Received disconnect from <*>: <*>: Bye Bye [preauth],OpenSSH,Unseen,Received disconnect from <*>: <*>: <*> [preauth],1.2721900939941406,106,16
Received disconnect from 187.141.143.180: 11: Bye Bye [preauth],Received disconnect from <*>: <*>: Bye Bye [preauth],OpenSSH,Unseen,Received disconnect from <*>: <*>: <*> [preauth],0.9250962734222412,106,16
Received disconnect from 187.141.143.180: 11: Bye Bye [preauth],Received disconnect from <*>: <*>: Bye Bye [preauth],OpenSSH,Unseen,Received disconnect from <*>: <*>: <*> [preauth],1.429753303527832,106,16
Received disconnect from 187.141.143.180: 11: Bye Bye [preauth],Received disconnect from <*>: <*>: Bye Bye [preauth],OpenSSH,Unseen,Received disconnect from <*>: <*>: <*> [preauth],1.1806402206420898,106,16
Received disconnect from 187.141.143.180: 11: Bye Bye [preauth],Received disconnect from <*>: <*>: Bye Bye [preauth],OpenSSH,Unseen,Received disconnect from <*>: <*>: <*> [preauth],0.7290408611297607,106,16
Received disconnect from 187.141.143.180: 11: Bye Bye [preauth],Received disconnect from <*>: <*>: Bye Bye [preauth],OpenSSH,Unseen,Received disconnect from <*>: <*>: <*> [preauth],0.8435242176055908,106,16
Received disconnect from 187.141.143.180: 11: Bye Bye [preauth],Received disconnect from <*>: <*>: Bye Bye [preauth],OpenSSH,Unseen,Received disconnect from <*>: <*>: <*> [preauth],0.752547025680542,106,16
Received disconnect from 187.141.143.180: 11: Bye Bye [preauth],Received disconnect from <*>: <*>: Bye Bye [preauth],OpenSSH,Unseen,Received disconnect from <*>: <*>: <*> [preauth],0.9031596183776855,106,16
Received disconnect from 187.141.143.180: 11: Bye Bye [preauth],Received disconnect from <*>: <*>: Bye Bye [preauth],OpenSSH,Unseen,Received disconnect from <*>: <*>: <*> [preauth],1.0292530059814453,106,16
Received disconnect from 187.141.143.180: 11: Bye Bye [preauth],Received disconnect from <*>: <*>: Bye Bye [preauth],OpenSSH,Unseen,Received disconnect from <*>: <*>: <*> [preauth],0.7959079742431641,106,16
Received disconnect from 187.141.143.180: 11: Bye Bye [preauth],Received disconnect from <*>: <*>: Bye Bye [preauth],OpenSSH,Unseen,Received disconnect from <*>: <*>: <*> [preauth],0.9507961273193359,106,16
Received disconnect from 104.192.3.34: 11: Bye Bye [preauth],Received disconnect from <*>: <*>: Bye Bye [preauth],OpenSSH,Unseen,Received disconnect from <*>: <*>: <*> <*> [preauth],1.1457629203796387,106,17
Connection closed by 104.192.3.34 [preauth],Connection closed by <*> [preauth],OpenSSH,Unseen,Connection closed by <*> [preauth],1.3173387050628662,100,12
pam_unix(sshd:session): session opened for user fztu by (uid=0),pam_unix(sshd:session): session opened for user <*> by (uid=<*>),OpenSSH,Unseen,pam_unix(sshd:session): session opened for user <*> by (uid=<*>),1.6531789302825928,106,23
Received disconnect from 52.80.34.196: 11: Bye Bye [preauth],Received disconnect from <*>: <*>: Bye Bye [preauth],OpenSSH,Unseen,Received disconnect from <*>: <*>: <*> [preauth],0.8088376522064209,106,16
Connection closed by 181.214.87.4 [preauth],Connection closed by <*> [preauth],OpenSSH,Unseen,Connection closed by <*> [preauth],0.887446403503418,100,12
Received disconnect from 60.2.12.12: 11: Bye Bye [preauth],Received disconnect from <*>: <*>: Bye Bye [preauth],OpenSSH,Unseen,Received disconnect from <*>: <*>: <*> <*> [preauth],1.2845244407653809,106,17
Received disconnect from 60.2.12.12: 11: Bye Bye [preauth],Received disconnect from <*>: <*>: Bye Bye [preauth],OpenSSH,Unseen,Received disconnect from <*>: <*>: <*> <*> [preauth],0.7698988914489746,106,17
Received disconnect from 60.2.12.12: 11: Bye Bye [preauth],Received disconnect from <*>: <*>: Bye Bye [preauth],OpenSSH,Unseen,Received disconnect from <*>: <*>: <*> <*> [preauth],0.790919303894043,106,17
Received disconnect from 60.2.12.12: 11: Bye Bye [preauth],Received disconnect from <*>: <*>: Bye Bye [preauth],OpenSSH,Unseen,Received disconnect from <*>: <*>: <*> [preauth],0.9450747966766357,106,16
Connection closed by 60.2.12.12 [preauth],Connection closed by <*> [preauth],OpenSSH,Unseen,Connection closed by <*> [preauth],0.7636096477508545,100,12
Connection closed by 1.237.174.253 [preauth],Connection closed by <*> [preauth],OpenSSH,Unseen,Connection closed by <*> [preauth],0.676663875579834,100,12
Received disconnect from 52.80.34.196: 11: Bye Bye [preauth],Received disconnect from <*>: <*>: Bye Bye [preauth],OpenSSH,Unseen,Received disconnect from <*>: <*>: <*> [preauth],0.7454612255096436,106,16
Received disconnect from 183.136.162.51: 11: Bye Bye [preauth],Received disconnect from <*>: <*>: Bye Bye [preauth],OpenSSH,Unseen,Received disconnect from <*>: <*>: <*> <*> [preauth],0.7598752975463867,106,17
Connection closed by 1.237.174.253 [preauth],Connection closed by <*> [preauth],OpenSSH,Unseen,Connection closed by <*> [preauth],0.5925838947296143,100,12
Connection closed by 88.147.143.242 [preauth],Connection closed by <*> [preauth],OpenSSH,Unseen,Connection closed by <*> [preauth],2.0936853885650635,100,12
Connection closed by 1.237.174.253 [preauth],Connection closed by <*> [preauth],OpenSSH,Unseen,Connection closed by <*> [preauth],2.3272974491119385,100,12
Received disconnect from 183.62.140.253: 11: Bye Bye [preauth],Received disconnect from <*>: <*>: Bye Bye [preauth],OpenSSH,Unseen,Received disconnect from <*>: <*>: <*> [preauth],0.8610858917236328,106,16
Received disconnect from 183.62.140.253: 11: Bye Bye [preauth],Received disconnect from <*>: <*>: Bye Bye [preauth],OpenSSH,Unseen,Received disconnect from <*>: <*>: <*> [preauth],0.8881916999816895,106,16
Received disconnect from 183.62.140.253: 11: Bye Bye [preauth],Received disconnect from <*>: <*>: Bye Bye [preauth],OpenSSH,Unseen,Received disconnect from <*>: <*>: <*> [preauth],0.6611082553863525,106,16
Received disconnect from 183.62.140.253: 11: Bye Bye [preauth],Received disconnect from <*>: <*>: Bye Bye [preauth],OpenSSH,Unseen,Received disconnect from <*>: <*>: <*> [preauth],0.6896378993988037,106,16
Received disconnect from 183.62.140.253: 11: Bye Bye [preauth],Received disconnect from <*>: <*>: Bye Bye [preauth],OpenSSH,Unseen,Received disconnect from <*>: <*>: <*> [preauth],0.9416084289550781,106,16
Received disconnect from 183.62.140.253: 11: Bye Bye [preauth],Received disconnect from <*>: <*>: Bye Bye [preauth],OpenSSH,Unseen,Received disconnect from <*>: <*>: <*> [preauth],0.6480374336242676,106,16
Received disconnect from 183.62.140.253: 11: Bye Bye [preauth],Received disconnect from <*>: <*>: Bye Bye [preauth],OpenSSH,Unseen,Received disconnect from <*>: <*>: <*> <*> [preauth],0.762904167175293,106,17
Received disconnect from 183.62.140.253: 11: Bye Bye [preauth],Received disconnect from <*>: <*>: Bye Bye [preauth],OpenSSH,Unseen,Received disconnect from <*>: <*>: <*> [preauth],0.6971437931060791,106,16
Received disconnect from 183.62.140.253: 11: Bye Bye [preauth],Received disconnect from <*>: <*>: Bye Bye [preauth],OpenSSH,Unseen,Received disconnect from <*>: <*>: <*> <*> [preauth],1.6708097457885742,106,17
Received disconnect from 183.62.140.253: 11: Bye Bye [preauth],Received disconnect from <*>: <*>: Bye Bye [preauth],OpenSSH,Unseen,Received disconnect from <*>: <*>: <*> [preauth],1.1388511657714844,106,16
Received disconnect from 183.62.140.253: 11: Bye Bye [preauth],Received disconnect from <*>: <*>: Bye Bye [preauth],OpenSSH,Unseen,Received disconnect from <*>: <*>: <*> [preauth],0.8677728176116943,106,16
Received disconnect from 183.62.140.253: 11: Bye Bye [preauth],Received disconnect from <*>: <*>: Bye Bye [preauth],OpenSSH,Unseen,Received disconnect from <*>: <*>: <*> [preauth],0.760209321975708,106,16
Received disconnect from 183.62.140.253: 11: Bye Bye [preauth],Received disconnect from <*>: <*>: Bye Bye [preauth],OpenSSH,Unseen,Received disconnect from <*>: <*>: <*> [preauth],0.8469481468200684,106,16
Received disconnect from 183.62.140.253: 11: Bye Bye [preauth],Received disconnect from <*>: <*>: Bye Bye [preauth],OpenSSH,Unseen,Received disconnect from <*>: <*>: <*> [preauth],0.7948544025421143,106,16
Received disconnect from 183.62.140.253: 11: Bye Bye [preauth],Received disconnect from <*>: <*>: Bye Bye [preauth],OpenSSH,Unseen,Received disconnect from <*>: <*>: <*> [preauth],0.6589231491088867,106,16
Received disconnect from 183.62.140.253: 11: Bye Bye [preauth],Received disconnect from <*>: <*>: Bye Bye [preauth],OpenSSH,Unseen,Received disconnect from <*>: <*>: <*> [preauth],1.9486885070800781,106,16
Received disconnect from 183.62.140.253: 11: Bye Bye [preauth],Received disconnect from <*>: <*>: Bye Bye [preauth],OpenSSH,Unseen,Received disconnect from <*>: <*>: <*> [preauth],1.1841437816619873,106,16
Received disconnect from 183.62.140.253: 11: Bye Bye [preauth],Received disconnect from <*>: <*>: Bye Bye [preauth],OpenSSH,Unseen,Received disconnect from <*>: <*>: <*> [preauth],1.8725714683532715,106,16
Received disconnect from 183.62.140.253: 11: Bye Bye [preauth],Received disconnect from <*>: <*>: Bye Bye [preauth],OpenSSH,Unseen,Received disconnect from <*>: <*>: <*> [preauth],4.795447826385498,106,16
Received disconnect from 183.62.140.253: 11: Bye Bye [preauth],Received disconnect from <*>: <*>: Bye Bye [preauth],OpenSSH,Unseen,Received disconnect from <*>: <*>: <*> [preauth],0.8060505390167236,106,16
Received disconnect from 183.62.140.253: 11: Bye Bye [preauth],Received disconnect from <*>: <*>: Bye Bye [preauth],OpenSSH,Unseen,Received disconnect from <*>: <*>: <*> [preauth],1.6347503662109375,106,16
Received disconnect from 202.100.179.208: 11: Bye Bye [preauth],Received disconnect from <*>: <*>: Bye Bye [preauth],OpenSSH,Unseen,Received disconnect from <*>: <*>: <*> <*> [preauth],0.8523650169372559,106,17
Received disconnect from 183.62.140.253: 11: Bye Bye [preauth],Received disconnect from <*>: <*>: Bye Bye [preauth],OpenSSH,Unseen,Received disconnect from <*>: <*>: <*> [preauth],0.7161557674407959,106,16
Received disconnect from 183.62.140.253: 11: Bye Bye [preauth],Received disconnect from <*>: <*>: Bye Bye [preauth],OpenSSH,Unseen,Received disconnect from <*>: <*>: <*> [preauth],1.0736184120178223,106,16
Received disconnect from 183.62.140.253: 11: Bye Bye [preauth],Received disconnect from <*>: <*>: Bye Bye [preauth],OpenSSH,Unseen,Received disconnect from <*>: <*>: <*> [preauth],0.7675108909606934,106,16
Received disconnect from 183.62.140.253: 11: Bye Bye [preauth],Received disconnect from <*>: <*>: Bye Bye [preauth],OpenSSH,Unseen,Received disconnect from <*>: <*>: <*> [preauth],1.116027593612671,106,16
Received disconnect from 183.62.140.253: 11: Bye Bye [preauth],Received disconnect from <*>: <*>: Bye Bye [preauth],OpenSSH,Unseen,Received disconnect from <*>: <*>: <*> [preauth],1.3042733669281006,106,16
Received disconnect from 183.62.140.253: 11: Bye Bye [preauth],Received disconnect from <*>: <*>: Bye Bye [preauth],OpenSSH,Unseen,Received disconnect from <*>: <*>: <*> [preauth],1.1817924976348877,106,16
Received disconnect from 183.62.140.253: 11: Bye Bye [preauth],Received disconnect from <*>: <*>: Bye Bye [preauth],OpenSSH,Unseen,Received disconnect from <*>: <*>: <*> [preauth],0.7634437084197998,106,16
Received disconnect from 183.62.140.253: 11: Bye Bye [preauth],Received disconnect from <*>: <*>: Bye Bye [preauth],OpenSSH,Unseen,Received disconnect from <*>: <*>: <*> [preauth],0.759671688079834,106,16
Received disconnect from 183.62.140.253: 11: Bye Bye [preauth],Received disconnect from <*>: <*>: Bye Bye [preauth],OpenSSH,Unseen,Received disconnect from <*>: <*>: <*> [preauth],0.8972115516662598,106,16
Received disconnect from 183.62.140.253: 11: Bye Bye [preauth],Received disconnect from <*>: <*>: Bye Bye [preauth],OpenSSH,Unseen,Received disconnect from <*>: <*>: <*> [preauth],0.813657283782959,106,16
Received disconnect from 183.62.140.253: 11: Bye Bye [preauth],Received disconnect from <*>: <*>: Bye Bye [preauth],OpenSSH,Unseen,Received disconnect from <*>: <*>: <*> [preauth],0.8937652111053467,106,16
Received disconnect from 183.62.140.253: 11: Bye Bye [preauth],Received disconnect from <*>: <*>: Bye Bye [preauth],OpenSSH,Unseen,Received disconnect from <*>: <*>: <*> [preauth],0.7993876934051514,106,16
Received disconnect from 183.62.140.253: 11: Bye Bye [preauth],Received disconnect from <*>: <*>: Bye Bye [preauth],OpenSSH,Unseen,Received disconnect from <*>: <*>: <*> [preauth],0.9005334377288818,106,16
Received disconnect from 183.62.140.253: 11: Bye Bye [preauth],Received disconnect from <*>: <*>: Bye Bye [preauth],OpenSSH,Unseen,Received disconnect from <*>: <*>: <*> [preauth],0.7996203899383545,106,16
Received disconnect from 183.62.140.253: 11: Bye Bye [preauth],Received disconnect from <*>: <*>: Bye Bye [preauth],OpenSSH,Unseen,Received disconnect from <*>: <*>: <*> [preauth],0.8136496543884277,106,16
Received disconnect from 183.62.140.253: 11: Bye Bye [preauth],Received disconnect from <*>: <*>: Bye Bye [preauth],OpenSSH,Unseen,Received disconnect from <*>: <*>: <*> [preauth],0.7267179489135742,106,16
Received disconnect from 183.62.140.253: 11: Bye Bye [preauth],Received disconnect from <*>: <*>: Bye Bye [preauth],OpenSSH,Unseen,Received disconnect from <*>: <*>: <*> [preauth],0.866832971572876,106,16
Received disconnect from 183.62.140.253: 11: Bye Bye [preauth],Received disconnect from <*>: <*>: Bye Bye [preauth],OpenSSH,Unseen,Received disconnect from <*>: <*>: <*> [preauth],0.7973589897155762,106,16
Received disconnect from 183.62.140.253: 11: Bye Bye [preauth],Received disconnect from <*>: <*>: Bye Bye [preauth],OpenSSH,Unseen,Received disconnect from <*>: <*>: <*> [preauth],1.1511058807373047,106,16
Received disconnect from 183.62.140.253: 11: Bye Bye [preauth],Received disconnect from <*>: <*>: Bye Bye [preauth],OpenSSH,Unseen,Received disconnect from <*>: <*>: <*> [preauth],1.0194430351257324,106,16
Received disconnect from 183.62.140.253: 11: Bye Bye [preauth],Received disconnect from <*>: <*>: Bye Bye [preauth],OpenSSH,Unseen,Received disconnect from <*>: <*>: <*> [preauth],0.7562403678894043,106,16
Received disconnect from 183.62.140.253: 11: Bye Bye [preauth],Received disconnect from <*>: <*>: Bye Bye [preauth],OpenSSH,Unseen,Received disconnect from <*>: <*>: <*> [preauth],0.8495433330535889,106,16
Received disconnect from 183.62.140.253: 11: Bye Bye [preauth],Received disconnect from <*>: <*>: Bye Bye [preauth],OpenSSH,Unseen,Received disconnect from <*>: <*>: <*> [preauth],0.7092897891998291,106,16
Received disconnect from 183.62.140.253: 11: Bye Bye [preauth],Received disconnect from <*>: <*>: Bye Bye [preauth],OpenSSH,Unseen,Received disconnect from <*>: <*>: <*> [preauth],0.8835463523864746,106,16
Received disconnect from 183.62.140.253: 11: Bye Bye [preauth],Received disconnect from <*>: <*>: Bye Bye [preauth],OpenSSH,Unseen,Received disconnect from <*>: <*>: <*> [preauth],0.8853962421417236,106,16
Received disconnect from 183.62.140.253: 11: Bye Bye [preauth],Received disconnect from <*>: <*>: Bye Bye [preauth],OpenSSH,Unseen,Received disconnect from <*>: <*>: <*> [preauth],0.8154516220092773,106,16
Received disconnect from 183.62.140.253: 11: Bye Bye [preauth],Received disconnect from <*>: <*>: Bye Bye [preauth],OpenSSH,Unseen,Received disconnect from <*>: <*>: <*> [preauth],0.7741491794586182,106,16
Received disconnect from 183.62.140.253: 11: Bye Bye [preauth],Received disconnect from <*>: <*>: Bye Bye [preauth],OpenSSH,Unseen,Received disconnect from <*>: <*>: <*> [preauth],0.7281413078308105,106,16
Received disconnect from 183.62.140.253: 11: Bye Bye [preauth],Received disconnect from <*>: <*>: Bye Bye [preauth],OpenSSH,Unseen,Received disconnect from <*>: <*>: <*> <*> [preauth],1.0719211101531982,106,17
Received disconnect from 183.62.140.253: 11: Bye Bye [preauth],Received disconnect from <*>: <*>: Bye Bye [preauth],OpenSSH,Unseen,Received disconnect from <*>: <*>: <*> [preauth],0.9144692420959473,106,16
Received disconnect from 183.62.140.253: 11: Bye Bye [preauth],Received disconnect from <*>: <*>: Bye Bye [preauth],OpenSSH,Unseen,Received disconnect from <*>: <*>: <*> [preauth],0.8996047973632812,106,16
Received disconnect from 183.62.140.253: 11: Bye Bye [preauth],Received disconnect from <*>: <*>: Bye Bye [preauth],OpenSSH,Unseen,Received disconnect from <*>: <*>: <*> [preauth],0.8895754814147949,106,16
Received disconnect from 183.62.140.253: 11: Bye Bye [preauth],Received disconnect from <*>: <*>: Bye Bye [preauth],OpenSSH,Unseen,Received disconnect from <*>: <*>: <*> <*> [preauth],0.922433614730835,106,17
Received disconnect from 183.62.140.253: 11: Bye Bye [preauth],Received disconnect from <*>: <*>: Bye Bye [preauth],OpenSSH,Unseen,Received disconnect from <*>: <*>: <*> [preauth],0.7226195335388184,106,16
Received disconnect from 183.62.140.253: 11: Bye Bye [preauth],Received disconnect from <*>: <*>: Bye Bye [preauth],OpenSSH,Unseen,Received disconnect from <*>: <*>: <*> [preauth],1.1248748302459717,106,16
Received disconnect from 183.62.140.253: 11: Bye Bye [preauth],Received disconnect from <*>: <*>: Bye Bye [preauth],OpenSSH,Unseen,Received disconnect from <*>: <*>: <*> [preauth],0.8672385215759277,106,16
Received disconnect from 183.62.140.253: 11: Bye Bye [preauth],Received disconnect from <*>: <*>: Bye Bye [preauth],OpenSSH,Unseen,Received disconnect from <*>: <*>: <*> [preauth],0.7353343963623047,106,16
Received disconnect from 183.62.140.253: 11: Bye Bye [preauth],Received disconnect from <*>: <*>: Bye Bye [preauth],OpenSSH,Unseen,Received disconnect from <*>: <*>: <*> [preauth],0.8958172798156738,106,16
Received disconnect from 183.62.140.253: 11: Bye Bye [preauth],Received disconnect from <*>: <*>: Bye Bye [preauth],OpenSSH,Unseen,Received disconnect from <*>: <*>: <*> <*> [preauth],0.7162585258483887,106,17
Received disconnect from 183.62.140.253: 11: Bye Bye [preauth],Received disconnect from <*>: <*>: Bye Bye [preauth],OpenSSH,Unseen,Received disconnect from <*>: <*>: <*> [preauth],0.8767814636230469,106,16
Received disconnect from 183.62.140.253: 11: Bye Bye [preauth],Received disconnect from <*>: <*>: Bye Bye [preauth],OpenSSH,Unseen,Received disconnect from <*>: <*>: <*> [preauth],0.6760363578796387,106,16
Received disconnect from 183.62.140.253: 11: Bye Bye [preauth],Received disconnect from <*>: <*>: Bye Bye [preauth],OpenSSH,Unseen,Received disconnect from <*>: <*>: <*> [preauth],0.9046430587768555,106,16
Received disconnect from 183.62.140.253: 11: Bye Bye [preauth],Received disconnect from <*>: <*>: Bye Bye [preauth],OpenSSH,Unseen,Received disconnect from <*>: <*>: <*> [preauth],1.4547176361083984,106,16
Received disconnect from 183.62.140.253: 11: Bye Bye [preauth],Received disconnect from <*>: <*>: Bye Bye [preauth],OpenSSH,Unseen,Received disconnect from <*>: <*>: <*> [preauth],0.7467095851898193,106,16
Received disconnect from 183.62.140.253: 11: Bye Bye [preauth],Received disconnect from <*>: <*>: Bye Bye [preauth],OpenSSH,Unseen,Received disconnect from <*>: <*>: <*> [preauth],0.9789941310882568,106,16
Received disconnect from 183.62.140.253: 11: Bye Bye [preauth],Received disconnect from <*>: <*>: Bye Bye [preauth],OpenSSH,Unseen,Received disconnect from <*>: <*>: <*> [preauth],1.2161896228790283,106,16
Received disconnect from 183.62.140.253: 11: Bye Bye [preauth],Received disconnect from <*>: <*>: Bye Bye [preauth],OpenSSH,Unseen,Received disconnect from <*>: <*>: <*> [preauth],1.3122880458831787,106,16
Received disconnect from 183.62.140.253: 11: Bye Bye [preauth],Received disconnect from <*>: <*>: Bye Bye [preauth],OpenSSH,Unseen,Received disconnect from <*>: <*>: <*> <*> [preauth],2.7106707096099854,106,17
Received disconnect from 183.62.140.253: 11: Bye Bye [preauth],Received disconnect from <*>: <*>: Bye Bye [preauth],OpenSSH,Unseen,Received disconnect from <*>: <*>: <*> [preauth],0.6196715831756592,106,16
Received disconnect from 183.62.140.253: 11: Bye Bye [preauth],Received disconnect from <*>: <*>: Bye Bye [preauth],OpenSSH,Unseen,Received disconnect from <*>: <*>: <*> [preauth],0.9373624324798584,106,16
Received disconnect from 183.62.140.253: 11: Bye Bye [preauth],Received disconnect from <*>: <*>: Bye Bye [preauth],OpenSSH,Unseen,Received disconnect from <*>: <*>: <*> [preauth],1.460829496383667,106,16
Received disconnect from 183.62.140.253: 11: Bye Bye [preauth],Received disconnect from <*>: <*>: Bye Bye [preauth],OpenSSH,Unseen,Received disconnect from <*>: <*>: <*> [preauth],0.8576927185058594,106,16
Received disconnect from 183.62.140.253: 11: Bye Bye [preauth],Received disconnect from <*>: <*>: Bye Bye [preauth],OpenSSH,Unseen,Received disconnect from <*>: <*>: <*> [preauth],0.743422269821167,106,16
Received disconnect from 183.62.140.253: 11: Bye Bye [preauth],Received disconnect from <*>: <*>: Bye Bye [preauth],OpenSSH,Unseen,Received disconnect from <*>: <*>: <*> [preauth],0.8335366249084473,106,16
Received disconnect from 183.62.140.253: 11: Bye Bye [preauth],Received disconnect from <*>: <*>: Bye Bye [preauth],OpenSSH,Unseen,Received disconnect from <*>: <*>: <*> <*> [preauth],1.2218647003173828,106,17
Received disconnect from 183.62.140.253: 11: Bye Bye [preauth],Received disconnect from <*>: <*>: Bye Bye [preauth],OpenSSH,Unseen,Received disconnect from <*>: <*>: <*> [preauth],0.9721403121948242,106,16
Received disconnect from 183.62.140.253: 11: Bye Bye [preauth],Received disconnect from <*>: <*>: Bye Bye [preauth],OpenSSH,Unseen,Received disconnect from <*>: <*>: <*> [preauth],4.029014587402344,106,16
Received disconnect from 183.62.140.253: 11: Bye Bye [preauth],Received disconnect from <*>: <*>: Bye Bye [preauth],OpenSSH,Unseen,Received disconnect from <*>: <*>: <*> [preauth],0.6635971069335938,106,16
Received disconnect from 183.62.140.253: 11: Bye Bye [preauth],Received disconnect from <*>: <*>: Bye Bye [preauth],OpenSSH,Unseen,Received disconnect from <*>: <*>: <*> <*> [preauth],0.9511032104492188,106,17
Received disconnect from 183.62.140.253: 11: Bye Bye [preauth],Received disconnect from <*>: <*>: Bye Bye [preauth],OpenSSH,Unseen,Received disconnect from <*>: <*>: <*> [preauth],0.7815487384796143,106,16
Received disconnect from 183.62.140.253: 11: Bye Bye [preauth],Received disconnect from <*>: <*>: Bye Bye [preauth],OpenSSH,Unseen,Received disconnect from <*>: <*>: <*> [preauth],0.7770376205444336,106,16
Received disconnect from 183.62.140.253: 11: Bye Bye [preauth],Received disconnect from <*>: <*>: Bye Bye [preauth],OpenSSH,Unseen,Received disconnect from <*>: <*>: <*> [preauth],1.9482464790344238,106,16
Received disconnect from 183.62.140.253: 11: Bye Bye [preauth],Received disconnect from <*>: <*>: Bye Bye [preauth],OpenSSH,Unseen,Received disconnect from <*>: <*>: <*> [preauth],0.7767148017883301,106,16
Received disconnect from 183.62.140.253: 11: Bye Bye [preauth],Received disconnect from <*>: <*>: Bye Bye [preauth],OpenSSH,Unseen,Received disconnect from <*>: <*>: <*> [preauth],1.1688506603240967,106,16
Received disconnect from 183.62.140.253: 11: Bye Bye [preauth],Received disconnect from <*>: <*>: Bye Bye [preauth],OpenSSH,Unseen,Received disconnect from <*>: <*>: <*> [preauth],0.7436034679412842,106,16
Received disconnect from 183.62.140.253: 11: Bye Bye [preauth],Received disconnect from <*>: <*>: Bye Bye [preauth],OpenSSH,Unseen,Received disconnect from <*>: <*>: <*> [preauth],0.7960526943206787,106,16
Received disconnect from 183.62.140.253: 11: Bye Bye [preauth],Received disconnect from <*>: <*>: Bye Bye [preauth],OpenSSH,Unseen,Received disconnect from <*>: <*>: <*> [preauth],1.7120006084442139,106,16
Received disconnect from 183.62.140.253: 11: Bye Bye [preauth],Received disconnect from <*>: <*>: Bye Bye [preauth],OpenSSH,Unseen,Received disconnect from <*>: <*>: <*> [preauth],1.614525318145752,106,16
Received disconnect from 183.62.140.253: 11: Bye Bye [preauth],Received disconnect from <*>: <*>: Bye Bye [preauth],OpenSSH,Unseen,Received disconnect from <*>: <*>: <*> [preauth],0.6667330265045166,106,16
Received disconnect from 183.62.140.253: 11: Bye Bye [preauth],Received disconnect from <*>: <*>: Bye Bye [preauth],OpenSSH,Unseen,Received disconnect from <*>: <*>: <*> [preauth],0.8581850528717041,106,16
Received disconnect from 183.62.140.253: 11: Bye Bye [preauth],Received disconnect from <*>: <*>: Bye Bye [preauth],OpenSSH,Unseen,Received disconnect from <*>: <*>: <*> <*> [preauth],0.9082753658294678,106,17
Received disconnect from 183.62.140.253: 11: Bye Bye [preauth],Received disconnect from <*>: <*>: Bye Bye [preauth],OpenSSH,Unseen,Received disconnect from <*>: <*>: <*> [preauth],0.7041592597961426,106,16
Received disconnect from 183.62.140.253: 11: Bye Bye [preauth],Received disconnect from <*>: <*>: Bye Bye [preauth],OpenSSH,Unseen,Received disconnect from <*>: <*>: <*> [preauth],0.9804770946502686,106,16
Received disconnect from 183.62.140.253: 11: Bye Bye [preauth],Received disconnect from <*>: <*>: Bye Bye [preauth],OpenSSH,Unseen,Received disconnect from <*>: <*>: <*> [preauth],0.8422267436981201,106,16
Received disconnect from 183.62.140.253: 11: Bye Bye [preauth],Received disconnect from <*>: <*>: Bye Bye [preauth],OpenSSH,Unseen,Received disconnect from <*>: <*>: <*> [preauth],0.7073731422424316,106,16
Received disconnect from 183.62.140.253: 11: Bye Bye [preauth],Received disconnect from <*>: <*>: Bye Bye [preauth],OpenSSH,Unseen,Received disconnect from <*>: <*>: <*> <*> [preauth],0.9018974304199219,106,17
Received disconnect from 183.62.140.253: 11: Bye Bye [preauth],Received disconnect from <*>: <*>: Bye Bye [preauth],OpenSSH,Unseen,Received disconnect from <*>: <*>: <*> [preauth],1.7603130340576172,106,16
Received disconnect from 183.62.140.253: 11: Bye Bye [preauth],Received disconnect from <*>: <*>: Bye Bye [preauth],OpenSSH,Unseen,Received disconnect from <*>: <*>: <*> [preauth],0.616175651550293,106,16
Received disconnect from 183.62.140.253: 11: Bye Bye [preauth],Received disconnect from <*>: <*>: Bye Bye [preauth],OpenSSH,Unseen,Received disconnect from <*>: <*>: <*> <*> [preauth],0.7735652923583984,106,17
Received disconnect from 183.62.140.253: 11: Bye Bye [preauth],Received disconnect from <*>: <*>: Bye Bye [preauth],OpenSSH,Unseen,Received disconnect from <*>: <*>: <*> <*> [preauth],0.8277068138122559,106,17
Received disconnect from 183.62.140.253: 11: Bye Bye [preauth],Received disconnect from <*>: <*>: Bye Bye [preauth],OpenSSH,Unseen,Received disconnect from <*>: <*>: <*> [preauth],0.718313455581665,106,16
Received disconnect from 183.62.140.253: 11: Bye Bye [preauth],Received disconnect from <*>: <*>: Bye Bye [preauth],OpenSSH,Unseen,Received disconnect from <*>: <*>: <*> [preauth],0.7203514575958252,106,16
Received disconnect from 183.62.140.253: 11: Bye Bye [preauth],Received disconnect from <*>: <*>: Bye Bye [preauth],OpenSSH,Unseen,Received disconnect from <*>: <*>: <*> [preauth],0.9584107398986816,106,16
Received disconnect from 183.62.140.253: 11: Bye Bye [preauth],Received disconnect from <*>: <*>: Bye Bye [preauth],OpenSSH,Unseen,Received disconnect from <*>: <*>: <*> [preauth],0.9018819332122803,106,16
Received disconnect from 183.62.140.253: 11: Bye Bye [preauth],Received disconnect from <*>: <*>: Bye Bye [preauth],OpenSSH,Unseen,Received disconnect from <*>: <*>: <*> [preauth],1.1429443359375,106,16
Received disconnect from 183.62.140.253: 11: Bye Bye [preauth],Received disconnect from <*>: <*>: Bye Bye [preauth],OpenSSH,Unseen,Received disconnect from <*>: <*>: <*> [preauth],2.184890031814575,106,16
Received disconnect from 183.62.140.253: 11: Bye Bye [preauth],Received disconnect from <*>: <*>: Bye Bye [preauth],OpenSSH,Unseen,Received disconnect from <*>: <*>: <*> [preauth],0.9138154983520508,106,16
Received disconnect from 183.62.140.253: 11: Bye Bye [preauth],Received disconnect from <*>: <*>: Bye Bye [preauth],OpenSSH,Unseen,Received disconnect from <*>: <*>: <*> [preauth],0.7742249965667725,106,16
Received disconnect from 183.62.140.253: 11: Bye Bye [preauth],Received disconnect from <*>: <*>: Bye Bye [preauth],OpenSSH,Unseen,Received disconnect from <*>: <*>: <*> [preauth],0.9760956764221191,106,16
Received disconnect from 183.62.140.253: 11: Bye Bye [preauth],Received disconnect from <*>: <*>: Bye Bye [preauth],OpenSSH,Unseen,Received disconnect from <*>: <*>: <*> [preauth],0.5773208141326904,106,16
Received disconnect from 183.62.140.253: 11: Bye Bye [preauth],Received disconnect from <*>: <*>: Bye Bye [preauth],OpenSSH,Unseen,Received disconnect from <*>: <*>: <*> [preauth],0.7571072578430176,106,16
Received disconnect from 183.62.140.253: 11: Bye Bye [preauth],Received disconnect from <*>: <*>: Bye Bye [preauth],OpenSSH,Unseen,Received disconnect from <*>: <*>: <*> [preauth],0.8718042373657227,106,16
Received disconnect from 183.62.140.253: 11: Bye Bye [preauth],Received disconnect from <*>: <*>: Bye Bye [preauth],OpenSSH,Unseen,Received disconnect from <*>: <*>: <*> [preauth],0.982072114944458,106,16
Received disconnect from 183.62.140.253: 11: Bye Bye [preauth],Received disconnect from <*>: <*>: Bye Bye [preauth],OpenSSH,Unseen,Received disconnect from <*>: <*>: <*> [preauth],0.9411838054656982,106,16
Received disconnect from 183.62.140.253: 11: Bye Bye [preauth],Received disconnect from <*>: <*>: Bye Bye [preauth],OpenSSH,Unseen,Received disconnect from <*>: <*>: <*> [preauth],22.294831037521362,106,16
Received disconnect from 183.62.140.253: 11: Bye Bye [preauth],Received disconnect from <*>: <*>: Bye Bye [preauth],OpenSSH,Unseen,Received disconnect from <*>: <*>: <*> [preauth],0.817988395690918,106,16
Received disconnect from 183.62.140.253: 11: Bye Bye [preauth],Received disconnect from <*>: <*>: Bye Bye [preauth],OpenSSH,Unseen,Received disconnect from <*>: <*>: <*> [preauth],0.9648494720458984,106,16
Received disconnect from 183.62.140.253: 11: Bye Bye [preauth],Received disconnect from <*>: <*>: Bye Bye [preauth],OpenSSH,Unseen,Received disconnect from <*>: <*>: <*> [preauth],1.026961088180542,106,16
Received disconnect from 183.62.140.253: 11: Bye Bye [preauth],Received disconnect from <*>: <*>: Bye Bye [preauth],OpenSSH,Unseen,Received disconnect from <*>: <*>: <*> [preauth],0.798926591873169,106,16
Received disconnect from 183.62.140.253: 11: Bye Bye [preauth],Received disconnect from <*>: <*>: Bye Bye [preauth],OpenSSH,Unseen,Received disconnect from <*>: <*>: <*> [preauth],0.7084133625030518,106,16
Received disconnect from 183.62.140.253: 11: Bye Bye [preauth],Received disconnect from <*>: <*>: Bye Bye [preauth],OpenSSH,Unseen,Received disconnect from <*>: <*>: <*> [preauth],0.7378401756286621,106,16
Received disconnect from 183.62.140.253: 11: Bye Bye [preauth],Received disconnect from <*>: <*>: Bye Bye [preauth],OpenSSH,Unseen,Received disconnect from <*>: <*>: <*> [preauth],0.9852910041809082,106,16
Received disconnect from 183.62.140.253: 11: Bye Bye [preauth],Received disconnect from <*>: <*>: Bye Bye [preauth],OpenSSH,Unseen,Received disconnect from <*>: <*>: <*> [preauth],0.6421563625335693,106,16
Received disconnect from 183.62.140.253: 11: Bye Bye [preauth],Received disconnect from <*>: <*>: Bye Bye [preauth],OpenSSH,Unseen,Received disconnect from <*>: <*>: <*> <*> [preauth],0.8055858612060547,106,17
Received disconnect from 183.62.140.253: 11: Bye Bye [preauth],Received disconnect from <*>: <*>: Bye Bye [preauth],OpenSSH,Unseen,Received disconnect from <*>: <*>: <*> [preauth],0.581862211227417,106,16
Received disconnect from 183.62.140.253: 11: Bye Bye [preauth],Received disconnect from <*>: <*>: Bye Bye [preauth],OpenSSH,Unseen,Received disconnect from <*>: <*>: <*> [preauth],0.7642107009887695,106,16
Received disconnect from 183.62.140.253: 11: Bye Bye [preauth],Received disconnect from <*>: <*>: Bye Bye [preauth],OpenSSH,Unseen,Received disconnect from <*>: <*>: <*> [preauth],0.974449634552002,106,16
Received disconnect from 183.62.140.253: 11: Bye Bye [preauth],Received disconnect from <*>: <*>: Bye Bye [preauth],OpenSSH,Unseen,Received disconnect from <*>: <*>: <*> [preauth],1.3698413372039795,106,16
Received disconnect from 183.62.140.253: 11: Bye Bye [preauth],Received disconnect from <*>: <*>: Bye Bye [preauth],OpenSSH,Unseen,Received disconnect from <*>: <*>: <*> [preauth],0.9293169975280762,106,16
Received disconnect from 183.62.140.253: 11: Bye Bye [preauth],Received disconnect from <*>: <*>: Bye Bye [preauth],OpenSSH,Unseen,Received disconnect from <*>: <*>: <*> [preauth],1.3887360095977783,106,16
Received disconnect from 183.62.140.253: 11: Bye Bye [preauth],Received disconnect from <*>: <*>: Bye Bye [preauth],OpenSSH,Unseen,Received disconnect from <*>: <*>: <*> [preauth],0.7609860897064209,106,16
Received disconnect from 183.62.140.253: 11: Bye Bye [preauth],Received disconnect from <*>: <*>: Bye Bye [preauth],OpenSSH,Unseen,Received disconnect from <*>: <*>: <*> [preauth],1.3386709690093994,106,16
Received disconnect from 183.62.140.253: 11: Bye Bye [preauth],Received disconnect from <*>: <*>: Bye Bye [preauth],OpenSSH,Unseen,Received disconnect from <*>: <*>: <*> [preauth],0.9080896377563477,106,16
Received disconnect from 183.62.140.253: 11: Bye Bye [preauth],Received disconnect from <*>: <*>: Bye Bye [preauth],OpenSSH,Unseen,Received disconnect from <*>: <*>: <*> <*> [preauth],0.7266254425048828,106,17
Received disconnect from 183.62.140.253: 11: Bye Bye [preauth],Received disconnect from <*>: <*>: Bye Bye [preauth],OpenSSH,Unseen,Received disconnect from <*>: <*>: <*> [preauth],0.7372796535491943,106,16
Received disconnect from 183.62.140.253: 11: Bye Bye [preauth],Received disconnect from <*>: <*>: Bye Bye [preauth],OpenSSH,Unseen,Received disconnect from <*>: <*>: <*> [preauth],0.6863839626312256,106,16
Received disconnect from 183.62.140.253: 11: Bye Bye [preauth],Received disconnect from <*>: <*>: Bye Bye [preauth],OpenSSH,Unseen,Received disconnect from <*>: <*>: <*> [preauth],0.7979626655578613,106,16
Received disconnect from 183.62.140.253: 11: Bye Bye [preauth],Received disconnect from <*>: <*>: Bye Bye [preauth],OpenSSH,Unseen,Received disconnect from <*>: <*>: <*> [preauth],0.7932195663452148,106,16
Received disconnect from 183.62.140.253: 11: Bye Bye [preauth],Received disconnect from <*>: <*>: Bye Bye [preauth],OpenSSH,Unseen,Received disconnect from <*>: <*>: <*> [preauth],0.9214766025543213,106,16
Received disconnect from 183.62.140.253: 11: Bye Bye [preauth],Received disconnect from <*>: <*>: Bye Bye [preauth],OpenSSH,Unseen,Received disconnect from <*>: <*>: <*> [preauth],0.8585309982299805,106,16
Received disconnect from 183.62.140.253: 11: Bye Bye [preauth],Received disconnect from <*>: <*>: Bye Bye [preauth],OpenSSH,Unseen,Received disconnect from <*>: <*>: <*> [preauth],0.7546303272247314,106,16
Received disconnect from 183.62.140.253: 11: Bye Bye [preauth],Received disconnect from <*>: <*>: Bye Bye [preauth],OpenSSH,Unseen,Received disconnect from <*>: <*>: <*> [preauth],0.7888674736022949,106,16
Received disconnect from 183.62.140.253: 11: Bye Bye [preauth],Received disconnect from <*>: <*>: Bye Bye [preauth],OpenSSH,Unseen,Received disconnect from <*>: <*>: <*> [preauth],0.7421998977661133,106,16
Received disconnect from 183.62.140.253: 11: Bye Bye [preauth],Received disconnect from <*>: <*>: Bye Bye [preauth],OpenSSH,Unseen,Received disconnect from <*>: <*>: <*> [preauth],0.8204457759857178,106,16
Received disconnect from 183.62.140.253: 11: Bye Bye [preauth],Received disconnect from <*>: <*>: Bye Bye [preauth],OpenSSH,Unseen,Received disconnect from <*>: <*>: <*> [preauth],0.8914399147033691,106,16
Received disconnect from 183.62.140.253: 11: Bye Bye [preauth],Received disconnect from <*>: <*>: Bye Bye [preauth],OpenSSH,Unseen,Received disconnect from <*>: <*>: <*> [preauth],0.7156734466552734,106,16
Received disconnect from 183.62.140.253: 11: Bye Bye [preauth],Received disconnect from <*>: <*>: Bye Bye [preauth],OpenSSH,Unseen,Received disconnect from <*>: <*>: <*> [preauth],0.7367458343505859,106,16
Received disconnect from 183.62.140.253: 11: Bye Bye [preauth],Received disconnect from <*>: <*>: Bye Bye [preauth],OpenSSH,Unseen,Received disconnect from <*>: <*>: <*> <*> [preauth],0.794522762298584,106,17
Received disconnect from 183.62.140.253: 11: Bye Bye [preauth],Received disconnect from <*>: <*>: Bye Bye [preauth],OpenSSH,Unseen,Received disconnect from <*>: <*>: <*> [preauth],1.4279990196228027,106,16
Received disconnect from 183.62.140.253: 11: Bye Bye [preauth],Received disconnect from <*>: <*>: Bye Bye [preauth],OpenSSH,Unseen,Received disconnect from <*>: <*>: <*> [preauth],0.8760018348693848,106,16
Received disconnect from 183.62.140.253: 11: Bye Bye [preauth],Received disconnect from <*>: <*>: Bye Bye [preauth],OpenSSH,Unseen,Received disconnect from <*>: <*>: <*> <*> [preauth],0.8520553112030029,106,17
Received disconnect from 183.62.140.253: 11: Bye Bye [preauth],Received disconnect from <*>: <*>: Bye Bye [preauth],OpenSSH,Unseen,Received disconnect from <*>: <*>: <*> <*> [preauth],0.7516586780548096,106,17
Received disconnect from 183.62.140.253: 11: Bye Bye [preauth],Received disconnect from <*>: <*>: Bye Bye [preauth],OpenSSH,Unseen,Received disconnect from <*>: <*>: <*> [preauth],0.9357011318206787,106,16
Received disconnect from 183.62.140.253: 11: Bye Bye [preauth],Received disconnect from <*>: <*>: Bye Bye [preauth],OpenSSH,Unseen,Received disconnect from <*>: <*>: <*> [preauth],0.8188157081604004,106,16
Received disconnect from 183.62.140.253: 11: Bye Bye [preauth],Received disconnect from <*>: <*>: Bye Bye [preauth],OpenSSH,Unseen,Received disconnect from <*>: <*>: <*> [preauth],0.8433706760406494,106,16
Received disconnect from 183.62.140.253: 11: Bye Bye [preauth],Received disconnect from <*>: <*>: Bye Bye [preauth],OpenSSH,Unseen,Received disconnect from <*>: <*>: <*> [preauth],0.7501788139343262,106,16
Received disconnect from 183.62.140.253: 11: Bye Bye [preauth],Received disconnect from <*>: <*>: Bye Bye [preauth],OpenSSH,Unseen,Received disconnect from <*>: <*>: <*> [preauth],0.8449652194976807,106,16
Received disconnect from 183.62.140.253: 11: Bye Bye [preauth],Received disconnect from <*>: <*>: Bye Bye [preauth],OpenSSH,Unseen,Received disconnect from <*>: <*>: <*> [preauth],0.8409490585327148,106,16
Received disconnect from 183.62.140.253: 11: Bye Bye [preauth],Received disconnect from <*>: <*>: Bye Bye [preauth],OpenSSH,Unseen,Received disconnect from <*>: <*>: <*> [preauth],0.6975679397583008,106,16
Received disconnect from 183.62.140.253: 11: Bye Bye [preauth],Received disconnect from <*>: <*>: Bye Bye [preauth],OpenSSH,Unseen,Received disconnect from <*>: <*>: <*> [preauth],0.6560020446777344,106,16
Received disconnect from 183.62.140.253: 11: Bye Bye [preauth],Received disconnect from <*>: <*>: Bye Bye [preauth],OpenSSH,Unseen,Received disconnect from <*>: <*>: <*> [preauth],0.7065830230712891,106,16
Received disconnect from 183.62.140.253: 11: Bye Bye [preauth],Received disconnect from <*>: <*>: Bye Bye [preauth],OpenSSH,Unseen,Received disconnect from <*>: <*>: <*> <*> [preauth],0.8479626178741455,106,17
Received disconnect from 183.62.140.253: 11: Bye Bye [preauth],Received disconnect from <*>: <*>: Bye Bye [preauth],OpenSSH,Unseen,Received disconnect from <*>: <*>: <*> [preauth],0.7463593482971191,106,16
Received disconnect from 183.62.140.253: 11: Bye Bye [preauth],Received disconnect from <*>: <*>: Bye Bye [preauth],OpenSSH,Unseen,Received disconnect from <*>: <*>: <*> [preauth],0.6536169052124023,106,16
Received disconnect from 183.62.140.253: 11: Bye Bye [preauth],Received disconnect from <*>: <*>: Bye Bye [preauth],OpenSSH,Unseen,Received disconnect from <*>: <*>: <*> <*> [preauth],0.8170514106750488,106,17
Received disconnect from 183.62.140.253: 11: Bye Bye [preauth],Received disconnect from <*>: <*>: Bye Bye [preauth],OpenSSH,Unseen,Received disconnect from <*>: <*>: <*> [preauth],0.7642357349395752,106,16
Received disconnect from 183.62.140.253: 11: Bye Bye [preauth],Received disconnect from <*>: <*>: Bye Bye [preauth],OpenSSH,Unseen,Received disconnect from <*>: <*>: <*> [preauth],0.7796127796173096,106,16
Received disconnect from 183.62.140.253: 11: Bye Bye [preauth],Received disconnect from <*>: <*>: Bye Bye [preauth],OpenSSH,Unseen,Received disconnect from <*>: <*>: <*> [preauth],0.8782784938812256,106,16
Received disconnect from 183.62.140.253: 11: Bye Bye [preauth],Received disconnect from <*>: <*>: Bye Bye [preauth],OpenSSH,Unseen,Received disconnect from <*>: <*>: <*> [preauth],0.7867026329040527,106,16
Received disconnect from 183.62.140.253: 11: Bye Bye [preauth],Received disconnect from <*>: <*>: Bye Bye [preauth],OpenSSH,Unseen,Received disconnect from <*>: <*>: <*> [preauth],0.8464152812957764,106,16
Received disconnect from 183.62.140.253: 11: Bye Bye [preauth],Received disconnect from <*>: <*>: Bye Bye [preauth],OpenSSH,Unseen,Received disconnect from <*>: <*>: <*> [preauth],0.7060122489929199,106,16
Received disconnect from 183.62.140.253: 11: Bye Bye [preauth],Received disconnect from <*>: <*>: Bye Bye [preauth],OpenSSH,Unseen,Received disconnect from <*>: <*>: <*> [preauth],1.609375,106,16
Received disconnect from 183.62.140.253: 11: Bye Bye [preauth],Received disconnect from <*>: <*>: Bye Bye [preauth],OpenSSH,Unseen,Received disconnect from <*>: <*>: <*> [preauth],0.8926386833190918,106,16
Received disconnect from 183.62.140.253: 11: Bye Bye [preauth],Received disconnect from <*>: <*>: Bye Bye [preauth],OpenSSH,Unseen,Received disconnect from <*>: <*>: <*> [preauth],0.8640198707580566,106,16
Received disconnect from 183.62.140.253: 11: Bye Bye [preauth],Received disconnect from <*>: <*>: Bye Bye [preauth],OpenSSH,Unseen,Received disconnect from <*>: <*>: <*> [preauth],0.7847154140472412,106,16
Received disconnect from 183.62.140.253: 11: Bye Bye [preauth],Received disconnect from <*>: <*>: Bye Bye [preauth],OpenSSH,Unseen,Received disconnect from <*>: <*>: <*> [preauth],0.751204252243042,106,16
Received disconnect from 183.62.140.253: 11: Bye Bye [preauth],Received disconnect from <*>: <*>: Bye Bye [preauth],OpenSSH,Unseen,Received disconnect from <*>: <*>: <*> [preauth],0.7787363529205322,106,16
Received disconnect from 183.62.140.253: 11: Bye Bye [preauth],Received disconnect from <*>: <*>: Bye Bye [preauth],OpenSSH,Unseen,Received disconnect from <*>: <*>: <*> [preauth],0.803879976272583,106,16
Received disconnect from 183.62.140.253: 11: Bye Bye [preauth],Received disconnect from <*>: <*>: Bye Bye [preauth],OpenSSH,Unseen,Received disconnect from <*>: <*>: <*> [preauth],1.7794580459594727,106,16
Received disconnect from 183.62.140.253: 11: Bye Bye [preauth],Received disconnect from <*>: <*>: Bye Bye [preauth],OpenSSH,Unseen,Received disconnect from <*>: <*>: <*> [preauth],0.6991069316864014,106,16
Received disconnect from 183.62.140.253: 11: Bye Bye [preauth],Received disconnect from <*>: <*>: Bye Bye [preauth],OpenSSH,Unseen,Received disconnect from <*>: <*>: <*> [preauth],0.7748732566833496,106,16
Received disconnect from 183.62.140.253: 11: Bye Bye [preauth],Received disconnect from <*>: <*>: Bye Bye [preauth],OpenSSH,Unseen,Received disconnect from <*>: <*>: <*> <*> [preauth],0.8058595657348633,106,17
Received disconnect from 183.62.140.253: 11: Bye Bye [preauth],Received disconnect from <*>: <*>: Bye Bye [preauth],OpenSSH,Unseen,Received disconnect from <*>: <*>: <*> [preauth],0.7605843544006348,106,16
Received disconnect from 183.62.140.253: 11: Bye Bye [preauth],Received disconnect from <*>: <*>: Bye Bye [preauth],OpenSSH,Unseen,Received disconnect from <*>: <*>: <*> [preauth],0.8168935775756836,106,16
Received disconnect from 183.62.140.253: 11: Bye Bye [preauth],Received disconnect from <*>: <*>: Bye Bye [preauth],OpenSSH,Unseen,Received disconnect from <*>: <*>: <*> [preauth],0.8273828029632568,106,16
Received disconnect from 183.62.140.253: 11: Bye Bye [preauth],Received disconnect from <*>: <*>: Bye Bye [preauth],OpenSSH,Unseen,Received disconnect from <*>: <*>: <*> [preauth],0.7892885208129883,106,16
Connection closed by 88.147.143.242 [preauth],Connection closed by <*> [preauth],OpenSSH,Unseen,Connection closed by <*> [preauth],0.6091279983520508,100,12
Received disconnect from 183.62.140.253: 11: Bye Bye [preauth],Received disconnect from <*>: <*>: Bye Bye [preauth],OpenSSH,Unseen,Received disconnect from <*>: <*>: <*> [preauth],0.8358941078186035,106,16
Received disconnect from 183.62.140.253: 11: Bye Bye [preauth],Received disconnect from <*>: <*>: Bye Bye [preauth],OpenSSH,Unseen,Received disconnect from <*>: <*>: <*> [preauth],0.7762579917907715,106,16
Received disconnect from 183.62.140.253: 11: Bye Bye [preauth],Received disconnect from <*>: <*>: Bye Bye [preauth],OpenSSH,Unseen,Received disconnect from <*>: <*>: <*> [preauth],0.6167840957641602,106,16
Received disconnect from 183.62.140.253: 11: Bye Bye [preauth],Received disconnect from <*>: <*>: Bye Bye [preauth],OpenSSH,Unseen,Received disconnect from <*>: <*>: <*> [preauth],0.7232966423034668,106,16
Received disconnect from 183.62.140.253: 11: Bye Bye [preauth],Received disconnect from <*>: <*>: Bye Bye [preauth],OpenSSH,Unseen,Received disconnect from <*>: <*>: <*> [preauth],0.6991360187530518,106,16
Received disconnect from 183.62.140.253: 11: Bye Bye [preauth],Received disconnect from <*>: <*>: Bye Bye [preauth],OpenSSH,Unseen,Received disconnect from <*>: <*>: <*> [preauth],1.9178898334503174,106,16
Received disconnect from 183.62.140.253: 11: Bye Bye [preauth],Received disconnect from <*>: <*>: Bye Bye [preauth],OpenSSH,Unseen,Received disconnect from <*>: <*>: <*> [preauth],1.0281710624694824,106,16
Received disconnect from 183.62.140.253: 11: Bye Bye [preauth],Received disconnect from <*>: <*>: Bye Bye [preauth],OpenSSH,Unseen,Received disconnect from <*>: <*>: <*> [preauth],0.7776451110839844,106,16
Received disconnect from 183.62.140.253: 11: Bye Bye [preauth],Received disconnect from <*>: <*>: Bye Bye [preauth],OpenSSH,Unseen,Received disconnect from <*>: <*>: <*> [preauth],0.802009105682373,106,16
Received disconnect from 183.62.140.253: 11: Bye Bye [preauth],Received disconnect from <*>: <*>: Bye Bye [preauth],OpenSSH,Unseen,Received disconnect from <*>: <*>: <*> [preauth],1.5359485149383545,106,16
Received disconnect from 183.62.140.253: 11: Bye Bye [preauth],Received disconnect from <*>: <*>: Bye Bye [preauth],OpenSSH,Unseen,Received disconnect from <*>: <*>: <*> [preauth],1.014620304107666,106,16
Received disconnect from 183.62.140.253: 11: Bye Bye [preauth],Received disconnect from <*>: <*>: Bye Bye [preauth],OpenSSH,Unseen,Received disconnect from <*>: <*>: <*> [preauth],0.7123918533325195,106,16
Received disconnect from 183.62.140.253: 11: Bye Bye [preauth],Received disconnect from <*>: <*>: Bye Bye [preauth],OpenSSH,Unseen,Received disconnect from <*>: <*>: <*> <*> [preauth],0.8627831935882568,106,17
Received disconnect from 183.62.140.253: 11: Bye Bye [preauth],Received disconnect from <*>: <*>: Bye Bye [preauth],OpenSSH,Unseen,Received disconnect from <*>: <*>: <*> [preauth],1.1900312900543213,106,16
Received disconnect from 183.62.140.253: 11: Bye Bye [preauth],Received disconnect from <*>: <*>: Bye Bye [preauth],OpenSSH,Unseen,Received disconnect from <*>: <*>: <*> <*> [preauth],0.8362512588500977,106,17
Received disconnect from 183.62.140.253: 11: Bye Bye [preauth],Received disconnect from <*>: <*>: Bye Bye [preauth],OpenSSH,Unseen,Received disconnect from <*>: <*>: <*> [preauth],0.9117898941040039,106,16
Received disconnect from 183.62.140.253: 11: Bye Bye [preauth],Received disconnect from <*>: <*>: Bye Bye [preauth],OpenSSH,Unseen,Received disconnect from <*>: <*>: <*> [preauth],0.7735724449157715,106,16
Received disconnect from 183.62.140.253: 11: Bye Bye [preauth],Received disconnect from <*>: <*>: Bye Bye [preauth],OpenSSH,Unseen,Received disconnect from <*>: <*>: <*> [preauth],1.1126399040222168,106,16
Received disconnect from 183.62.140.253: 11: Bye Bye [preauth],Received disconnect from <*>: <*>: Bye Bye [preauth],OpenSSH,Unseen,Received disconnect from <*>: <*>: <*> [preauth],0.776132345199585,106,16
Received disconnect from 183.62.140.253: 11: Bye Bye [preauth],Received disconnect from <*>: <*>: Bye Bye [preauth],OpenSSH,Unseen,Received disconnect from <*>: <*>: <*> [preauth],0.9391577243804932,106,16
Received disconnect from 183.62.140.253: 11: Bye Bye [preauth],Received disconnect from <*>: <*>: Bye Bye [preauth],OpenSSH,Unseen,Received disconnect from <*>: <*>: <*> [preauth],1.1616182327270508,106,16
Received disconnect from 183.62.140.253: 11: Bye Bye [preauth],Received disconnect from <*>: <*>: Bye Bye [preauth],OpenSSH,Unseen,Received disconnect from <*>: <*>: <*> [preauth],0.6830403804779053,106,16
Received disconnect from 183.62.140.253: 11: Bye Bye [preauth],Received disconnect from <*>: <*>: Bye Bye [preauth],OpenSSH,Unseen,Received disconnect from <*>: <*>: <*> [preauth],0.8683183193206787,106,16
Received disconnect from 183.62.140.253: 11: Bye Bye [preauth],Received disconnect from <*>: <*>: Bye Bye [preauth],OpenSSH,Unseen,Received disconnect from <*>: <*>: <*> [preauth],0.7801361083984375,106,16
Received disconnect from 183.62.140.253: 11: Bye Bye [preauth],Received disconnect from <*>: <*>: Bye Bye [preauth],OpenSSH,Unseen,Received disconnect from <*>: <*>: <*> [preauth],4.708111047744751,106,16
Received disconnect from 183.62.140.253: 11: Bye Bye [preauth],Received disconnect from <*>: <*>: Bye Bye [preauth],OpenSSH,Unseen,Received disconnect from <*>: <*>: <*> [preauth],0.7177388668060303,106,16
Received disconnect from 183.62.140.253: 11: Bye Bye [preauth],Received disconnect from <*>: <*>: Bye Bye [preauth],OpenSSH,Unseen,Received disconnect from <*>: <*>: <*> [preauth],0.8221755027770996,106,16
Received disconnect from 183.62.140.253: 11: Bye Bye [preauth],Received disconnect from <*>: <*>: Bye Bye [preauth],OpenSSH,Unseen,Received disconnect from <*>: <*>: <*> [preauth],0.874732255935669,106,16
Received disconnect from 183.62.140.253: 11: Bye Bye [preauth],Received disconnect from <*>: <*>: Bye Bye [preauth],OpenSSH,Unseen,Received disconnect from <*>: <*>: <*> <*> [preauth],0.8441636562347412,106,17
Received disconnect from 183.62.140.253: 11: Bye Bye [preauth],Received disconnect from <*>: <*>: Bye Bye [preauth],OpenSSH,Unseen,Received disconnect from <*>: <*>: <*> <*> [preauth],0.8500313758850098,106,17
Received disconnect from 183.62.140.253: 11: Bye Bye [preauth],Received disconnect from <*>: <*>: Bye Bye [preauth],OpenSSH,Unseen,Received disconnect from <*>: <*>: <*> [preauth],0.9096589088439941,106,16
Received disconnect from 183.62.140.253: 11: Bye Bye [preauth],Received disconnect from <*>: <*>: Bye Bye [preauth],OpenSSH,Unseen,Received disconnect from <*>: <*>: <*> [preauth],0.6478965282440186,106,16
Received disconnect from 183.62.140.253: 11: Bye Bye [preauth],Received disconnect from <*>: <*>: Bye Bye [preauth],OpenSSH,Unseen,Received disconnect from <*>: <*>: <*> [preauth],0.8436405658721924,106,16
Received disconnect from 183.62.140.253: 11: Bye Bye [preauth],Received disconnect from <*>: <*>: Bye Bye [preauth],OpenSSH,Unseen,Received disconnect from <*>: <*>: <*> <*> [preauth],0.6764991283416748,106,17
Received disconnect from 183.62.140.253: 11: Bye Bye [preauth],Received disconnect from <*>: <*>: Bye Bye [preauth],OpenSSH,Unseen,Received disconnect from <*>: <*>: <*> [preauth],0.7902300357818604,106,16
Received disconnect from 183.62.140.253: 11: Bye Bye [preauth],Received disconnect from <*>: <*>: Bye Bye [preauth],OpenSSH,Unseen,Received disconnect from <*>: <*>: <*> [preauth],0.845062255859375,106,16
Received disconnect from 183.62.140.253: 11: Bye Bye [preauth],Received disconnect from <*>: <*>: Bye Bye [preauth],OpenSSH,Unseen,Received disconnect from <*>: <*>: <*> [preauth],0.7401325702667236,106,16
Received disconnect from 183.62.140.253: 11: Bye Bye [preauth],Received disconnect from <*>: <*>: Bye Bye [preauth],OpenSSH,Unseen,Received disconnect from <*>: <*>: <*> [preauth],0.7101132869720459,106,16
Received disconnect from 183.62.140.253: 11: Bye Bye [preauth],Received disconnect from <*>: <*>: Bye Bye [preauth],OpenSSH,Unseen,Received disconnect from <*>: <*>: <*> [preauth],0.8175704479217529,106,16
Received disconnect from 183.62.140.253: 11: Bye Bye [preauth],Received disconnect from <*>: <*>: Bye Bye [preauth],OpenSSH,Unseen,Received disconnect from <*>: <*>: <*> [preauth],1.12164306640625,106,16
Received disconnect from 183.62.140.253: 11: Bye Bye [preauth],Received disconnect from <*>: <*>: Bye Bye [preauth],OpenSSH,Unseen,Received disconnect from <*>: <*>: <*> [preauth],0.9084107875823975,106,16
Received disconnect from 183.62.140.253: 11: Bye Bye [preauth],Received disconnect from <*>: <*>: Bye Bye [preauth],OpenSSH,Unseen,Received disconnect from <*>: <*>: <*> [preauth],0.8049898147583008,106,16
Received disconnect from 183.62.140.253: 11: Bye Bye [preauth],Received disconnect from <*>: <*>: Bye Bye [preauth],OpenSSH,Unseen,Received disconnect from <*>: <*>: <*> [preauth],0.8346621990203857,106,16
Received disconnect from 183.62.140.253: 11: Bye Bye [preauth],Received disconnect from <*>: <*>: Bye Bye [preauth],OpenSSH,Unseen,Received disconnect from <*>: <*>: <*> <*> [preauth],0.9267327785491943,106,17
Received disconnect from 183.62.140.253: 11: Bye Bye [preauth],Received disconnect from <*>: <*>: Bye Bye [preauth],OpenSSH,Unseen,Received disconnect from <*>: <*>: <*> [preauth],0.7543604373931885,106,16
Received disconnect from 183.62.140.253: 11: Bye Bye [preauth],Received disconnect from <*>: <*>: Bye Bye [preauth],OpenSSH,Unseen,Received disconnect from <*>: <*>: <*> [preauth],0.8654077053070068,106,16
Received disconnect from 183.62.140.253: 11: Bye Bye [preauth],Received disconnect from <*>: <*>: Bye Bye [preauth],OpenSSH,Unseen,Received disconnect from <*>: <*>: <*> [preauth],1.048210620880127,106,16
Received disconnect from 183.62.140.253: 11: Bye Bye [preauth],Received disconnect from <*>: <*>: Bye Bye [preauth],OpenSSH,Unseen,Received disconnect from <*>: <*>: <*> [preauth],0.794541597366333,106,16
Received disconnect from 183.62.140.253: 11: Bye Bye [preauth],Received disconnect from <*>: <*>: Bye Bye [preauth],OpenSSH,Unseen,Received disconnect from <*>: <*>: <*> [preauth],0.8837172985076904,106,16
Received disconnect from 183.62.140.253: 11: Bye Bye [preauth],Received disconnect from <*>: <*>: Bye Bye [preauth],OpenSSH,Unseen,Received disconnect from <*>: <*>: <*> [preauth],0.6548378467559814,106,16
Received disconnect from 183.62.140.253: 11: Bye Bye [preauth],Received disconnect from <*>: <*>: Bye Bye [preauth],OpenSSH,Unseen,Received disconnect from <*>: <*>: <*> [preauth],0.6365089416503906,106,16
Received disconnect from 183.62.140.253: 11: Bye Bye [preauth],Received disconnect from <*>: <*>: Bye Bye [preauth],OpenSSH,Unseen,Received disconnect from <*>: <*>: <*> [preauth],0.6672239303588867,106,16
Received disconnect from 183.62.140.253: 11: Bye Bye [preauth],Received disconnect from <*>: <*>: Bye Bye [preauth],OpenSSH,Unseen,Received disconnect from <*>: <*>: <*> [preauth],0.9070034027099609,106,16
Received disconnect from 183.62.140.253: 11: Bye Bye [preauth],Received disconnect from <*>: <*>: Bye Bye [preauth],OpenSSH,Unseen,Received disconnect from <*>: <*>: <*> [preauth],0.7426066398620605,106,16
Received disconnect from 183.62.140.253: 11: Bye Bye [preauth],Received disconnect from <*>: <*>: Bye Bye [preauth],OpenSSH,Unseen,Received disconnect from <*>: <*>: <*> [preauth],1.1983327865600586,106,16
Received disconnect from 183.62.140.253: 11: Bye Bye [preauth],Received disconnect from <*>: <*>: Bye Bye [preauth],OpenSSH,Unseen,Received disconnect from <*>: <*>: <*> [preauth],0.892786979675293,106,16
Received disconnect from 183.62.140.253: 11: Bye Bye [preauth],Received disconnect from <*>: <*>: Bye Bye [preauth],OpenSSH,Unseen,Received disconnect from <*>: <*>: <*> [preauth],0.8147399425506592,106,16
Received disconnect from 183.62.140.253: 11: Bye Bye [preauth],Received disconnect from <*>: <*>: Bye Bye [preauth],OpenSSH,Unseen,Received disconnect from <*>: <*>: <*> [preauth],0.9671428203582764,106,16
Received disconnect from 183.62.140.253: 11: Bye Bye [preauth],Received disconnect from <*>: <*>: Bye Bye [preauth],OpenSSH,Unseen,Received disconnect from <*>: <*>: <*> [preauth],1.1290524005889893,106,16
Received disconnect from 183.62.140.253: 11: Bye Bye [preauth],Received disconnect from <*>: <*>: Bye Bye [preauth],OpenSSH,Unseen,Received disconnect from <*>: <*>: <*> [preauth],0.9166851043701172,106,16
Received disconnect from 183.62.140.253: 11: Bye Bye [preauth],Received disconnect from <*>: <*>: Bye Bye [preauth],OpenSSH,Unseen,Received disconnect from <*>: <*>: <*> [preauth],0.8594474792480469,106,16
Received disconnect from 183.62.140.253: 11: Bye Bye [preauth],Received disconnect from <*>: <*>: Bye Bye [preauth],OpenSSH,Unseen,Received disconnect from <*>: <*>: <*> [preauth],0.8203020095825195,106,16
Received disconnect from 183.62.140.253: 11: Bye Bye [preauth],Received disconnect from <*>: <*>: Bye Bye [preauth],OpenSSH,Unseen,Received disconnect from <*>: <*>: <*> [preauth],0.6818375587463379,106,16
Received disconnect from 183.62.140.253: 11: Bye Bye [preauth],Received disconnect from <*>: <*>: Bye Bye [preauth],OpenSSH,Unseen,Received disconnect from <*>: <*>: <*> <*> [preauth],0.9201874732971191,106,17
Received disconnect from 183.62.140.253: 11: Bye Bye [preauth],Received disconnect from <*>: <*>: Bye Bye [preauth],OpenSSH,Unseen,Received disconnect from <*>: <*>: <*> [preauth],1.1741809844970703,106,16
Received disconnect from 183.62.140.253: 11: Bye Bye [preauth],Received disconnect from <*>: <*>: Bye Bye [preauth],OpenSSH,Unseen,Received disconnect from <*>: <*>: <*> [preauth],0.8840525150299072,106,16
Received disconnect from 183.62.140.253: 11: Bye Bye [preauth],Received disconnect from <*>: <*>: Bye Bye [preauth],OpenSSH,Unseen,Received disconnect from <*>: <*>: <*> [preauth],0.8625638484954834,106,16
Received disconnect from 183.62.140.253: 11: Bye Bye [preauth],Received disconnect from <*>: <*>: Bye Bye [preauth],OpenSSH,Unseen,Received disconnect from <*>: <*>: <*> [preauth],0.9258835315704346,106,16
Received disconnect from 183.62.140.253: 11: Bye Bye [preauth],Received disconnect from <*>: <*>: Bye Bye [preauth],OpenSSH,Unseen,Received disconnect from <*>: <*>: <*> [preauth],0.7732646465301514,106,16
Received disconnect from 183.62.140.253: 11: Bye Bye [preauth],Received disconnect from <*>: <*>: Bye Bye [preauth],OpenSSH,Unseen,Received disconnect from <*>: <*>: <*> [preauth],0.6242856979370117,106,16
Received disconnect from 183.62.140.253: 11: Bye Bye [preauth],Received disconnect from <*>: <*>: Bye Bye [preauth],OpenSSH,Unseen,Received disconnect from <*>: <*>: <*> [preauth],0.6686899662017822,106,16
Received disconnect from 183.62.140.253: 11: Bye Bye [preauth],Received disconnect from <*>: <*>: Bye Bye [preauth],OpenSSH,Unseen,Received disconnect from <*>: <*>: <*> [preauth],1.0018260478973389,106,16
Received disconnect from 183.62.140.253: 11: Bye Bye [preauth],Received disconnect from <*>: <*>: Bye Bye [preauth],OpenSSH,Unseen,Received disconnect from <*>: <*>: <*> [preauth],0.5475471019744873,106,16
Received disconnect from 183.62.140.253: 11: Bye Bye [preauth],Received disconnect from <*>: <*>: Bye Bye [preauth],OpenSSH,Unseen,Received disconnect from <*>: <*>: <*> [preauth],0.8100447654724121,106,16
Received disconnect from 183.62.140.253: 11: Bye Bye [preauth],Received disconnect from <*>: <*>: Bye Bye [preauth],OpenSSH,Unseen,Received disconnect from <*>: <*>: <*> [preauth],0.8605034351348877,106,16
Received disconnect from 183.62.140.253: 11: Bye Bye [preauth],Received disconnect from <*>: <*>: Bye Bye [preauth],OpenSSH,Unseen,Received disconnect from <*>: <*>: <*> <*> [preauth],0.8181405067443848,106,17
Received disconnect from 183.62.140.253: 11: Bye Bye [preauth],Received disconnect from <*>: <*>: Bye Bye [preauth],OpenSSH,Unseen,Received disconnect from <*>: <*>: <*> [preauth],0.7639853954315186,106,16
Received disconnect from 183.62.140.253: 11: Bye Bye [preauth],Received disconnect from <*>: <*>: Bye Bye [preauth],OpenSSH,Unseen,Received disconnect from <*>: <*>: <*> [preauth],0.8826282024383545,106,16
Received disconnect from 183.62.140.253: 11: Bye Bye [preauth],Received disconnect from <*>: <*>: Bye Bye [preauth],OpenSSH,Unseen,Received disconnect from <*>: <*>: <*> [preauth],0.6660423278808594,106,16
Received disconnect from 183.62.140.253: 11: Bye Bye [preauth],Received disconnect from <*>: <*>: Bye Bye [preauth],OpenSSH,Unseen,Received disconnect from <*>: <*>: <*> [preauth],0.7701125144958496,106,16
Received disconnect from 183.62.140.253: 11: Bye Bye [preauth],Received disconnect from <*>: <*>: Bye Bye [preauth],OpenSSH,Unseen,Received disconnect from <*>: <*>: <*> [preauth],0.6507265567779541,106,16
Received disconnect from 183.62.140.253: 11: Bye Bye [preauth],Received disconnect from <*>: <*>: Bye Bye [preauth],OpenSSH,Unseen,Received disconnect from <*>: <*>: <*> <*> [preauth],0.8266322612762451,106,17
Received disconnect from 183.62.140.253: 11: Bye Bye [preauth],Received disconnect from <*>: <*>: Bye Bye [preauth],OpenSSH,Unseen,Received disconnect from <*>: <*>: <*> <*> [preauth],4.001699209213257,106,17
Received disconnect from 183.62.140.253: 11: Bye Bye [preauth],Received disconnect from <*>: <*>: Bye Bye [preauth],OpenSSH,Unseen,Received disconnect from <*>: <*>: <*> <*> [preauth],1.1516306400299072,106,17
Received disconnect from 183.62.140.253: 11: Bye Bye [preauth],Received disconnect from <*>: <*>: Bye Bye [preauth],OpenSSH,Unseen,Received disconnect from <*>: <*>: <*> <*> [preauth],0.8574116230010986,106,17
Received disconnect from 183.62.140.253: 11: Bye Bye [preauth],Received disconnect from <*>: <*>: Bye Bye [preauth],OpenSSH,Unseen,Received disconnect from <*>: <*>: <*> [preauth],0.8561439514160156,106,16
Received disconnect from 183.62.140.253: 11: Bye Bye [preauth],Received disconnect from <*>: <*>: Bye Bye [preauth],OpenSSH,Unseen,Received disconnect from <*>: <*>: <*> <*> [preauth],1.373279333114624,106,17
Received disconnect from 183.62.140.253: 11: Bye Bye [preauth],Received disconnect from <*>: <*>: Bye Bye [preauth],OpenSSH,Unseen,Received disconnect from <*>: <*>: <*> [preauth],1.1842844486236572,106,16
Received disconnect from 183.62.140.253: 11: Bye Bye [preauth],Received disconnect from <*>: <*>: Bye Bye [preauth],OpenSSH,Unseen,Received disconnect from <*>: <*>: <*> [preauth],0.6633539199829102,106,16
Received disconnect from 183.62.140.253: 11: Bye Bye [preauth],Received disconnect from <*>: <*>: Bye Bye [preauth],OpenSSH,Unseen,Received disconnect from <*>: <*>: <*> [preauth],0.8599193096160889,106,16
Received disconnect from 183.62.140.253: 11: Bye Bye [preauth],Received disconnect from <*>: <*>: Bye Bye [preauth],OpenSSH,Unseen,Received disconnect from <*>: <*>: <*> [preauth],0.9530599117279053,106,16
Received disconnect from 183.62.140.253: 11: Bye Bye [preauth],Received disconnect from <*>: <*>: Bye Bye [preauth],OpenSSH,Unseen,Received disconnect from <*>: <*>: <*> [preauth],1.017287015914917,106,16
Received disconnect from 183.62.140.253: 11: Bye Bye [preauth],Received disconnect from <*>: <*>: Bye Bye [preauth],OpenSSH,Unseen,Received disconnect from <*>: <*>: <*> [preauth],0.8190803527832031,106,16
Received disconnect from 183.62.140.253: 11: Bye Bye [preauth],Received disconnect from <*>: <*>: Bye Bye [preauth],OpenSSH,Unseen,Received disconnect from <*>: <*>: <*> [preauth],0.7333488464355469,106,16
Received disconnect from 183.62.140.253: 11: Bye Bye [preauth],Received disconnect from <*>: <*>: Bye Bye [preauth],OpenSSH,Unseen,Received disconnect from <*>: <*>: <*> [preauth],1.2234649658203125,106,16
Received disconnect from 183.62.140.253: 11: Bye Bye [preauth],Received disconnect from <*>: <*>: Bye Bye [preauth],OpenSSH,Unseen,Received disconnect from <*>: <*>: <*> [preauth],0.6345787048339844,106,16
Received disconnect from 183.62.140.253: 11: Bye Bye [preauth],Received disconnect from <*>: <*>: Bye Bye [preauth],OpenSSH,Unseen,Received disconnect from <*>: <*>: <*> [preauth],0.6760151386260986,106,16
Received disconnect from 183.62.140.253: 11: Bye Bye [preauth],Received disconnect from <*>: <*>: Bye Bye [preauth],OpenSSH,Unseen,Received disconnect from <*>: <*>: <*> [preauth],0.7520320415496826,106,16
