Content,EventTemplate,Dataset,Category,Unseen_Mistral_FT_OpenSSH_2,Inference_time_2
Connection closed by 173.234.31.186 [preauth],Connection closed by <*> [preauth],OpenSSH,Unseen,Connection closed by <*> [preauth],0.714644193649292
Connection closed by 212.47.254.145 [preauth],Connection closed by <*> [preauth],OpenSSH,Unseen,Connection closed by <*> [preauth],0.7162234783172607
Received disconnect from 52.80.34.196: 11: Bye Bye [preauth],Received disconnect from <*>: <*>: Bye Bye [preauth],OpenSSH,Unseen,Received disconnect from <*>: <*>: Bye Bye [preauth],1.3074002265930176
Connection closed by 173.234.31.186 [preauth],Connection closed by <*> [preauth],OpenSSH,Unseen,Connection closed by <*> [preauth],0.7177693843841553
Received disconnect from 202.100.179.208: 11: Bye Bye [preauth],Received disconnect from <*>: <*>: Bye Bye [preauth],OpenSSH,Unseen,Received disconnect from <*>: <*>: Bye Bye [preauth],1.2749953269958496
Received disconnect from 112.95.230.3: 11: Bye Bye [preauth],Received disconnect from <*>: <*>: Bye Bye [preauth],OpenSSH,Unseen,Received disconnect from <*>: <*>: Bye Bye [preauth],1.2806429862976074
Received disconnect from 112.95.230.3: 11: Bye Bye [preauth],Received disconnect from <*>: <*>: Bye Bye [preauth],OpenSSH,Unseen,Received disconnect from <*>: <*>: Bye Bye [preauth],1.2713987827301025
Received disconnect from 112.95.230.3: 11: Bye Bye [preauth],Received disconnect from <*>: <*>: Bye Bye [preauth],OpenSSH,Unseen,Received disconnect from <*>: <*>: Bye Bye [preauth],1.286116123199463
Received disconnect from 112.95.230.3: 11: Bye Bye [preauth],Received disconnect from <*>: <*>: Bye Bye [preauth],OpenSSH,Unseen,Received disconnect from <*>: <*>: Bye Bye [preauth],1.3004522323608398
Received disconnect from 112.95.230.3: 11: Bye Bye [preauth],Received disconnect from <*>: <*>: Bye Bye [preauth],OpenSSH,Unseen,Received disconnect from <*>: <*>: Bye Bye [preauth],1.3180265426635742
Received disconnect from 112.95.230.3: 11: Bye Bye [preauth],Received disconnect from <*>: <*>: Bye Bye [preauth],OpenSSH,Unseen,Received disconnect from <*>: <*>: Bye Bye [preauth],1.2913029193878174
Received disconnect from 112.95.230.3: 11: Bye Bye [preauth],Received disconnect from <*>: <*>: Bye Bye [preauth],OpenSSH,Unseen,Received disconnect from <*>: <*>: Bye Bye [preauth],1.2995073795318604
Received disconnect from 112.95.230.3: 11: Bye Bye [preauth],Received disconnect from <*>: <*>: Bye Bye [preauth],OpenSSH,Unseen,Received disconnect from <*>: <*>: Bye Bye [preauth],1.2913868427276611
Received disconnect from 112.95.230.3: 11: Bye Bye [preauth],Received disconnect from <*>: <*>: Bye Bye [preauth],OpenSSH,Unseen,Received disconnect from <*>: <*>: Bye Bye [preauth],1.2699148654937744
Received disconnect from 112.95.230.3: 11: Bye Bye [preauth],Received disconnect from <*>: <*>: Bye Bye [preauth],OpenSSH,Unseen,Received disconnect from <*>: <*>: Bye Bye [preauth],1.296743631362915
Received disconnect from 112.95.230.3: 11: Bye Bye [preauth],Received disconnect from <*>: <*>: Bye Bye [preauth],OpenSSH,Unseen,Received disconnect from <*>: <*>: Bye Bye [preauth],1.2840991020202637
Received disconnect from 112.95.230.3: 11: Bye Bye [preauth],Received disconnect from <*>: <*>: Bye Bye [preauth],OpenSSH,Unseen,Received disconnect from <*>: <*>: Bye Bye [preauth],1.2683148384094238
Received disconnect from 112.95.230.3: 11: Bye Bye [preauth],Received disconnect from <*>: <*>: Bye Bye [preauth],OpenSSH,Unseen,Received disconnect from <*>: <*>: Bye Bye [preauth],1.298511028289795
Received disconnect from 112.95.230.3: 11: Bye Bye [preauth],Received disconnect from <*>: <*>: Bye Bye [preauth],OpenSSH,Unseen,Received disconnect from <*>: <*>: Bye Bye [preauth],1.2959601879119873
Received disconnect from 112.95.230.3: 11: Bye Bye [preauth],Received disconnect from <*>: <*>: Bye Bye [preauth],OpenSSH,Unseen,Received disconnect from <*>: <*>: Bye Bye [preauth],1.2819914817810059
Received disconnect from 112.95.230.3: 11: Bye Bye [preauth],Received disconnect from <*>: <*>: Bye Bye [preauth],OpenSSH,Unseen,Received disconnect from <*>: <*>: Bye Bye [preauth],1.2849695682525635
Received disconnect from 112.95.230.3: 11: Bye Bye [preauth],Received disconnect from <*>: <*>: Bye Bye [preauth],OpenSSH,Unseen,Received disconnect from <*>: <*>: Bye Bye [preauth],1.294506549835205
Received disconnect from 112.95.230.3: 11: Bye Bye [preauth],Received disconnect from <*>: <*>: Bye Bye [preauth],OpenSSH,Unseen,Received disconnect from <*>: <*>: Bye Bye [preauth],1.2926263809204102
Received disconnect from 112.95.230.3: 11: Bye Bye [preauth],Received disconnect from <*>: <*>: Bye Bye [preauth],OpenSSH,Unseen,Received disconnect from <*>: <*>: Bye Bye [preauth],1.2932024002075195
Received disconnect from 112.95.230.3: 11: Bye Bye [preauth],Received disconnect from <*>: <*>: Bye Bye [preauth],OpenSSH,Unseen,Received disconnect from <*>: <*>: Bye Bye [preauth],1.3029730319976807
Received disconnect from 112.95.230.3: 11: Bye Bye [preauth],Received disconnect from <*>: <*>: Bye Bye [preauth],OpenSSH,Unseen,Received disconnect from <*>: <*>: Bye Bye [preauth],1.2859971523284912
Received disconnect from 112.95.230.3: 11: Bye Bye [preauth],Received disconnect from <*>: <*>: Bye Bye [preauth],OpenSSH,Unseen,Received disconnect from <*>: <*>: Bye Bye [preauth],1.2895922660827637
Received disconnect from 112.95.230.3: 11: Bye Bye [preauth],Received disconnect from <*>: <*>: Bye Bye [preauth],OpenSSH,Unseen,Received disconnect from <*>: <*>: Bye Bye [preauth],1.307279109954834
Received disconnect from 112.95.230.3: 11: Bye Bye [preauth],Received disconnect from <*>: <*>: Bye Bye [preauth],OpenSSH,Unseen,Received disconnect from <*>: <*>: Bye Bye [preauth],1.2857096195220947
Received disconnect from 112.95.230.3: 11: Bye Bye [preauth],Received disconnect from <*>: <*>: Bye Bye [preauth],OpenSSH,Unseen,Received disconnect from <*>: <*>: Bye Bye [preauth],1.3022682666778564
Received disconnect from 112.95.230.3: 11: Bye Bye [preauth],Received disconnect from <*>: <*>: Bye Bye [preauth],OpenSSH,Unseen,Received disconnect from <*>: <*>: Bye Bye [preauth],1.2954249382019043
Received disconnect from 123.235.32.19: 11: Bye Bye [preauth],Received disconnect from <*>: <*>: Bye Bye [preauth],OpenSSH,Unseen,Received disconnect from <*>: <*>: Bye Bye [preauth],1.2837188243865967
Received disconnect from 123.235.32.19: 11: Bye Bye [preauth],Received disconnect from <*>: <*>: Bye Bye [preauth],OpenSSH,Unseen,Received disconnect from <*>: <*>: Bye Bye [preauth],1.2638037204742432
Received disconnect from 123.235.32.19: 11: Bye Bye [preauth],Received disconnect from <*>: <*>: Bye Bye [preauth],OpenSSH,Unseen,Received disconnect from <*>: <*>: Bye Bye [preauth],1.2872977256774902
Received disconnect from 123.235.32.19: 11: Bye Bye [preauth],Received disconnect from <*>: <*>: Bye Bye [preauth],OpenSSH,Unseen,Received disconnect from <*>: <*>: Bye Bye [preauth],1.2995779514312744
Received disconnect from 123.235.32.19: 11: Bye Bye [preauth],Received disconnect from <*>: <*>: Bye Bye [preauth],OpenSSH,Unseen,Received disconnect from <*>: <*>: Bye Bye [preauth],1.2987935543060303
Received disconnect from 123.235.32.19: 11: Bye Bye [preauth],Received disconnect from <*>: <*>: Bye Bye [preauth],OpenSSH,Unseen,Received disconnect from <*>: <*>: Bye Bye [preauth],1.293360710144043
Received disconnect from 123.235.32.19: 11: Bye Bye [preauth],Received disconnect from <*>: <*>: Bye Bye [preauth],OpenSSH,Unseen,Received disconnect from <*>: <*>: Bye Bye [preauth],1.3093512058258057
Received disconnect from 183.136.162.51: 11: Bye Bye [preauth],Received disconnect from <*>: <*>: Bye Bye [preauth],OpenSSH,Unseen,Received disconnect from <*>: <*>: Bye Bye [preauth],1.2874784469604492
Connection closed by 191.210.223.172 [preauth],Connection closed by <*> [preauth],OpenSSH,Unseen,Connection closed by <*> [preauth],0.7112395763397217
error: Received disconnect from 195.154.37.122: 3: com.jcraft.jsch.JSchException: Auth fail [preauth],error: Received disconnect from <*>: <*>: com.jcraft.jsch.JSchException: Auth fail [preauth],OpenSSH,Unseen,error: Received disconnect from <*>: <*>: com.jcraft.jsch.JSchException: Auth fail [preauth],2.163439989089966
error: Received disconnect from 195.154.37.122: 3: com.jcraft.jsch.JSchException: Auth fail [preauth],error: Received disconnect from <*>: <*>: com.jcraft.jsch.JSchException: Auth fail [preauth],OpenSSH,Unseen,error: Received disconnect from <*>: <*>: com.jcraft.jsch.JSchException: Auth fail [preauth],2.1307294368743896
Connection closed by 194.190.163.22 [preauth],Connection closed by <*> [preauth],OpenSSH,Unseen,Connection closed by <*> [preauth],0.7167661190032959
Received disconnect from 52.80.34.196: 11: Bye Bye [preauth],Received disconnect from <*>: <*>: Bye Bye [preauth],OpenSSH,Unseen,Received disconnect from <*>: <*>: Bye Bye [preauth],1.2975666522979736
Connection closed by 194.190.163.22 [preauth],Connection closed by <*> [preauth],OpenSSH,Unseen,Connection closed by <*> [preauth],0.7166235446929932
Received disconnect from 175.102.13.6: 11: Bye Bye [preauth],Received disconnect from <*>: <*>: Bye Bye [preauth],OpenSSH,Unseen,Received disconnect from <*>: <*>: Bye Bye [preauth],1.267054796218872
Connection closed by 194.190.163.22 [preauth],Connection closed by <*> [preauth],OpenSSH,Unseen,Connection closed by <*> [preauth],0.7110235691070557
Connection closed by 5.188.10.180 [preauth],Connection closed by <*> [preauth],OpenSSH,Unseen,Connection closed by <*> [preauth],0.7355642318725586
Connection closed by 5.188.10.180 [preauth],Connection closed by <*> [preauth],OpenSSH,Unseen,Connection closed by <*> [preauth],0.7207131385803223
Connection closed by 5.188.10.180 [preauth],Connection closed by <*> [preauth],OpenSSH,Unseen,Connection closed by <*> [preauth],0.693662166595459
Connection closed by 5.188.10.180 [preauth],Connection closed by <*> [preauth],OpenSSH,Unseen,Connection closed by <*> [preauth],0.7049310207366943
Connection closed by 5.188.10.180 [preauth],Connection closed by <*> [preauth],OpenSSH,Unseen,Connection closed by <*> [preauth],0.714684247970581
Connection closed by 5.188.10.180 [preauth],Connection closed by <*> [preauth],OpenSSH,Unseen,Connection closed by <*> [preauth],0.7040688991546631
Connection closed by 5.188.10.180 [preauth],Connection closed by <*> [preauth],OpenSSH,Unseen,Connection closed by <*> [preauth],0.6967923641204834
Connection closed by 5.188.10.180 [preauth],Connection closed by <*> [preauth],OpenSSH,Unseen,Connection closed by <*> [preauth],0.7249472141265869
PAM 1 more authentication failure; logname= uid=0 euid=0 tty=ssh ruser= rhost=5.188.10.180,PAM <*> more authentication failure; logname= uid=<*> euid=<*> tty=ssh ruser= rhost=<*>,OpenSSH,Unseen,PAM <*> more authentication failure; logname= uid=<*> euid=<*> tty=ssh ruser= rhost=<*>,2.254460573196411
Connection closed by 5.188.10.180 [preauth],Connection closed by <*> [preauth],OpenSSH,Unseen,Connection closed by <*> [preauth],0.7137506008148193
Connection closed by 5.188.10.180 [preauth],Connection closed by <*> [preauth],OpenSSH,Unseen,Connection closed by <*> [preauth],0.7054924964904785
Connection closed by 5.188.10.180 [preauth],Connection closed by <*> [preauth],OpenSSH,Unseen,Connection closed by <*> [preauth],0.6992015838623047
Connection closed by 194.190.163.22 [preauth],Connection closed by <*> [preauth],OpenSSH,Unseen,Connection closed by <*> [preauth],0.7044165134429932
Received disconnect from 52.80.34.196: 11: Bye Bye [preauth],Received disconnect from <*>: <*>: Bye Bye [preauth],OpenSSH,Unseen,Received disconnect from <*>: <*>: Bye Bye [preauth],1.2921407222747803
Connection closed by 185.190.58.151 [preauth],Connection closed by <*> [preauth],OpenSSH,Unseen,Connection closed by <*> [preauth],0.7147696018218994
Connection closed by 185.190.58.151 [preauth],Connection closed by <*> [preauth],OpenSSH,Unseen,Connection closed by <*> [preauth],0.7095093727111816
Connection closed by 185.190.58.151 [preauth],Connection closed by <*> [preauth],OpenSSH,Unseen,Connection closed by <*> [preauth],0.7229480743408203
Connection closed by 185.190.58.151 [preauth],Connection closed by <*> [preauth],OpenSSH,Unseen,Connection closed by <*> [preauth],0.7067031860351562
Connection closed by 185.190.58.151 [preauth],Connection closed by <*> [preauth],OpenSSH,Unseen,Connection closed by <*> [preauth],0.7058026790618896
Connection closed by 185.190.58.151 [preauth],Connection closed by <*> [preauth],OpenSSH,Unseen,Connection closed by <*> [preauth],0.714094877243042
PAM 1 more authentication failure; logname= uid=0 euid=0 tty=ssh ruser= rhost=185.190.58.151,PAM <*> more authentication failure; logname= uid=<*> euid=<*> tty=ssh ruser= rhost=<*>,OpenSSH,Unseen,PAM <*> more authentication failure; logname= uid=<*> euid=<*> tty=ssh ruser= rhost=<*>,2.2094027996063232
Received disconnect from 187.141.143.180: 11: Bye Bye [preauth],Received disconnect from <*>: <*>: Bye Bye [preauth],OpenSSH,Unseen,Received disconnect from <*>: <*>: Bye Bye [preauth],1.272294521331787
Received disconnect from 187.141.143.180: 11: Bye Bye [preauth],Received disconnect from <*>: <*>: Bye Bye [preauth],OpenSSH,Unseen,Received disconnect from <*>: <*>: Bye Bye [preauth],1.31099271774292
Received disconnect from 187.141.143.180: 11: Bye Bye [preauth],Received disconnect from <*>: <*>: Bye Bye [preauth],OpenSSH,Unseen,Received disconnect from <*>: <*>: Bye Bye [preauth],1.2707934379577637
Connection closed by 185.190.58.151 [preauth],Connection closed by <*> [preauth],OpenSSH,Unseen,Connection closed by <*> [preauth],0.6977193355560303
Received disconnect from 187.141.143.180: 11: Bye Bye [preauth],Received disconnect from <*>: <*>: Bye Bye [preauth],OpenSSH,Unseen,Received disconnect from <*>: <*>: Bye Bye [preauth],1.2688097953796387
Received disconnect from 187.141.143.180: 11: Bye Bye [preauth],Received disconnect from <*>: <*>: Bye Bye [preauth],OpenSSH,Unseen,Received disconnect from <*>: <*>: Bye Bye [preauth],1.2735295295715332
Received disconnect from 187.141.143.180: 11: Bye Bye [preauth],Received disconnect from <*>: <*>: Bye Bye [preauth],OpenSSH,Unseen,Received disconnect from <*>: <*>: Bye Bye [preauth],1.2750308513641357
Received disconnect from 187.141.143.180: 11: Bye Bye [preauth],Received disconnect from <*>: <*>: Bye Bye [preauth],OpenSSH,Unseen,Received disconnect from <*>: <*>: Bye Bye [preauth],1.288245439529419
Received disconnect from 187.141.143.180: 11: Bye Bye [preauth],Received disconnect from <*>: <*>: Bye Bye [preauth],OpenSSH,Unseen,Received disconnect from <*>: <*>: Bye Bye [preauth],1.273728370666504
Received disconnect from 187.141.143.180: 11: Bye Bye [preauth],Received disconnect from <*>: <*>: Bye Bye [preauth],OpenSSH,Unseen,Received disconnect from <*>: <*>: Bye Bye [preauth],1.279066801071167
Received disconnect from 187.141.143.180: 11: Bye Bye [preauth],Received disconnect from <*>: <*>: Bye Bye [preauth],OpenSSH,Unseen,Received disconnect from <*>: <*>: Bye Bye [preauth],1.2818992137908936
Received disconnect from 187.141.143.180: 11: Bye Bye [preauth],Received disconnect from <*>: <*>: Bye Bye [preauth],OpenSSH,Unseen,Received disconnect from <*>: <*>: Bye Bye [preauth],1.2947049140930176
Received disconnect from 187.141.143.180: 11: Bye Bye [preauth],Received disconnect from <*>: <*>: Bye Bye [preauth],OpenSSH,Unseen,Received disconnect from <*>: <*>: Bye Bye [preauth],1.2821044921875
Received disconnect from 187.141.143.180: 11: Bye Bye [preauth],Received disconnect from <*>: <*>: Bye Bye [preauth],OpenSSH,Unseen,Received disconnect from <*>: <*>: Bye Bye [preauth],1.2830710411071777
Received disconnect from 187.141.143.180: 11: Bye Bye [preauth],Received disconnect from <*>: <*>: Bye Bye [preauth],OpenSSH,Unseen,Received disconnect from <*>: <*>: Bye Bye [preauth],1.2826902866363525
Received disconnect from 187.141.143.180: 11: Bye Bye [preauth],Received disconnect from <*>: <*>: Bye Bye [preauth],OpenSSH,Unseen,Received disconnect from <*>: <*>: Bye Bye [preauth],1.2893013954162598
Received disconnect from 187.141.143.180: 11: Bye Bye [preauth],Received disconnect from <*>: <*>: Bye Bye [preauth],OpenSSH,Unseen,Received disconnect from <*>: <*>: Bye Bye [preauth],1.2800884246826172
Received disconnect from 187.141.143.180: 11: Bye Bye [preauth],Received disconnect from <*>: <*>: Bye Bye [preauth],OpenSSH,Unseen,Received disconnect from <*>: <*>: Bye Bye [preauth],1.2863829135894775
Received disconnect from 187.141.143.180: 11: Bye Bye [preauth],Received disconnect from <*>: <*>: Bye Bye [preauth],OpenSSH,Unseen,Received disconnect from <*>: <*>: Bye Bye [preauth],1.2869658470153809
Received disconnect from 187.141.143.180: 11: Bye Bye [preauth],Received disconnect from <*>: <*>: Bye Bye [preauth],OpenSSH,Unseen,Received disconnect from <*>: <*>: Bye Bye [preauth],1.2902028560638428
Received disconnect from 187.141.143.180: 11: Bye Bye [preauth],Received disconnect from <*>: <*>: Bye Bye [preauth],OpenSSH,Unseen,Received disconnect from <*>: <*>: Bye Bye [preauth],1.2820615768432617
Received disconnect from 187.141.143.180: 11: Bye Bye [preauth],Received disconnect from <*>: <*>: Bye Bye [preauth],OpenSSH,Unseen,Received disconnect from <*>: <*>: Bye Bye [preauth],1.2647652626037598
Received disconnect from 187.141.143.180: 11: Bye Bye [preauth],Received disconnect from <*>: <*>: Bye Bye [preauth],OpenSSH,Unseen,Received disconnect from <*>: <*>: Bye Bye [preauth],1.2698204517364502
Received disconnect from 187.141.143.180: 11: Bye Bye [preauth],Received disconnect from <*>: <*>: Bye Bye [preauth],OpenSSH,Unseen,Received disconnect from <*>: <*>: Bye Bye [preauth],1.306183099746704
Received disconnect from 187.141.143.180: 11: Bye Bye [preauth],Received disconnect from <*>: <*>: Bye Bye [preauth],OpenSSH,Unseen,Received disconnect from <*>: <*>: Bye Bye [preauth],1.2760035991668701
Received disconnect from 187.141.143.180: 11: Bye Bye [preauth],Received disconnect from <*>: <*>: Bye Bye [preauth],OpenSSH,Unseen,Received disconnect from <*>: <*>: Bye Bye [preauth],1.2772691249847412
Received disconnect from 187.141.143.180: 11: Bye Bye [preauth],Received disconnect from <*>: <*>: Bye Bye [preauth],OpenSSH,Unseen,Received disconnect from <*>: <*>: Bye Bye [preauth],1.2676441669464111
Received disconnect from 187.141.143.180: 11: Bye Bye [preauth],Received disconnect from <*>: <*>: Bye Bye [preauth],OpenSSH,Unseen,Received disconnect from <*>: <*>: Bye Bye [preauth],1.291032314300537
Received disconnect from 187.141.143.180: 11: Bye Bye [preauth],Received disconnect from <*>: <*>: Bye Bye [preauth],OpenSSH,Unseen,Received disconnect from <*>: <*>: Bye Bye [preauth],1.2904908657073975
Received disconnect from 187.141.143.180: 11: Bye Bye [preauth],Received disconnect from <*>: <*>: Bye Bye [preauth],OpenSSH,Unseen,Received disconnect from <*>: <*>: Bye Bye [preauth],1.3000295162200928
Received disconnect from 187.141.143.180: 11: Bye Bye [preauth],Received disconnect from <*>: <*>: Bye Bye [preauth],OpenSSH,Unseen,Received disconnect from <*>: <*>: Bye Bye [preauth],1.266986608505249
Received disconnect from 187.141.143.180: 11: Bye Bye [preauth],Received disconnect from <*>: <*>: Bye Bye [preauth],OpenSSH,Unseen,Received disconnect from <*>: <*>: Bye Bye [preauth],1.298412561416626
Received disconnect from 187.141.143.180: 11: Bye Bye [preauth],Received disconnect from <*>: <*>: Bye Bye [preauth],OpenSSH,Unseen,Received disconnect from <*>: <*>: Bye Bye [preauth],1.3013975620269775
Received disconnect from 187.141.143.180: 11: Bye Bye [preauth],Received disconnect from <*>: <*>: Bye Bye [preauth],OpenSSH,Unseen,Received disconnect from <*>: <*>: Bye Bye [preauth],1.2711529731750488
Received disconnect from 187.141.143.180: 11: Bye Bye [preauth],Received disconnect from <*>: <*>: Bye Bye [preauth],OpenSSH,Unseen,Received disconnect from <*>: <*>: Bye Bye [preauth],1.2888193130493164
Received disconnect from 187.141.143.180: 11: Bye Bye [preauth],Received disconnect from <*>: <*>: Bye Bye [preauth],OpenSSH,Unseen,Received disconnect from <*>: <*>: Bye Bye [preauth],1.2769443988800049
Received disconnect from 187.141.143.180: 11: Bye Bye [preauth],Received disconnect from <*>: <*>: Bye Bye [preauth],OpenSSH,Unseen,Received disconnect from <*>: <*>: Bye Bye [preauth],1.2738680839538574
Received disconnect from 187.141.143.180: 11: Bye Bye [preauth],Received disconnect from <*>: <*>: Bye Bye [preauth],OpenSSH,Unseen,Received disconnect from <*>: <*>: Bye Bye [preauth],1.2837188243865967
Received disconnect from 187.141.143.180: 11: Bye Bye [preauth],Received disconnect from <*>: <*>: Bye Bye [preauth],OpenSSH,Unseen,Received disconnect from <*>: <*>: Bye Bye [preauth],1.2686514854431152
Received disconnect from 187.141.143.180: 11: Bye Bye [preauth],Received disconnect from <*>: <*>: Bye Bye [preauth],OpenSSH,Unseen,Received disconnect from <*>: <*>: Bye Bye [preauth],1.2743351459503174
Received disconnect from 187.141.143.180: 11: Bye Bye [preauth],Received disconnect from <*>: <*>: Bye Bye [preauth],OpenSSH,Unseen,Received disconnect from <*>: <*>: Bye Bye [preauth],1.261711597442627
Received disconnect from 187.141.143.180: 11: Bye Bye [preauth],Received disconnect from <*>: <*>: Bye Bye [preauth],OpenSSH,Unseen,Received disconnect from <*>: <*>: Bye Bye [preauth],1.2879436016082764
Received disconnect from 187.141.143.180: 11: Bye Bye [preauth],Received disconnect from <*>: <*>: Bye Bye [preauth],OpenSSH,Unseen,Received disconnect from <*>: <*>: Bye Bye [preauth],1.3047335147857666
Received disconnect from 187.141.143.180: 11: Bye Bye [preauth],Received disconnect from <*>: <*>: Bye Bye [preauth],OpenSSH,Unseen,Received disconnect from <*>: <*>: Bye Bye [preauth],1.2860722541809082
Received disconnect from 187.141.143.180: 11: Bye Bye [preauth],Received disconnect from <*>: <*>: Bye Bye [preauth],OpenSSH,Unseen,Received disconnect from <*>: <*>: Bye Bye [preauth],1.2786617279052734
Received disconnect from 187.141.143.180: 11: Bye Bye [preauth],Received disconnect from <*>: <*>: Bye Bye [preauth],OpenSSH,Unseen,Received disconnect from <*>: <*>: Bye Bye [preauth],1.284447193145752
Received disconnect from 187.141.143.180: 11: Bye Bye [preauth],Received disconnect from <*>: <*>: Bye Bye [preauth],OpenSSH,Unseen,Received disconnect from <*>: <*>: Bye Bye [preauth],1.290464162826538
Received disconnect from 187.141.143.180: 11: Bye Bye [preauth],Received disconnect from <*>: <*>: Bye Bye [preauth],OpenSSH,Unseen,Received disconnect from <*>: <*>: Bye Bye [preauth],1.3020970821380615
Received disconnect from 187.141.143.180: 11: Bye Bye [preauth],Received disconnect from <*>: <*>: Bye Bye [preauth],OpenSSH,Unseen,Received disconnect from <*>: <*>: Bye Bye [preauth],1.2478749752044678
Received disconnect from 187.141.143.180: 11: Bye Bye [preauth],Received disconnect from <*>: <*>: Bye Bye [preauth],OpenSSH,Unseen,Received disconnect from <*>: <*>: Bye Bye [preauth],1.2663521766662598
Received disconnect from 187.141.143.180: 11: Bye Bye [preauth],Received disconnect from <*>: <*>: Bye Bye [preauth],OpenSSH,Unseen,Received disconnect from <*>: <*>: Bye Bye [preauth],1.2657811641693115
Received disconnect from 187.141.143.180: 11: Bye Bye [preauth],Received disconnect from <*>: <*>: Bye Bye [preauth],OpenSSH,Unseen,Received disconnect from <*>: <*>: Bye Bye [preauth],1.2756178379058838
Received disconnect from 187.141.143.180: 11: Bye Bye [preauth],Received disconnect from <*>: <*>: Bye Bye [preauth],OpenSSH,Unseen,Received disconnect from <*>: <*>: Bye Bye [preauth],1.2567963600158691
Received disconnect from 187.141.143.180: 11: Bye Bye [preauth],Received disconnect from <*>: <*>: Bye Bye [preauth],OpenSSH,Unseen,Received disconnect from <*>: <*>: Bye Bye [preauth],1.264660358428955
Received disconnect from 187.141.143.180: 11: Bye Bye [preauth],Received disconnect from <*>: <*>: Bye Bye [preauth],OpenSSH,Unseen,Received disconnect from <*>: <*>: Bye Bye [preauth],1.3086128234863281
Received disconnect from 187.141.143.180: 11: Bye Bye [preauth],Received disconnect from <*>: <*>: Bye Bye [preauth],OpenSSH,Unseen,Received disconnect from <*>: <*>: Bye Bye [preauth],1.2900011539459229
Received disconnect from 187.141.143.180: 11: Bye Bye [preauth],Received disconnect from <*>: <*>: Bye Bye [preauth],OpenSSH,Unseen,Received disconnect from <*>: <*>: Bye Bye [preauth],1.2804155349731445
Received disconnect from 187.141.143.180: 11: Bye Bye [preauth],Received disconnect from <*>: <*>: Bye Bye [preauth],OpenSSH,Unseen,Received disconnect from <*>: <*>: Bye Bye [preauth],1.3085179328918457
Received disconnect from 187.141.143.180: 11: Bye Bye [preauth],Received disconnect from <*>: <*>: Bye Bye [preauth],OpenSSH,Unseen,Received disconnect from <*>: <*>: Bye Bye [preauth],1.2850368022918701
Received disconnect from 187.141.143.180: 11: Bye Bye [preauth],Received disconnect from <*>: <*>: Bye Bye [preauth],OpenSSH,Unseen,Received disconnect from <*>: <*>: Bye Bye [preauth],1.3093643188476562
Received disconnect from 187.141.143.180: 11: Bye Bye [preauth],Received disconnect from <*>: <*>: Bye Bye [preauth],OpenSSH,Unseen,Received disconnect from <*>: <*>: Bye Bye [preauth],1.2847273349761963
Received disconnect from 187.141.143.180: 11: Bye Bye [preauth],Received disconnect from <*>: <*>: Bye Bye [preauth],OpenSSH,Unseen,Received disconnect from <*>: <*>: Bye Bye [preauth],1.285566806793213
Received disconnect from 187.141.143.180: 11: Bye Bye [preauth],Received disconnect from <*>: <*>: Bye Bye [preauth],OpenSSH,Unseen,Received disconnect from <*>: <*>: Bye Bye [preauth],1.2806575298309326
Received disconnect from 187.141.143.180: 11: Bye Bye [preauth],Received disconnect from <*>: <*>: Bye Bye [preauth],OpenSSH,Unseen,Received disconnect from <*>: <*>: Bye Bye [preauth],1.2820794582366943
Received disconnect from 187.141.143.180: 11: Bye Bye [preauth],Received disconnect from <*>: <*>: Bye Bye [preauth],OpenSSH,Unseen,Received disconnect from <*>: <*>: Bye Bye [preauth],1.2896804809570312
Received disconnect from 187.141.143.180: 11: Bye Bye [preauth],Received disconnect from <*>: <*>: Bye Bye [preauth],OpenSSH,Unseen,Received disconnect from <*>: <*>: Bye Bye [preauth],1.2587485313415527
Received disconnect from 187.141.143.180: 11: Bye Bye [preauth],Received disconnect from <*>: <*>: Bye Bye [preauth],OpenSSH,Unseen,Received disconnect from <*>: <*>: Bye Bye [preauth],1.2720415592193604
Received disconnect from 187.141.143.180: 11: Bye Bye [preauth],Received disconnect from <*>: <*>: Bye Bye [preauth],OpenSSH,Unseen,Received disconnect from <*>: <*>: Bye Bye [preauth],1.266244649887085
Received disconnect from 187.141.143.180: 11: Bye Bye [preauth],Received disconnect from <*>: <*>: Bye Bye [preauth],OpenSSH,Unseen,Received disconnect from <*>: <*>: Bye Bye [preauth],1.2675602436065674
Received disconnect from 187.141.143.180: 11: Bye Bye [preauth],Received disconnect from <*>: <*>: Bye Bye [preauth],OpenSSH,Unseen,Received disconnect from <*>: <*>: Bye Bye [preauth],1.2889654636383057
Received disconnect from 187.141.143.180: 11: Bye Bye [preauth],Received disconnect from <*>: <*>: Bye Bye [preauth],OpenSSH,Unseen,Received disconnect from <*>: <*>: Bye Bye [preauth],1.2462983131408691
Received disconnect from 187.141.143.180: 11: Bye Bye [preauth],Received disconnect from <*>: <*>: Bye Bye [preauth],OpenSSH,Unseen,Received disconnect from <*>: <*>: Bye Bye [preauth],1.2623481750488281
Received disconnect from 187.141.143.180: 11: Bye Bye [preauth],Received disconnect from <*>: <*>: Bye Bye [preauth],OpenSSH,Unseen,Received disconnect from <*>: <*>: Bye Bye [preauth],1.2672836780548096
Received disconnect from 187.141.143.180: 11: Bye Bye [preauth],Received disconnect from <*>: <*>: Bye Bye [preauth],OpenSSH,Unseen,Received disconnect from <*>: <*>: Bye Bye [preauth],1.2884280681610107
Received disconnect from 187.141.143.180: 11: Bye Bye [preauth],Received disconnect from <*>: <*>: Bye Bye [preauth],OpenSSH,Unseen,Received disconnect from <*>: <*>: Bye Bye [preauth],1.2664446830749512
Received disconnect from 187.141.143.180: 11: Bye Bye [preauth],Received disconnect from <*>: <*>: Bye Bye [preauth],OpenSSH,Unseen,Received disconnect from <*>: <*>: Bye Bye [preauth],1.2669754028320312
Received disconnect from 187.141.143.180: 11: Bye Bye [preauth],Received disconnect from <*>: <*>: Bye Bye [preauth],OpenSSH,Unseen,Received disconnect from <*>: <*>: Bye Bye [preauth],1.2571589946746826
Received disconnect from 187.141.143.180: 11: Bye Bye [preauth],Received disconnect from <*>: <*>: Bye Bye [preauth],OpenSSH,Unseen,Received disconnect from <*>: <*>: Bye Bye [preauth],1.2574889659881592
Received disconnect from 187.141.143.180: 11: Bye Bye [preauth],Received disconnect from <*>: <*>: Bye Bye [preauth],OpenSSH,Unseen,Received disconnect from <*>: <*>: Bye Bye [preauth],1.2766644954681396
Received disconnect from 187.141.143.180: 11: Bye Bye [preauth],Received disconnect from <*>: <*>: Bye Bye [preauth],OpenSSH,Unseen,Received disconnect from <*>: <*>: Bye Bye [preauth],1.2761478424072266
Received disconnect from 187.141.143.180: 11: Bye Bye [preauth],Received disconnect from <*>: <*>: Bye Bye [preauth],OpenSSH,Unseen,Received disconnect from <*>: <*>: Bye Bye [preauth],1.2703959941864014
Received disconnect from 104.192.3.34: 11: Bye Bye [preauth],Received disconnect from <*>: <*>: Bye Bye [preauth],OpenSSH,Unseen,Received disconnect from <*>: <*>: Bye Bye [preauth],1.308058261871338
Connection closed by 104.192.3.34 [preauth],Connection closed by <*> [preauth],OpenSSH,Unseen,Connection closed by <*> [preauth],0.7139182090759277
pam_unix(sshd:session): session opened for user fztu by (uid=0),pam_unix(sshd:session): session opened for user <*> by (uid=<*>),OpenSSH,Unseen,pam_unix(sshd:session): session opened for user <*> by (uid=<*>),1.7182867527008057
Received disconnect from 52.80.34.196: 11: Bye Bye [preauth],Received disconnect from <*>: <*>: Bye Bye [preauth],OpenSSH,Unseen,Received disconnect from <*>: <*>: Bye Bye [preauth],1.2767808437347412
Connection closed by 181.214.87.4 [preauth],Connection closed by <*> [preauth],OpenSSH,Unseen,Connection closed by <*> [preauth],0.7000482082366943
Received disconnect from 60.2.12.12: 11: Bye Bye [preauth],Received disconnect from <*>: <*>: Bye Bye [preauth],OpenSSH,Unseen,Received disconnect from <*>: <*>: Bye Bye [preauth],1.2754971981048584
Received disconnect from 60.2.12.12: 11: Bye Bye [preauth],Received disconnect from <*>: <*>: Bye Bye [preauth],OpenSSH,Unseen,Received disconnect from <*>: <*>: Bye Bye [preauth],1.2906715869903564
Received disconnect from 60.2.12.12: 11: Bye Bye [preauth],Received disconnect from <*>: <*>: Bye Bye [preauth],OpenSSH,Unseen,Received disconnect from <*>: <*>: Bye Bye [preauth],1.2722187042236328
Received disconnect from 60.2.12.12: 11: Bye Bye [preauth],Received disconnect from <*>: <*>: Bye Bye [preauth],OpenSSH,Unseen,Received disconnect from <*>: <*>: Bye Bye [preauth],1.2840993404388428
Connection closed by 60.2.12.12 [preauth],Connection closed by <*> [preauth],OpenSSH,Unseen,Connection closed by <*> [preauth],0.7045624256134033
Connection closed by 1.237.174.253 [preauth],Connection closed by <*> [preauth],OpenSSH,Unseen,Connection closed by <*> [preauth],0.7153213024139404
Received disconnect from 52.80.34.196: 11: Bye Bye [preauth],Received disconnect from <*>: <*>: Bye Bye [preauth],OpenSSH,Unseen,Received disconnect from <*>: <*>: Bye Bye [preauth],1.305175542831421
Received disconnect from 183.136.162.51: 11: Bye Bye [preauth],Received disconnect from <*>: <*>: Bye Bye [preauth],OpenSSH,Unseen,Received disconnect from <*>: <*>: Bye Bye [preauth],1.2820029258728027
Connection closed by 1.237.174.253 [preauth],Connection closed by <*> [preauth],OpenSSH,Unseen,Connection closed by <*> [preauth],0.7070834636688232
Connection closed by 88.147.143.242 [preauth],Connection closed by <*> [preauth],OpenSSH,Unseen,Connection closed by <*> [preauth],0.7035200595855713
Connection closed by 1.237.174.253 [preauth],Connection closed by <*> [preauth],OpenSSH,Unseen,Connection closed by <*> [preauth],0.7196269035339355
Received disconnect from 183.62.140.253: 11: Bye Bye [preauth],Received disconnect from <*>: <*>: Bye Bye [preauth],OpenSSH,Unseen,Received disconnect from <*>: <*>: Bye Bye [preauth],1.2640902996063232
Received disconnect from 183.62.140.253: 11: Bye Bye [preauth],Received disconnect from <*>: <*>: Bye Bye [preauth],OpenSSH,Unseen,Received disconnect from <*>: <*>: Bye Bye [preauth],1.2790017127990723
Received disconnect from 183.62.140.253: 11: Bye Bye [preauth],Received disconnect from <*>: <*>: Bye Bye [preauth],OpenSSH,Unseen,Received disconnect from <*>: <*>: Bye Bye [preauth],1.2694759368896484
Received disconnect from 183.62.140.253: 11: Bye Bye [preauth],Received disconnect from <*>: <*>: Bye Bye [preauth],OpenSSH,Unseen,Received disconnect from <*>: <*>: Bye Bye [preauth],1.275956153869629
Received disconnect from 183.62.140.253: 11: Bye Bye [preauth],Received disconnect from <*>: <*>: Bye Bye [preauth],OpenSSH,Unseen,Received disconnect from <*>: <*>: Bye Bye [preauth],1.2826526165008545
Received disconnect from 183.62.140.253: 11: Bye Bye [preauth],Received disconnect from <*>: <*>: Bye Bye [preauth],OpenSSH,Unseen,Received disconnect from <*>: <*>: Bye Bye [preauth],1.2855865955352783
Received disconnect from 183.62.140.253: 11: Bye Bye [preauth],Received disconnect from <*>: <*>: Bye Bye [preauth],OpenSSH,Unseen,Received disconnect from <*>: <*>: Bye Bye [preauth],1.2480318546295166
Received disconnect from 183.62.140.253: 11: Bye Bye [preauth],Received disconnect from <*>: <*>: Bye Bye [preauth],OpenSSH,Unseen,Received disconnect from <*>: <*>: Bye Bye [preauth],1.2651383876800537
Received disconnect from 183.62.140.253: 11: Bye Bye [preauth],Received disconnect from <*>: <*>: Bye Bye [preauth],OpenSSH,Unseen,Received disconnect from <*>: <*>: Bye Bye [preauth],1.268284559249878
Received disconnect from 183.62.140.253: 11: Bye Bye [preauth],Received disconnect from <*>: <*>: Bye Bye [preauth],OpenSSH,Unseen,Received disconnect from <*>: <*>: Bye Bye [preauth],1.266528606414795
Received disconnect from 183.62.140.253: 11: Bye Bye [preauth],Received disconnect from <*>: <*>: Bye Bye [preauth],OpenSSH,Unseen,Received disconnect from <*>: <*>: Bye Bye [preauth],1.2779333591461182
Received disconnect from 183.62.140.253: 11: Bye Bye [preauth],Received disconnect from <*>: <*>: Bye Bye [preauth],OpenSSH,Unseen,Received disconnect from <*>: <*>: Bye Bye [preauth],1.2819619178771973
Received disconnect from 183.62.140.253: 11: Bye Bye [preauth],Received disconnect from <*>: <*>: Bye Bye [preauth],OpenSSH,Unseen,Received disconnect from <*>: <*>: Bye Bye [preauth],1.2793147563934326
Received disconnect from 183.62.140.253: 11: Bye Bye [preauth],Received disconnect from <*>: <*>: Bye Bye [preauth],OpenSSH,Unseen,Received disconnect from <*>: <*>: Bye Bye [preauth],1.2897624969482422
Received disconnect from 183.62.140.253: 11: Bye Bye [preauth],Received disconnect from <*>: <*>: Bye Bye [preauth],OpenSSH,Unseen,Received disconnect from <*>: <*>: Bye Bye [preauth],1.286423921585083
Received disconnect from 183.62.140.253: 11: Bye Bye [preauth],Received disconnect from <*>: <*>: Bye Bye [preauth],OpenSSH,Unseen,Received disconnect from <*>: <*>: Bye Bye [preauth],1.2737562656402588
Received disconnect from 183.62.140.253: 11: Bye Bye [preauth],Received disconnect from <*>: <*>: Bye Bye [preauth],OpenSSH,Unseen,Received disconnect from <*>: <*>: Bye Bye [preauth],1.261542558670044
Received disconnect from 183.62.140.253: 11: Bye Bye [preauth],Received disconnect from <*>: <*>: Bye Bye [preauth],OpenSSH,Unseen,Received disconnect from <*>: <*>: Bye Bye [preauth],1.2682125568389893
Received disconnect from 183.62.140.253: 11: Bye Bye [preauth],Received disconnect from <*>: <*>: Bye Bye [preauth],OpenSSH,Unseen,Received disconnect from <*>: <*>: Bye Bye [preauth],1.2676682472229004
Received disconnect from 183.62.140.253: 11: Bye Bye [preauth],Received disconnect from <*>: <*>: Bye Bye [preauth],OpenSSH,Unseen,Received disconnect from <*>: <*>: Bye Bye [preauth],1.2715232372283936
Received disconnect from 183.62.140.253: 11: Bye Bye [preauth],Received disconnect from <*>: <*>: Bye Bye [preauth],OpenSSH,Unseen,Received disconnect from <*>: <*>: Bye Bye [preauth],1.2618212699890137
Received disconnect from 202.100.179.208: 11: Bye Bye [preauth],Received disconnect from <*>: <*>: Bye Bye [preauth],OpenSSH,Unseen,Received disconnect from <*>: <*>: Bye Bye [preauth],1.2567930221557617
Received disconnect from 183.62.140.253: 11: Bye Bye [preauth],Received disconnect from <*>: <*>: Bye Bye [preauth],OpenSSH,Unseen,Received disconnect from <*>: <*>: Bye Bye [preauth],1.289384126663208
Received disconnect from 183.62.140.253: 11: Bye Bye [preauth],Received disconnect from <*>: <*>: Bye Bye [preauth],OpenSSH,Unseen,Received disconnect from <*>: <*>: Bye Bye [preauth],1.2922637462615967
Received disconnect from 183.62.140.253: 11: Bye Bye [preauth],Received disconnect from <*>: <*>: Bye Bye [preauth],OpenSSH,Unseen,Received disconnect from <*>: <*>: Bye Bye [preauth],1.264641284942627
Received disconnect from 183.62.140.253: 11: Bye Bye [preauth],Received disconnect from <*>: <*>: Bye Bye [preauth],OpenSSH,Unseen,Received disconnect from <*>: <*>: Bye Bye [preauth],1.2623043060302734
Received disconnect from 183.62.140.253: 11: Bye Bye [preauth],Received disconnect from <*>: <*>: Bye Bye [preauth],OpenSSH,Unseen,Received disconnect from <*>: <*>: Bye Bye [preauth],1.3039922714233398
Received disconnect from 183.62.140.253: 11: Bye Bye [preauth],Received disconnect from <*>: <*>: Bye Bye [preauth],OpenSSH,Unseen,Received disconnect from <*>: <*>: Bye Bye [preauth],1.300001621246338
Received disconnect from 183.62.140.253: 11: Bye Bye [preauth],Received disconnect from <*>: <*>: Bye Bye [preauth],OpenSSH,Unseen,Received disconnect from <*>: <*>: Bye Bye [preauth],1.2848353385925293
Received disconnect from 183.62.140.253: 11: Bye Bye [preauth],Received disconnect from <*>: <*>: Bye Bye [preauth],OpenSSH,Unseen,Received disconnect from <*>: <*>: Bye Bye [preauth],1.2695746421813965
Received disconnect from 183.62.140.253: 11: Bye Bye [preauth],Received disconnect from <*>: <*>: Bye Bye [preauth],OpenSSH,Unseen,Received disconnect from <*>: <*>: Bye Bye [preauth],1.2881858348846436
Received disconnect from 183.62.140.253: 11: Bye Bye [preauth],Received disconnect from <*>: <*>: Bye Bye [preauth],OpenSSH,Unseen,Received disconnect from <*>: <*>: Bye Bye [preauth],1.2975811958312988
Received disconnect from 183.62.140.253: 11: Bye Bye [preauth],Received disconnect from <*>: <*>: Bye Bye [preauth],OpenSSH,Unseen,Received disconnect from <*>: <*>: Bye Bye [preauth],1.276186227798462
Received disconnect from 183.62.140.253: 11: Bye Bye [preauth],Received disconnect from <*>: <*>: Bye Bye [preauth],OpenSSH,Unseen,Received disconnect from <*>: <*>: Bye Bye [preauth],1.2598021030426025
Received disconnect from 183.62.140.253: 11: Bye Bye [preauth],Received disconnect from <*>: <*>: Bye Bye [preauth],OpenSSH,Unseen,Received disconnect from <*>: <*>: Bye Bye [preauth],1.2782073020935059
Received disconnect from 183.62.140.253: 11: Bye Bye [preauth],Received disconnect from <*>: <*>: Bye Bye [preauth],OpenSSH,Unseen,Received disconnect from <*>: <*>: Bye Bye [preauth],1.2819421291351318
Received disconnect from 183.62.140.253: 11: Bye Bye [preauth],Received disconnect from <*>: <*>: Bye Bye [preauth],OpenSSH,Unseen,Received disconnect from <*>: <*>: Bye Bye [preauth],1.2593646049499512
Received disconnect from 183.62.140.253: 11: Bye Bye [preauth],Received disconnect from <*>: <*>: Bye Bye [preauth],OpenSSH,Unseen,Received disconnect from <*>: <*>: Bye Bye [preauth],1.2622277736663818
Received disconnect from 183.62.140.253: 11: Bye Bye [preauth],Received disconnect from <*>: <*>: Bye Bye [preauth],OpenSSH,Unseen,Received disconnect from <*>: <*>: Bye Bye [preauth],1.2673473358154297
Received disconnect from 183.62.140.253: 11: Bye Bye [preauth],Received disconnect from <*>: <*>: Bye Bye [preauth],OpenSSH,Unseen,Received disconnect from <*>: <*>: Bye Bye [preauth],1.2693548202514648
Received disconnect from 183.62.140.253: 11: Bye Bye [preauth],Received disconnect from <*>: <*>: Bye Bye [preauth],OpenSSH,Unseen,Received disconnect from <*>: <*>: Bye Bye [preauth],1.284428358078003
Received disconnect from 183.62.140.253: 11: Bye Bye [preauth],Received disconnect from <*>: <*>: Bye Bye [preauth],OpenSSH,Unseen,Received disconnect from <*>: <*>: Bye Bye [preauth],1.2837975025177002
Received disconnect from 183.62.140.253: 11: Bye Bye [preauth],Received disconnect from <*>: <*>: Bye Bye [preauth],OpenSSH,Unseen,Received disconnect from <*>: <*>: Bye Bye [preauth],1.2900207042694092
Received disconnect from 183.62.140.253: 11: Bye Bye [preauth],Received disconnect from <*>: <*>: Bye Bye [preauth],OpenSSH,Unseen,Received disconnect from <*>: <*>: Bye Bye [preauth],1.2754607200622559
Received disconnect from 183.62.140.253: 11: Bye Bye [preauth],Received disconnect from <*>: <*>: Bye Bye [preauth],OpenSSH,Unseen,Received disconnect from <*>: <*>: Bye Bye [preauth],1.2869675159454346
Received disconnect from 183.62.140.253: 11: Bye Bye [preauth],Received disconnect from <*>: <*>: Bye Bye [preauth],OpenSSH,Unseen,Received disconnect from <*>: <*>: Bye Bye [preauth],1.282909870147705
Received disconnect from 183.62.140.253: 11: Bye Bye [preauth],Received disconnect from <*>: <*>: Bye Bye [preauth],OpenSSH,Unseen,Received disconnect from <*>: <*>: Bye Bye [preauth],1.2942452430725098
Received disconnect from 183.62.140.253: 11: Bye Bye [preauth],Received disconnect from <*>: <*>: Bye Bye [preauth],OpenSSH,Unseen,Received disconnect from <*>: <*>: Bye Bye [preauth],1.2769842147827148
Received disconnect from 183.62.140.253: 11: Bye Bye [preauth],Received disconnect from <*>: <*>: Bye Bye [preauth],OpenSSH,Unseen,Received disconnect from <*>: <*>: Bye Bye [preauth],1.3131258487701416
Received disconnect from 183.62.140.253: 11: Bye Bye [preauth],Received disconnect from <*>: <*>: Bye Bye [preauth],OpenSSH,Unseen,Received disconnect from <*>: <*>: Bye Bye [preauth],1.2968885898590088
Received disconnect from 183.62.140.253: 11: Bye Bye [preauth],Received disconnect from <*>: <*>: Bye Bye [preauth],OpenSSH,Unseen,Received disconnect from <*>: <*>: Bye Bye [preauth],1.3011376857757568
Received disconnect from 183.62.140.253: 11: Bye Bye [preauth],Received disconnect from <*>: <*>: Bye Bye [preauth],OpenSSH,Unseen,Received disconnect from <*>: <*>: Bye Bye [preauth],1.2607238292694092
Received disconnect from 183.62.140.253: 11: Bye Bye [preauth],Received disconnect from <*>: <*>: Bye Bye [preauth],OpenSSH,Unseen,Received disconnect from <*>: <*>: Bye Bye [preauth],1.2666394710540771
Received disconnect from 183.62.140.253: 11: Bye Bye [preauth],Received disconnect from <*>: <*>: Bye Bye [preauth],OpenSSH,Unseen,Received disconnect from <*>: <*>: Bye Bye [preauth],1.2901103496551514
Received disconnect from 183.62.140.253: 11: Bye Bye [preauth],Received disconnect from <*>: <*>: Bye Bye [preauth],OpenSSH,Unseen,Received disconnect from <*>: <*>: Bye Bye [preauth],1.3122398853302002
Received disconnect from 183.62.140.253: 11: Bye Bye [preauth],Received disconnect from <*>: <*>: Bye Bye [preauth],OpenSSH,Unseen,Received disconnect from <*>: <*>: Bye Bye [preauth],1.283266544342041
Received disconnect from 183.62.140.253: 11: Bye Bye [preauth],Received disconnect from <*>: <*>: Bye Bye [preauth],OpenSSH,Unseen,Received disconnect from <*>: <*>: Bye Bye [preauth],1.2849338054656982
Received disconnect from 183.62.140.253: 11: Bye Bye [preauth],Received disconnect from <*>: <*>: Bye Bye [preauth],OpenSSH,Unseen,Received disconnect from <*>: <*>: Bye Bye [preauth],1.2895407676696777
Received disconnect from 183.62.140.253: 11: Bye Bye [preauth],Received disconnect from <*>: <*>: Bye Bye [preauth],OpenSSH,Unseen,Received disconnect from <*>: <*>: Bye Bye [preauth],1.3117384910583496
Received disconnect from 183.62.140.253: 11: Bye Bye [preauth],Received disconnect from <*>: <*>: Bye Bye [preauth],OpenSSH,Unseen,Received disconnect from <*>: <*>: Bye Bye [preauth],1.2919211387634277
Received disconnect from 183.62.140.253: 11: Bye Bye [preauth],Received disconnect from <*>: <*>: Bye Bye [preauth],OpenSSH,Unseen,Received disconnect from <*>: <*>: Bye Bye [preauth],1.2953782081604004
Received disconnect from 183.62.140.253: 11: Bye Bye [preauth],Received disconnect from <*>: <*>: Bye Bye [preauth],OpenSSH,Unseen,Received disconnect from <*>: <*>: Bye Bye [preauth],1.2668888568878174
Received disconnect from 183.62.140.253: 11: Bye Bye [preauth],Received disconnect from <*>: <*>: Bye Bye [preauth],OpenSSH,Unseen,Received disconnect from <*>: <*>: Bye Bye [preauth],1.2631657123565674
Received disconnect from 183.62.140.253: 11: Bye Bye [preauth],Received disconnect from <*>: <*>: Bye Bye [preauth],OpenSSH,Unseen,Received disconnect from <*>: <*>: Bye Bye [preauth],1.2643957138061523
Received disconnect from 183.62.140.253: 11: Bye Bye [preauth],Received disconnect from <*>: <*>: Bye Bye [preauth],OpenSSH,Unseen,Received disconnect from <*>: <*>: Bye Bye [preauth],1.2779817581176758
Received disconnect from 183.62.140.253: 11: Bye Bye [preauth],Received disconnect from <*>: <*>: Bye Bye [preauth],OpenSSH,Unseen,Received disconnect from <*>: <*>: Bye Bye [preauth],1.2829179763793945
Received disconnect from 183.62.140.253: 11: Bye Bye [preauth],Received disconnect from <*>: <*>: Bye Bye [preauth],OpenSSH,Unseen,Received disconnect from <*>: <*>: Bye Bye [preauth],1.2833311557769775
Received disconnect from 183.62.140.253: 11: Bye Bye [preauth],Received disconnect from <*>: <*>: Bye Bye [preauth],OpenSSH,Unseen,Received disconnect from <*>: <*>: Bye Bye [preauth],1.295316457748413
Received disconnect from 183.62.140.253: 11: Bye Bye [preauth],Received disconnect from <*>: <*>: Bye Bye [preauth],OpenSSH,Unseen,Received disconnect from <*>: <*>: Bye Bye [preauth],1.275444746017456
Received disconnect from 183.62.140.253: 11: Bye Bye [preauth],Received disconnect from <*>: <*>: Bye Bye [preauth],OpenSSH,Unseen,Received disconnect from <*>: <*>: Bye Bye [preauth],1.2822775840759277
Received disconnect from 183.62.140.253: 11: Bye Bye [preauth],Received disconnect from <*>: <*>: Bye Bye [preauth],OpenSSH,Unseen,Received disconnect from <*>: <*>: Bye Bye [preauth],1.2544984817504883
Received disconnect from 183.62.140.253: 11: Bye Bye [preauth],Received disconnect from <*>: <*>: Bye Bye [preauth],OpenSSH,Unseen,Received disconnect from <*>: <*>: Bye Bye [preauth],1.2615132331848145
Received disconnect from 183.62.140.253: 11: Bye Bye [preauth],Received disconnect from <*>: <*>: Bye Bye [preauth],OpenSSH,Unseen,Received disconnect from <*>: <*>: Bye Bye [preauth],1.2593283653259277
Received disconnect from 183.62.140.253: 11: Bye Bye [preauth],Received disconnect from <*>: <*>: Bye Bye [preauth],OpenSSH,Unseen,Received disconnect from <*>: <*>: Bye Bye [preauth],1.280698299407959
Received disconnect from 183.62.140.253: 11: Bye Bye [preauth],Received disconnect from <*>: <*>: Bye Bye [preauth],OpenSSH,Unseen,Received disconnect from <*>: <*>: Bye Bye [preauth],1.2771120071411133
Received disconnect from 183.62.140.253: 11: Bye Bye [preauth],Received disconnect from <*>: <*>: Bye Bye [preauth],OpenSSH,Unseen,Received disconnect from <*>: <*>: Bye Bye [preauth],1.314305067062378
Received disconnect from 183.62.140.253: 11: Bye Bye [preauth],Received disconnect from <*>: <*>: Bye Bye [preauth],OpenSSH,Unseen,Received disconnect from <*>: <*>: Bye Bye [preauth],1.3173906803131104
Received disconnect from 183.62.140.253: 11: Bye Bye [preauth],Received disconnect from <*>: <*>: Bye Bye [preauth],OpenSSH,Unseen,Received disconnect from <*>: <*>: Bye Bye [preauth],1.2976534366607666
Received disconnect from 183.62.140.253: 11: Bye Bye [preauth],Received disconnect from <*>: <*>: Bye Bye [preauth],OpenSSH,Unseen,Received disconnect from <*>: <*>: Bye Bye [preauth],1.2870268821716309
Received disconnect from 183.62.140.253: 11: Bye Bye [preauth],Received disconnect from <*>: <*>: Bye Bye [preauth],OpenSSH,Unseen,Received disconnect from <*>: <*>: Bye Bye [preauth],1.2867538928985596
Received disconnect from 183.62.140.253: 11: Bye Bye [preauth],Received disconnect from <*>: <*>: Bye Bye [preauth],OpenSSH,Unseen,Received disconnect from <*>: <*>: Bye Bye [preauth],1.2925448417663574
Received disconnect from 183.62.140.253: 11: Bye Bye [preauth],Received disconnect from <*>: <*>: Bye Bye [preauth],OpenSSH,Unseen,Received disconnect from <*>: <*>: Bye Bye [preauth],1.2808222770690918
Received disconnect from 183.62.140.253: 11: Bye Bye [preauth],Received disconnect from <*>: <*>: Bye Bye [preauth],OpenSSH,Unseen,Received disconnect from <*>: <*>: Bye Bye [preauth],1.289149522781372
Received disconnect from 183.62.140.253: 11: Bye Bye [preauth],Received disconnect from <*>: <*>: Bye Bye [preauth],OpenSSH,Unseen,Received disconnect from <*>: <*>: Bye Bye [preauth],1.268660068511963
Received disconnect from 183.62.140.253: 11: Bye Bye [preauth],Received disconnect from <*>: <*>: Bye Bye [preauth],OpenSSH,Unseen,Received disconnect from <*>: <*>: Bye Bye [preauth],1.2625489234924316
Received disconnect from 183.62.140.253: 11: Bye Bye [preauth],Received disconnect from <*>: <*>: Bye Bye [preauth],OpenSSH,Unseen,Received disconnect from <*>: <*>: Bye Bye [preauth],1.320380687713623
Received disconnect from 183.62.140.253: 11: Bye Bye [preauth],Received disconnect from <*>: <*>: Bye Bye [preauth],OpenSSH,Unseen,Received disconnect from <*>: <*>: Bye Bye [preauth],1.2687842845916748
Received disconnect from 183.62.140.253: 11: Bye Bye [preauth],Received disconnect from <*>: <*>: Bye Bye [preauth],OpenSSH,Unseen,Received disconnect from <*>: <*>: Bye Bye [preauth],1.265272617340088
Received disconnect from 183.62.140.253: 11: Bye Bye [preauth],Received disconnect from <*>: <*>: Bye Bye [preauth],OpenSSH,Unseen,Received disconnect from <*>: <*>: Bye Bye [preauth],1.286362648010254
Received disconnect from 183.62.140.253: 11: Bye Bye [preauth],Received disconnect from <*>: <*>: Bye Bye [preauth],OpenSSH,Unseen,Received disconnect from <*>: <*>: Bye Bye [preauth],1.2970561981201172
Received disconnect from 183.62.140.253: 11: Bye Bye [preauth],Received disconnect from <*>: <*>: Bye Bye [preauth],OpenSSH,Unseen,Received disconnect from <*>: <*>: Bye Bye [preauth],1.287611484527588
Received disconnect from 183.62.140.253: 11: Bye Bye [preauth],Received disconnect from <*>: <*>: Bye Bye [preauth],OpenSSH,Unseen,Received disconnect from <*>: <*>: Bye Bye [preauth],1.263702392578125
Received disconnect from 183.62.140.253: 11: Bye Bye [preauth],Received disconnect from <*>: <*>: Bye Bye [preauth],OpenSSH,Unseen,Received disconnect from <*>: <*>: Bye Bye [preauth],1.2903289794921875
Received disconnect from 183.62.140.253: 11: Bye Bye [preauth],Received disconnect from <*>: <*>: Bye Bye [preauth],OpenSSH,Unseen,Received disconnect from <*>: <*>: Bye Bye [preauth],1.3169035911560059
Received disconnect from 183.62.140.253: 11: Bye Bye [preauth],Received disconnect from <*>: <*>: Bye Bye [preauth],OpenSSH,Unseen,Received disconnect from <*>: <*>: Bye Bye [preauth],1.320141315460205
Received disconnect from 183.62.140.253: 11: Bye Bye [preauth],Received disconnect from <*>: <*>: Bye Bye [preauth],OpenSSH,Unseen,Received disconnect from <*>: <*>: Bye Bye [preauth],1.2813642024993896
Received disconnect from 183.62.140.253: 11: Bye Bye [preauth],Received disconnect from <*>: <*>: Bye Bye [preauth],OpenSSH,Unseen,Received disconnect from <*>: <*>: Bye Bye [preauth],1.274254322052002
Received disconnect from 183.62.140.253: 11: Bye Bye [preauth],Received disconnect from <*>: <*>: Bye Bye [preauth],OpenSSH,Unseen,Received disconnect from <*>: <*>: Bye Bye [preauth],1.2950267791748047
Received disconnect from 183.62.140.253: 11: Bye Bye [preauth],Received disconnect from <*>: <*>: Bye Bye [preauth],OpenSSH,Unseen,Received disconnect from <*>: <*>: Bye Bye [preauth],1.275141954421997
Received disconnect from 183.62.140.253: 11: Bye Bye [preauth],Received disconnect from <*>: <*>: Bye Bye [preauth],OpenSSH,Unseen,Received disconnect from <*>: <*>: Bye Bye [preauth],1.2826929092407227
Received disconnect from 183.62.140.253: 11: Bye Bye [preauth],Received disconnect from <*>: <*>: Bye Bye [preauth],OpenSSH,Unseen,Received disconnect from <*>: <*>: Bye Bye [preauth],1.2741131782531738
Received disconnect from 183.62.140.253: 11: Bye Bye [preauth],Received disconnect from <*>: <*>: Bye Bye [preauth],OpenSSH,Unseen,Received disconnect from <*>: <*>: Bye Bye [preauth],1.270000696182251
Received disconnect from 183.62.140.253: 11: Bye Bye [preauth],Received disconnect from <*>: <*>: Bye Bye [preauth],OpenSSH,Unseen,Received disconnect from <*>: <*>: Bye Bye [preauth],1.302046298980713
Received disconnect from 183.62.140.253: 11: Bye Bye [preauth],Received disconnect from <*>: <*>: Bye Bye [preauth],OpenSSH,Unseen,Received disconnect from <*>: <*>: Bye Bye [preauth],1.3123807907104492
Received disconnect from 183.62.140.253: 11: Bye Bye [preauth],Received disconnect from <*>: <*>: Bye Bye [preauth],OpenSSH,Unseen,Received disconnect from <*>: <*>: Bye Bye [preauth],1.2906126976013184
Received disconnect from 183.62.140.253: 11: Bye Bye [preauth],Received disconnect from <*>: <*>: Bye Bye [preauth],OpenSSH,Unseen,Received disconnect from <*>: <*>: Bye Bye [preauth],1.301407814025879
Received disconnect from 183.62.140.253: 11: Bye Bye [preauth],Received disconnect from <*>: <*>: Bye Bye [preauth],OpenSSH,Unseen,Received disconnect from <*>: <*>: Bye Bye [preauth],1.276221752166748
Received disconnect from 183.62.140.253: 11: Bye Bye [preauth],Received disconnect from <*>: <*>: Bye Bye [preauth],OpenSSH,Unseen,Received disconnect from <*>: <*>: Bye Bye [preauth],1.28761887550354
Received disconnect from 183.62.140.253: 11: Bye Bye [preauth],Received disconnect from <*>: <*>: Bye Bye [preauth],OpenSSH,Unseen,Received disconnect from <*>: <*>: Bye Bye [preauth],1.28971266746521
Received disconnect from 183.62.140.253: 11: Bye Bye [preauth],Received disconnect from <*>: <*>: Bye Bye [preauth],OpenSSH,Unseen,Received disconnect from <*>: <*>: Bye Bye [preauth],1.2866055965423584
Received disconnect from 183.62.140.253: 11: Bye Bye [preauth],Received disconnect from <*>: <*>: Bye Bye [preauth],OpenSSH,Unseen,Received disconnect from <*>: <*>: Bye Bye [preauth],1.2885470390319824
Received disconnect from 183.62.140.253: 11: Bye Bye [preauth],Received disconnect from <*>: <*>: Bye Bye [preauth],OpenSSH,Unseen,Received disconnect from <*>: <*>: Bye Bye [preauth],1.2925970554351807
Received disconnect from 183.62.140.253: 11: Bye Bye [preauth],Received disconnect from <*>: <*>: Bye Bye [preauth],OpenSSH,Unseen,Received disconnect from <*>: <*>: Bye Bye [preauth],1.2966856956481934
Received disconnect from 183.62.140.253: 11: Bye Bye [preauth],Received disconnect from <*>: <*>: Bye Bye [preauth],OpenSSH,Unseen,Received disconnect from <*>: <*>: Bye Bye [preauth],1.282712697982788
Received disconnect from 183.62.140.253: 11: Bye Bye [preauth],Received disconnect from <*>: <*>: Bye Bye [preauth],OpenSSH,Unseen,Received disconnect from <*>: <*>: Bye Bye [preauth],1.2764346599578857
Received disconnect from 183.62.140.253: 11: Bye Bye [preauth],Received disconnect from <*>: <*>: Bye Bye [preauth],OpenSSH,Unseen,Received disconnect from <*>: <*>: Bye Bye [preauth],1.2631475925445557
Received disconnect from 183.62.140.253: 11: Bye Bye [preauth],Received disconnect from <*>: <*>: Bye Bye [preauth],OpenSSH,Unseen,Received disconnect from <*>: <*>: Bye Bye [preauth],1.2705152034759521
Received disconnect from 183.62.140.253: 11: Bye Bye [preauth],Received disconnect from <*>: <*>: Bye Bye [preauth],OpenSSH,Unseen,Received disconnect from <*>: <*>: Bye Bye [preauth],1.2993831634521484
Received disconnect from 183.62.140.253: 11: Bye Bye [preauth],Received disconnect from <*>: <*>: Bye Bye [preauth],OpenSSH,Unseen,Received disconnect from <*>: <*>: Bye Bye [preauth],1.2801296710968018
Received disconnect from 183.62.140.253: 11: Bye Bye [preauth],Received disconnect from <*>: <*>: Bye Bye [preauth],OpenSSH,Unseen,Received disconnect from <*>: <*>: Bye Bye [preauth],1.2903425693511963
Received disconnect from 183.62.140.253: 11: Bye Bye [preauth],Received disconnect from <*>: <*>: Bye Bye [preauth],OpenSSH,Unseen,Received disconnect from <*>: <*>: Bye Bye [preauth],1.33158278465271
Received disconnect from 183.62.140.253: 11: Bye Bye [preauth],Received disconnect from <*>: <*>: Bye Bye [preauth],OpenSSH,Unseen,Received disconnect from <*>: <*>: Bye Bye [preauth],1.2714226245880127
Received disconnect from 183.62.140.253: 11: Bye Bye [preauth],Received disconnect from <*>: <*>: Bye Bye [preauth],OpenSSH,Unseen,Received disconnect from <*>: <*>: Bye Bye [preauth],1.2747294902801514
Received disconnect from 183.62.140.253: 11: Bye Bye [preauth],Received disconnect from <*>: <*>: Bye Bye [preauth],OpenSSH,Unseen,Received disconnect from <*>: <*>: Bye Bye [preauth],1.2816576957702637
Received disconnect from 183.62.140.253: 11: Bye Bye [preauth],Received disconnect from <*>: <*>: Bye Bye [preauth],OpenSSH,Unseen,Received disconnect from <*>: <*>: Bye Bye [preauth],1.2973477840423584
Received disconnect from 183.62.140.253: 11: Bye Bye [preauth],Received disconnect from <*>: <*>: Bye Bye [preauth],OpenSSH,Unseen,Received disconnect from <*>: <*>: Bye Bye [preauth],1.2852001190185547
Received disconnect from 183.62.140.253: 11: Bye Bye [preauth],Received disconnect from <*>: <*>: Bye Bye [preauth],OpenSSH,Unseen,Received disconnect from <*>: <*>: Bye Bye [preauth],1.2779271602630615
Received disconnect from 183.62.140.253: 11: Bye Bye [preauth],Received disconnect from <*>: <*>: Bye Bye [preauth],OpenSSH,Unseen,Received disconnect from <*>: <*>: Bye Bye [preauth],1.2816121578216553
Received disconnect from 183.62.140.253: 11: Bye Bye [preauth],Received disconnect from <*>: <*>: Bye Bye [preauth],OpenSSH,Unseen,Received disconnect from <*>: <*>: Bye Bye [preauth],1.3042428493499756
Received disconnect from 183.62.140.253: 11: Bye Bye [preauth],Received disconnect from <*>: <*>: Bye Bye [preauth],OpenSSH,Unseen,Received disconnect from <*>: <*>: Bye Bye [preauth],1.3176469802856445
Received disconnect from 183.62.140.253: 11: Bye Bye [preauth],Received disconnect from <*>: <*>: Bye Bye [preauth],OpenSSH,Unseen,Received disconnect from <*>: <*>: Bye Bye [preauth],1.2790789604187012
Received disconnect from 183.62.140.253: 11: Bye Bye [preauth],Received disconnect from <*>: <*>: Bye Bye [preauth],OpenSSH,Unseen,Received disconnect from <*>: <*>: Bye Bye [preauth],1.269770860671997
Received disconnect from 183.62.140.253: 11: Bye Bye [preauth],Received disconnect from <*>: <*>: Bye Bye [preauth],OpenSSH,Unseen,Received disconnect from <*>: <*>: Bye Bye [preauth],1.2661681175231934
Received disconnect from 183.62.140.253: 11: Bye Bye [preauth],Received disconnect from <*>: <*>: Bye Bye [preauth],OpenSSH,Unseen,Received disconnect from <*>: <*>: Bye Bye [preauth],1.3031134605407715
Received disconnect from 183.62.140.253: 11: Bye Bye [preauth],Received disconnect from <*>: <*>: Bye Bye [preauth],OpenSSH,Unseen,Received disconnect from <*>: <*>: Bye Bye [preauth],1.28602933883667
Received disconnect from 183.62.140.253: 11: Bye Bye [preauth],Received disconnect from <*>: <*>: Bye Bye [preauth],OpenSSH,Unseen,Received disconnect from <*>: <*>: Bye Bye [preauth],1.2899889945983887
Received disconnect from 183.62.140.253: 11: Bye Bye [preauth],Received disconnect from <*>: <*>: Bye Bye [preauth],OpenSSH,Unseen,Received disconnect from <*>: <*>: Bye Bye [preauth],1.2889738082885742
Received disconnect from 183.62.140.253: 11: Bye Bye [preauth],Received disconnect from <*>: <*>: Bye Bye [preauth],OpenSSH,Unseen,Received disconnect from <*>: <*>: Bye Bye [preauth],1.3150641918182373
Received disconnect from 183.62.140.253: 11: Bye Bye [preauth],Received disconnect from <*>: <*>: Bye Bye [preauth],OpenSSH,Unseen,Received disconnect from <*>: <*>: Bye Bye [preauth],1.3437495231628418
Received disconnect from 183.62.140.253: 11: Bye Bye [preauth],Received disconnect from <*>: <*>: Bye Bye [preauth],OpenSSH,Unseen,Received disconnect from <*>: <*>: Bye Bye [preauth],1.2799110412597656
Received disconnect from 183.62.140.253: 11: Bye Bye [preauth],Received disconnect from <*>: <*>: Bye Bye [preauth],OpenSSH,Unseen,Received disconnect from <*>: <*>: Bye Bye [preauth],1.2719535827636719
Received disconnect from 183.62.140.253: 11: Bye Bye [preauth],Received disconnect from <*>: <*>: Bye Bye [preauth],OpenSSH,Unseen,Received disconnect from <*>: <*>: Bye Bye [preauth],1.2723639011383057
Received disconnect from 183.62.140.253: 11: Bye Bye [preauth],Received disconnect from <*>: <*>: Bye Bye [preauth],OpenSSH,Unseen,Received disconnect from <*>: <*>: Bye Bye [preauth],1.2773497104644775
Received disconnect from 183.62.140.253: 11: Bye Bye [preauth],Received disconnect from <*>: <*>: Bye Bye [preauth],OpenSSH,Unseen,Received disconnect from <*>: <*>: Bye Bye [preauth],1.2843685150146484
Received disconnect from 183.62.140.253: 11: Bye Bye [preauth],Received disconnect from <*>: <*>: Bye Bye [preauth],OpenSSH,Unseen,Received disconnect from <*>: <*>: Bye Bye [preauth],1.3066484928131104
Received disconnect from 183.62.140.253: 11: Bye Bye [preauth],Received disconnect from <*>: <*>: Bye Bye [preauth],OpenSSH,Unseen,Received disconnect from <*>: <*>: Bye Bye [preauth],1.2843222618103027
Received disconnect from 183.62.140.253: 11: Bye Bye [preauth],Received disconnect from <*>: <*>: Bye Bye [preauth],OpenSSH,Unseen,Received disconnect from <*>: <*>: Bye Bye [preauth],1.295060157775879
Received disconnect from 183.62.140.253: 11: Bye Bye [preauth],Received disconnect from <*>: <*>: Bye Bye [preauth],OpenSSH,Unseen,Received disconnect from <*>: <*>: Bye Bye [preauth],1.2914371490478516
Received disconnect from 183.62.140.253: 11: Bye Bye [preauth],Received disconnect from <*>: <*>: Bye Bye [preauth],OpenSSH,Unseen,Received disconnect from <*>: <*>: Bye Bye [preauth],1.2774477005004883
Received disconnect from 183.62.140.253: 11: Bye Bye [preauth],Received disconnect from <*>: <*>: Bye Bye [preauth],OpenSSH,Unseen,Received disconnect from <*>: <*>: Bye Bye [preauth],1.2813732624053955
Received disconnect from 183.62.140.253: 11: Bye Bye [preauth],Received disconnect from <*>: <*>: Bye Bye [preauth],OpenSSH,Unseen,Received disconnect from <*>: <*>: Bye Bye [preauth],1.2994134426116943
Received disconnect from 183.62.140.253: 11: Bye Bye [preauth],Received disconnect from <*>: <*>: Bye Bye [preauth],OpenSSH,Unseen,Received disconnect from <*>: <*>: Bye Bye [preauth],1.2927484512329102
Received disconnect from 183.62.140.253: 11: Bye Bye [preauth],Received disconnect from <*>: <*>: Bye Bye [preauth],OpenSSH,Unseen,Received disconnect from <*>: <*>: Bye Bye [preauth],1.332669973373413
Received disconnect from 183.62.140.253: 11: Bye Bye [preauth],Received disconnect from <*>: <*>: Bye Bye [preauth],OpenSSH,Unseen,Received disconnect from <*>: <*>: Bye Bye [preauth],1.2950100898742676
Received disconnect from 183.62.140.253: 11: Bye Bye [preauth],Received disconnect from <*>: <*>: Bye Bye [preauth],OpenSSH,Unseen,Received disconnect from <*>: <*>: Bye Bye [preauth],1.3002068996429443
Received disconnect from 183.62.140.253: 11: Bye Bye [preauth],Received disconnect from <*>: <*>: Bye Bye [preauth],OpenSSH,Unseen,Received disconnect from <*>: <*>: Bye Bye [preauth],1.2823467254638672
Received disconnect from 183.62.140.253: 11: Bye Bye [preauth],Received disconnect from <*>: <*>: Bye Bye [preauth],OpenSSH,Unseen,Received disconnect from <*>: <*>: Bye Bye [preauth],1.2781589031219482
Received disconnect from 183.62.140.253: 11: Bye Bye [preauth],Received disconnect from <*>: <*>: Bye Bye [preauth],OpenSSH,Unseen,Received disconnect from <*>: <*>: Bye Bye [preauth],1.2642579078674316
Received disconnect from 183.62.140.253: 11: Bye Bye [preauth],Received disconnect from <*>: <*>: Bye Bye [preauth],OpenSSH,Unseen,Received disconnect from <*>: <*>: Bye Bye [preauth],1.3148064613342285
Received disconnect from 183.62.140.253: 11: Bye Bye [preauth],Received disconnect from <*>: <*>: Bye Bye [preauth],OpenSSH,Unseen,Received disconnect from <*>: <*>: Bye Bye [preauth],1.2907593250274658
Received disconnect from 183.62.140.253: 11: Bye Bye [preauth],Received disconnect from <*>: <*>: Bye Bye [preauth],OpenSSH,Unseen,Received disconnect from <*>: <*>: Bye Bye [preauth],1.3041675090789795
Received disconnect from 183.62.140.253: 11: Bye Bye [preauth],Received disconnect from <*>: <*>: Bye Bye [preauth],OpenSSH,Unseen,Received disconnect from <*>: <*>: Bye Bye [preauth],1.281442403793335
Received disconnect from 183.62.140.253: 11: Bye Bye [preauth],Received disconnect from <*>: <*>: Bye Bye [preauth],OpenSSH,Unseen,Received disconnect from <*>: <*>: Bye Bye [preauth],1.2970004081726074
Received disconnect from 183.62.140.253: 11: Bye Bye [preauth],Received disconnect from <*>: <*>: Bye Bye [preauth],OpenSSH,Unseen,Received disconnect from <*>: <*>: Bye Bye [preauth],1.284928798675537
Received disconnect from 183.62.140.253: 11: Bye Bye [preauth],Received disconnect from <*>: <*>: Bye Bye [preauth],OpenSSH,Unseen,Received disconnect from <*>: <*>: Bye Bye [preauth],1.2782871723175049
Received disconnect from 183.62.140.253: 11: Bye Bye [preauth],Received disconnect from <*>: <*>: Bye Bye [preauth],OpenSSH,Unseen,Received disconnect from <*>: <*>: Bye Bye [preauth],1.253645658493042
Received disconnect from 183.62.140.253: 11: Bye Bye [preauth],Received disconnect from <*>: <*>: Bye Bye [preauth],OpenSSH,Unseen,Received disconnect from <*>: <*>: Bye Bye [preauth],1.3056275844573975
Received disconnect from 183.62.140.253: 11: Bye Bye [preauth],Received disconnect from <*>: <*>: Bye Bye [preauth],OpenSSH,Unseen,Received disconnect from <*>: <*>: Bye Bye [preauth],1.2877557277679443
Received disconnect from 183.62.140.253: 11: Bye Bye [preauth],Received disconnect from <*>: <*>: Bye Bye [preauth],OpenSSH,Unseen,Received disconnect from <*>: <*>: Bye Bye [preauth],1.2811663150787354
Received disconnect from 183.62.140.253: 11: Bye Bye [preauth],Received disconnect from <*>: <*>: Bye Bye [preauth],OpenSSH,Unseen,Received disconnect from <*>: <*>: Bye Bye [preauth],1.2852509021759033
Received disconnect from 183.62.140.253: 11: Bye Bye [preauth],Received disconnect from <*>: <*>: Bye Bye [preauth],OpenSSH,Unseen,Received disconnect from <*>: <*>: Bye Bye [preauth],1.2819840908050537
Received disconnect from 183.62.140.253: 11: Bye Bye [preauth],Received disconnect from <*>: <*>: Bye Bye [preauth],OpenSSH,Unseen,Received disconnect from <*>: <*>: Bye Bye [preauth],1.2807142734527588
Received disconnect from 183.62.140.253: 11: Bye Bye [preauth],Received disconnect from <*>: <*>: Bye Bye [preauth],OpenSSH,Unseen,Received disconnect from <*>: <*>: Bye Bye [preauth],1.2998673915863037
Received disconnect from 183.62.140.253: 11: Bye Bye [preauth],Received disconnect from <*>: <*>: Bye Bye [preauth],OpenSSH,Unseen,Received disconnect from <*>: <*>: Bye Bye [preauth],1.2938196659088135
Received disconnect from 183.62.140.253: 11: Bye Bye [preauth],Received disconnect from <*>: <*>: Bye Bye [preauth],OpenSSH,Unseen,Received disconnect from <*>: <*>: Bye Bye [preauth],1.2740998268127441
Received disconnect from 183.62.140.253: 11: Bye Bye [preauth],Received disconnect from <*>: <*>: Bye Bye [preauth],OpenSSH,Unseen,Received disconnect from <*>: <*>: Bye Bye [preauth],1.2661795616149902
Received disconnect from 183.62.140.253: 11: Bye Bye [preauth],Received disconnect from <*>: <*>: Bye Bye [preauth],OpenSSH,Unseen,Received disconnect from <*>: <*>: Bye Bye [preauth],1.2879807949066162
Received disconnect from 183.62.140.253: 11: Bye Bye [preauth],Received disconnect from <*>: <*>: Bye Bye [preauth],OpenSSH,Unseen,Received disconnect from <*>: <*>: Bye Bye [preauth],1.2637662887573242
Received disconnect from 183.62.140.253: 11: Bye Bye [preauth],Received disconnect from <*>: <*>: Bye Bye [preauth],OpenSSH,Unseen,Received disconnect from <*>: <*>: Bye Bye [preauth],1.2696776390075684
Received disconnect from 183.62.140.253: 11: Bye Bye [preauth],Received disconnect from <*>: <*>: Bye Bye [preauth],OpenSSH,Unseen,Received disconnect from <*>: <*>: Bye Bye [preauth],1.2781884670257568
Received disconnect from 183.62.140.253: 11: Bye Bye [preauth],Received disconnect from <*>: <*>: Bye Bye [preauth],OpenSSH,Unseen,Received disconnect from <*>: <*>: Bye Bye [preauth],1.268221139907837
Received disconnect from 183.62.140.253: 11: Bye Bye [preauth],Received disconnect from <*>: <*>: Bye Bye [preauth],OpenSSH,Unseen,Received disconnect from <*>: <*>: Bye Bye [preauth],1.2843494415283203
Received disconnect from 183.62.140.253: 11: Bye Bye [preauth],Received disconnect from <*>: <*>: Bye Bye [preauth],OpenSSH,Unseen,Received disconnect from <*>: <*>: Bye Bye [preauth],1.3021459579467773
Received disconnect from 183.62.140.253: 11: Bye Bye [preauth],Received disconnect from <*>: <*>: Bye Bye [preauth],OpenSSH,Unseen,Received disconnect from <*>: <*>: Bye Bye [preauth],1.2726075649261475
Received disconnect from 183.62.140.253: 11: Bye Bye [preauth],Received disconnect from <*>: <*>: Bye Bye [preauth],OpenSSH,Unseen,Received disconnect from <*>: <*>: Bye Bye [preauth],1.3090689182281494
Received disconnect from 183.62.140.253: 11: Bye Bye [preauth],Received disconnect from <*>: <*>: Bye Bye [preauth],OpenSSH,Unseen,Received disconnect from <*>: <*>: Bye Bye [preauth],1.2816424369812012
Received disconnect from 183.62.140.253: 11: Bye Bye [preauth],Received disconnect from <*>: <*>: Bye Bye [preauth],OpenSSH,Unseen,Received disconnect from <*>: <*>: Bye Bye [preauth],1.3051543235778809
Received disconnect from 183.62.140.253: 11: Bye Bye [preauth],Received disconnect from <*>: <*>: Bye Bye [preauth],OpenSSH,Unseen,Received disconnect from <*>: <*>: Bye Bye [preauth],1.301243543624878
Connection closed by 88.147.143.242 [preauth],Connection closed by <*> [preauth],OpenSSH,Unseen,Connection closed by <*> [preauth],0.685175895690918
Received disconnect from 183.62.140.253: 11: Bye Bye [preauth],Received disconnect from <*>: <*>: Bye Bye [preauth],OpenSSH,Unseen,Received disconnect from <*>: <*>: Bye Bye [preauth],1.2753798961639404
Received disconnect from 183.62.140.253: 11: Bye Bye [preauth],Received disconnect from <*>: <*>: Bye Bye [preauth],OpenSSH,Unseen,Received disconnect from <*>: <*>: Bye Bye [preauth],1.2727491855621338
Received disconnect from 183.62.140.253: 11: Bye Bye [preauth],Received disconnect from <*>: <*>: Bye Bye [preauth],OpenSSH,Unseen,Received disconnect from <*>: <*>: Bye Bye [preauth],1.2776834964752197
Received disconnect from 183.62.140.253: 11: Bye Bye [preauth],Received disconnect from <*>: <*>: Bye Bye [preauth],OpenSSH,Unseen,Received disconnect from <*>: <*>: Bye Bye [preauth],1.2646656036376953
Received disconnect from 183.62.140.253: 11: Bye Bye [preauth],Received disconnect from <*>: <*>: Bye Bye [preauth],OpenSSH,Unseen,Received disconnect from <*>: <*>: Bye Bye [preauth],1.2878398895263672
Received disconnect from 183.62.140.253: 11: Bye Bye [preauth],Received disconnect from <*>: <*>: Bye Bye [preauth],OpenSSH,Unseen,Received disconnect from <*>: <*>: Bye Bye [preauth],1.269709587097168
Received disconnect from 183.62.140.253: 11: Bye Bye [preauth],Received disconnect from <*>: <*>: Bye Bye [preauth],OpenSSH,Unseen,Received disconnect from <*>: <*>: Bye Bye [preauth],1.2876067161560059
Received disconnect from 183.62.140.253: 11: Bye Bye [preauth],Received disconnect from <*>: <*>: Bye Bye [preauth],OpenSSH,Unseen,Received disconnect from <*>: <*>: Bye Bye [preauth],1.2719154357910156
Received disconnect from 183.62.140.253: 11: Bye Bye [preauth],Received disconnect from <*>: <*>: Bye Bye [preauth],OpenSSH,Unseen,Received disconnect from <*>: <*>: Bye Bye [preauth],1.2912986278533936
Received disconnect from 183.62.140.253: 11: Bye Bye [preauth],Received disconnect from <*>: <*>: Bye Bye [preauth],OpenSSH,Unseen,Received disconnect from <*>: <*>: Bye Bye [preauth],1.302032232284546
Received disconnect from 183.62.140.253: 11: Bye Bye [preauth],Received disconnect from <*>: <*>: Bye Bye [preauth],OpenSSH,Unseen,Received disconnect from <*>: <*>: Bye Bye [preauth],1.303177833557129
Received disconnect from 183.62.140.253: 11: Bye Bye [preauth],Received disconnect from <*>: <*>: Bye Bye [preauth],OpenSSH,Unseen,Received disconnect from <*>: <*>: Bye Bye [preauth],1.2977550029754639
Received disconnect from 183.62.140.253: 11: Bye Bye [preauth],Received disconnect from <*>: <*>: Bye Bye [preauth],OpenSSH,Unseen,Received disconnect from <*>: <*>: Bye Bye [preauth],1.260582685470581
Received disconnect from 183.62.140.253: 11: Bye Bye [preauth],Received disconnect from <*>: <*>: Bye Bye [preauth],OpenSSH,Unseen,Received disconnect from <*>: <*>: Bye Bye [preauth],1.3133928775787354
Received disconnect from 183.62.140.253: 11: Bye Bye [preauth],Received disconnect from <*>: <*>: Bye Bye [preauth],OpenSSH,Unseen,Received disconnect from <*>: <*>: Bye Bye [preauth],1.268603801727295
Received disconnect from 183.62.140.253: 11: Bye Bye [preauth],Received disconnect from <*>: <*>: Bye Bye [preauth],OpenSSH,Unseen,Received disconnect from <*>: <*>: Bye Bye [preauth],1.2938127517700195
Received disconnect from 183.62.140.253: 11: Bye Bye [preauth],Received disconnect from <*>: <*>: Bye Bye [preauth],OpenSSH,Unseen,Received disconnect from <*>: <*>: Bye Bye [preauth],1.2827613353729248
Received disconnect from 183.62.140.253: 11: Bye Bye [preauth],Received disconnect from <*>: <*>: Bye Bye [preauth],OpenSSH,Unseen,Received disconnect from <*>: <*>: Bye Bye [preauth],1.2699975967407227
Received disconnect from 183.62.140.253: 11: Bye Bye [preauth],Received disconnect from <*>: <*>: Bye Bye [preauth],OpenSSH,Unseen,Received disconnect from <*>: <*>: Bye Bye [preauth],1.272597312927246
Received disconnect from 183.62.140.253: 11: Bye Bye [preauth],Received disconnect from <*>: <*>: Bye Bye [preauth],OpenSSH,Unseen,Received disconnect from <*>: <*>: Bye Bye [preauth],1.285201072692871
Received disconnect from 183.62.140.253: 11: Bye Bye [preauth],Received disconnect from <*>: <*>: Bye Bye [preauth],OpenSSH,Unseen,Received disconnect from <*>: <*>: Bye Bye [preauth],1.2866802215576172
Received disconnect from 183.62.140.253: 11: Bye Bye [preauth],Received disconnect from <*>: <*>: Bye Bye [preauth],OpenSSH,Unseen,Received disconnect from <*>: <*>: Bye Bye [preauth],1.277745008468628
Received disconnect from 183.62.140.253: 11: Bye Bye [preauth],Received disconnect from <*>: <*>: Bye Bye [preauth],OpenSSH,Unseen,Received disconnect from <*>: <*>: Bye Bye [preauth],1.275308609008789
Received disconnect from 183.62.140.253: 11: Bye Bye [preauth],Received disconnect from <*>: <*>: Bye Bye [preauth],OpenSSH,Unseen,Received disconnect from <*>: <*>: Bye Bye [preauth],1.253861427307129
Received disconnect from 183.62.140.253: 11: Bye Bye [preauth],Received disconnect from <*>: <*>: Bye Bye [preauth],OpenSSH,Unseen,Received disconnect from <*>: <*>: Bye Bye [preauth],1.2798130512237549
Received disconnect from 183.62.140.253: 11: Bye Bye [preauth],Received disconnect from <*>: <*>: Bye Bye [preauth],OpenSSH,Unseen,Received disconnect from <*>: <*>: Bye Bye [preauth],1.27864408493042
Received disconnect from 183.62.140.253: 11: Bye Bye [preauth],Received disconnect from <*>: <*>: Bye Bye [preauth],OpenSSH,Unseen,Received disconnect from <*>: <*>: Bye Bye [preauth],1.2588121891021729
Received disconnect from 183.62.140.253: 11: Bye Bye [preauth],Received disconnect from <*>: <*>: Bye Bye [preauth],OpenSSH,Unseen,Received disconnect from <*>: <*>: Bye Bye [preauth],1.2755038738250732
Received disconnect from 183.62.140.253: 11: Bye Bye [preauth],Received disconnect from <*>: <*>: Bye Bye [preauth],OpenSSH,Unseen,Received disconnect from <*>: <*>: Bye Bye [preauth],1.2945621013641357
Received disconnect from 183.62.140.253: 11: Bye Bye [preauth],Received disconnect from <*>: <*>: Bye Bye [preauth],OpenSSH,Unseen,Received disconnect from <*>: <*>: Bye Bye [preauth],1.2974987030029297
Received disconnect from 183.62.140.253: 11: Bye Bye [preauth],Received disconnect from <*>: <*>: Bye Bye [preauth],OpenSSH,Unseen,Received disconnect from <*>: <*>: Bye Bye [preauth],1.266772985458374
Received disconnect from 183.62.140.253: 11: Bye Bye [preauth],Received disconnect from <*>: <*>: Bye Bye [preauth],OpenSSH,Unseen,Received disconnect from <*>: <*>: Bye Bye [preauth],1.2807011604309082
Received disconnect from 183.62.140.253: 11: Bye Bye [preauth],Received disconnect from <*>: <*>: Bye Bye [preauth],OpenSSH,Unseen,Received disconnect from <*>: <*>: Bye Bye [preauth],1.264312744140625
Received disconnect from 183.62.140.253: 11: Bye Bye [preauth],Received disconnect from <*>: <*>: Bye Bye [preauth],OpenSSH,Unseen,Received disconnect from <*>: <*>: Bye Bye [preauth],1.279608964920044
Received disconnect from 183.62.140.253: 11: Bye Bye [preauth],Received disconnect from <*>: <*>: Bye Bye [preauth],OpenSSH,Unseen,Received disconnect from <*>: <*>: Bye Bye [preauth],1.287618637084961
Received disconnect from 183.62.140.253: 11: Bye Bye [preauth],Received disconnect from <*>: <*>: Bye Bye [preauth],OpenSSH,Unseen,Received disconnect from <*>: <*>: Bye Bye [preauth],1.26334810256958
Received disconnect from 183.62.140.253: 11: Bye Bye [preauth],Received disconnect from <*>: <*>: Bye Bye [preauth],OpenSSH,Unseen,Received disconnect from <*>: <*>: Bye Bye [preauth],1.2759075164794922
Received disconnect from 183.62.140.253: 11: Bye Bye [preauth],Received disconnect from <*>: <*>: Bye Bye [preauth],OpenSSH,Unseen,Received disconnect from <*>: <*>: Bye Bye [preauth],1.2884068489074707
Received disconnect from 183.62.140.253: 11: Bye Bye [preauth],Received disconnect from <*>: <*>: Bye Bye [preauth],OpenSSH,Unseen,Received disconnect from <*>: <*>: Bye Bye [preauth],1.2703032493591309
Received disconnect from 183.62.140.253: 11: Bye Bye [preauth],Received disconnect from <*>: <*>: Bye Bye [preauth],OpenSSH,Unseen,Received disconnect from <*>: <*>: Bye Bye [preauth],1.274742841720581
Received disconnect from 183.62.140.253: 11: Bye Bye [preauth],Received disconnect from <*>: <*>: Bye Bye [preauth],OpenSSH,Unseen,Received disconnect from <*>: <*>: Bye Bye [preauth],1.275730848312378
Received disconnect from 183.62.140.253: 11: Bye Bye [preauth],Received disconnect from <*>: <*>: Bye Bye [preauth],OpenSSH,Unseen,Received disconnect from <*>: <*>: Bye Bye [preauth],1.2759039402008057
Received disconnect from 183.62.140.253: 11: Bye Bye [preauth],Received disconnect from <*>: <*>: Bye Bye [preauth],OpenSSH,Unseen,Received disconnect from <*>: <*>: Bye Bye [preauth],1.271794080734253
Received disconnect from 183.62.140.253: 11: Bye Bye [preauth],Received disconnect from <*>: <*>: Bye Bye [preauth],OpenSSH,Unseen,Received disconnect from <*>: <*>: Bye Bye [preauth],1.2928571701049805
Received disconnect from 183.62.140.253: 11: Bye Bye [preauth],Received disconnect from <*>: <*>: Bye Bye [preauth],OpenSSH,Unseen,Received disconnect from <*>: <*>: Bye Bye [preauth],1.2696006298065186
Received disconnect from 183.62.140.253: 11: Bye Bye [preauth],Received disconnect from <*>: <*>: Bye Bye [preauth],OpenSSH,Unseen,Received disconnect from <*>: <*>: Bye Bye [preauth],1.2499215602874756
Received disconnect from 183.62.140.253: 11: Bye Bye [preauth],Received disconnect from <*>: <*>: Bye Bye [preauth],OpenSSH,Unseen,Received disconnect from <*>: <*>: Bye Bye [preauth],1.2946844100952148
Received disconnect from 183.62.140.253: 11: Bye Bye [preauth],Received disconnect from <*>: <*>: Bye Bye [preauth],OpenSSH,Unseen,Received disconnect from <*>: <*>: Bye Bye [preauth],1.2759509086608887
Received disconnect from 183.62.140.253: 11: Bye Bye [preauth],Received disconnect from <*>: <*>: Bye Bye [preauth],OpenSSH,Unseen,Received disconnect from <*>: <*>: Bye Bye [preauth],1.273632526397705
Received disconnect from 183.62.140.253: 11: Bye Bye [preauth],Received disconnect from <*>: <*>: Bye Bye [preauth],OpenSSH,Unseen,Received disconnect from <*>: <*>: Bye Bye [preauth],1.2714686393737793
Received disconnect from 183.62.140.253: 11: Bye Bye [preauth],Received disconnect from <*>: <*>: Bye Bye [preauth],OpenSSH,Unseen,Received disconnect from <*>: <*>: Bye Bye [preauth],1.2794733047485352
Received disconnect from 183.62.140.253: 11: Bye Bye [preauth],Received disconnect from <*>: <*>: Bye Bye [preauth],OpenSSH,Unseen,Received disconnect from <*>: <*>: Bye Bye [preauth],1.2773139476776123
Received disconnect from 183.62.140.253: 11: Bye Bye [preauth],Received disconnect from <*>: <*>: Bye Bye [preauth],OpenSSH,Unseen,Received disconnect from <*>: <*>: Bye Bye [preauth],1.2882897853851318
Received disconnect from 183.62.140.253: 11: Bye Bye [preauth],Received disconnect from <*>: <*>: Bye Bye [preauth],OpenSSH,Unseen,Received disconnect from <*>: <*>: Bye Bye [preauth],1.2686326503753662
Received disconnect from 183.62.140.253: 11: Bye Bye [preauth],Received disconnect from <*>: <*>: Bye Bye [preauth],OpenSSH,Unseen,Received disconnect from <*>: <*>: Bye Bye [preauth],1.2675325870513916
Received disconnect from 183.62.140.253: 11: Bye Bye [preauth],Received disconnect from <*>: <*>: Bye Bye [preauth],OpenSSH,Unseen,Received disconnect from <*>: <*>: Bye Bye [preauth],1.2950921058654785
Received disconnect from 183.62.140.253: 11: Bye Bye [preauth],Received disconnect from <*>: <*>: Bye Bye [preauth],OpenSSH,Unseen,Received disconnect from <*>: <*>: Bye Bye [preauth],1.270355224609375
Received disconnect from 183.62.140.253: 11: Bye Bye [preauth],Received disconnect from <*>: <*>: Bye Bye [preauth],OpenSSH,Unseen,Received disconnect from <*>: <*>: Bye Bye [preauth],1.2857470512390137
Received disconnect from 183.62.140.253: 11: Bye Bye [preauth],Received disconnect from <*>: <*>: Bye Bye [preauth],OpenSSH,Unseen,Received disconnect from <*>: <*>: Bye Bye [preauth],1.2707250118255615
Received disconnect from 183.62.140.253: 11: Bye Bye [preauth],Received disconnect from <*>: <*>: Bye Bye [preauth],OpenSSH,Unseen,Received disconnect from <*>: <*>: Bye Bye [preauth],1.268092393875122
Received disconnect from 183.62.140.253: 11: Bye Bye [preauth],Received disconnect from <*>: <*>: Bye Bye [preauth],OpenSSH,Unseen,Received disconnect from <*>: <*>: Bye Bye [preauth],1.2837672233581543
Received disconnect from 183.62.140.253: 11: Bye Bye [preauth],Received disconnect from <*>: <*>: Bye Bye [preauth],OpenSSH,Unseen,Received disconnect from <*>: <*>: Bye Bye [preauth],1.287022590637207
Received disconnect from 183.62.140.253: 11: Bye Bye [preauth],Received disconnect from <*>: <*>: Bye Bye [preauth],OpenSSH,Unseen,Received disconnect from <*>: <*>: Bye Bye [preauth],1.2656006813049316
Received disconnect from 183.62.140.253: 11: Bye Bye [preauth],Received disconnect from <*>: <*>: Bye Bye [preauth],OpenSSH,Unseen,Received disconnect from <*>: <*>: Bye Bye [preauth],1.3002734184265137
Received disconnect from 183.62.140.253: 11: Bye Bye [preauth],Received disconnect from <*>: <*>: Bye Bye [preauth],OpenSSH,Unseen,Received disconnect from <*>: <*>: Bye Bye [preauth],1.3003182411193848
Received disconnect from 183.62.140.253: 11: Bye Bye [preauth],Received disconnect from <*>: <*>: Bye Bye [preauth],OpenSSH,Unseen,Received disconnect from <*>: <*>: Bye Bye [preauth],1.2860972881317139
Received disconnect from 183.62.140.253: 11: Bye Bye [preauth],Received disconnect from <*>: <*>: Bye Bye [preauth],OpenSSH,Unseen,Received disconnect from <*>: <*>: Bye Bye [preauth],1.2775647640228271
Received disconnect from 183.62.140.253: 11: Bye Bye [preauth],Received disconnect from <*>: <*>: Bye Bye [preauth],OpenSSH,Unseen,Received disconnect from <*>: <*>: Bye Bye [preauth],1.2674179077148438
Received disconnect from 183.62.140.253: 11: Bye Bye [preauth],Received disconnect from <*>: <*>: Bye Bye [preauth],OpenSSH,Unseen,Received disconnect from <*>: <*>: Bye Bye [preauth],1.268752098083496
Received disconnect from 183.62.140.253: 11: Bye Bye [preauth],Received disconnect from <*>: <*>: Bye Bye [preauth],OpenSSH,Unseen,Received disconnect from <*>: <*>: Bye Bye [preauth],1.264354944229126
Received disconnect from 183.62.140.253: 11: Bye Bye [preauth],Received disconnect from <*>: <*>: Bye Bye [preauth],OpenSSH,Unseen,Received disconnect from <*>: <*>: Bye Bye [preauth],1.2776787281036377
Received disconnect from 183.62.140.253: 11: Bye Bye [preauth],Received disconnect from <*>: <*>: Bye Bye [preauth],OpenSSH,Unseen,Received disconnect from <*>: <*>: Bye Bye [preauth],1.2822895050048828
Received disconnect from 183.62.140.253: 11: Bye Bye [preauth],Received disconnect from <*>: <*>: Bye Bye [preauth],OpenSSH,Unseen,Received disconnect from <*>: <*>: Bye Bye [preauth],1.3076395988464355
Received disconnect from 183.62.140.253: 11: Bye Bye [preauth],Received disconnect from <*>: <*>: Bye Bye [preauth],OpenSSH,Unseen,Received disconnect from <*>: <*>: Bye Bye [preauth],1.3105478286743164
Received disconnect from 183.62.140.253: 11: Bye Bye [preauth],Received disconnect from <*>: <*>: Bye Bye [preauth],OpenSSH,Unseen,Received disconnect from <*>: <*>: Bye Bye [preauth],1.2839248180389404
Received disconnect from 183.62.140.253: 11: Bye Bye [preauth],Received disconnect from <*>: <*>: Bye Bye [preauth],OpenSSH,Unseen,Received disconnect from <*>: <*>: Bye Bye [preauth],1.294809103012085
Received disconnect from 183.62.140.253: 11: Bye Bye [preauth],Received disconnect from <*>: <*>: Bye Bye [preauth],OpenSSH,Unseen,Received disconnect from <*>: <*>: Bye Bye [preauth],1.2905058860778809
Received disconnect from 183.62.140.253: 11: Bye Bye [preauth],Received disconnect from <*>: <*>: Bye Bye [preauth],OpenSSH,Unseen,Received disconnect from <*>: <*>: Bye Bye [preauth],1.290191650390625
Received disconnect from 183.62.140.253: 11: Bye Bye [preauth],Received disconnect from <*>: <*>: Bye Bye [preauth],OpenSSH,Unseen,Received disconnect from <*>: <*>: Bye Bye [preauth],1.280813217163086
Received disconnect from 183.62.140.253: 11: Bye Bye [preauth],Received disconnect from <*>: <*>: Bye Bye [preauth],OpenSSH,Unseen,Received disconnect from <*>: <*>: Bye Bye [preauth],1.2763323783874512
Received disconnect from 183.62.140.253: 11: Bye Bye [preauth],Received disconnect from <*>: <*>: Bye Bye [preauth],OpenSSH,Unseen,Received disconnect from <*>: <*>: Bye Bye [preauth],1.2812731266021729
Received disconnect from 183.62.140.253: 11: Bye Bye [preauth],Received disconnect from <*>: <*>: Bye Bye [preauth],OpenSSH,Unseen,Received disconnect from <*>: <*>: Bye Bye [preauth],1.2857670783996582
Received disconnect from 183.62.140.253: 11: Bye Bye [preauth],Received disconnect from <*>: <*>: Bye Bye [preauth],OpenSSH,Unseen,Received disconnect from <*>: <*>: Bye Bye [preauth],1.2750303745269775
Received disconnect from 183.62.140.253: 11: Bye Bye [preauth],Received disconnect from <*>: <*>: Bye Bye [preauth],OpenSSH,Unseen,Received disconnect from <*>: <*>: Bye Bye [preauth],1.2826228141784668
Received disconnect from 183.62.140.253: 11: Bye Bye [preauth],Received disconnect from <*>: <*>: Bye Bye [preauth],OpenSSH,Unseen,Received disconnect from <*>: <*>: Bye Bye [preauth],1.2772634029388428
Received disconnect from 183.62.140.253: 11: Bye Bye [preauth],Received disconnect from <*>: <*>: Bye Bye [preauth],OpenSSH,Unseen,Received disconnect from <*>: <*>: Bye Bye [preauth],1.2831058502197266
Received disconnect from 183.62.140.253: 11: Bye Bye [preauth],Received disconnect from <*>: <*>: Bye Bye [preauth],OpenSSH,Unseen,Received disconnect from <*>: <*>: Bye Bye [preauth],1.2729809284210205
Received disconnect from 183.62.140.253: 11: Bye Bye [preauth],Received disconnect from <*>: <*>: Bye Bye [preauth],OpenSSH,Unseen,Received disconnect from <*>: <*>: Bye Bye [preauth],1.2826850414276123
Received disconnect from 183.62.140.253: 11: Bye Bye [preauth],Received disconnect from <*>: <*>: Bye Bye [preauth],OpenSSH,Unseen,Received disconnect from <*>: <*>: Bye Bye [preauth],1.2627506256103516
Received disconnect from 183.62.140.253: 11: Bye Bye [preauth],Received disconnect from <*>: <*>: Bye Bye [preauth],OpenSSH,Unseen,Received disconnect from <*>: <*>: Bye Bye [preauth],1.2884314060211182
Received disconnect from 183.62.140.253: 11: Bye Bye [preauth],Received disconnect from <*>: <*>: Bye Bye [preauth],OpenSSH,Unseen,Received disconnect from <*>: <*>: Bye Bye [preauth],1.2918705940246582
Received disconnect from 183.62.140.253: 11: Bye Bye [preauth],Received disconnect from <*>: <*>: Bye Bye [preauth],OpenSSH,Unseen,Received disconnect from <*>: <*>: Bye Bye [preauth],1.283515214920044
Received disconnect from 183.62.140.253: 11: Bye Bye [preauth],Received disconnect from <*>: <*>: Bye Bye [preauth],OpenSSH,Unseen,Received disconnect from <*>: <*>: Bye Bye [preauth],1.2954447269439697
Received disconnect from 183.62.140.253: 11: Bye Bye [preauth],Received disconnect from <*>: <*>: Bye Bye [preauth],OpenSSH,Unseen,Received disconnect from <*>: <*>: Bye Bye [preauth],1.25905442237854
Received disconnect from 183.62.140.253: 11: Bye Bye [preauth],Received disconnect from <*>: <*>: Bye Bye [preauth],OpenSSH,Unseen,Received disconnect from <*>: <*>: Bye Bye [preauth],1.2627372741699219
Received disconnect from 183.62.140.253: 11: Bye Bye [preauth],Received disconnect from <*>: <*>: Bye Bye [preauth],OpenSSH,Unseen,Received disconnect from <*>: <*>: Bye Bye [preauth],1.279409408569336
Received disconnect from 183.62.140.253: 11: Bye Bye [preauth],Received disconnect from <*>: <*>: Bye Bye [preauth],OpenSSH,Unseen,Received disconnect from <*>: <*>: Bye Bye [preauth],1.2999210357666016
Received disconnect from 183.62.140.253: 11: Bye Bye [preauth],Received disconnect from <*>: <*>: Bye Bye [preauth],OpenSSH,Unseen,Received disconnect from <*>: <*>: Bye Bye [preauth],1.2675349712371826
