Content,EventTemplate,Dataset,Category,Unseen_Mistral_FT_Thunderbird_1,Inference_time_1
session opened for user root by (uid=0),session opened for user <*> by (uid=<*>),Thunderbird,Unseen,session opened for user <*> by (uid=<*>),0.9837334156036377
session opened for user root by (uid=0),session opened for user <*> by (uid=<*>),Thunderbird,Unseen,session opened for user <*> by (uid=<*>),0.9797041416168213
session opened for user root by (uid=0),session opened for user <*> by (uid=<*>),Thunderbird,Unseen,session opened for user <*> by (uid=<*>),0.9808995723724365
session opened for user root by (uid=0),session opened for user <*> by (uid=<*>),Thunderbird,Unseen,session opened for user <*> by (uid=<*>),0.9946942329406738
session opened for user root by (uid=0),session opened for user <*> by (uid=<*>),Thunderbird,Unseen,session opened for user <*> by (uid=<*>),0.9925312995910645
session opened for user root by (uid=0),session opened for user <*> by (uid=<*>),Thunderbird,Unseen,session opened for user <*> by (uid=<*>),0.9817619323730469
session opened for user root by (uid=0),session opened for user <*> by (uid=<*>),Thunderbird,Unseen,session opened for user <*> by (uid=<*>),0.9885334968566895
session opened for user root by (uid=0),session opened for user <*> by (uid=<*>),Thunderbird,Unseen,session opened for user <*> by (uid=<*>),0.9922876358032227
session opened for user root by (uid=0),session opened for user <*> by (uid=<*>),Thunderbird,Unseen,session opened for user <*> by (uid=<*>),0.9826457500457764
session opened for user root by (uid=0),session opened for user <*> by (uid=<*>),Thunderbird,Unseen,session opened for user <*> by (uid=<*>),0.9743287563323975
session opened for user root by (uid=0),session opened for user <*> by (uid=<*>),Thunderbird,Unseen,session opened for user <*> by (uid=<*>),0.9842555522918701
session opened for user root by (uid=0),session opened for user <*> by (uid=<*>),Thunderbird,Unseen,session opened for user <*> by (uid=<*>),0.9756805896759033
session opened for user root by (uid=0),session opened for user <*> by (uid=<*>),Thunderbird,Unseen,session opened for user <*> by (uid=<*>),0.9882597923278809
session opened for user root by (uid=0),session opened for user <*> by (uid=<*>),Thunderbird,Unseen,session opened for user <*> by (uid=<*>),0.9607012271881104
"synchronized to 10.100.20.250, stratum 3","synchronized to <*>, stratum <*>",Thunderbird,Unseen,"synchronized to <*>, stratum <*>",0.835012674331665
"synchronized to 10.100.28.250, stratum 3","synchronized to <*>, stratum <*>",Thunderbird,Unseen,"synchronized to <*>, stratum <*>",0.867476224899292
"synchronized to 10.100.24.250, stratum 3","synchronized to <*>, stratum <*>",Thunderbird,Unseen,"synchronized to <*>, stratum <*>",0.8408546447753906
"synchronized to 10.100.16.250, stratum 3","synchronized to <*>, stratum <*>",Thunderbird,Unseen,"synchronized to <*>, stratum <*>",0.8533501625061035
"synchronized to 10.100.18.250, stratum 3","synchronized to <*>, stratum <*>",Thunderbird,Unseen,"synchronized to <*>, stratum <*>",0.8478682041168213
"synchronized to 10.100.20.250, stratum 3","synchronized to <*>, stratum <*>",Thunderbird,Unseen,"synchronized to <*>, stratum <*>",0.8469533920288086
"synchronized to 10.100.26.250, stratum 3","synchronized to <*>, stratum <*>",Thunderbird,Unseen,"synchronized to <*>, stratum <*>",0.8501780033111572
"synchronized to 10.100.18.250, stratum 3","synchronized to <*>, stratum <*>",Thunderbird,Unseen,"synchronized to <*>, stratum <*>",0.8456180095672607
"synchronized to 10.100.20.250, stratum 3","synchronized to <*>, stratum <*>",Thunderbird,Unseen,"synchronized to <*>, stratum <*>",0.8364489078521729
"synchronized to 10.100.22.250, stratum 3","synchronized to <*>, stratum <*>",Thunderbird,Unseen,"synchronized to <*>, stratum <*>",0.8444404602050781
"synchronized to 10.100.18.250, stratum 3","synchronized to <*>, stratum <*>",Thunderbird,Unseen,"synchronized to <*>, stratum <*>",0.8499534130096436
"synchronized to 10.100.22.250, stratum 3","synchronized to <*>, stratum <*>",Thunderbird,Unseen,"synchronized to <*>, stratum <*>",0.8449721336364746
"synchronized to 10.100.28.250, stratum 3","synchronized to <*>, stratum <*>",Thunderbird,Unseen,"synchronized to <*>, stratum <*>",0.8426666259765625
"synchronized to 10.100.20.250, stratum 3","synchronized to <*>, stratum <*>",Thunderbird,Unseen,"synchronized to <*>, stratum <*>",0.8522648811340332
"synchronized to 10.100.24.250, stratum 3","synchronized to <*>, stratum <*>",Thunderbird,Unseen,"synchronized to <*>, stratum <*>",0.8365199565887451
"synchronized to 10.100.20.250, stratum 3","synchronized to <*>, stratum <*>",Thunderbird,Unseen,"synchronized to <*>, stratum <*>",0.8549444675445557
"synchronized to 10.100.26.250, stratum 3","synchronized to <*>, stratum <*>",Thunderbird,Unseen,"synchronized to <*>, stratum <*>",0.8471693992614746
"synchronized to 10.100.26.250, stratum 3","synchronized to <*>, stratum <*>",Thunderbird,Unseen,"synchronized to <*>, stratum <*>",0.8545708656311035
"synchronized to 10.100.16.250, stratum 3","synchronized to <*>, stratum <*>",Thunderbird,Unseen,"synchronized to <*>, stratum <*>",0.8530223369598389
"synchronized to 10.100.22.250, stratum 3","synchronized to <*>, stratum <*>",Thunderbird,Unseen,"synchronized to <*>, stratum <*>",0.8499224185943604
"synchronized to 10.100.20.250, stratum 3","synchronized to <*>, stratum <*>",Thunderbird,Unseen,"synchronized to <*>, stratum <*>",0.862384557723999
"synchronized to 10.100.20.250, stratum 3","synchronized to <*>, stratum <*>",Thunderbird,Unseen,"synchronized to <*>, stratum <*>",0.8423864841461182
"synchronized to 10.100.20.250, stratum 3","synchronized to <*>, stratum <*>",Thunderbird,Unseen,"synchronized to <*>, stratum <*>",0.8508079051971436
DHCPDISCOVER from 00:11:43:e3:ba:c3 via eth1,DHCPDISCOVER from <*> via eth1,Thunderbird,Unseen,DHCPDISCOVER from <*> via eth1,0.9025397300720215
"synchronized to 10.100.18.250, stratum 3","synchronized to <*>, stratum <*>",Thunderbird,Unseen,"synchronized to <*>, stratum <*>",0.834209680557251
"synchronized to 10.100.30.250, stratum 3","synchronized to <*>, stratum <*>",Thunderbird,Unseen,"synchronized to <*>, stratum <*>",0.8402035236358643
"synchronized to 10.100.20.250, stratum 3","synchronized to <*>, stratum <*>",Thunderbird,Unseen,"synchronized to <*>, stratum <*>",0.8400242328643799
"synchronized to 10.100.30.250, stratum 3","synchronized to <*>, stratum <*>",Thunderbird,Unseen,"synchronized to <*>, stratum <*>",0.8430914878845215
"synchronized to 10.100.20.250, stratum 3","synchronized to <*>, stratum <*>",Thunderbird,Unseen,"synchronized to <*>, stratum <*>",0.8505237102508545
"synchronized to 10.100.20.250, stratum 3","synchronized to <*>, stratum <*>",Thunderbird,Unseen,"synchronized to <*>, stratum <*>",0.8319005966186523
"synchronized to 10.100.18.250, stratum 3","synchronized to <*>, stratum <*>",Thunderbird,Unseen,"synchronized to <*>, stratum <*>",0.8293166160583496
"synchronized to 10.100.18.250, stratum 3","synchronized to <*>, stratum <*>",Thunderbird,Unseen,"synchronized to <*>, stratum <*>",0.8434076309204102
"synchronized to 10.100.22.250, stratum 3","synchronized to <*>, stratum <*>",Thunderbird,Unseen,"synchronized to <*>, stratum <*>",0.8592579364776611
"synchronized to 10.100.16.250, stratum 3","synchronized to <*>, stratum <*>",Thunderbird,Unseen,"synchronized to <*>, stratum <*>",0.8549273014068604
"synchronized to 10.100.22.250, stratum 3","synchronized to <*>, stratum <*>",Thunderbird,Unseen,"synchronized to <*>, stratum <*>",0.8351397514343262
"synchronized to 10.100.18.250, stratum 3","synchronized to <*>, stratum <*>",Thunderbird,Unseen,"synchronized to <*>, stratum <*>",0.8532989025115967
"synchronized to 10.100.28.250, stratum 3","synchronized to <*>, stratum <*>",Thunderbird,Unseen,"synchronized to <*>, stratum <*>",0.8519184589385986
"synchronized to 10.100.16.250, stratum 3","synchronized to <*>, stratum <*>",Thunderbird,Unseen,"synchronized to <*>, stratum <*>",0.8426125049591064
"synchronized to 10.100.22.250, stratum 3","synchronized to <*>, stratum <*>",Thunderbird,Unseen,"synchronized to <*>, stratum <*>",0.8482613563537598
"synchronized to 10.100.22.250, stratum 3","synchronized to <*>, stratum <*>",Thunderbird,Unseen,"synchronized to <*>, stratum <*>",0.8455023765563965
"synchronized to 10.100.24.250, stratum 3","synchronized to <*>, stratum <*>",Thunderbird,Unseen,"synchronized to <*>, stratum <*>",0.8473429679870605
DHCPDISCOVER from 00:11:43:e3:ba:c3 via eth1,DHCPDISCOVER from <*> via eth1,Thunderbird,Unseen,DHCPDISCOVER from <*> via eth1,0.8987517356872559
DHCPDISCOVER from 00:11:43:e3:ba:c3 via eth1,DHCPDISCOVER from <*> via eth1,Thunderbird,Unseen,DHCPDISCOVER from <*> via eth1,0.8833754062652588
"synchronized to 10.100.20.250, stratum 3","synchronized to <*>, stratum <*>",Thunderbird,Unseen,"synchronized to <*>, stratum <*>",0.8340342044830322
DHCPDISCOVER from 00:11:43:e3:ba:c3 via eth1,DHCPDISCOVER from <*> via eth1,Thunderbird,Unseen,DHCPDISCOVER from <*> via eth1,0.8969314098358154
DHCPDISCOVER from 00:11:43:e3:ba:c3 via eth1,DHCPDISCOVER from <*> via eth1,Thunderbird,Unseen,DHCPDISCOVER from <*> via eth1,0.926485538482666
"synchronized to 10.100.20.250, stratum 3","synchronized to <*>, stratum <*>",Thunderbird,Unseen,"synchronized to <*>, stratum <*>",0.872708797454834
"synchronized to 10.100.30.250, stratum 3","synchronized to <*>, stratum <*>",Thunderbird,Unseen,"synchronized to <*>, stratum <*>",0.868762731552124
"synchronized to 10.100.18.250, stratum 3","synchronized to <*>, stratum <*>",Thunderbird,Unseen,"synchronized to <*>, stratum <*>",0.837221622467041
"synchronized to 10.100.20.250, stratum 3","synchronized to <*>, stratum <*>",Thunderbird,Unseen,"synchronized to <*>, stratum <*>",0.8250889778137207
"synchronized to 10.100.22.250, stratum 3","synchronized to <*>, stratum <*>",Thunderbird,Unseen,"synchronized to <*>, stratum <*>",0.8262801170349121
"synchronized to 10.100.22.250, stratum 3","synchronized to <*>, stratum <*>",Thunderbird,Unseen,"synchronized to <*>, stratum <*>",0.8308968544006348
"synchronized to 10.100.20.250, stratum 3","synchronized to <*>, stratum <*>",Thunderbird,Unseen,"synchronized to <*>, stratum <*>",0.8687348365783691
"synchronized to 10.100.30.250, stratum 3","synchronized to <*>, stratum <*>",Thunderbird,Unseen,"synchronized to <*>, stratum <*>",0.8385870456695557
"synchronized to 10.100.20.250, stratum 3","synchronized to <*>, stratum <*>",Thunderbird,Unseen,"synchronized to <*>, stratum <*>",0.845797061920166
"synchronized to 10.100.18.250, stratum 3","synchronized to <*>, stratum <*>",Thunderbird,Unseen,"synchronized to <*>, stratum <*>",0.8408188819885254
"synchronized to 10.100.20.250, stratum 3","synchronized to <*>, stratum <*>",Thunderbird,Unseen,"synchronized to <*>, stratum <*>",0.8383996486663818
"synchronized to 10.100.20.250, stratum 3","synchronized to <*>, stratum <*>",Thunderbird,Unseen,"synchronized to <*>, stratum <*>",0.8453559875488281
"synchronized to 10.100.20.250, stratum 3","synchronized to <*>, stratum <*>",Thunderbird,Unseen,"synchronized to <*>, stratum <*>",0.8442902565002441
"synchronized to 10.100.28.250, stratum 3","synchronized to <*>, stratum <*>",Thunderbird,Unseen,"synchronized to <*>, stratum <*>",0.8406808376312256
"synchronized to 10.100.20.250, stratum 3","synchronized to <*>, stratum <*>",Thunderbird,Unseen,"synchronized to <*>, stratum <*>",0.8495147228240967
"synchronized to 10.100.20.250, stratum 3","synchronized to <*>, stratum <*>",Thunderbird,Unseen,"synchronized to <*>, stratum <*>",0.8315188884735107
"synchronized to 10.100.20.250, stratum 3","synchronized to <*>, stratum <*>",Thunderbird,Unseen,"synchronized to <*>, stratum <*>",0.8387200832366943
"synchronized to 10.100.16.250, stratum 3","synchronized to <*>, stratum <*>",Thunderbird,Unseen,"synchronized to <*>, stratum <*>",0.839543342590332
"synchronized to 10.100.20.250, stratum 3","synchronized to <*>, stratum <*>",Thunderbird,Unseen,"synchronized to <*>, stratum <*>",0.8381059169769287
"synchronized to 10.100.22.250, stratum 3","synchronized to <*>, stratum <*>",Thunderbird,Unseen,"synchronized to <*>, stratum <*>",0.8408901691436768
"synchronized to 10.100.20.250, stratum 3","synchronized to <*>, stratum <*>",Thunderbird,Unseen,"synchronized to <*>, stratum <*>",0.8234748840332031
"synchronized to 10.100.20.250, stratum 3","synchronized to <*>, stratum <*>",Thunderbird,Unseen,"synchronized to <*>, stratum <*>",0.8195297718048096
"synchronized to 10.100.22.250, stratum 3","synchronized to <*>, stratum <*>",Thunderbird,Unseen,"synchronized to <*>, stratum <*>",0.8379015922546387
"synchronized to 10.100.16.250, stratum 3","synchronized to <*>, stratum <*>",Thunderbird,Unseen,"synchronized to <*>, stratum <*>",0.8375191688537598
"synchronized to 10.100.16.250, stratum 3","synchronized to <*>, stratum <*>",Thunderbird,Unseen,"synchronized to <*>, stratum <*>",0.8338310718536377
"synchronized to 10.100.22.250, stratum 3","synchronized to <*>, stratum <*>",Thunderbird,Unseen,"synchronized to <*>, stratum <*>",0.8352665901184082
"synchronized to 10.100.20.250, stratum 3","synchronized to <*>, stratum <*>",Thunderbird,Unseen,"synchronized to <*>, stratum <*>",0.837653398513794
"synchronized to 10.100.22.250, stratum 3","synchronized to <*>, stratum <*>",Thunderbird,Unseen,"synchronized to <*>, stratum <*>",0.8393208980560303
"synchronized to 10.100.18.250, stratum 3","synchronized to <*>, stratum <*>",Thunderbird,Unseen,"synchronized to <*>, stratum <*>",0.8384723663330078
"synchronized to 10.100.20.250, stratum 3","synchronized to <*>, stratum <*>",Thunderbird,Unseen,"synchronized to <*>, stratum <*>",0.8358352184295654
"synchronized to 10.100.16.250, stratum 3","synchronized to <*>, stratum <*>",Thunderbird,Unseen,"synchronized to <*>, stratum <*>",0.8206653594970703
"synchronized to 10.100.20.250, stratum 3","synchronized to <*>, stratum <*>",Thunderbird,Unseen,"synchronized to <*>, stratum <*>",0.8267645835876465
"synchronized to 10.100.20.250, stratum 3","synchronized to <*>, stratum <*>",Thunderbird,Unseen,"synchronized to <*>, stratum <*>",0.8470234870910645
"synchronized to 10.100.20.250, stratum 3","synchronized to <*>, stratum <*>",Thunderbird,Unseen,"synchronized to <*>, stratum <*>",0.8394675254821777
"synchronized to 10.100.14.250, stratum 3","synchronized to <*>, stratum <*>",Thunderbird,Unseen,"synchronized to <*>, stratum <*>",0.8390991687774658
"synchronized to 10.100.20.250, stratum 3","synchronized to <*>, stratum <*>",Thunderbird,Unseen,"synchronized to <*>, stratum <*>",0.8391017913818359
"synchronized to 10.100.20.250, stratum 3","synchronized to <*>, stratum <*>",Thunderbird,Unseen,"synchronized to <*>, stratum <*>",0.8358142375946045
"synchronized to 10.100.22.250, stratum 3","synchronized to <*>, stratum <*>",Thunderbird,Unseen,"synchronized to <*>, stratum <*>",0.8219044208526611
"synchronized to 10.100.18.250, stratum 3","synchronized to <*>, stratum <*>",Thunderbird,Unseen,"synchronized to <*>, stratum <*>",0.819716215133667
"synchronized to 10.100.20.250, stratum 3","synchronized to <*>, stratum <*>",Thunderbird,Unseen,"synchronized to <*>, stratum <*>",0.8216748237609863
"synchronized to 10.100.18.250, stratum 3","synchronized to <*>, stratum <*>",Thunderbird,Unseen,"synchronized to <*>, stratum <*>",0.8349111080169678
"synchronized to 10.100.20.250, stratum 3","synchronized to <*>, stratum <*>",Thunderbird,Unseen,"synchronized to <*>, stratum <*>",0.8337950706481934
"synchronized to 10.100.22.250, stratum 3","synchronized to <*>, stratum <*>",Thunderbird,Unseen,"synchronized to <*>, stratum <*>",0.8247663974761963
"synchronized to 10.100.18.250, stratum 3","synchronized to <*>, stratum <*>",Thunderbird,Unseen,"synchronized to <*>, stratum <*>",0.8301742076873779
"synchronized to 10.100.22.250, stratum 3","synchronized to <*>, stratum <*>",Thunderbird,Unseen,"synchronized to <*>, stratum <*>",0.8320586681365967
"synchronized to 10.100.24.250, stratum 3","synchronized to <*>, stratum <*>",Thunderbird,Unseen,"synchronized to <*>, stratum <*>",0.8321857452392578
"synchronized to 10.100.28.250, stratum 3","synchronized to <*>, stratum <*>",Thunderbird,Unseen,"synchronized to <*>, stratum <*>",0.8263840675354004
"synchronized to 10.100.20.250, stratum 3","synchronized to <*>, stratum <*>",Thunderbird,Unseen,"synchronized to <*>, stratum <*>",0.832709550857544
"synchronized to 10.100.20.250, stratum 3","synchronized to <*>, stratum <*>",Thunderbird,Unseen,"synchronized to <*>, stratum <*>",0.830070972442627
"synchronized to 10.100.12.250, stratum 3","synchronized to <*>, stratum <*>",Thunderbird,Unseen,"synchronized to <*>, stratum <*>",0.8220622539520264
"synchronized to 10.100.22.250, stratum 3","synchronized to <*>, stratum <*>",Thunderbird,Unseen,"synchronized to <*>, stratum <*>",0.8206830024719238
"synchronized to 10.100.20.250, stratum 3","synchronized to <*>, stratum <*>",Thunderbird,Unseen,"synchronized to <*>, stratum <*>",0.8279666900634766
"synchronized to 10.100.18.250, stratum 3","synchronized to <*>, stratum <*>",Thunderbird,Unseen,"synchronized to <*>, stratum <*>",0.8297457695007324
"synchronized to 10.100.28.250, stratum 3","synchronized to <*>, stratum <*>",Thunderbird,Unseen,"synchronized to <*>, stratum <*>",0.8411526679992676
"synchronized to 10.100.18.250, stratum 3","synchronized to <*>, stratum <*>",Thunderbird,Unseen,"synchronized to <*>, stratum <*>",0.8449077606201172
"synchronized to 10.100.22.250, stratum 3","synchronized to <*>, stratum <*>",Thunderbird,Unseen,"synchronized to <*>, stratum <*>",0.840883731842041
"synchronized to 10.100.22.250, stratum 3","synchronized to <*>, stratum <*>",Thunderbird,Unseen,"synchronized to <*>, stratum <*>",0.8335738182067871
"synchronized to 10.100.14.250, stratum 3","synchronized to <*>, stratum <*>",Thunderbird,Unseen,"synchronized to <*>, stratum <*>",0.8172948360443115
"synchronized to 10.100.18.250, stratum 3","synchronized to <*>, stratum <*>",Thunderbird,Unseen,"synchronized to <*>, stratum <*>",0.8302431106567383
"synchronized to 10.100.22.250, stratum 3","synchronized to <*>, stratum <*>",Thunderbird,Unseen,"synchronized to <*>, stratum <*>",0.8345725536346436
"synchronized to 10.100.20.250, stratum 3","synchronized to <*>, stratum <*>",Thunderbird,Unseen,"synchronized to <*>, stratum <*>",0.8377518653869629
"synchronized to 10.100.18.250, stratum 3","synchronized to <*>, stratum <*>",Thunderbird,Unseen,"synchronized to <*>, stratum <*>",0.8356060981750488
"synchronized to 10.100.22.250, stratum 3","synchronized to <*>, stratum <*>",Thunderbird,Unseen,"synchronized to <*>, stratum <*>",0.8325057029724121
"synchronized to 10.100.18.250, stratum 3","synchronized to <*>, stratum <*>",Thunderbird,Unseen,"synchronized to <*>, stratum <*>",0.828467845916748
"synchronized to 10.100.18.250, stratum 3","synchronized to <*>, stratum <*>",Thunderbird,Unseen,"synchronized to <*>, stratum <*>",0.826845645904541
"synchronized to 10.100.22.250, stratum 3","synchronized to <*>, stratum <*>",Thunderbird,Unseen,"synchronized to <*>, stratum <*>",0.829582929611206
"synchronized to 10.100.30.250, stratum 3","synchronized to <*>, stratum <*>",Thunderbird,Unseen,"synchronized to <*>, stratum <*>",0.8464264869689941
"synchronized to 10.100.22.250, stratum 3","synchronized to <*>, stratum <*>",Thunderbird,Unseen,"synchronized to <*>, stratum <*>",0.8674187660217285
"synchronized to 10.100.20.250, stratum 3","synchronized to <*>, stratum <*>",Thunderbird,Unseen,"synchronized to <*>, stratum <*>",0.8306403160095215
"synchronized to 10.100.16.250, stratum 3","synchronized to <*>, stratum <*>",Thunderbird,Unseen,"synchronized to <*>, stratum <*>",0.8255977630615234
"synchronized to 10.100.18.250, stratum 3","synchronized to <*>, stratum <*>",Thunderbird,Unseen,"synchronized to <*>, stratum <*>",0.8293495178222656
"synchronized to 10.100.28.250, stratum 3","synchronized to <*>, stratum <*>",Thunderbird,Unseen,"synchronized to <*>, stratum <*>",0.8261053562164307
"synchronized to 10.100.20.250, stratum 3","synchronized to <*>, stratum <*>",Thunderbird,Unseen,"synchronized to <*>, stratum <*>",0.8304629325866699
"synchronized to 10.100.20.250, stratum 3","synchronized to <*>, stratum <*>",Thunderbird,Unseen,"synchronized to <*>, stratum <*>",0.8307609558105469
"synchronized to 10.100.16.250, stratum 3","synchronized to <*>, stratum <*>",Thunderbird,Unseen,"synchronized to <*>, stratum <*>",0.8249688148498535
"synchronized to 10.100.16.250, stratum 3","synchronized to <*>, stratum <*>",Thunderbird,Unseen,"synchronized to <*>, stratum <*>",0.821843147277832
"synchronized to 10.100.28.250, stratum 3","synchronized to <*>, stratum <*>",Thunderbird,Unseen,"synchronized to <*>, stratum <*>",0.8293178081512451
"synchronized to 10.100.22.250, stratum 3","synchronized to <*>, stratum <*>",Thunderbird,Unseen,"synchronized to <*>, stratum <*>",0.8374249935150146
"synchronized to 10.100.18.250, stratum 3","synchronized to <*>, stratum <*>",Thunderbird,Unseen,"synchronized to <*>, stratum <*>",0.8258750438690186
"synchronized to 10.100.20.250, stratum 3","synchronized to <*>, stratum <*>",Thunderbird,Unseen,"synchronized to <*>, stratum <*>",0.8292686939239502
"synchronized to 10.100.20.250, stratum 3","synchronized to <*>, stratum <*>",Thunderbird,Unseen,"synchronized to <*>, stratum <*>",0.838646411895752
"synchronized to 10.100.16.250, stratum 3","synchronized to <*>, stratum <*>",Thunderbird,Unseen,"synchronized to <*>, stratum <*>",0.8299551010131836
"synchronized to 10.100.18.250, stratum 3","synchronized to <*>, stratum <*>",Thunderbird,Unseen,"synchronized to <*>, stratum <*>",0.845508337020874
"synchronized to 10.100.20.250, stratum 3","synchronized to <*>, stratum <*>",Thunderbird,Unseen,"synchronized to <*>, stratum <*>",0.8371057510375977
"synchronized to 10.100.18.250, stratum 3","synchronized to <*>, stratum <*>",Thunderbird,Unseen,"synchronized to <*>, stratum <*>",0.8371548652648926
"synchronized to 10.100.26.250, stratum 3","synchronized to <*>, stratum <*>",Thunderbird,Unseen,"synchronized to <*>, stratum <*>",0.8383500576019287
"synchronized to 10.100.22.250, stratum 3","synchronized to <*>, stratum <*>",Thunderbird,Unseen,"synchronized to <*>, stratum <*>",0.8304986953735352
"synchronized to 10.100.22.250, stratum 3","synchronized to <*>, stratum <*>",Thunderbird,Unseen,"synchronized to <*>, stratum <*>",0.8299095630645752
"synchronized to 10.100.20.250, stratum 3","synchronized to <*>, stratum <*>",Thunderbird,Unseen,"synchronized to <*>, stratum <*>",0.8237361907958984
"synchronized to 10.100.18.250, stratum 3","synchronized to <*>, stratum <*>",Thunderbird,Unseen,"synchronized to <*>, stratum <*>",0.8288726806640625
"synchronized to 10.100.22.250, stratum 3","synchronized to <*>, stratum <*>",Thunderbird,Unseen,"synchronized to <*>, stratum <*>",0.8281009197235107
"synchronized to 10.100.18.250, stratum 3","synchronized to <*>, stratum <*>",Thunderbird,Unseen,"synchronized to <*>, stratum <*>",0.8371076583862305
"synchronized to 10.100.16.250, stratum 3","synchronized to <*>, stratum <*>",Thunderbird,Unseen,"synchronized to <*>, stratum <*>",0.8303627967834473
"synchronized to 10.100.20.250, stratum 3","synchronized to <*>, stratum <*>",Thunderbird,Unseen,"synchronized to <*>, stratum <*>",0.8345818519592285
"synchronized to 10.100.22.250, stratum 3","synchronized to <*>, stratum <*>",Thunderbird,Unseen,"synchronized to <*>, stratum <*>",0.8344151973724365
"synchronized to 10.100.18.250, stratum 3","synchronized to <*>, stratum <*>",Thunderbird,Unseen,"synchronized to <*>, stratum <*>",0.8462705612182617
"synchronized to 10.100.18.250, stratum 3","synchronized to <*>, stratum <*>",Thunderbird,Unseen,"synchronized to <*>, stratum <*>",0.8428499698638916
"synchronized to 10.100.16.250, stratum 3","synchronized to <*>, stratum <*>",Thunderbird,Unseen,"synchronized to <*>, stratum <*>",0.8337857723236084
"synchronized to 10.100.22.250, stratum 3","synchronized to <*>, stratum <*>",Thunderbird,Unseen,"synchronized to <*>, stratum <*>",0.818082332611084
"synchronized to 10.100.22.250, stratum 3","synchronized to <*>, stratum <*>",Thunderbird,Unseen,"synchronized to <*>, stratum <*>",0.8319430351257324
"synchronized to 10.100.22.250, stratum 3","synchronized to <*>, stratum <*>",Thunderbird,Unseen,"synchronized to <*>, stratum <*>",0.8222484588623047
"synchronized to 10.100.14.250, stratum 3","synchronized to <*>, stratum <*>",Thunderbird,Unseen,"synchronized to <*>, stratum <*>",0.8186590671539307
"synchronized to 10.100.20.250, stratum 3","synchronized to <*>, stratum <*>",Thunderbird,Unseen,"synchronized to <*>, stratum <*>",0.8338596820831299
"synchronized to 10.100.16.250, stratum 3","synchronized to <*>, stratum <*>",Thunderbird,Unseen,"synchronized to <*>, stratum <*>",0.8311960697174072
"synchronized to 10.100.20.250, stratum 3","synchronized to <*>, stratum <*>",Thunderbird,Unseen,"synchronized to <*>, stratum <*>",0.8366537094116211
"synchronized to 10.100.20.250, stratum 3","synchronized to <*>, stratum <*>",Thunderbird,Unseen,"synchronized to <*>, stratum <*>",0.836531400680542
"synchronized to 10.100.16.250, stratum 3","synchronized to <*>, stratum <*>",Thunderbird,Unseen,"synchronized to <*>, stratum <*>",0.8363337516784668
"synchronized to 10.100.22.250, stratum 3","synchronized to <*>, stratum <*>",Thunderbird,Unseen,"synchronized to <*>, stratum <*>",0.8397343158721924
"synchronized to 10.100.20.250, stratum 3","synchronized to <*>, stratum <*>",Thunderbird,Unseen,"synchronized to <*>, stratum <*>",0.8409512042999268
"synchronized to 10.100.28.250, stratum 3","synchronized to <*>, stratum <*>",Thunderbird,Unseen,"synchronized to <*>, stratum <*>",0.8219854831695557
"synchronized to 10.100.20.250, stratum 3","synchronized to <*>, stratum <*>",Thunderbird,Unseen,"synchronized to <*>, stratum <*>",0.8545067310333252
"synchronized to 10.100.16.250, stratum 3","synchronized to <*>, stratum <*>",Thunderbird,Unseen,"synchronized to <*>, stratum <*>",0.8303542137145996
"synchronized to 10.100.16.250, stratum 3","synchronized to <*>, stratum <*>",Thunderbird,Unseen,"synchronized to <*>, stratum <*>",0.8273968696594238
"synchronized to 10.100.22.250, stratum 3","synchronized to <*>, stratum <*>",Thunderbird,Unseen,"synchronized to <*>, stratum <*>",0.8272221088409424
"synchronized to 10.100.22.250, stratum 3","synchronized to <*>, stratum <*>",Thunderbird,Unseen,"synchronized to <*>, stratum <*>",0.8270797729492188
"synchronized to 10.100.22.250, stratum 3","synchronized to <*>, stratum <*>",Thunderbird,Unseen,"synchronized to <*>, stratum <*>",0.8204646110534668
"synchronized to 10.100.22.250, stratum 3","synchronized to <*>, stratum <*>",Thunderbird,Unseen,"synchronized to <*>, stratum <*>",0.8308436870574951
"synchronized to 10.100.18.250, stratum 3","synchronized to <*>, stratum <*>",Thunderbird,Unseen,"synchronized to <*>, stratum <*>",0.8256673812866211
"synchronized to 10.100.20.250, stratum 3","synchronized to <*>, stratum <*>",Thunderbird,Unseen,"synchronized to <*>, stratum <*>",0.83258056640625
"synchronized to 10.100.20.250, stratum 3","synchronized to <*>, stratum <*>",Thunderbird,Unseen,"synchronized to <*>, stratum <*>",0.8266909122467041
"synchronized to 10.100.28.250, stratum 3","synchronized to <*>, stratum <*>",Thunderbird,Unseen,"synchronized to <*>, stratum <*>",0.8276841640472412
"synchronized to 10.100.22.250, stratum 3","synchronized to <*>, stratum <*>",Thunderbird,Unseen,"synchronized to <*>, stratum <*>",0.8400008678436279
"synchronized to 10.100.24.250, stratum 3","synchronized to <*>, stratum <*>",Thunderbird,Unseen,"synchronized to <*>, stratum <*>",0.8392117023468018
"synchronized to 10.100.20.250, stratum 3","synchronized to <*>, stratum <*>",Thunderbird,Unseen,"synchronized to <*>, stratum <*>",0.8217165470123291
"synchronized to 10.100.20.250, stratum 3","synchronized to <*>, stratum <*>",Thunderbird,Unseen,"synchronized to <*>, stratum <*>",0.8447985649108887
"synchronized to 10.100.18.250, stratum 3","synchronized to <*>, stratum <*>",Thunderbird,Unseen,"synchronized to <*>, stratum <*>",0.8330566883087158
"synchronized to 10.100.22.250, stratum 3","synchronized to <*>, stratum <*>",Thunderbird,Unseen,"synchronized to <*>, stratum <*>",0.8308391571044922
"synchronized to 10.100.18.250, stratum 3","synchronized to <*>, stratum <*>",Thunderbird,Unseen,"synchronized to <*>, stratum <*>",0.8321561813354492
"synchronized to 10.100.20.250, stratum 3","synchronized to <*>, stratum <*>",Thunderbird,Unseen,"synchronized to <*>, stratum <*>",0.8184807300567627
"synchronized to 10.100.16.250, stratum 3","synchronized to <*>, stratum <*>",Thunderbird,Unseen,"synchronized to <*>, stratum <*>",0.8134441375732422
"synchronized to 10.100.20.250, stratum 3","synchronized to <*>, stratum <*>",Thunderbird,Unseen,"synchronized to <*>, stratum <*>",0.8214964866638184
"synchronized to 10.100.16.250, stratum 3","synchronized to <*>, stratum <*>",Thunderbird,Unseen,"synchronized to <*>, stratum <*>",0.8272981643676758
Received SNMP packet(s) from #34#,Received SNMP packet(s) from #<*>#,Thunderbird,Unseen,Received SNMP packet(s) from <*>,0.7674422264099121
"synchronized to 10.100.30.250, stratum 3","synchronized to <*>, stratum <*>",Thunderbird,Unseen,"synchronized to <*>, stratum <*>",0.8402304649353027
"synchronized to 10.100.20.250, stratum 3","synchronized to <*>, stratum <*>",Thunderbird,Unseen,"synchronized to <*>, stratum <*>",0.8405797481536865
"synchronized to 10.100.28.250, stratum 3","synchronized to <*>, stratum <*>",Thunderbird,Unseen,"synchronized to <*>, stratum <*>",0.8412706851959229
"synchronized to 10.100.22.250, stratum 3","synchronized to <*>, stratum <*>",Thunderbird,Unseen,"synchronized to <*>, stratum <*>",0.8458831310272217
"synchronized to 10.100.18.250, stratum 3","synchronized to <*>, stratum <*>",Thunderbird,Unseen,"synchronized to <*>, stratum <*>",0.8317892551422119
"synchronized to 10.100.28.250, stratum 3","synchronized to <*>, stratum <*>",Thunderbird,Unseen,"synchronized to <*>, stratum <*>",0.8314244747161865
"synchronized to 10.100.20.250, stratum 3","synchronized to <*>, stratum <*>",Thunderbird,Unseen,"synchronized to <*>, stratum <*>",0.8182132244110107
"synchronized to 10.100.20.250, stratum 3","synchronized to <*>, stratum <*>",Thunderbird,Unseen,"synchronized to <*>, stratum <*>",0.8257968425750732
"synchronized to 10.100.22.250, stratum 3","synchronized to <*>, stratum <*>",Thunderbird,Unseen,"synchronized to <*>, stratum <*>",0.8240475654602051
"synchronized to 10.100.20.250, stratum 3","synchronized to <*>, stratum <*>",Thunderbird,Unseen,"synchronized to <*>, stratum <*>",0.8272066116333008
"synchronized to 10.100.20.250, stratum 3","synchronized to <*>, stratum <*>",Thunderbird,Unseen,"synchronized to <*>, stratum <*>",0.8427164554595947
"synchronized to 10.100.22.250, stratum 3","synchronized to <*>, stratum <*>",Thunderbird,Unseen,"synchronized to <*>, stratum <*>",0.8374905586242676
"synchronized to 10.100.28.250, stratum 3","synchronized to <*>, stratum <*>",Thunderbird,Unseen,"synchronized to <*>, stratum <*>",0.8358039855957031
"synchronized to 10.100.18.250, stratum 3","synchronized to <*>, stratum <*>",Thunderbird,Unseen,"synchronized to <*>, stratum <*>",0.8223540782928467
"synchronized to 10.100.20.250, stratum 3","synchronized to <*>, stratum <*>",Thunderbird,Unseen,"synchronized to <*>, stratum <*>",0.8268277645111084
"synchronized to 10.100.20.250, stratum 3","synchronized to <*>, stratum <*>",Thunderbird,Unseen,"synchronized to <*>, stratum <*>",0.8385426998138428
"synchronized to 10.100.22.250, stratum 3","synchronized to <*>, stratum <*>",Thunderbird,Unseen,"synchronized to <*>, stratum <*>",0.8313038349151611
"synchronized to 10.100.20.250, stratum 3","synchronized to <*>, stratum <*>",Thunderbird,Unseen,"synchronized to <*>, stratum <*>",0.8439252376556396
"synchronized to 10.100.28.250, stratum 3","synchronized to <*>, stratum <*>",Thunderbird,Unseen,"synchronized to <*>, stratum <*>",0.8450522422790527
"synchronized to 10.100.12.250, stratum 3","synchronized to <*>, stratum <*>",Thunderbird,Unseen,"synchronized to <*>, stratum <*>",0.8444418907165527
"synchronized to 10.100.18.250, stratum 3","synchronized to <*>, stratum <*>",Thunderbird,Unseen,"synchronized to <*>, stratum <*>",0.8285419940948486
"synchronized to 10.100.28.250, stratum 3","synchronized to <*>, stratum <*>",Thunderbird,Unseen,"synchronized to <*>, stratum <*>",0.830439567565918
"synchronized to 10.100.20.250, stratum 3","synchronized to <*>, stratum <*>",Thunderbird,Unseen,"synchronized to <*>, stratum <*>",0.8229081630706787
"synchronized to 10.100.20.250, stratum 3","synchronized to <*>, stratum <*>",Thunderbird,Unseen,"synchronized to <*>, stratum <*>",0.8216071128845215
"synchronized to 10.100.28.250, stratum 3","synchronized to <*>, stratum <*>",Thunderbird,Unseen,"synchronized to <*>, stratum <*>",0.8205149173736572
"synchronized to 10.100.20.250, stratum 3","synchronized to <*>, stratum <*>",Thunderbird,Unseen,"synchronized to <*>, stratum <*>",0.8239588737487793
"synchronized to 10.100.22.250, stratum 3","synchronized to <*>, stratum <*>",Thunderbird,Unseen,"synchronized to <*>, stratum <*>",0.8281471729278564
"synchronized to 10.100.22.250, stratum 3","synchronized to <*>, stratum <*>",Thunderbird,Unseen,"synchronized to <*>, stratum <*>",0.8312301635742188
"synchronized to 10.100.20.250, stratum 3","synchronized to <*>, stratum <*>",Thunderbird,Unseen,"synchronized to <*>, stratum <*>",0.8342981338500977
"synchronized to 10.100.22.250, stratum 3","synchronized to <*>, stratum <*>",Thunderbird,Unseen,"synchronized to <*>, stratum <*>",0.8300657272338867
"synchronized to 10.100.16.250, stratum 3","synchronized to <*>, stratum <*>",Thunderbird,Unseen,"synchronized to <*>, stratum <*>",0.8302896022796631
"synchronized to 10.100.18.250, stratum 3","synchronized to <*>, stratum <*>",Thunderbird,Unseen,"synchronized to <*>, stratum <*>",0.8457095623016357
"synchronized to 10.100.20.250, stratum 3","synchronized to <*>, stratum <*>",Thunderbird,Unseen,"synchronized to <*>, stratum <*>",0.8534564971923828
"synchronized to 10.100.18.250, stratum 3","synchronized to <*>, stratum <*>",Thunderbird,Unseen,"synchronized to <*>, stratum <*>",0.8218042850494385
"synchronized to 10.100.16.250, stratum 3","synchronized to <*>, stratum <*>",Thunderbird,Unseen,"synchronized to <*>, stratum <*>",0.8239765167236328
"synchronized to 10.100.20.250, stratum 3","synchronized to <*>, stratum <*>",Thunderbird,Unseen,"synchronized to <*>, stratum <*>",0.8331308364868164
"synchronized to 10.100.16.250, stratum 3","synchronized to <*>, stratum <*>",Thunderbird,Unseen,"synchronized to <*>, stratum <*>",0.844825267791748
"synchronized to 10.100.20.250, stratum 3","synchronized to <*>, stratum <*>",Thunderbird,Unseen,"synchronized to <*>, stratum <*>",0.8404183387756348
"synchronized to 10.100.20.250, stratum 3","synchronized to <*>, stratum <*>",Thunderbird,Unseen,"synchronized to <*>, stratum <*>",0.8208451271057129
"synchronized to 10.100.26.250, stratum 3","synchronized to <*>, stratum <*>",Thunderbird,Unseen,"synchronized to <*>, stratum <*>",0.8408567905426025
"synchronized to 10.100.22.250, stratum 3","synchronized to <*>, stratum <*>",Thunderbird,Unseen,"synchronized to <*>, stratum <*>",0.834172248840332
"synchronized to 10.100.18.250, stratum 3","synchronized to <*>, stratum <*>",Thunderbird,Unseen,"synchronized to <*>, stratum <*>",0.8299126625061035
"synchronized to 10.100.20.250, stratum 3","synchronized to <*>, stratum <*>",Thunderbird,Unseen,"synchronized to <*>, stratum <*>",0.8137295246124268
"synchronized to 10.100.20.250, stratum 3","synchronized to <*>, stratum <*>",Thunderbird,Unseen,"synchronized to <*>, stratum <*>",0.8342907428741455
"synchronized to 10.100.20.250, stratum 3","synchronized to <*>, stratum <*>",Thunderbird,Unseen,"synchronized to <*>, stratum <*>",0.8396914005279541
"synchronized to 10.100.20.250, stratum 3","synchronized to <*>, stratum <*>",Thunderbird,Unseen,"synchronized to <*>, stratum <*>",0.8353033065795898
"synchronized to 10.100.16.250, stratum 3","synchronized to <*>, stratum <*>",Thunderbird,Unseen,"synchronized to <*>, stratum <*>",0.8419215679168701
"synchronized to 10.100.20.250, stratum 3","synchronized to <*>, stratum <*>",Thunderbird,Unseen,"synchronized to <*>, stratum <*>",0.8322539329528809
"synchronized to 10.100.16.250, stratum 3","synchronized to <*>, stratum <*>",Thunderbird,Unseen,"synchronized to <*>, stratum <*>",0.8271629810333252
"synchronized to 10.100.18.250, stratum 3","synchronized to <*>, stratum <*>",Thunderbird,Unseen,"synchronized to <*>, stratum <*>",0.8508522510528564
"synchronized to 10.100.26.250, stratum 3","synchronized to <*>, stratum <*>",Thunderbird,Unseen,"synchronized to <*>, stratum <*>",0.8176629543304443
"synchronized to 10.100.22.250, stratum 3","synchronized to <*>, stratum <*>",Thunderbird,Unseen,"synchronized to <*>, stratum <*>",0.8287246227264404
"synchronized to 10.100.24.250, stratum 3","synchronized to <*>, stratum <*>",Thunderbird,Unseen,"synchronized to <*>, stratum <*>",0.8283510208129883
"synchronized to 10.100.20.250, stratum 3","synchronized to <*>, stratum <*>",Thunderbird,Unseen,"synchronized to <*>, stratum <*>",0.8333992958068848
"synchronized to 10.100.20.250, stratum 3","synchronized to <*>, stratum <*>",Thunderbird,Unseen,"synchronized to <*>, stratum <*>",0.8421103954315186
"synchronized to 10.100.22.250, stratum 3","synchronized to <*>, stratum <*>",Thunderbird,Unseen,"synchronized to <*>, stratum <*>",0.8306002616882324
"synchronized to 10.100.22.250, stratum 3","synchronized to <*>, stratum <*>",Thunderbird,Unseen,"synchronized to <*>, stratum <*>",0.8379058837890625
"synchronized to 10.100.22.250, stratum 3","synchronized to <*>, stratum <*>",Thunderbird,Unseen,"synchronized to <*>, stratum <*>",0.834636926651001
"synchronized to 10.100.12.250, stratum 3","synchronized to <*>, stratum <*>",Thunderbird,Unseen,"synchronized to <*>, stratum <*>",0.8548107147216797
"synchronized to 10.100.16.250, stratum 3","synchronized to <*>, stratum <*>",Thunderbird,Unseen,"synchronized to <*>, stratum <*>",0.845813512802124
"synchronized to 10.100.22.250, stratum 3","synchronized to <*>, stratum <*>",Thunderbird,Unseen,"synchronized to <*>, stratum <*>",0.8322811126708984
"synchronized to 10.100.22.250, stratum 3","synchronized to <*>, stratum <*>",Thunderbird,Unseen,"synchronized to <*>, stratum <*>",0.8321852684020996
"synchronized to 10.100.20.250, stratum 3","synchronized to <*>, stratum <*>",Thunderbird,Unseen,"synchronized to <*>, stratum <*>",0.8224620819091797
"synchronized to 10.100.20.250, stratum 3","synchronized to <*>, stratum <*>",Thunderbird,Unseen,"synchronized to <*>, stratum <*>",0.8281176090240479
"synchronized to 10.100.24.250, stratum 3","synchronized to <*>, stratum <*>",Thunderbird,Unseen,"synchronized to <*>, stratum <*>",0.839310884475708
"synchronized to 10.100.18.250, stratum 3","synchronized to <*>, stratum <*>",Thunderbird,Unseen,"synchronized to <*>, stratum <*>",0.8423380851745605
"synchronized to 10.100.20.250, stratum 3","synchronized to <*>, stratum <*>",Thunderbird,Unseen,"synchronized to <*>, stratum <*>",0.8347101211547852
"synchronized to 10.100.20.250, stratum 3","synchronized to <*>, stratum <*>",Thunderbird,Unseen,"synchronized to <*>, stratum <*>",0.8367743492126465
"synchronized to 10.100.16.250, stratum 3","synchronized to <*>, stratum <*>",Thunderbird,Unseen,"synchronized to <*>, stratum <*>",0.8510260581970215
"synchronized to 10.100.18.250, stratum 3","synchronized to <*>, stratum <*>",Thunderbird,Unseen,"synchronized to <*>, stratum <*>",0.8324768543243408
"synchronized to 10.100.14.250, stratum 3","synchronized to <*>, stratum <*>",Thunderbird,Unseen,"synchronized to <*>, stratum <*>",0.8314228057861328
"synchronized to 10.100.20.250, stratum 3","synchronized to <*>, stratum <*>",Thunderbird,Unseen,"synchronized to <*>, stratum <*>",0.8352298736572266
"synchronized to 10.100.20.250, stratum 3","synchronized to <*>, stratum <*>",Thunderbird,Unseen,"synchronized to <*>, stratum <*>",0.8315105438232422
"synchronized to 10.100.20.250, stratum 3","synchronized to <*>, stratum <*>",Thunderbird,Unseen,"synchronized to <*>, stratum <*>",0.8508691787719727
"synchronized to 10.100.12.250, stratum 3","synchronized to <*>, stratum <*>",Thunderbird,Unseen,"synchronized to <*>, stratum <*>",0.8458571434020996
"synchronized to 10.100.22.250, stratum 3","synchronized to <*>, stratum <*>",Thunderbird,Unseen,"synchronized to <*>, stratum <*>",0.8373093605041504
"synchronized to 10.100.20.250, stratum 3","synchronized to <*>, stratum <*>",Thunderbird,Unseen,"synchronized to <*>, stratum <*>",0.8317265510559082
"synchronized to 10.100.20.250, stratum 3","synchronized to <*>, stratum <*>",Thunderbird,Unseen,"synchronized to <*>, stratum <*>",0.8262112140655518
"synchronized to 10.100.22.250, stratum 3","synchronized to <*>, stratum <*>",Thunderbird,Unseen,"synchronized to <*>, stratum <*>",0.8166642189025879
"synchronized to 10.100.20.250, stratum 3","synchronized to <*>, stratum <*>",Thunderbird,Unseen,"synchronized to <*>, stratum <*>",0.8336246013641357
"synchronized to 10.100.18.250, stratum 3","synchronized to <*>, stratum <*>",Thunderbird,Unseen,"synchronized to <*>, stratum <*>",0.8149538040161133
"synchronized to 10.100.18.250, stratum 3","synchronized to <*>, stratum <*>",Thunderbird,Unseen,"synchronized to <*>, stratum <*>",0.8328478336334229
"synchronized to 10.100.22.250, stratum 3","synchronized to <*>, stratum <*>",Thunderbird,Unseen,"synchronized to <*>, stratum <*>",0.8417901992797852
"synchronized to 10.100.10.250, stratum 3","synchronized to <*>, stratum <*>",Thunderbird,Unseen,"synchronized to <*>, stratum <*>",0.8363945484161377
"synchronized to 10.100.18.250, stratum 3","synchronized to <*>, stratum <*>",Thunderbird,Unseen,"synchronized to <*>, stratum <*>",0.8271276950836182
"synchronized to 10.100.20.250, stratum 3","synchronized to <*>, stratum <*>",Thunderbird,Unseen,"synchronized to <*>, stratum <*>",0.8335511684417725
"synchronized to 10.100.18.250, stratum 3","synchronized to <*>, stratum <*>",Thunderbird,Unseen,"synchronized to <*>, stratum <*>",0.840139627456665
"synchronized to 10.100.22.250, stratum 3","synchronized to <*>, stratum <*>",Thunderbird,Unseen,"synchronized to <*>, stratum <*>",0.8268780708312988
"synchronized to 10.100.20.250, stratum 3","synchronized to <*>, stratum <*>",Thunderbird,Unseen,"synchronized to <*>, stratum <*>",0.8269438743591309
"synchronized to 10.100.22.250, stratum 3","synchronized to <*>, stratum <*>",Thunderbird,Unseen,"synchronized to <*>, stratum <*>",0.8348278999328613
"synchronized to 10.100.16.250, stratum 3","synchronized to <*>, stratum <*>",Thunderbird,Unseen,"synchronized to <*>, stratum <*>",0.8425147533416748
"synchronized to 10.100.20.250, stratum 3","synchronized to <*>, stratum <*>",Thunderbird,Unseen,"synchronized to <*>, stratum <*>",0.8457505702972412
"synchronized to 10.100.22.250, stratum 3","synchronized to <*>, stratum <*>",Thunderbird,Unseen,"synchronized to <*>, stratum <*>",0.8289175033569336
"synchronized to 10.100.22.250, stratum 3","synchronized to <*>, stratum <*>",Thunderbird,Unseen,"synchronized to <*>, stratum <*>",0.825103759765625
"synchronized to 10.100.20.250, stratum 3","synchronized to <*>, stratum <*>",Thunderbird,Unseen,"synchronized to <*>, stratum <*>",0.823070764541626
"synchronized to 10.100.20.250, stratum 3","synchronized to <*>, stratum <*>",Thunderbird,Unseen,"synchronized to <*>, stratum <*>",0.8318920135498047
"synchronized to 10.100.26.250, stratum 3","synchronized to <*>, stratum <*>",Thunderbird,Unseen,"synchronized to <*>, stratum <*>",0.8298182487487793
"synchronized to 10.100.22.250, stratum 3","synchronized to <*>, stratum <*>",Thunderbird,Unseen,"synchronized to <*>, stratum <*>",0.8157844543457031
"synchronized to 10.100.22.250, stratum 3","synchronized to <*>, stratum <*>",Thunderbird,Unseen,"synchronized to <*>, stratum <*>",0.8140201568603516
"synchronized to 10.100.18.250, stratum 3","synchronized to <*>, stratum <*>",Thunderbird,Unseen,"synchronized to <*>, stratum <*>",0.8295712471008301
"synchronized to 10.100.16.250, stratum 3","synchronized to <*>, stratum <*>",Thunderbird,Unseen,"synchronized to <*>, stratum <*>",0.8292675018310547
"synchronized to 10.100.22.250, stratum 3","synchronized to <*>, stratum <*>",Thunderbird,Unseen,"synchronized to <*>, stratum <*>",0.82342529296875
"synchronized to 10.100.22.250, stratum 3","synchronized to <*>, stratum <*>",Thunderbird,Unseen,"synchronized to <*>, stratum <*>",0.8324129581451416
"synchronized to 10.100.10.250, stratum 3","synchronized to <*>, stratum <*>",Thunderbird,Unseen,"synchronized to <*>, stratum <*>",0.8316795825958252
"synchronized to 10.100.18.250, stratum 3","synchronized to <*>, stratum <*>",Thunderbird,Unseen,"synchronized to <*>, stratum <*>",0.8321652412414551
"synchronized to 10.100.20.250, stratum 3","synchronized to <*>, stratum <*>",Thunderbird,Unseen,"synchronized to <*>, stratum <*>",0.8300750255584717
"synchronized to 10.100.22.250, stratum 3","synchronized to <*>, stratum <*>",Thunderbird,Unseen,"synchronized to <*>, stratum <*>",0.8426551818847656
"synchronized to 10.100.20.250, stratum 3","synchronized to <*>, stratum <*>",Thunderbird,Unseen,"synchronized to <*>, stratum <*>",0.8277387619018555
"synchronized to 10.100.20.250, stratum 3","synchronized to <*>, stratum <*>",Thunderbird,Unseen,"synchronized to <*>, stratum <*>",0.8302087783813477
"synchronized to 10.100.20.250, stratum 3","synchronized to <*>, stratum <*>",Thunderbird,Unseen,"synchronized to <*>, stratum <*>",0.8304848670959473
"synchronized to 10.100.26.250, stratum 3","synchronized to <*>, stratum <*>",Thunderbird,Unseen,"synchronized to <*>, stratum <*>",0.8286311626434326
"synchronized to 10.100.20.250, stratum 3","synchronized to <*>, stratum <*>",Thunderbird,Unseen,"synchronized to <*>, stratum <*>",0.8170557022094727
"synchronized to 10.100.20.250, stratum 3","synchronized to <*>, stratum <*>",Thunderbird,Unseen,"synchronized to <*>, stratum <*>",0.8193259239196777
"synchronized to 10.100.20.250, stratum 3","synchronized to <*>, stratum <*>",Thunderbird,Unseen,"synchronized to <*>, stratum <*>",0.8335907459259033
"synchronized to 10.100.22.250, stratum 3","synchronized to <*>, stratum <*>",Thunderbird,Unseen,"synchronized to <*>, stratum <*>",0.8372015953063965
"synchronized to 10.100.18.250, stratum 3","synchronized to <*>, stratum <*>",Thunderbird,Unseen,"synchronized to <*>, stratum <*>",0.8317973613739014
"synchronized to 10.100.20.250, stratum 3","synchronized to <*>, stratum <*>",Thunderbird,Unseen,"synchronized to <*>, stratum <*>",0.85345458984375
"synchronized to 10.100.18.250, stratum 3","synchronized to <*>, stratum <*>",Thunderbird,Unseen,"synchronized to <*>, stratum <*>",0.8369390964508057
"synchronized to 10.100.16.250, stratum 3","synchronized to <*>, stratum <*>",Thunderbird,Unseen,"synchronized to <*>, stratum <*>",0.8264939785003662
"synchronized to 10.100.16.250, stratum 3","synchronized to <*>, stratum <*>",Thunderbird,Unseen,"synchronized to <*>, stratum <*>",0.8206908702850342
"synchronized to 10.100.18.250, stratum 3","synchronized to <*>, stratum <*>",Thunderbird,Unseen,"synchronized to <*>, stratum <*>",0.8193094730377197
"synchronized to 10.100.28.250, stratum 3","synchronized to <*>, stratum <*>",Thunderbird,Unseen,"synchronized to <*>, stratum <*>",0.8175539970397949
"synchronized to 10.100.18.250, stratum 3","synchronized to <*>, stratum <*>",Thunderbird,Unseen,"synchronized to <*>, stratum <*>",0.8449084758758545
"synchronized to 10.100.22.250, stratum 3","synchronized to <*>, stratum <*>",Thunderbird,Unseen,"synchronized to <*>, stratum <*>",0.8356292247772217
"synchronized to 10.100.16.250, stratum 3","synchronized to <*>, stratum <*>",Thunderbird,Unseen,"synchronized to <*>, stratum <*>",0.8395273685455322
"synchronized to 10.100.20.250, stratum 3","synchronized to <*>, stratum <*>",Thunderbird,Unseen,"synchronized to <*>, stratum <*>",0.8317804336547852
"synchronized to 10.100.22.250, stratum 3","synchronized to <*>, stratum <*>",Thunderbird,Unseen,"synchronized to <*>, stratum <*>",0.8366258144378662
"synchronized to 10.100.16.250, stratum 3","synchronized to <*>, stratum <*>",Thunderbird,Unseen,"synchronized to <*>, stratum <*>",0.8416965007781982
"synchronized to 10.100.14.250, stratum 3","synchronized to <*>, stratum <*>",Thunderbird,Unseen,"synchronized to <*>, stratum <*>",0.8415400981903076
"synchronized to 10.100.18.250, stratum 3","synchronized to <*>, stratum <*>",Thunderbird,Unseen,"synchronized to <*>, stratum <*>",0.842188835144043
"synchronized to 10.100.20.250, stratum 3","synchronized to <*>, stratum <*>",Thunderbird,Unseen,"synchronized to <*>, stratum <*>",0.8337357044219971
"synchronized to 10.100.18.250, stratum 3","synchronized to <*>, stratum <*>",Thunderbird,Unseen,"synchronized to <*>, stratum <*>",0.8450601100921631
"synchronized to 10.100.24.250, stratum 3","synchronized to <*>, stratum <*>",Thunderbird,Unseen,"synchronized to <*>, stratum <*>",0.8543899059295654
"synchronized to 10.100.16.250, stratum 3","synchronized to <*>, stratum <*>",Thunderbird,Unseen,"synchronized to <*>, stratum <*>",0.8360202312469482
"synchronized to 10.100.28.250, stratum 3","synchronized to <*>, stratum <*>",Thunderbird,Unseen,"synchronized to <*>, stratum <*>",0.8219983577728271
"synchronized to 10.100.18.250, stratum 3","synchronized to <*>, stratum <*>",Thunderbird,Unseen,"synchronized to <*>, stratum <*>",0.8310472965240479
"synchronized to 10.100.22.250, stratum 3","synchronized to <*>, stratum <*>",Thunderbird,Unseen,"synchronized to <*>, stratum <*>",0.8420987129211426
"synchronized to 10.100.16.250, stratum 3","synchronized to <*>, stratum <*>",Thunderbird,Unseen,"synchronized to <*>, stratum <*>",0.8403913974761963
"synchronized to 10.100.20.250, stratum 3","synchronized to <*>, stratum <*>",Thunderbird,Unseen,"synchronized to <*>, stratum <*>",0.8346717357635498
"synchronized to 10.100.22.250, stratum 3","synchronized to <*>, stratum <*>",Thunderbird,Unseen,"synchronized to <*>, stratum <*>",0.8321506977081299
"synchronized to 10.100.20.250, stratum 3","synchronized to <*>, stratum <*>",Thunderbird,Unseen,"synchronized to <*>, stratum <*>",0.8263964653015137
"synchronized to 10.100.22.250, stratum 3","synchronized to <*>, stratum <*>",Thunderbird,Unseen,"synchronized to <*>, stratum <*>",0.8402116298675537
"synchronized to 10.100.20.250, stratum 3","synchronized to <*>, stratum <*>",Thunderbird,Unseen,"synchronized to <*>, stratum <*>",0.8387434482574463
"synchronized to 10.100.16.250, stratum 3","synchronized to <*>, stratum <*>",Thunderbird,Unseen,"synchronized to <*>, stratum <*>",0.8270301818847656
"synchronized to 10.100.18.250, stratum 3","synchronized to <*>, stratum <*>",Thunderbird,Unseen,"synchronized to <*>, stratum <*>",0.8329005241394043
"synchronized to 10.100.22.250, stratum 3","synchronized to <*>, stratum <*>",Thunderbird,Unseen,"synchronized to <*>, stratum <*>",0.8567066192626953
"synchronized to LOCAL(0), stratum 10","synchronized to <*>, stratum <*>",Thunderbird,Unseen,"synchronized to LOCAL(<*>), stratum <*>",1.0157575607299805
"synchronized to 10.100.18.250, stratum 3","synchronized to <*>, stratum <*>",Thunderbird,Unseen,"synchronized to <*>, stratum <*>",0.8429393768310547
"synchronized to #3#, stratum 1","synchronized to <*>, stratum <*>",Thunderbird,Unseen,"synchronized to <*>, stratum <*>",0.8398997783660889
"synchronized to 10.100.16.250, stratum 3","synchronized to <*>, stratum <*>",Thunderbird,Unseen,"synchronized to <*>, stratum <*>",0.8346614837646484
"synchronized to 10.100.20.250, stratum 3","synchronized to <*>, stratum <*>",Thunderbird,Unseen,"synchronized to <*>, stratum <*>",0.8383336067199707
"synchronized to 10.100.20.250, stratum 3","synchronized to <*>, stratum <*>",Thunderbird,Unseen,"synchronized to <*>, stratum <*>",0.824981689453125
"synchronized to 10.100.20.250, stratum 3","synchronized to <*>, stratum <*>",Thunderbird,Unseen,"synchronized to <*>, stratum <*>",0.8417415618896484
"synchronized to 10.100.18.250, stratum 3","synchronized to <*>, stratum <*>",Thunderbird,Unseen,"synchronized to <*>, stratum <*>",0.8339736461639404
"synchronized to 10.100.26.250, stratum 3","synchronized to <*>, stratum <*>",Thunderbird,Unseen,"synchronized to <*>, stratum <*>",0.8482904434204102
"synchronized to 10.100.18.250, stratum 3","synchronized to <*>, stratum <*>",Thunderbird,Unseen,"synchronized to <*>, stratum <*>",0.8565595149993896
"synchronized to 10.100.28.250, stratum 3","synchronized to <*>, stratum <*>",Thunderbird,Unseen,"synchronized to <*>, stratum <*>",0.8419520854949951
"synchronized to 10.100.22.250, stratum 3","synchronized to <*>, stratum <*>",Thunderbird,Unseen,"synchronized to <*>, stratum <*>",0.8343915939331055
"synchronized to 10.100.22.250, stratum 3","synchronized to <*>, stratum <*>",Thunderbird,Unseen,"synchronized to <*>, stratum <*>",0.8408191204071045
"synchronized to 10.100.20.250, stratum 3","synchronized to <*>, stratum <*>",Thunderbird,Unseen,"synchronized to <*>, stratum <*>",0.8329489231109619
"synchronized to 10.100.20.250, stratum 3","synchronized to <*>, stratum <*>",Thunderbird,Unseen,"synchronized to <*>, stratum <*>",0.8506286144256592
"synchronized to 10.100.24.250, stratum 3","synchronized to <*>, stratum <*>",Thunderbird,Unseen,"synchronized to <*>, stratum <*>",0.8510298728942871
"synchronized to 10.100.20.250, stratum 3","synchronized to <*>, stratum <*>",Thunderbird,Unseen,"synchronized to <*>, stratum <*>",0.8435769081115723
"synchronized to 10.100.16.250, stratum 3","synchronized to <*>, stratum <*>",Thunderbird,Unseen,"synchronized to <*>, stratum <*>",0.8444628715515137
"synchronized to 10.100.20.250, stratum 3","synchronized to <*>, stratum <*>",Thunderbird,Unseen,"synchronized to <*>, stratum <*>",0.8271229267120361
"synchronized to 10.100.20.250, stratum 3","synchronized to <*>, stratum <*>",Thunderbird,Unseen,"synchronized to <*>, stratum <*>",0.8336055278778076
"synchronized to 10.100.20.250, stratum 3","synchronized to <*>, stratum <*>",Thunderbird,Unseen,"synchronized to <*>, stratum <*>",0.8206455707550049
"synchronized to 10.100.20.250, stratum 3","synchronized to <*>, stratum <*>",Thunderbird,Unseen,"synchronized to <*>, stratum <*>",0.8374807834625244
"synchronized to 10.100.18.250, stratum 3","synchronized to <*>, stratum <*>",Thunderbird,Unseen,"synchronized to <*>, stratum <*>",0.837364673614502
"synchronized to 10.100.20.250, stratum 3","synchronized to <*>, stratum <*>",Thunderbird,Unseen,"synchronized to <*>, stratum <*>",0.8359348773956299
"synchronized to 10.100.10.250, stratum 3","synchronized to <*>, stratum <*>",Thunderbird,Unseen,"synchronized to <*>, stratum <*>",0.8350205421447754
"synchronized to 10.100.20.250, stratum 3","synchronized to <*>, stratum <*>",Thunderbird,Unseen,"synchronized to <*>, stratum <*>",0.8363933563232422
"synchronized to 10.100.18.250, stratum 3","synchronized to <*>, stratum <*>",Thunderbird,Unseen,"synchronized to <*>, stratum <*>",0.8341748714447021
"synchronized to 10.100.26.250, stratum 3","synchronized to <*>, stratum <*>",Thunderbird,Unseen,"synchronized to <*>, stratum <*>",0.8335700035095215
"synchronized to 10.100.20.250, stratum 3","synchronized to <*>, stratum <*>",Thunderbird,Unseen,"synchronized to <*>, stratum <*>",0.8462769985198975
"synchronized to 10.100.16.250, stratum 3","synchronized to <*>, stratum <*>",Thunderbird,Unseen,"synchronized to <*>, stratum <*>",0.8445961475372314
"synchronized to 10.100.20.250, stratum 3","synchronized to <*>, stratum <*>",Thunderbird,Unseen,"synchronized to <*>, stratum <*>",0.8291280269622803
"synchronized to 10.100.10.250, stratum 3","synchronized to <*>, stratum <*>",Thunderbird,Unseen,"synchronized to <*>, stratum <*>",0.8406689167022705
"synchronized to 10.100.16.250, stratum 3","synchronized to <*>, stratum <*>",Thunderbird,Unseen,"synchronized to <*>, stratum <*>",0.8370826244354248
"synchronized to 10.100.20.250, stratum 3","synchronized to <*>, stratum <*>",Thunderbird,Unseen,"synchronized to <*>, stratum <*>",0.840496301651001
"synchronized to 10.100.28.250, stratum 3","synchronized to <*>, stratum <*>",Thunderbird,Unseen,"synchronized to <*>, stratum <*>",0.8350539207458496
"synchronized to 10.100.28.250, stratum 3","synchronized to <*>, stratum <*>",Thunderbird,Unseen,"synchronized to <*>, stratum <*>",0.8448319435119629
"synchronized to 10.100.26.250, stratum 3","synchronized to <*>, stratum <*>",Thunderbird,Unseen,"synchronized to <*>, stratum <*>",0.8374919891357422
"synchronized to 10.100.16.250, stratum 3","synchronized to <*>, stratum <*>",Thunderbird,Unseen,"synchronized to <*>, stratum <*>",0.8418729305267334
"synchronized to 10.100.20.250, stratum 3","synchronized to <*>, stratum <*>",Thunderbird,Unseen,"synchronized to <*>, stratum <*>",0.8352296352386475
"synchronized to 10.100.26.250, stratum 3","synchronized to <*>, stratum <*>",Thunderbird,Unseen,"synchronized to <*>, stratum <*>",0.8351504802703857
"synchronized to 10.100.20.250, stratum 3","synchronized to <*>, stratum <*>",Thunderbird,Unseen,"synchronized to <*>, stratum <*>",0.8502998352050781
"synchronized to 10.100.16.250, stratum 3","synchronized to <*>, stratum <*>",Thunderbird,Unseen,"synchronized to <*>, stratum <*>",0.8392305374145508
"synchronized to 10.100.16.250, stratum 3","synchronized to <*>, stratum <*>",Thunderbird,Unseen,"synchronized to <*>, stratum <*>",0.8299229145050049
"synchronized to 10.100.20.250, stratum 3","synchronized to <*>, stratum <*>",Thunderbird,Unseen,"synchronized to <*>, stratum <*>",0.8279664516448975
"synchronized to 10.100.20.250, stratum 3","synchronized to <*>, stratum <*>",Thunderbird,Unseen,"synchronized to <*>, stratum <*>",0.8335773944854736
"synchronized to 10.100.28.250, stratum 3","synchronized to <*>, stratum <*>",Thunderbird,Unseen,"synchronized to <*>, stratum <*>",0.8355565071105957
"synchronized to 10.100.20.250, stratum 3","synchronized to <*>, stratum <*>",Thunderbird,Unseen,"synchronized to <*>, stratum <*>",0.8263287544250488
"synchronized to 10.100.24.250, stratum 3","synchronized to <*>, stratum <*>",Thunderbird,Unseen,"synchronized to <*>, stratum <*>",0.8303337097167969
"synchronized to 10.100.14.250, stratum 3","synchronized to <*>, stratum <*>",Thunderbird,Unseen,"synchronized to <*>, stratum <*>",0.8363490104675293
"synchronized to 10.100.18.250, stratum 3","synchronized to <*>, stratum <*>",Thunderbird,Unseen,"synchronized to <*>, stratum <*>",0.8487355709075928
"synchronized to 10.100.22.250, stratum 3","synchronized to <*>, stratum <*>",Thunderbird,Unseen,"synchronized to <*>, stratum <*>",0.8439552783966064
"synchronized to 10.100.10.250, stratum 3","synchronized to <*>, stratum <*>",Thunderbird,Unseen,"synchronized to <*>, stratum <*>",0.8287837505340576
"synchronized to 10.100.18.250, stratum 3","synchronized to <*>, stratum <*>",Thunderbird,Unseen,"synchronized to <*>, stratum <*>",0.8363854885101318
"synchronized to 10.100.18.250, stratum 3","synchronized to <*>, stratum <*>",Thunderbird,Unseen,"synchronized to <*>, stratum <*>",0.8380317687988281
"synchronized to 10.100.16.250, stratum 3","synchronized to <*>, stratum <*>",Thunderbird,Unseen,"synchronized to <*>, stratum <*>",0.8318305015563965
"synchronized to 10.100.18.250, stratum 3","synchronized to <*>, stratum <*>",Thunderbird,Unseen,"synchronized to <*>, stratum <*>",0.8332836627960205
session opened for user root by (uid=0),session opened for user <*> by (uid=<*>),Thunderbird,Unseen,session opened for user <*> by (uid=<*>),0.9726250171661377
session opened for user root by (uid=0),session opened for user <*> by (uid=<*>),Thunderbird,Unseen,session opened for user <*> by (uid=<*>),0.9598479270935059
session opened for user root by (uid=0),session opened for user <*> by (uid=<*>),Thunderbird,Unseen,session opened for user <*> by (uid=<*>),0.9623441696166992
session opened for user root by (uid=0),session opened for user <*> by (uid=<*>),Thunderbird,Unseen,session opened for user <*> by (uid=<*>),0.9656772613525391
session opened for user root by (uid=0),session opened for user <*> by (uid=<*>),Thunderbird,Unseen,session opened for user <*> by (uid=<*>),0.9647021293640137
"synchronized to 10.100.16.250, stratum 3","synchronized to <*>, stratum <*>",Thunderbird,Unseen,"synchronized to <*>, stratum <*>",0.8434925079345703
"synchronized to 10.100.28.250, stratum 3","synchronized to <*>, stratum <*>",Thunderbird,Unseen,"synchronized to <*>, stratum <*>",0.8720157146453857
"synchronized to 10.100.20.250, stratum 3","synchronized to <*>, stratum <*>",Thunderbird,Unseen,"synchronized to <*>, stratum <*>",0.8401169776916504
"synchronized to 10.100.16.250, stratum 3","synchronized to <*>, stratum <*>",Thunderbird,Unseen,"synchronized to <*>, stratum <*>",0.8278117179870605
"synchronized to 10.100.20.250, stratum 3","synchronized to <*>, stratum <*>",Thunderbird,Unseen,"synchronized to <*>, stratum <*>",0.8406026363372803
"synchronized to 10.100.22.250, stratum 3","synchronized to <*>, stratum <*>",Thunderbird,Unseen,"synchronized to <*>, stratum <*>",0.8321270942687988
"synchronized to 10.100.20.250, stratum 3","synchronized to <*>, stratum <*>",Thunderbird,Unseen,"synchronized to <*>, stratum <*>",0.8425436019897461
"synchronized to 10.100.16.250, stratum 3","synchronized to <*>, stratum <*>",Thunderbird,Unseen,"synchronized to <*>, stratum <*>",0.8323369026184082
"synchronized to 10.100.18.250, stratum 3","synchronized to <*>, stratum <*>",Thunderbird,Unseen,"synchronized to <*>, stratum <*>",0.8325154781341553
"synchronized to 10.100.20.250, stratum 3","synchronized to <*>, stratum <*>",Thunderbird,Unseen,"synchronized to <*>, stratum <*>",0.8355588912963867
"synchronized to 10.100.20.250, stratum 3","synchronized to <*>, stratum <*>",Thunderbird,Unseen,"synchronized to <*>, stratum <*>",0.8664422035217285
"synchronized to 10.100.22.250, stratum 3","synchronized to <*>, stratum <*>",Thunderbird,Unseen,"synchronized to <*>, stratum <*>",0.8283505439758301
"synchronized to 10.100.18.250, stratum 3","synchronized to <*>, stratum <*>",Thunderbird,Unseen,"synchronized to <*>, stratum <*>",0.8452470302581787
"synchronized to 10.100.16.250, stratum 3","synchronized to <*>, stratum <*>",Thunderbird,Unseen,"synchronized to <*>, stratum <*>",0.8448843955993652
"synchronized to 10.100.18.250, stratum 3","synchronized to <*>, stratum <*>",Thunderbird,Unseen,"synchronized to <*>, stratum <*>",0.8694620132446289
"synchronized to 10.100.18.250, stratum 3","synchronized to <*>, stratum <*>",Thunderbird,Unseen,"synchronized to <*>, stratum <*>",0.8673138618469238
"synchronized to 10.100.22.250, stratum 3","synchronized to <*>, stratum <*>",Thunderbird,Unseen,"synchronized to <*>, stratum <*>",0.8527371883392334
"synchronized to 10.100.24.250, stratum 3","synchronized to <*>, stratum <*>",Thunderbird,Unseen,"synchronized to <*>, stratum <*>",0.8338649272918701
My unqualified host name (eadmin1) unknown; sleeping for retry,My unqualified host name (<*>) unknown; sleeping for retry,Thunderbird,Unseen,My unqualified host name (<*>) unknown; sleeping for retry,1.100041151046753
My unqualified host name (aadmin1) unknown; sleeping for retry,My unqualified host name (<*>) unknown; sleeping for retry,Thunderbird,Unseen,My unqualified host name (<*>) unknown; sleeping for retry,1.087005376815796
My unqualified host name (badmin1) unknown; sleeping for retry,My unqualified host name (<*>) unknown; sleeping for retry,Thunderbird,Unseen,My unqualified host name (<*>) unknown; sleeping for retry,1.1077241897583008
"synchronized to 10.100.24.250, stratum 3","synchronized to <*>, stratum <*>",Thunderbird,Unseen,"synchronized to <*>, stratum <*>",0.8413801193237305
My unqualified host name (cadmin1) unknown; sleeping for retry,My unqualified host name (<*>) unknown; sleeping for retry,Thunderbird,Unseen,My unqualified host name (<*>) unknown; sleeping for retry,1.099905014038086
"synchronized to 10.100.18.250, stratum 3","synchronized to <*>, stratum <*>",Thunderbird,Unseen,"synchronized to <*>, stratum <*>",0.8328597545623779
My unqualified host name (dadmin1) unknown; sleeping for retry,My unqualified host name (<*>) unknown; sleeping for retry,Thunderbird,Unseen,My unqualified host name (<*>) unknown; sleeping for retry,1.1057870388031006
"synchronized to 10.100.24.250, stratum 3","synchronized to <*>, stratum <*>",Thunderbird,Unseen,"synchronized to <*>, stratum <*>",0.8253905773162842
"synchronized to 10.100.20.250, stratum 3","synchronized to <*>, stratum <*>",Thunderbird,Unseen,"synchronized to <*>, stratum <*>",0.8437979221343994
"synchronized to 10.100.20.250, stratum 3","synchronized to <*>, stratum <*>",Thunderbird,Unseen,"synchronized to <*>, stratum <*>",0.8305108547210693
Interpreter enabled,Interpreter enabled,Thunderbird,Unseen,Interpreter enabled,0.33300065994262695
PCI Interrupt Link [LNKB] (IRQs 3 4 5 6 7 10 *11 12),PCI Interrupt Link [<*>] (IRQs <*> <*> <*> <*> <*> <*> <*> <*>),Thunderbird,Unseen,PCI Interrupt Link [LNKB] (IRQs <*> <*> <*> <*> <*> <*> <*> <*>),2.0341711044311523
PCI Root Bridge [PCI0] (00:00),PCI <*> Bridge [PCI0] (<*>:<*>),Thunderbird,Unseen,PCI Root Bridge [<*>] (<*>),0.826561450958252
"PCI interrupt 0000:00:02.0[A] -> GSI 16 (level, low) -> IRQ 169","PCI interrupt <*> -> GSI <*> (level, low) -> IRQ <*>",Thunderbird,Unseen,"PCI interrupt <*>[A] -> GSI <*> (level, low) -> IRQ <*>",1.5262367725372314
"PCI interrupt 0000:00:04.0[A] -> GSI 16 (level, low) -> IRQ 169","PCI interrupt <*> -> GSI <*> (level, low) -> IRQ <*>",Thunderbird,Unseen,"PCI interrupt <*>[A] -> GSI <*> (level, low) -> IRQ <*>",1.5396699905395508
"PCI interrupt 0000:00:05.0[A] -> GSI 16 (level, low) -> IRQ 169","PCI interrupt <*> -> GSI <*> (level, low) -> IRQ <*>",Thunderbird,Unseen,"PCI interrupt <*>[A] -> GSI <*> (level, low) -> IRQ <*>",1.5663940906524658
"PCI interrupt 0000:00:06.0[A] -> GSI 16 (level, low) -> IRQ 169","PCI interrupt <*> -> GSI <*> (level, low) -> IRQ <*>",Thunderbird,Unseen,"PCI interrupt <*>[A] -> GSI <*> (level, low) -> IRQ <*>",1.5360782146453857
"PCI interrupt 0000:02:0e.0[A] -> GSI 46 (level, low) -> IRQ 177","PCI interrupt <*> -> GSI <*> (level, low) -> IRQ <*>",Thunderbird,Unseen,"PCI interrupt <*>[A] -> GSI <*> (level, low) -> IRQ <*>",1.5253000259399414
"PCI interrupt 0000:02:0e.0[A] -> GSI 46 (level, low) -> IRQ 177","PCI interrupt <*> -> GSI <*> (level, low) -> IRQ <*>",Thunderbird,Unseen,"PCI interrupt <*>[A] -> GSI <*> (level, low) -> IRQ <*>",1.5490097999572754
"PCI interrupt 0000:06:07.0[A] -> GSI 64 (level, low) -> IRQ 185","PCI interrupt <*> -> GSI <*> (level, low) -> IRQ <*>",Thunderbird,Unseen,"PCI interrupt <*>[A] -> GSI <*> (level, low) -> IRQ <*>",1.5194497108459473
"PCI interrupt 0000:06:07.0[A] -> GSI 64 (level, low) -> IRQ 185","PCI interrupt <*> -> GSI <*> (level, low) -> IRQ <*>",Thunderbird,Unseen,"PCI interrupt <*>[A] -> GSI <*> (level, low) -> IRQ <*>",1.5252389907836914
"PCI interrupt 0000:07:08.0[A] -> GSI 65 (level, low) -> IRQ 193","PCI interrupt <*> -> GSI <*> (level, low) -> IRQ <*>",Thunderbird,Unseen,"PCI interrupt <*>[A] -> GSI <*> (level, low) -> IRQ <*>",1.5283074378967285
"PCI interrupt 0000:07:08.0[A] -> GSI 65 (level, low) -> IRQ 193","PCI interrupt <*> -> GSI <*> (level, low) -> IRQ <*>",Thunderbird,Unseen,"PCI interrupt <*>[A] -> GSI <*> (level, low) -> IRQ <*>",1.5229098796844482
"PCI interrupt 0000:09:0d.0[A] -> GSI 18 (level, low) -> IRQ 201","PCI interrupt <*> -> GSI <*> (level, low) -> IRQ <*>",Thunderbird,Unseen,"PCI interrupt <*>[A] -> GSI <*> (level, low) -> IRQ <*>",1.5280749797821045
"Trace cache: 12K uops, L1 D cache: 16K","Trace cache: <*> uops, L1 D cache: <*>",Thunderbird,Unseen,"Trace cache: <*> uops, L1 D cache: <*>",1.081709384918213
"Trace cache: 12K uops, L1 D cache: 16K","Trace cache: <*> uops, L1 D cache: <*>",Thunderbird,Unseen,"Trace cache: <*> uops, L1 D cache: <*>",1.0786664485931396
"Trace cache: 12K uops, L1 D cache: 16K","Trace cache: <*> uops, L1 D cache: <*>",Thunderbird,Unseen,"Trace cache: <*> uops, L1 D cache: <*>",1.1059091091156006
"Trace cache: 12K uops, L1 D cache: 16K","Trace cache: <*> uops, L1 D cache: <*>",Thunderbird,Unseen,"Trace cache: <*> uops, L1 D cache: <*>",1.0694043636322021
"Trace cache: 12K uops, L1 D cache: 16K","Trace cache: <*> uops, L1 D cache: <*>",Thunderbird,Unseen,"Trace cache: <*> uops, L1 D cache: <*>",1.070115089416504
colour VGA+ 80x25,colour VGA+ <*>,Thunderbird,Unseen,colour VGA+ <*>,0.571617841720581
"apic_id 8, version 32, address 0xfec00000, GSI 0-23","apic_id <*>, version <*>, address <*>, GSI <*>",Thunderbird,Unseen,"apic_id <*>, version <*>, address <*>, GSI <*>-<*>",1.557755708694458
"apic_id 9, version 32, address 0xfec80000, GSI 32-55","apic_id <*>, version <*>, address <*>, GSI <*>",Thunderbird,Unseen,"apic_id <*>, version <*>, address <*>, GSI <*>-<*>",1.5384984016418457
"apic_id 10, version 32, address 0xfec83000, GSI 64-87","apic_id <*>, version <*>, address <*>, GSI <*>",Thunderbird,Unseen,"apic_id <*>, version <*>, address <*>, GSI <*>-<*>",1.541466474533081
Using software bounce buffering for IO (SWIOTLB),Using software bounce buffering for IO (SWIOTLB),Thunderbird,Unseen,Using software bounce buffering for IO (SWIOTLB),1.0814948081970215
Transparent bridge - 0000:00:1e.0,Transparent bridge - <*>,Thunderbird,Unseen,Transparent bridge - <*>,0.5213289260864258
Disabled at runtime.,Disabled at runtime.,Thunderbird,Unseen,Disabled at runtime.,0.38669919967651367
4.1.0-ioctl (2003-12-10) initialised: #36#@#37#,<*>-ioctl (<*>) initialised: #<*>#@#<*>#,Thunderbird,Unseen,<*>(<*>) initialised: <*><*><*>,1.0902845859527588
eth0: e1000_probe: Intel(R) PRO/1000 Network Connection,<*>: <*>: Intel(R) PRO/<*> Network Connection,Thunderbird,Unseen,eth0: e1000_probe: Intel(R) PRO/<*> Network Connection,1.4813313484191895
eth1: e1000_probe: Intel(R) PRO/1000 Network Connection,<*>: <*>: Intel(R) PRO/<*> Network Connection,Thunderbird,Unseen,eth1: e1000_probe: Intel(R) PRO/<*> Network Connection,1.4707248210906982
(C) 2000-2002 Netfilter core team,(C) <*>-<*> Netfilter core team,Thunderbird,Unseen,(C) <*>,0.45624351501464844
(C) 2000-2002 Netfilter core team,(C) <*>-<*> Netfilter core team,Thunderbird,Unseen,(C) <*>,0.4588503837585449
(C) 2000-2002 Netfilter core team,(C) <*>-<*> Netfilter core team,Thunderbird,Unseen,(C) <*>,0.4522533416748047
(C) 2000-2002 Netfilter core team,(C) <*>-<*> Netfilter core team,Thunderbird,Unseen,(C) <*>,0.44440722465515137
Installing public key data,Installing public key data,Thunderbird,Unseen,Installing public key data,0.43996763229370117
... autorun DONE.,... autorun DONE.,Thunderbird,Unseen,... autorun DONE.,0.5126674175262451
... autorun DONE.,... autorun DONE.,Thunderbird,Unseen,... autorun DONE.,0.5197470188140869
#38#-rh1 (Release Date: Fri Dec 10 19:02:14 EST 2004),<*> (Release Date: <*> <*>),Thunderbird,Unseen,#<*> (Release Date: Fri Dec <*> <*>:<*>:<*> EST <*>),1.715550184249878
#39# (Release Date: Mon Sep 27 22:15:07 EDT 2004),<*> (Release Date: <*> <*>),Thunderbird,Unseen,#<*> (Release Date: <*>),0.7595183849334717
LSI Logic MegaRAID driver,LSI Logic MegaRAID driver,Thunderbird,Unseen,LSI Logic MegaRAID driver,0.7018461227416992
Registering secondary module capability,Registering secondary module capability,Thunderbird,Unseen,Registering secondary module capability,0.44896841049194336
Using HPET based timekeeping.,Using HPET based timekeeping.,Thunderbird,Unseen,Using HPET based timekeeping.,0.6502912044525146
"synchronized to 10.100.22.250, stratum 3","synchronized to <*>, stratum <*>",Thunderbird,Unseen,"synchronized to <*>, stratum <*>",0.84377121925354
"synchronized to 10.100.18.250, stratum 3","synchronized to <*>, stratum <*>",Thunderbird,Unseen,"synchronized to <*>, stratum <*>",0.8458695411682129
"synchronized to 10.100.24.250, stratum 3","synchronized to <*>, stratum <*>",Thunderbird,Unseen,"synchronized to <*>, stratum <*>",0.8336532115936279
"synchronized to 10.100.28.250, stratum 3","synchronized to <*>, stratum <*>",Thunderbird,Unseen,"synchronized to <*>, stratum <*>",0.8407373428344727
"synchronized to 10.100.20.250, stratum 3","synchronized to <*>, stratum <*>",Thunderbird,Unseen,"synchronized to <*>, stratum <*>",0.8294761180877686
"synchronized to 10.100.16.250, stratum 3","synchronized to <*>, stratum <*>",Thunderbird,Unseen,"synchronized to <*>, stratum <*>",0.8580751419067383
Warning: we failed to resolve trusted host name dadmin3 dadmin4,Warning: we failed to resolve trusted host name <*>,Thunderbird,Unseen,Warning: we failed to resolve trusted host name <*> <*>,0.9400577545166016
"synchronized to 10.100.10.250, stratum 3","synchronized to <*>, stratum <*>",Thunderbird,Unseen,"synchronized to <*>, stratum <*>",0.834467887878418
"synchronized to 10.100.20.250, stratum 3","synchronized to <*>, stratum <*>",Thunderbird,Unseen,"synchronized to <*>, stratum <*>",0.8211379051208496
error: Bind to port 22 on 0.0.0.0 failed: Address already in use.,error: Bind to port <*> on <*> failed: Address already in use.,Thunderbird,Unseen,error: Bind to port <*> on <*> failed: Address already in use.,1.2546675205230713
"synchronized to 10.100.22.250, stratum 3","synchronized to <*>, stratum <*>",Thunderbird,Unseen,"synchronized to <*>, stratum <*>",0.8319735527038574
Changing permissions on special file /dev/logsurfer,Changing permissions on special file <*>,Thunderbird,Unseen,Changing permissions on special file <*>,0.6403193473815918
"synchronized to 10.100.16.250, stratum 3","synchronized to <*>, stratum <*>",Thunderbird,Unseen,"synchronized to <*>, stratum <*>",0.8348805904388428
"synchronized to 10.100.16.250, stratum 3","synchronized to <*>, stratum <*>",Thunderbird,Unseen,"synchronized to <*>, stratum <*>",0.8614673614501953
"synchronized to 10.100.30.250, stratum 3","synchronized to <*>, stratum <*>",Thunderbird,Unseen,"synchronized to <*>, stratum <*>",0.8383142948150635
"synchronized to 10.100.20.250, stratum 3","synchronized to <*>, stratum <*>",Thunderbird,Unseen,"synchronized to <*>, stratum <*>",0.8248481750488281
xinetd startup succeeded,xinetd startup succeeded,Thunderbird,Unseen,xinetd startup succeeded,0.4439234733581543
Started working: 1 available service,Started working: <*> available service,Thunderbird,Unseen,Started working: <*> available service,0.6297385692596436
"synchronized to 10.100.18.250, stratum 3","synchronized to <*>, stratum <*>",Thunderbird,Unseen,"synchronized to <*>, stratum <*>",0.8269805908203125
"synchronized to 10.100.18.250, stratum 3","synchronized to <*>, stratum <*>",Thunderbird,Unseen,"synchronized to <*>, stratum <*>",0.8235764503479004
"synchronized to 10.100.22.250, stratum 3","synchronized to <*>, stratum <*>",Thunderbird,Unseen,"synchronized to <*>, stratum <*>",0.8390133380889893
"synchronized to 10.100.18.250, stratum 3","synchronized to <*>, stratum <*>",Thunderbird,Unseen,"synchronized to <*>, stratum <*>",0.8135159015655518
"synchronized to 10.100.22.250, stratum 3","synchronized to <*>, stratum <*>",Thunderbird,Unseen,"synchronized to <*>, stratum <*>",0.8191468715667725
"synchronized to 10.100.20.250, stratum 3","synchronized to <*>, stratum <*>",Thunderbird,Unseen,"synchronized to <*>, stratum <*>",0.8290998935699463
"synchronized to 10.100.26.250, stratum 3","synchronized to <*>, stratum <*>",Thunderbird,Unseen,"synchronized to <*>, stratum <*>",0.8316142559051514
"synchronized to 10.100.18.250, stratum 3","synchronized to <*>, stratum <*>",Thunderbird,Unseen,"synchronized to <*>, stratum <*>",0.8589627742767334
"synchronized to 10.100.20.250, stratum 3","synchronized to <*>, stratum <*>",Thunderbird,Unseen,"synchronized to <*>, stratum <*>",0.8323216438293457
"synchronized to 10.100.10.250, stratum 3","synchronized to <*>, stratum <*>",Thunderbird,Unseen,"synchronized to <*>, stratum <*>",0.8272354602813721
"synchronized to 10.100.8.250, stratum 3","synchronized to <*>, stratum <*>",Thunderbird,Unseen,"synchronized to <*>, stratum <*>",0.8680603504180908
"synchronized to 10.100.16.250, stratum 3","synchronized to <*>, stratum <*>",Thunderbird,Unseen,"synchronized to <*>, stratum <*>",0.8458147048950195
"synchronized to 10.100.22.250, stratum 3","synchronized to <*>, stratum <*>",Thunderbird,Unseen,"synchronized to <*>, stratum <*>",0.8308169841766357
"synchronized to 10.100.20.250, stratum 3","synchronized to <*>, stratum <*>",Thunderbird,Unseen,"synchronized to <*>, stratum <*>",0.8355677127838135
"synchronized to 10.100.16.250, stratum 3","synchronized to <*>, stratum <*>",Thunderbird,Unseen,"synchronized to <*>, stratum <*>",0.8360345363616943
"synchronized to 10.100.20.250, stratum 3","synchronized to <*>, stratum <*>",Thunderbird,Unseen,"synchronized to <*>, stratum <*>",0.8458359241485596
"synchronized to 10.100.20.250, stratum 3","synchronized to <*>, stratum <*>",Thunderbird,Unseen,"synchronized to <*>, stratum <*>",0.8462479114532471
"synchronized to 10.100.20.250, stratum 3","synchronized to <*>, stratum <*>",Thunderbird,Unseen,"synchronized to <*>, stratum <*>",0.8318009376525879
"synchronized to 10.100.20.250, stratum 3","synchronized to <*>, stratum <*>",Thunderbird,Unseen,"synchronized to <*>, stratum <*>",0.839709997177124
"synchronized to 10.100.16.250, stratum 3","synchronized to <*>, stratum <*>",Thunderbird,Unseen,"synchronized to <*>, stratum <*>",0.8182542324066162
"synchronized to 10.100.28.250, stratum 3","synchronized to <*>, stratum <*>",Thunderbird,Unseen,"synchronized to <*>, stratum <*>",0.8162930011749268
"synchronized to 10.100.20.250, stratum 3","synchronized to <*>, stratum <*>",Thunderbird,Unseen,"synchronized to <*>, stratum <*>",0.8249530792236328
"synchronized to 10.100.22.250, stratum 3","synchronized to <*>, stratum <*>",Thunderbird,Unseen,"synchronized to <*>, stratum <*>",0.8322386741638184
"synchronized to 10.100.22.250, stratum 3","synchronized to <*>, stratum <*>",Thunderbird,Unseen,"synchronized to <*>, stratum <*>",0.8403949737548828
"synchronized to 10.100.16.250, stratum 3","synchronized to <*>, stratum <*>",Thunderbird,Unseen,"synchronized to <*>, stratum <*>",0.8268253803253174
"synchronized to 10.100.26.250, stratum 3","synchronized to <*>, stratum <*>",Thunderbird,Unseen,"synchronized to <*>, stratum <*>",0.8368873596191406
"synchronized to 10.100.16.250, stratum 3","synchronized to <*>, stratum <*>",Thunderbird,Unseen,"synchronized to <*>, stratum <*>",0.8306014537811279
"synchronized to 10.100.28.250, stratum 3","synchronized to <*>, stratum <*>",Thunderbird,Unseen,"synchronized to <*>, stratum <*>",0.826416015625
"synchronized to 10.100.28.250, stratum 3","synchronized to <*>, stratum <*>",Thunderbird,Unseen,"synchronized to <*>, stratum <*>",0.8363790512084961
"synchronized to 10.100.18.250, stratum 3","synchronized to <*>, stratum <*>",Thunderbird,Unseen,"synchronized to <*>, stratum <*>",0.8305642604827881
"synchronized to 10.100.26.250, stratum 3","synchronized to <*>, stratum <*>",Thunderbird,Unseen,"synchronized to <*>, stratum <*>",0.8363416194915771
"synchronized to 10.100.8.250, stratum 3","synchronized to <*>, stratum <*>",Thunderbird,Unseen,"synchronized to <*>, stratum <*>",0.8306732177734375
"synchronized to 10.100.22.250, stratum 3","synchronized to <*>, stratum <*>",Thunderbird,Unseen,"synchronized to <*>, stratum <*>",0.823967695236206
"synchronized to 10.100.20.250, stratum 3","synchronized to <*>, stratum <*>",Thunderbird,Unseen,"synchronized to <*>, stratum <*>",0.8346474170684814
"synchronized to 10.100.20.250, stratum 3","synchronized to <*>, stratum <*>",Thunderbird,Unseen,"synchronized to <*>, stratum <*>",0.8290798664093018
"synchronized to 10.100.22.250, stratum 3","synchronized to <*>, stratum <*>",Thunderbird,Unseen,"synchronized to <*>, stratum <*>",0.8392982482910156
"synchronized to 10.100.20.250, stratum 3","synchronized to <*>, stratum <*>",Thunderbird,Unseen,"synchronized to <*>, stratum <*>",0.8283042907714844
"synchronized to 10.100.20.250, stratum 3","synchronized to <*>, stratum <*>",Thunderbird,Unseen,"synchronized to <*>, stratum <*>",0.8377680778503418
"synchronized to 10.100.20.250, stratum 3","synchronized to <*>, stratum <*>",Thunderbird,Unseen,"synchronized to <*>, stratum <*>",0.8542788028717041
"synchronized to 10.100.12.250, stratum 3","synchronized to <*>, stratum <*>",Thunderbird,Unseen,"synchronized to <*>, stratum <*>",0.8542017936706543
"synchronized to 10.100.28.250, stratum 3","synchronized to <*>, stratum <*>",Thunderbird,Unseen,"synchronized to <*>, stratum <*>",0.8320133686065674
"synchronized to 10.100.20.250, stratum 3","synchronized to <*>, stratum <*>",Thunderbird,Unseen,"synchronized to <*>, stratum <*>",0.8296456336975098
"synchronized to 10.100.18.250, stratum 3","synchronized to <*>, stratum <*>",Thunderbird,Unseen,"synchronized to <*>, stratum <*>",0.8360958099365234
"synchronized to 10.100.16.250, stratum 3","synchronized to <*>, stratum <*>",Thunderbird,Unseen,"synchronized to <*>, stratum <*>",0.8253459930419922
"synchronized to 10.100.20.250, stratum 3","synchronized to <*>, stratum <*>",Thunderbird,Unseen,"synchronized to <*>, stratum <*>",0.8443291187286377
"synchronized to 10.100.22.250, stratum 3","synchronized to <*>, stratum <*>",Thunderbird,Unseen,"synchronized to <*>, stratum <*>",0.8484237194061279
"synchronized to 10.100.20.250, stratum 3","synchronized to <*>, stratum <*>",Thunderbird,Unseen,"synchronized to <*>, stratum <*>",0.8246400356292725
"synchronized to 10.100.28.250, stratum 3","synchronized to <*>, stratum <*>",Thunderbird,Unseen,"synchronized to <*>, stratum <*>",0.8385710716247559
"synchronized to 10.100.14.250, stratum 3","synchronized to <*>, stratum <*>",Thunderbird,Unseen,"synchronized to <*>, stratum <*>",0.8185582160949707
"synchronized to 10.100.24.250, stratum 3","synchronized to <*>, stratum <*>",Thunderbird,Unseen,"synchronized to <*>, stratum <*>",0.8257722854614258
"synchronized to 10.100.18.250, stratum 3","synchronized to <*>, stratum <*>",Thunderbird,Unseen,"synchronized to <*>, stratum <*>",0.8207597732543945
"synchronized to 10.100.28.250, stratum 3","synchronized to <*>, stratum <*>",Thunderbird,Unseen,"synchronized to <*>, stratum <*>",0.8367516994476318
"synchronized to 10.100.16.250, stratum 3","synchronized to <*>, stratum <*>",Thunderbird,Unseen,"synchronized to <*>, stratum <*>",0.8389632701873779
"synchronized to 10.100.16.250, stratum 3","synchronized to <*>, stratum <*>",Thunderbird,Unseen,"synchronized to <*>, stratum <*>",0.8244876861572266
"synchronized to 10.100.16.250, stratum 3","synchronized to <*>, stratum <*>",Thunderbird,Unseen,"synchronized to <*>, stratum <*>",0.8410866260528564
"synchronized to 10.100.20.250, stratum 3","synchronized to <*>, stratum <*>",Thunderbird,Unseen,"synchronized to <*>, stratum <*>",0.8281064033508301
"synchronized to 10.100.22.250, stratum 3","synchronized to <*>, stratum <*>",Thunderbird,Unseen,"synchronized to <*>, stratum <*>",0.8194680213928223
"synchronized to 10.100.18.250, stratum 3","synchronized to <*>, stratum <*>",Thunderbird,Unseen,"synchronized to <*>, stratum <*>",0.8237206935882568
"synchronized to 10.100.20.250, stratum 3","synchronized to <*>, stratum <*>",Thunderbird,Unseen,"synchronized to <*>, stratum <*>",0.8293454647064209
"synchronized to 10.100.22.250, stratum 3","synchronized to <*>, stratum <*>",Thunderbird,Unseen,"synchronized to <*>, stratum <*>",0.8344066143035889
"synchronized to 10.100.18.250, stratum 3","synchronized to <*>, stratum <*>",Thunderbird,Unseen,"synchronized to <*>, stratum <*>",0.8322694301605225
"synchronized to 10.100.20.250, stratum 3","synchronized to <*>, stratum <*>",Thunderbird,Unseen,"synchronized to <*>, stratum <*>",0.8370966911315918
"synchronized to 10.100.20.250, stratum 3","synchronized to <*>, stratum <*>",Thunderbird,Unseen,"synchronized to <*>, stratum <*>",0.8329043388366699
"synchronized to 10.100.20.250, stratum 3","synchronized to <*>, stratum <*>",Thunderbird,Unseen,"synchronized to <*>, stratum <*>",0.8296682834625244
"synchronized to 10.100.16.250, stratum 3","synchronized to <*>, stratum <*>",Thunderbird,Unseen,"synchronized to <*>, stratum <*>",0.8513238430023193
"synchronized to 10.100.16.250, stratum 3","synchronized to <*>, stratum <*>",Thunderbird,Unseen,"synchronized to <*>, stratum <*>",0.8313803672790527
"synchronized to 10.100.16.250, stratum 3","synchronized to <*>, stratum <*>",Thunderbird,Unseen,"synchronized to <*>, stratum <*>",0.8367800712585449
"synchronized to 10.100.22.250, stratum 3","synchronized to <*>, stratum <*>",Thunderbird,Unseen,"synchronized to <*>, stratum <*>",0.8424201011657715
"synchronized to 10.100.16.250, stratum 3","synchronized to <*>, stratum <*>",Thunderbird,Unseen,"synchronized to <*>, stratum <*>",0.8244383335113525
"synchronized to 10.100.20.250, stratum 3","synchronized to <*>, stratum <*>",Thunderbird,Unseen,"synchronized to <*>, stratum <*>",0.8374602794647217
"synchronized to 10.100.30.250, stratum 3","synchronized to <*>, stratum <*>",Thunderbird,Unseen,"synchronized to <*>, stratum <*>",0.8304202556610107
"synchronized to 10.100.16.250, stratum 3","synchronized to <*>, stratum <*>",Thunderbird,Unseen,"synchronized to <*>, stratum <*>",0.8360381126403809
"synchronized to 10.100.16.250, stratum 3","synchronized to <*>, stratum <*>",Thunderbird,Unseen,"synchronized to <*>, stratum <*>",0.8435447216033936
"synchronized to 10.100.20.250, stratum 3","synchronized to <*>, stratum <*>",Thunderbird,Unseen,"synchronized to <*>, stratum <*>",0.8563480377197266
"synchronized to 10.100.22.250, stratum 3","synchronized to <*>, stratum <*>",Thunderbird,Unseen,"synchronized to <*>, stratum <*>",0.836719274520874
"synchronized to 10.100.18.250, stratum 3","synchronized to <*>, stratum <*>",Thunderbird,Unseen,"synchronized to <*>, stratum <*>",0.8453078269958496
"synchronized to 10.100.20.250, stratum 3","synchronized to <*>, stratum <*>",Thunderbird,Unseen,"synchronized to <*>, stratum <*>",0.8287084102630615
"synchronized to 10.100.16.250, stratum 3","synchronized to <*>, stratum <*>",Thunderbird,Unseen,"synchronized to <*>, stratum <*>",0.8429276943206787
"synchronized to 10.100.20.250, stratum 3","synchronized to <*>, stratum <*>",Thunderbird,Unseen,"synchronized to <*>, stratum <*>",0.8476347923278809
"synchronized to 10.100.20.250, stratum 3","synchronized to <*>, stratum <*>",Thunderbird,Unseen,"synchronized to <*>, stratum <*>",0.8381979465484619
"synchronized to 10.100.20.250, stratum 3","synchronized to <*>, stratum <*>",Thunderbird,Unseen,"synchronized to <*>, stratum <*>",0.830662727355957
"synchronized to 10.100.20.250, stratum 3","synchronized to <*>, stratum <*>",Thunderbird,Unseen,"synchronized to <*>, stratum <*>",0.8358020782470703
"synchronized to 10.100.20.250, stratum 3","synchronized to <*>, stratum <*>",Thunderbird,Unseen,"synchronized to <*>, stratum <*>",0.8304836750030518
"synchronized to 10.100.16.250, stratum 3","synchronized to <*>, stratum <*>",Thunderbird,Unseen,"synchronized to <*>, stratum <*>",0.8345005512237549
"synchronized to 10.100.20.250, stratum 3","synchronized to <*>, stratum <*>",Thunderbird,Unseen,"synchronized to <*>, stratum <*>",0.8415737152099609
"synchronized to 10.100.22.250, stratum 3","synchronized to <*>, stratum <*>",Thunderbird,Unseen,"synchronized to <*>, stratum <*>",0.831702470779419
"synchronized to 10.100.20.250, stratum 3","synchronized to <*>, stratum <*>",Thunderbird,Unseen,"synchronized to <*>, stratum <*>",0.8433187007904053
"synchronized to 10.100.28.250, stratum 3","synchronized to <*>, stratum <*>",Thunderbird,Unseen,"synchronized to <*>, stratum <*>",0.8569846153259277
"synchronized to 10.100.16.250, stratum 3","synchronized to <*>, stratum <*>",Thunderbird,Unseen,"synchronized to <*>, stratum <*>",0.8465073108673096
"synchronized to 10.100.16.250, stratum 3","synchronized to <*>, stratum <*>",Thunderbird,Unseen,"synchronized to <*>, stratum <*>",0.8469138145446777
"synchronized to 10.100.20.250, stratum 3","synchronized to <*>, stratum <*>",Thunderbird,Unseen,"synchronized to <*>, stratum <*>",0.8184502124786377
"synchronized to 10.100.16.250, stratum 3","synchronized to <*>, stratum <*>",Thunderbird,Unseen,"synchronized to <*>, stratum <*>",0.8387460708618164
"synchronized to 10.100.18.250, stratum 3","synchronized to <*>, stratum <*>",Thunderbird,Unseen,"synchronized to <*>, stratum <*>",0.8530805110931396
"synchronized to 10.100.28.250, stratum 3","synchronized to <*>, stratum <*>",Thunderbird,Unseen,"synchronized to <*>, stratum <*>",0.8930680751800537
"synchronized to 10.100.16.250, stratum 3","synchronized to <*>, stratum <*>",Thunderbird,Unseen,"synchronized to <*>, stratum <*>",0.8443167209625244
"synchronized to 10.100.16.250, stratum 3","synchronized to <*>, stratum <*>",Thunderbird,Unseen,"synchronized to <*>, stratum <*>",0.8382551670074463
"synchronized to 10.100.24.250, stratum 3","synchronized to <*>, stratum <*>",Thunderbird,Unseen,"synchronized to <*>, stratum <*>",0.8463780879974365
"synchronized to 10.100.20.250, stratum 3","synchronized to <*>, stratum <*>",Thunderbird,Unseen,"synchronized to <*>, stratum <*>",0.8307685852050781
"synchronized to 10.100.26.250, stratum 3","synchronized to <*>, stratum <*>",Thunderbird,Unseen,"synchronized to <*>, stratum <*>",0.8399217128753662
"synchronized to 10.100.20.250, stratum 3","synchronized to <*>, stratum <*>",Thunderbird,Unseen,"synchronized to <*>, stratum <*>",0.8400185108184814
"synchronized to 10.100.26.250, stratum 3","synchronized to <*>, stratum <*>",Thunderbird,Unseen,"synchronized to <*>, stratum <*>",0.8290977478027344
"synchronized to 10.100.20.250, stratum 3","synchronized to <*>, stratum <*>",Thunderbird,Unseen,"synchronized to <*>, stratum <*>",0.8326172828674316
"synchronized to 10.100.12.250, stratum 3","synchronized to <*>, stratum <*>",Thunderbird,Unseen,"synchronized to <*>, stratum <*>",0.8195667266845703
"synchronized to 10.100.24.250, stratum 3","synchronized to <*>, stratum <*>",Thunderbird,Unseen,"synchronized to <*>, stratum <*>",0.8171103000640869
"synchronized to 10.100.16.250, stratum 3","synchronized to <*>, stratum <*>",Thunderbird,Unseen,"synchronized to <*>, stratum <*>",0.825737714767456
"synchronized to 10.100.20.250, stratum 3","synchronized to <*>, stratum <*>",Thunderbird,Unseen,"synchronized to <*>, stratum <*>",0.8263523578643799
"synchronized to 10.100.20.250, stratum 3","synchronized to <*>, stratum <*>",Thunderbird,Unseen,"synchronized to <*>, stratum <*>",0.8448255062103271
"synchronized to 10.100.20.250, stratum 3","synchronized to <*>, stratum <*>",Thunderbird,Unseen,"synchronized to <*>, stratum <*>",0.849193811416626
"synchronized to 10.100.22.250, stratum 3","synchronized to <*>, stratum <*>",Thunderbird,Unseen,"synchronized to <*>, stratum <*>",0.8459246158599854
"synchronized to 10.100.20.250, stratum 3","synchronized to <*>, stratum <*>",Thunderbird,Unseen,"synchronized to <*>, stratum <*>",0.8224751949310303
"synchronized to 10.100.28.250, stratum 3","synchronized to <*>, stratum <*>",Thunderbird,Unseen,"synchronized to <*>, stratum <*>",0.8271834850311279
"synchronized to 10.100.16.250, stratum 3","synchronized to <*>, stratum <*>",Thunderbird,Unseen,"synchronized to <*>, stratum <*>",0.831939697265625
"synchronized to 10.100.18.250, stratum 3","synchronized to <*>, stratum <*>",Thunderbird,Unseen,"synchronized to <*>, stratum <*>",0.8419790267944336
"synchronized to 10.100.16.250, stratum 3","synchronized to <*>, stratum <*>",Thunderbird,Unseen,"synchronized to <*>, stratum <*>",0.8323214054107666
"synchronized to 10.100.18.250, stratum 3","synchronized to <*>, stratum <*>",Thunderbird,Unseen,"synchronized to <*>, stratum <*>",0.8371191024780273
"synchronized to 10.100.20.250, stratum 3","synchronized to <*>, stratum <*>",Thunderbird,Unseen,"synchronized to <*>, stratum <*>",0.8309531211853027
"synchronized to 10.100.28.250, stratum 3","synchronized to <*>, stratum <*>",Thunderbird,Unseen,"synchronized to <*>, stratum <*>",0.8351662158966064
"synchronized to 10.100.28.250, stratum 3","synchronized to <*>, stratum <*>",Thunderbird,Unseen,"synchronized to <*>, stratum <*>",0.8380844593048096
"synchronized to 10.100.20.250, stratum 3","synchronized to <*>, stratum <*>",Thunderbird,Unseen,"synchronized to <*>, stratum <*>",0.8630292415618896
"synchronized to 10.100.22.250, stratum 3","synchronized to <*>, stratum <*>",Thunderbird,Unseen,"synchronized to <*>, stratum <*>",0.8574957847595215
"synchronized to 10.100.26.250, stratum 3","synchronized to <*>, stratum <*>",Thunderbird,Unseen,"synchronized to <*>, stratum <*>",0.8541438579559326
"synchronized to 10.100.16.250, stratum 3","synchronized to <*>, stratum <*>",Thunderbird,Unseen,"synchronized to <*>, stratum <*>",0.8244540691375732
"synchronized to 10.100.20.250, stratum 3","synchronized to <*>, stratum <*>",Thunderbird,Unseen,"synchronized to <*>, stratum <*>",0.8295779228210449
"synchronized to 10.100.26.250, stratum 3","synchronized to <*>, stratum <*>",Thunderbird,Unseen,"synchronized to <*>, stratum <*>",0.8306789398193359
"synchronized to 10.100.26.250, stratum 3","synchronized to <*>, stratum <*>",Thunderbird,Unseen,"synchronized to <*>, stratum <*>",0.8194334506988525
"synchronized to 10.100.26.250, stratum 3","synchronized to <*>, stratum <*>",Thunderbird,Unseen,"synchronized to <*>, stratum <*>",0.824751615524292
"synchronized to 10.100.18.250, stratum 3","synchronized to <*>, stratum <*>",Thunderbird,Unseen,"synchronized to <*>, stratum <*>",0.8325455188751221
"synchronized to 10.100.22.250, stratum 3","synchronized to <*>, stratum <*>",Thunderbird,Unseen,"synchronized to <*>, stratum <*>",0.8312065601348877
"synchronized to 10.100.20.250, stratum 3","synchronized to <*>, stratum <*>",Thunderbird,Unseen,"synchronized to <*>, stratum <*>",0.8312594890594482
"synchronized to 10.100.18.250, stratum 3","synchronized to <*>, stratum <*>",Thunderbird,Unseen,"synchronized to <*>, stratum <*>",0.8389437198638916
"synchronized to 10.100.22.250, stratum 3","synchronized to <*>, stratum <*>",Thunderbird,Unseen,"synchronized to <*>, stratum <*>",0.8317806720733643
"synchronized to 10.100.30.250, stratum 3","synchronized to <*>, stratum <*>",Thunderbird,Unseen,"synchronized to <*>, stratum <*>",0.8358416557312012
"synchronized to 10.100.20.250, stratum 3","synchronized to <*>, stratum <*>",Thunderbird,Unseen,"synchronized to <*>, stratum <*>",0.836859941482544
"synchronized to 10.100.10.250, stratum 3","synchronized to <*>, stratum <*>",Thunderbird,Unseen,"synchronized to <*>, stratum <*>",0.8577895164489746
"synchronized to 10.100.18.250, stratum 3","synchronized to <*>, stratum <*>",Thunderbird,Unseen,"synchronized to <*>, stratum <*>",0.8452258110046387
"synchronized to 10.100.16.250, stratum 3","synchronized to <*>, stratum <*>",Thunderbird,Unseen,"synchronized to <*>, stratum <*>",0.8327250480651855
"synchronized to 10.100.16.250, stratum 3","synchronized to <*>, stratum <*>",Thunderbird,Unseen,"synchronized to <*>, stratum <*>",0.8202822208404541
"synchronized to 10.100.16.250, stratum 3","synchronized to <*>, stratum <*>",Thunderbird,Unseen,"synchronized to <*>, stratum <*>",0.8221828937530518
"synchronized to 10.100.22.250, stratum 3","synchronized to <*>, stratum <*>",Thunderbird,Unseen,"synchronized to <*>, stratum <*>",0.8315811157226562
"synchronized to 10.100.18.250, stratum 3","synchronized to <*>, stratum <*>",Thunderbird,Unseen,"synchronized to <*>, stratum <*>",0.8238184452056885
"synchronized to 10.100.20.250, stratum 3","synchronized to <*>, stratum <*>",Thunderbird,Unseen,"synchronized to <*>, stratum <*>",0.8302173614501953
"synchronized to 10.100.20.250, stratum 3","synchronized to <*>, stratum <*>",Thunderbird,Unseen,"synchronized to <*>, stratum <*>",0.8336470127105713
"synchronized to 10.100.16.250, stratum 3","synchronized to <*>, stratum <*>",Thunderbird,Unseen,"synchronized to <*>, stratum <*>",0.8484842777252197
"synchronized to 10.100.22.250, stratum 3","synchronized to <*>, stratum <*>",Thunderbird,Unseen,"synchronized to <*>, stratum <*>",0.8254587650299072
"synchronized to 10.100.18.250, stratum 3","synchronized to <*>, stratum <*>",Thunderbird,Unseen,"synchronized to <*>, stratum <*>",0.8167641162872314
"synchronized to 10.100.20.250, stratum 3","synchronized to <*>, stratum <*>",Thunderbird,Unseen,"synchronized to <*>, stratum <*>",0.8386750221252441
"synchronized to 10.100.16.250, stratum 3","synchronized to <*>, stratum <*>",Thunderbird,Unseen,"synchronized to <*>, stratum <*>",0.8263688087463379
"synchronized to 10.100.20.250, stratum 3","synchronized to <*>, stratum <*>",Thunderbird,Unseen,"synchronized to <*>, stratum <*>",0.8268740177154541
"synchronized to 10.100.24.250, stratum 3","synchronized to <*>, stratum <*>",Thunderbird,Unseen,"synchronized to <*>, stratum <*>",0.8515098094940186
"synchronized to 10.100.30.250, stratum 3","synchronized to <*>, stratum <*>",Thunderbird,Unseen,"synchronized to <*>, stratum <*>",0.8286783695220947
"synchronized to 10.100.12.250, stratum 3","synchronized to <*>, stratum <*>",Thunderbird,Unseen,"synchronized to <*>, stratum <*>",0.8289234638214111
"synchronized to 10.100.20.250, stratum 3","synchronized to <*>, stratum <*>",Thunderbird,Unseen,"synchronized to <*>, stratum <*>",0.8311307430267334
"synchronized to 10.100.16.250, stratum 3","synchronized to <*>, stratum <*>",Thunderbird,Unseen,"synchronized to <*>, stratum <*>",0.8298602104187012
"synchronized to 10.100.22.250, stratum 3","synchronized to <*>, stratum <*>",Thunderbird,Unseen,"synchronized to <*>, stratum <*>",0.8384246826171875
"synchronized to 10.100.16.250, stratum 3","synchronized to <*>, stratum <*>",Thunderbird,Unseen,"synchronized to <*>, stratum <*>",0.8477292060852051
"synchronized to 10.100.22.250, stratum 3","synchronized to <*>, stratum <*>",Thunderbird,Unseen,"synchronized to <*>, stratum <*>",0.8286268711090088
"synchronized to 10.100.20.250, stratum 3","synchronized to <*>, stratum <*>",Thunderbird,Unseen,"synchronized to <*>, stratum <*>",0.8312618732452393
