Content,EventTemplate,Dataset,Category,Unseen_Mistral_FT_Zookeeper_2,Inference_time_2
"Connection broken for id 188978561024, my id = 1, error =","Connection broken for id <*>, my id = <*>, error =",Zookeeper,Unseen,"Connection broken for id <*>, my id = <*>, error = <*>",4.6577067375183105
"Connection broken for id 188978561024, my id = 1, error =","Connection broken for id <*>, my id = <*>, error =",Zookeeper,Unseen,"Connection broken for id <*>, my id = <*>, error = <*>",1.2426233291625977
"Connection broken for id 188978561024, my id = 1, error =","Connection broken for id <*>, my id = <*>, error =",Zookeeper,Unseen,"Connection broken for id <*>, my id = <*>, error = <*>",1.217043161392212
"Connection broken for id 188978561024, my id = 1, error =","Connection broken for id <*>, my id = <*>, error =",Zookeeper,Unseen,"Connection broken for id <*>, my id = <*>, error = <*>",1.237095832824707
"Connection broken for id 188978561024, my id = 1, error =","Connection broken for id <*>, my id = <*>, error =",Zookeeper,Unseen,"Connection broken for id <*>, my id = <*>, error = <*>",1.2443532943725586
"Connection broken for id 188978561024, my id = 1, error =","Connection broken for id <*>, my id = <*>, error =",Zookeeper,Unseen,"Connection broken for id <*>, my id = <*>, error = <*>",1.2320795059204102
"Connection broken for id 188978561024, my id = 1, error =","Connection broken for id <*>, my id = <*>, error =",Zookeeper,Unseen,"Connection broken for id <*>, my id = <*>, error = <*>",1.2096498012542725
"Connection broken for id 188978561024, my id = 1, error =","Connection broken for id <*>, my id = <*>, error =",Zookeeper,Unseen,"Connection broken for id <*>, my id = <*>, error = <*>",1.246168851852417
"Connection broken for id 188978561024, my id = 1, error =","Connection broken for id <*>, my id = <*>, error =",Zookeeper,Unseen,"Connection broken for id <*>, my id = <*>, error = <*>",1.2305443286895752
"Connection broken for id 188978561024, my id = 1, error =","Connection broken for id <*>, my id = <*>, error =",Zookeeper,Unseen,"Connection broken for id <*>, my id = <*>, error = <*>",1.2229344844818115
"Connection broken for id 188978561024, my id = 1, error =","Connection broken for id <*>, my id = <*>, error =",Zookeeper,Unseen,"Connection broken for id <*>, my id = <*>, error = <*>",1.2471237182617188
"Connection broken for id 188978561024, my id = 1, error =","Connection broken for id <*>, my id = <*>, error =",Zookeeper,Unseen,"Connection broken for id <*>, my id = <*>, error = <*>",1.2061197757720947
"Connection broken for id 188978561024, my id = 1, error =","Connection broken for id <*>, my id = <*>, error =",Zookeeper,Unseen,"Connection broken for id <*>, my id = <*>, error = <*>",1.2486133575439453
"Connection broken for id 188978561024, my id = 1, error =","Connection broken for id <*>, my id = <*>, error =",Zookeeper,Unseen,"Connection broken for id <*>, my id = <*>, error = <*>",1.2562756538391113
"Connection broken for id 188978561024, my id = 1, error =","Connection broken for id <*>, my id = <*>, error =",Zookeeper,Unseen,"Connection broken for id <*>, my id = <*>, error = <*>",1.235849142074585
"Connection broken for id 188978561024, my id = 1, error =","Connection broken for id <*>, my id = <*>, error =",Zookeeper,Unseen,"Connection broken for id <*>, my id = <*>, error = <*>",1.2361526489257812
"Connection broken for id 188978561024, my id = 1, error =","Connection broken for id <*>, my id = <*>, error =",Zookeeper,Unseen,"Connection broken for id <*>, my id = <*>, error = <*>",1.228358507156372
"Connection broken for id 188978561024, my id = 1, error =","Connection broken for id <*>, my id = <*>, error =",Zookeeper,Unseen,"Connection broken for id <*>, my id = <*>, error = <*>",1.2057430744171143
"Connection broken for id 188978561024, my id = 1, error =","Connection broken for id <*>, my id = <*>, error =",Zookeeper,Unseen,"Connection broken for id <*>, my id = <*>, error = <*>",1.2332568168640137
"Connection broken for id 188978561024, my id = 1, error =","Connection broken for id <*>, my id = <*>, error =",Zookeeper,Unseen,"Connection broken for id <*>, my id = <*>, error = <*>",1.2251994609832764
"Connection broken for id 188978561024, my id = 1, error =","Connection broken for id <*>, my id = <*>, error =",Zookeeper,Unseen,"Connection broken for id <*>, my id = <*>, error = <*>",1.2330513000488281
"Connection broken for id 188978561024, my id = 1, error =","Connection broken for id <*>, my id = <*>, error =",Zookeeper,Unseen,"Connection broken for id <*>, my id = <*>, error = <*>",1.2526936531066895
"Connection broken for id 188978561024, my id = 1, error =","Connection broken for id <*>, my id = <*>, error =",Zookeeper,Unseen,"Connection broken for id <*>, my id = <*>, error = <*>",1.2389631271362305
"Connection broken for id 188978561024, my id = 1, error =","Connection broken for id <*>, my id = <*>, error =",Zookeeper,Unseen,"Connection broken for id <*>, my id = <*>, error = <*>",1.2126777172088623
"Connection broken for id 188978561024, my id = 1, error =","Connection broken for id <*>, my id = <*>, error =",Zookeeper,Unseen,"Connection broken for id <*>, my id = <*>, error = <*>",1.19954252243042
"Connection broken for id 188978561024, my id = 1, error =","Connection broken for id <*>, my id = <*>, error =",Zookeeper,Unseen,"Connection broken for id <*>, my id = <*>, error = <*>",1.2570075988769531
"Connection broken for id 188978561024, my id = 1, error =","Connection broken for id <*>, my id = <*>, error =",Zookeeper,Unseen,"Connection broken for id <*>, my id = <*>, error = <*>",1.2153599262237549
"Connection broken for id 188978561024, my id = 1, error =","Connection broken for id <*>, my id = <*>, error =",Zookeeper,Unseen,"Connection broken for id <*>, my id = <*>, error = <*>",1.2026081085205078
"Connection broken for id 188978561024, my id = 1, error =","Connection broken for id <*>, my id = <*>, error =",Zookeeper,Unseen,"Connection broken for id <*>, my id = <*>, error = <*>",1.2123587131500244
"Connection broken for id 188978561024, my id = 1, error =","Connection broken for id <*>, my id = <*>, error =",Zookeeper,Unseen,"Connection broken for id <*>, my id = <*>, error = <*>",1.2344801425933838
"Connection broken for id 188978561024, my id = 1, error =","Connection broken for id <*>, my id = <*>, error =",Zookeeper,Unseen,"Connection broken for id <*>, my id = <*>, error = <*>",1.2201077938079834
"Connection broken for id 188978561024, my id = 1, error =","Connection broken for id <*>, my id = <*>, error =",Zookeeper,Unseen,"Connection broken for id <*>, my id = <*>, error = <*>",1.2749340534210205
"Connection broken for id 188978561024, my id = 1, error =","Connection broken for id <*>, my id = <*>, error =",Zookeeper,Unseen,"Connection broken for id <*>, my id = <*>, error = <*>",1.2389740943908691
"Connection broken for id 188978561024, my id = 1, error =","Connection broken for id <*>, my id = <*>, error =",Zookeeper,Unseen,"Connection broken for id <*>, my id = <*>, error = <*>",1.2478528022766113
"Connection broken for id 188978561024, my id = 1, error =","Connection broken for id <*>, my id = <*>, error =",Zookeeper,Unseen,"Connection broken for id <*>, my id = <*>, error = <*>",1.2392282485961914
"Connection broken for id 188978561024, my id = 1, error =","Connection broken for id <*>, my id = <*>, error =",Zookeeper,Unseen,"Connection broken for id <*>, my id = <*>, error = <*>",1.210775375366211
"Connection broken for id 188978561024, my id = 1, error =","Connection broken for id <*>, my id = <*>, error =",Zookeeper,Unseen,"Connection broken for id <*>, my id = <*>, error = <*>",1.2490432262420654
"Connection broken for id 188978561024, my id = 1, error =","Connection broken for id <*>, my id = <*>, error =",Zookeeper,Unseen,"Connection broken for id <*>, my id = <*>, error = <*>",1.2193572521209717
"Connection broken for id 188978561024, my id = 1, error =","Connection broken for id <*>, my id = <*>, error =",Zookeeper,Unseen,"Connection broken for id <*>, my id = <*>, error = <*>",1.2028133869171143
"Connection broken for id 188978561024, my id = 1, error =","Connection broken for id <*>, my id = <*>, error =",Zookeeper,Unseen,"Connection broken for id <*>, my id = <*>, error = <*>",1.2376043796539307
"Connection broken for id 188978561024, my id = 1, error =","Connection broken for id <*>, my id = <*>, error =",Zookeeper,Unseen,"Connection broken for id <*>, my id = <*>, error = <*>",1.2581613063812256
"Connection broken for id 188978561024, my id = 1, error =","Connection broken for id <*>, my id = <*>, error =",Zookeeper,Unseen,"Connection broken for id <*>, my id = <*>, error = <*>",1.2274339199066162
"Connection broken for id 188978561024, my id = 1, error =","Connection broken for id <*>, my id = <*>, error =",Zookeeper,Unseen,"Connection broken for id <*>, my id = <*>, error = <*>",1.234496831893921
"Connection broken for id 188978561024, my id = 1, error =","Connection broken for id <*>, my id = <*>, error =",Zookeeper,Unseen,"Connection broken for id <*>, my id = <*>, error = <*>",1.2262353897094727
"Connection broken for id 188978561024, my id = 1, error =","Connection broken for id <*>, my id = <*>, error =",Zookeeper,Unseen,"Connection broken for id <*>, my id = <*>, error = <*>",1.2209596633911133
"Connection broken for id 188978561024, my id = 1, error =","Connection broken for id <*>, my id = <*>, error =",Zookeeper,Unseen,"Connection broken for id <*>, my id = <*>, error = <*>",1.2215864658355713
"Connection broken for id 188978561024, my id = 1, error =","Connection broken for id <*>, my id = <*>, error =",Zookeeper,Unseen,"Connection broken for id <*>, my id = <*>, error = <*>",1.2474894523620605
"Connection broken for id 188978561024, my id = 1, error =","Connection broken for id <*>, my id = <*>, error =",Zookeeper,Unseen,"Connection broken for id <*>, my id = <*>, error = <*>",1.2136847972869873
"Connection broken for id 188978561024, my id = 1, error =","Connection broken for id <*>, my id = <*>, error =",Zookeeper,Unseen,"Connection broken for id <*>, my id = <*>, error = <*>",1.219613790512085
"Connection broken for id 188978561024, my id = 1, error =","Connection broken for id <*>, my id = <*>, error =",Zookeeper,Unseen,"Connection broken for id <*>, my id = <*>, error = <*>",1.2468092441558838
"Connection broken for id 188978561024, my id = 1, error =","Connection broken for id <*>, my id = <*>, error =",Zookeeper,Unseen,"Connection broken for id <*>, my id = <*>, error = <*>",1.2603201866149902
"Connection broken for id 188978561024, my id = 1, error =","Connection broken for id <*>, my id = <*>, error =",Zookeeper,Unseen,"Connection broken for id <*>, my id = <*>, error = <*>",1.2102477550506592
"Connection broken for id 188978561024, my id = 1, error =","Connection broken for id <*>, my id = <*>, error =",Zookeeper,Unseen,"Connection broken for id <*>, my id = <*>, error = <*>",1.2375519275665283
"Connection broken for id 188978561024, my id = 1, error =","Connection broken for id <*>, my id = <*>, error =",Zookeeper,Unseen,"Connection broken for id <*>, my id = <*>, error = <*>",1.2386915683746338
"Connection broken for id 188978561024, my id = 1, error =","Connection broken for id <*>, my id = <*>, error =",Zookeeper,Unseen,"Connection broken for id <*>, my id = <*>, error = <*>",1.2311506271362305
"Connection broken for id 188978561024, my id = 1, error =","Connection broken for id <*>, my id = <*>, error =",Zookeeper,Unseen,"Connection broken for id <*>, my id = <*>, error = <*>",1.2280895709991455
"Connection broken for id 188978561024, my id = 1, error =","Connection broken for id <*>, my id = <*>, error =",Zookeeper,Unseen,"Connection broken for id <*>, my id = <*>, error = <*>",1.2409615516662598
"Connection broken for id 188978561024, my id = 1, error =","Connection broken for id <*>, my id = <*>, error =",Zookeeper,Unseen,"Connection broken for id <*>, my id = <*>, error = <*>",1.2276277542114258
"Connection broken for id 188978561024, my id = 1, error =","Connection broken for id <*>, my id = <*>, error =",Zookeeper,Unseen,"Connection broken for id <*>, my id = <*>, error = <*>",1.2237637042999268
"Connection broken for id 188978561024, my id = 1, error =","Connection broken for id <*>, my id = <*>, error =",Zookeeper,Unseen,"Connection broken for id <*>, my id = <*>, error = <*>",1.2950761318206787
"Connection broken for id 188978561024, my id = 1, error =","Connection broken for id <*>, my id = <*>, error =",Zookeeper,Unseen,"Connection broken for id <*>, my id = <*>, error = <*>",1.2267098426818848
"Connection broken for id 188978561024, my id = 1, error =","Connection broken for id <*>, my id = <*>, error =",Zookeeper,Unseen,"Connection broken for id <*>, my id = <*>, error = <*>",1.2276115417480469
"Connection broken for id 188978561024, my id = 1, error =","Connection broken for id <*>, my id = <*>, error =",Zookeeper,Unseen,"Connection broken for id <*>, my id = <*>, error = <*>",1.2252821922302246
"Connection broken for id 188978561024, my id = 1, error =","Connection broken for id <*>, my id = <*>, error =",Zookeeper,Unseen,"Connection broken for id <*>, my id = <*>, error = <*>",1.219186782836914
"Connection broken for id 188978561024, my id = 1, error =","Connection broken for id <*>, my id = <*>, error =",Zookeeper,Unseen,"Connection broken for id <*>, my id = <*>, error = <*>",1.2148501873016357
"Connection broken for id 188978561024, my id = 1, error =","Connection broken for id <*>, my id = <*>, error =",Zookeeper,Unseen,"Connection broken for id <*>, my id = <*>, error = <*>",1.2657639980316162
"Connection broken for id 188978561024, my id = 1, error =","Connection broken for id <*>, my id = <*>, error =",Zookeeper,Unseen,"Connection broken for id <*>, my id = <*>, error = <*>",1.2514245510101318
"Connection broken for id 188978561024, my id = 1, error =","Connection broken for id <*>, my id = <*>, error =",Zookeeper,Unseen,"Connection broken for id <*>, my id = <*>, error = <*>",1.24544358253479
"Connection broken for id 188978561024, my id = 1, error =","Connection broken for id <*>, my id = <*>, error =",Zookeeper,Unseen,"Connection broken for id <*>, my id = <*>, error = <*>",1.2502672672271729
"Connection broken for id 188978561024, my id = 1, error =","Connection broken for id <*>, my id = <*>, error =",Zookeeper,Unseen,"Connection broken for id <*>, my id = <*>, error = <*>",1.266686201095581
"Connection broken for id 188978561024, my id = 1, error =","Connection broken for id <*>, my id = <*>, error =",Zookeeper,Unseen,"Connection broken for id <*>, my id = <*>, error = <*>",1.2263469696044922
"Connection broken for id 188978561024, my id = 1, error =","Connection broken for id <*>, my id = <*>, error =",Zookeeper,Unseen,"Connection broken for id <*>, my id = <*>, error = <*>",1.234269142150879
"Connection broken for id 188978561024, my id = 1, error =","Connection broken for id <*>, my id = <*>, error =",Zookeeper,Unseen,"Connection broken for id <*>, my id = <*>, error = <*>",1.2610974311828613
"Connection broken for id 188978561024, my id = 1, error =","Connection broken for id <*>, my id = <*>, error =",Zookeeper,Unseen,"Connection broken for id <*>, my id = <*>, error = <*>",1.2133784294128418
"Connection broken for id 188978561024, my id = 1, error =","Connection broken for id <*>, my id = <*>, error =",Zookeeper,Unseen,"Connection broken for id <*>, my id = <*>, error = <*>",1.2092783451080322
"Connection broken for id 188978561024, my id = 1, error =","Connection broken for id <*>, my id = <*>, error =",Zookeeper,Unseen,"Connection broken for id <*>, my id = <*>, error = <*>",1.2145581245422363
"Connection broken for id 188978561024, my id = 1, error =","Connection broken for id <*>, my id = <*>, error =",Zookeeper,Unseen,"Connection broken for id <*>, my id = <*>, error = <*>",1.2196505069732666
"Connection broken for id 188978561024, my id = 1, error =","Connection broken for id <*>, my id = <*>, error =",Zookeeper,Unseen,"Connection broken for id <*>, my id = <*>, error = <*>",1.268052577972412
"Connection broken for id 188978561024, my id = 1, error =","Connection broken for id <*>, my id = <*>, error =",Zookeeper,Unseen,"Connection broken for id <*>, my id = <*>, error = <*>",1.2583749294281006
"Connection broken for id 188978561024, my id = 1, error =","Connection broken for id <*>, my id = <*>, error =",Zookeeper,Unseen,"Connection broken for id <*>, my id = <*>, error = <*>",1.2044754028320312
"Connection broken for id 188978561024, my id = 1, error =","Connection broken for id <*>, my id = <*>, error =",Zookeeper,Unseen,"Connection broken for id <*>, my id = <*>, error = <*>",1.2076094150543213
"Connection broken for id 188978561024, my id = 1, error =","Connection broken for id <*>, my id = <*>, error =",Zookeeper,Unseen,"Connection broken for id <*>, my id = <*>, error = <*>",1.2360143661499023
"Connection broken for id 188978561024, my id = 1, error =","Connection broken for id <*>, my id = <*>, error =",Zookeeper,Unseen,"Connection broken for id <*>, my id = <*>, error = <*>",1.2241179943084717
"Connection broken for id 188978561024, my id = 1, error =","Connection broken for id <*>, my id = <*>, error =",Zookeeper,Unseen,"Connection broken for id <*>, my id = <*>, error = <*>",1.2229371070861816
"Connection broken for id 188978561024, my id = 1, error =","Connection broken for id <*>, my id = <*>, error =",Zookeeper,Unseen,"Connection broken for id <*>, my id = <*>, error = <*>",1.228877067565918
"Connection broken for id 188978561024, my id = 1, error =","Connection broken for id <*>, my id = <*>, error =",Zookeeper,Unseen,"Connection broken for id <*>, my id = <*>, error = <*>",1.2341346740722656
"Connection broken for id 188978561024, my id = 1, error =","Connection broken for id <*>, my id = <*>, error =",Zookeeper,Unseen,"Connection broken for id <*>, my id = <*>, error = <*>",1.23757004737854
"Connection broken for id 188978561024, my id = 1, error =","Connection broken for id <*>, my id = <*>, error =",Zookeeper,Unseen,"Connection broken for id <*>, my id = <*>, error = <*>",1.2570717334747314
"Connection broken for id 188978561024, my id = 1, error =","Connection broken for id <*>, my id = <*>, error =",Zookeeper,Unseen,"Connection broken for id <*>, my id = <*>, error = <*>",1.21610689163208
"Connection broken for id 188978561024, my id = 1, error =","Connection broken for id <*>, my id = <*>, error =",Zookeeper,Unseen,"Connection broken for id <*>, my id = <*>, error = <*>",1.2258586883544922
"Connection broken for id 188978561024, my id = 1, error =","Connection broken for id <*>, my id = <*>, error =",Zookeeper,Unseen,"Connection broken for id <*>, my id = <*>, error = <*>",1.2336621284484863
"Connection broken for id 188978561024, my id = 1, error =","Connection broken for id <*>, my id = <*>, error =",Zookeeper,Unseen,"Connection broken for id <*>, my id = <*>, error = <*>",1.2271029949188232
"Connection broken for id 188978561024, my id = 1, error =","Connection broken for id <*>, my id = <*>, error =",Zookeeper,Unseen,"Connection broken for id <*>, my id = <*>, error = <*>",1.2146735191345215
"Connection broken for id 188978561024, my id = 1, error =","Connection broken for id <*>, my id = <*>, error =",Zookeeper,Unseen,"Connection broken for id <*>, my id = <*>, error = <*>",1.21482253074646
Server environment:user.dir=/,Server environment:<*>,Zookeeper,Unseen,Server environment:user.dir=<*>,0.7137484550476074
******* GOODBYE /10.10.34.12:35276 ********,******* GOODBYE <*>:<*> ********,Zookeeper,Unseen,******* GOODBYE <*>:<*> ********,0.978302001953125
"Have smaller server identifier, so dropping the connection: (2, 1)","Have smaller server identifier, so dropping the connection: (<*>, <*>)",Zookeeper,Unseen,"Have smaller server identifier, so dropping the connection: (<*>, <*>)",1.236266851425171
FOLLOWING,FOLLOWING,Zookeeper,Unseen,FOLLOWING,0.4036288261413574
Server environment:host.name=mesos-master-1,Server environment:<*>,Zookeeper,Unseen,Server environment:host.name=<*>,0.7146632671356201
Server environment:java.vendor=Oracle Corporation,Server environment:<*>,Zookeeper,Unseen,Server environment:java.vendor=<*>,0.6942665576934814
"Server environment:zookeeper.version=3.4.5--1, built on 06/10/2013 17:26 GMT",Server environment:<*>,Zookeeper,Unseen,"Server environment:zookeeper.version=<*>, built on <*>",1.1683564186096191
Server environment:user.name=zookeeper,Server environment:<*>,Zookeeper,Unseen,Server environment:user.name=<*>,0.7017133235931396
Server environment:os.name=Linux,Server environment:<*>,Zookeeper,Unseen,Server environment:os.name=<*>,0.713407039642334
Exception causing close of session 0x0 due to java.io.IOException: ZooKeeperServer not running,Exception causing close of session <*> due to java.io.IOException: ZooKeeperServer not running,Zookeeper,Unseen,Exception causing close of session <*> due to java.io.IOException: ZooKeeperServer not running,1.6173362731933594
"Notification: 3 (n.leader), 0xb0000007b (n.zxid), 0x2 (n.round), LOOKING (n.state), 3 (n.sid), 0xb (n.peerEPoch), FOLLOWING (my state)","Notification: <*> (n.leader), <*> (n.zxid), <*> (n.round), LOOKING (n.state), <*> (n.sid), <*> (n.peerEPoch), FOLLOWING (my state)",Zookeeper,Unseen,"Notification: <*> (n.leader), <*> (n.zxid), <*> (n.round), LOOKING (n.state), <*> (n.sid), <*> (n.peerEPoch), FOLLOWING (my state)",3.8550050258636475
"Connection broken for id 3, my id = 1, error =","Connection broken for id <*>, my id = <*>, error =",Zookeeper,Unseen,"Connection broken for id <*>, my id = <*>, error = <*>",1.2257194519042969
Server environment:java.vendor=Oracle Corporation,Server environment:<*>,Zookeeper,Unseen,Server environment:java.vendor=<*>,0.7222442626953125
******* GOODBYE /10.10.34.11:52264 ********,******* GOODBYE <*>:<*> ********,Zookeeper,Unseen,******* GOODBYE <*>:<*> ********,1.0101428031921387
******* GOODBYE /10.10.34.11:52308 ********,******* GOODBYE <*>:<*> ********,Zookeeper,Unseen,******* GOODBYE <*>:<*> ********,0.9788162708282471
******* GOODBYE /10.10.34.12:59060 ********,******* GOODBYE <*>:<*> ********,Zookeeper,Unseen,******* GOODBYE <*>:<*> ********,0.9724364280700684
******* GOODBYE /10.10.34.12:59103 ********,******* GOODBYE <*>:<*> ********,Zookeeper,Unseen,******* GOODBYE <*>:<*> ********,0.9699842929840088
******* GOODBYE /10.10.34.13:57247 ********,******* GOODBYE <*>:<*> ********,Zookeeper,Unseen,******* GOODBYE <*>:<*> ********,0.9591066837310791
******* GOODBYE /10.10.34.13:57319 ********,******* GOODBYE <*>:<*> ********,Zookeeper,Unseen,******* GOODBYE <*>:<*> ********,0.9565591812133789
******* GOODBYE /10.10.34.11:52476 ********,******* GOODBYE <*>:<*> ********,Zookeeper,Unseen,******* GOODBYE <*>:<*> ********,0.9654381275177002
******* GOODBYE /10.10.34.12:59203 ********,******* GOODBYE <*>:<*> ********,Zookeeper,Unseen,******* GOODBYE <*>:<*> ********,0.9574885368347168
******* GOODBYE /10.10.34.12:59211 ********,******* GOODBYE <*>:<*> ********,Zookeeper,Unseen,******* GOODBYE <*>:<*> ********,0.9586176872253418
******* GOODBYE /10.10.34.11:52502 ********,******* GOODBYE <*>:<*> ********,Zookeeper,Unseen,******* GOODBYE <*>:<*> ********,0.9667930603027344
******* GOODBYE /10.10.34.13:57458 ********,******* GOODBYE <*>:<*> ********,Zookeeper,Unseen,******* GOODBYE <*>:<*> ********,0.9728806018829346
******* GOODBYE /10.10.34.13:57502 ********,******* GOODBYE <*>:<*> ********,Zookeeper,Unseen,******* GOODBYE <*>:<*> ********,0.9917099475860596
******* GOODBYE /10.10.34.11:52703 ********,******* GOODBYE <*>:<*> ********,Zookeeper,Unseen,******* GOODBYE <*>:<*> ********,0.9812490940093994
******* GOODBYE /10.10.34.12:59406 ********,******* GOODBYE <*>:<*> ********,Zookeeper,Unseen,******* GOODBYE <*>:<*> ********,0.9770395755767822
******* GOODBYE /10.10.34.13:57580 ********,******* GOODBYE <*>:<*> ********,Zookeeper,Unseen,******* GOODBYE <*>:<*> ********,0.9568383693695068
******* GOODBYE /10.10.34.11:52818 ********,******* GOODBYE <*>:<*> ********,Zookeeper,Unseen,******* GOODBYE <*>:<*> ********,0.9462206363677979
******* GOODBYE /10.10.34.11:52844 ********,******* GOODBYE <*>:<*> ********,Zookeeper,Unseen,******* GOODBYE <*>:<*> ********,0.9708552360534668
******* GOODBYE /10.10.34.13:57653 ********,******* GOODBYE <*>:<*> ********,Zookeeper,Unseen,******* GOODBYE <*>:<*> ********,0.96944260597229
"Connection broken for id 188978561024, my id = 2, error =","Connection broken for id <*>, my id = <*>, error =",Zookeeper,Unseen,"Connection broken for id <*>, my id = <*>, error = <*>",1.2267649173736572
"Connection broken for id 188978561024, my id = 2, error =","Connection broken for id <*>, my id = <*>, error =",Zookeeper,Unseen,"Connection broken for id <*>, my id = <*>, error = <*>",1.2258362770080566
"Connection broken for id 188978561024, my id = 2, error =","Connection broken for id <*>, my id = <*>, error =",Zookeeper,Unseen,"Connection broken for id <*>, my id = <*>, error = <*>",1.2284486293792725
"Connection broken for id 188978561024, my id = 2, error =","Connection broken for id <*>, my id = <*>, error =",Zookeeper,Unseen,"Connection broken for id <*>, my id = <*>, error = <*>",1.246415376663208
"Connection broken for id 188978561024, my id = 2, error =","Connection broken for id <*>, my id = <*>, error =",Zookeeper,Unseen,"Connection broken for id <*>, my id = <*>, error = <*>",1.2518434524536133
"Connection broken for id 188978561024, my id = 2, error =","Connection broken for id <*>, my id = <*>, error =",Zookeeper,Unseen,"Connection broken for id <*>, my id = <*>, error = <*>",1.2237114906311035
"Connection broken for id 188978561024, my id = 2, error =","Connection broken for id <*>, my id = <*>, error =",Zookeeper,Unseen,"Connection broken for id <*>, my id = <*>, error = <*>",1.21864652633667
"Connection broken for id 188978561024, my id = 2, error =","Connection broken for id <*>, my id = <*>, error =",Zookeeper,Unseen,"Connection broken for id <*>, my id = <*>, error = <*>",1.2109267711639404
"Connection broken for id 188978561024, my id = 2, error =","Connection broken for id <*>, my id = <*>, error =",Zookeeper,Unseen,"Connection broken for id <*>, my id = <*>, error = <*>",1.2227716445922852
"Connection broken for id 188978561024, my id = 2, error =","Connection broken for id <*>, my id = <*>, error =",Zookeeper,Unseen,"Connection broken for id <*>, my id = <*>, error = <*>",1.222541093826294
"Connection broken for id 188978561024, my id = 2, error =","Connection broken for id <*>, my id = <*>, error =",Zookeeper,Unseen,"Connection broken for id <*>, my id = <*>, error = <*>",1.2354378700256348
"Connection broken for id 188978561024, my id = 2, error =","Connection broken for id <*>, my id = <*>, error =",Zookeeper,Unseen,"Connection broken for id <*>, my id = <*>, error = <*>",1.2171685695648193
"Connection broken for id 188978561024, my id = 2, error =","Connection broken for id <*>, my id = <*>, error =",Zookeeper,Unseen,"Connection broken for id <*>, my id = <*>, error = <*>",1.2455365657806396
"Connection broken for id 188978561024, my id = 2, error =","Connection broken for id <*>, my id = <*>, error =",Zookeeper,Unseen,"Connection broken for id <*>, my id = <*>, error = <*>",1.2877333164215088
"Connection broken for id 188978561024, my id = 2, error =","Connection broken for id <*>, my id = <*>, error =",Zookeeper,Unseen,"Connection broken for id <*>, my id = <*>, error = <*>",1.228301763534546
"Connection broken for id 188978561024, my id = 2, error =","Connection broken for id <*>, my id = <*>, error =",Zookeeper,Unseen,"Connection broken for id <*>, my id = <*>, error = <*>",1.2141196727752686
"Connection broken for id 188978561024, my id = 2, error =","Connection broken for id <*>, my id = <*>, error =",Zookeeper,Unseen,"Connection broken for id <*>, my id = <*>, error = <*>",1.2295410633087158
"Connection broken for id 188978561024, my id = 2, error =","Connection broken for id <*>, my id = <*>, error =",Zookeeper,Unseen,"Connection broken for id <*>, my id = <*>, error = <*>",1.2279505729675293
"Connection broken for id 188978561024, my id = 2, error =","Connection broken for id <*>, my id = <*>, error =",Zookeeper,Unseen,"Connection broken for id <*>, my id = <*>, error = <*>",1.22324800491333
"Connection broken for id 188978561024, my id = 2, error =","Connection broken for id <*>, my id = <*>, error =",Zookeeper,Unseen,"Connection broken for id <*>, my id = <*>, error = <*>",1.2318499088287354
"Connection broken for id 188978561024, my id = 2, error =","Connection broken for id <*>, my id = <*>, error =",Zookeeper,Unseen,"Connection broken for id <*>, my id = <*>, error = <*>",1.205068588256836
"Connection broken for id 188978561024, my id = 2, error =","Connection broken for id <*>, my id = <*>, error =",Zookeeper,Unseen,"Connection broken for id <*>, my id = <*>, error = <*>",1.2193477153778076
"Connection broken for id 188978561024, my id = 2, error =","Connection broken for id <*>, my id = <*>, error =",Zookeeper,Unseen,"Connection broken for id <*>, my id = <*>, error = <*>",1.2411110401153564
"Connection broken for id 188978561024, my id = 2, error =","Connection broken for id <*>, my id = <*>, error =",Zookeeper,Unseen,"Connection broken for id <*>, my id = <*>, error = <*>",1.2288672924041748
"Connection broken for id 188978561024, my id = 2, error =","Connection broken for id <*>, my id = <*>, error =",Zookeeper,Unseen,"Connection broken for id <*>, my id = <*>, error = <*>",1.2103040218353271
"Connection broken for id 188978561024, my id = 2, error =","Connection broken for id <*>, my id = <*>, error =",Zookeeper,Unseen,"Connection broken for id <*>, my id = <*>, error = <*>",1.2192316055297852
"Connection broken for id 188978561024, my id = 2, error =","Connection broken for id <*>, my id = <*>, error =",Zookeeper,Unseen,"Connection broken for id <*>, my id = <*>, error = <*>",1.2125663757324219
"Connection broken for id 188978561024, my id = 2, error =","Connection broken for id <*>, my id = <*>, error =",Zookeeper,Unseen,"Connection broken for id <*>, my id = <*>, error = <*>",1.210404872894287
"Connection broken for id 188978561024, my id = 2, error =","Connection broken for id <*>, my id = <*>, error =",Zookeeper,Unseen,"Connection broken for id <*>, my id = <*>, error = <*>",1.1976711750030518
"Connection broken for id 188978561024, my id = 2, error =","Connection broken for id <*>, my id = <*>, error =",Zookeeper,Unseen,"Connection broken for id <*>, my id = <*>, error = <*>",1.2230405807495117
"Connection broken for id 188978561024, my id = 2, error =","Connection broken for id <*>, my id = <*>, error =",Zookeeper,Unseen,"Connection broken for id <*>, my id = <*>, error = <*>",1.2501003742218018
"Connection broken for id 188978561024, my id = 2, error =","Connection broken for id <*>, my id = <*>, error =",Zookeeper,Unseen,"Connection broken for id <*>, my id = <*>, error = <*>",1.2232012748718262
"Connection broken for id 188978561024, my id = 2, error =","Connection broken for id <*>, my id = <*>, error =",Zookeeper,Unseen,"Connection broken for id <*>, my id = <*>, error = <*>",1.2696869373321533
"Connection broken for id 188978561024, my id = 2, error =","Connection broken for id <*>, my id = <*>, error =",Zookeeper,Unseen,"Connection broken for id <*>, my id = <*>, error = <*>",1.218790054321289
"Connection broken for id 188978561024, my id = 2, error =","Connection broken for id <*>, my id = <*>, error =",Zookeeper,Unseen,"Connection broken for id <*>, my id = <*>, error = <*>",1.2208435535430908
"Connection broken for id 188978561024, my id = 2, error =","Connection broken for id <*>, my id = <*>, error =",Zookeeper,Unseen,"Connection broken for id <*>, my id = <*>, error = <*>",1.2190346717834473
"Connection broken for id 188978561024, my id = 2, error =","Connection broken for id <*>, my id = <*>, error =",Zookeeper,Unseen,"Connection broken for id <*>, my id = <*>, error = <*>",1.2363429069519043
"Connection broken for id 188978561024, my id = 2, error =","Connection broken for id <*>, my id = <*>, error =",Zookeeper,Unseen,"Connection broken for id <*>, my id = <*>, error = <*>",1.2404310703277588
"Connection broken for id 188978561024, my id = 2, error =","Connection broken for id <*>, my id = <*>, error =",Zookeeper,Unseen,"Connection broken for id <*>, my id = <*>, error = <*>",1.2086803913116455
"Connection broken for id 188978561024, my id = 2, error =","Connection broken for id <*>, my id = <*>, error =",Zookeeper,Unseen,"Connection broken for id <*>, my id = <*>, error = <*>",1.2486696243286133
"Connection broken for id 188978561024, my id = 2, error =","Connection broken for id <*>, my id = <*>, error =",Zookeeper,Unseen,"Connection broken for id <*>, my id = <*>, error = <*>",1.2313244342803955
"Connection broken for id 188978561024, my id = 2, error =","Connection broken for id <*>, my id = <*>, error =",Zookeeper,Unseen,"Connection broken for id <*>, my id = <*>, error = <*>",1.2906198501586914
"Connection broken for id 188978561024, my id = 2, error =","Connection broken for id <*>, my id = <*>, error =",Zookeeper,Unseen,"Connection broken for id <*>, my id = <*>, error = <*>",1.2244527339935303
"Connection broken for id 188978561024, my id = 2, error =","Connection broken for id <*>, my id = <*>, error =",Zookeeper,Unseen,"Connection broken for id <*>, my id = <*>, error = <*>",1.235863208770752
"Connection broken for id 188978561024, my id = 2, error =","Connection broken for id <*>, my id = <*>, error =",Zookeeper,Unseen,"Connection broken for id <*>, my id = <*>, error = <*>",1.2296521663665771
"Connection broken for id 188978561024, my id = 2, error =","Connection broken for id <*>, my id = <*>, error =",Zookeeper,Unseen,"Connection broken for id <*>, my id = <*>, error = <*>",1.2218997478485107
"Connection broken for id 188978561024, my id = 2, error =","Connection broken for id <*>, my id = <*>, error =",Zookeeper,Unseen,"Connection broken for id <*>, my id = <*>, error = <*>",1.2293572425842285
"Connection broken for id 188978561024, my id = 2, error =","Connection broken for id <*>, my id = <*>, error =",Zookeeper,Unseen,"Connection broken for id <*>, my id = <*>, error = <*>",1.2266526222229004
"Connection broken for id 188978561024, my id = 2, error =","Connection broken for id <*>, my id = <*>, error =",Zookeeper,Unseen,"Connection broken for id <*>, my id = <*>, error = <*>",1.2073688507080078
"Connection broken for id 188978561024, my id = 2, error =","Connection broken for id <*>, my id = <*>, error =",Zookeeper,Unseen,"Connection broken for id <*>, my id = <*>, error = <*>",1.1858668327331543
"Connection broken for id 188978561024, my id = 2, error =","Connection broken for id <*>, my id = <*>, error =",Zookeeper,Unseen,"Connection broken for id <*>, my id = <*>, error = <*>",1.2553701400756836
"Connection broken for id 188978561024, my id = 2, error =","Connection broken for id <*>, my id = <*>, error =",Zookeeper,Unseen,"Connection broken for id <*>, my id = <*>, error = <*>",1.2427494525909424
"Connection broken for id 188978561024, my id = 2, error =","Connection broken for id <*>, my id = <*>, error =",Zookeeper,Unseen,"Connection broken for id <*>, my id = <*>, error = <*>",1.247293472290039
"Connection broken for id 188978561024, my id = 2, error =","Connection broken for id <*>, my id = <*>, error =",Zookeeper,Unseen,"Connection broken for id <*>, my id = <*>, error = <*>",1.218719720840454
"Connection broken for id 188978561024, my id = 2, error =","Connection broken for id <*>, my id = <*>, error =",Zookeeper,Unseen,"Connection broken for id <*>, my id = <*>, error = <*>",1.2157261371612549
"Connection broken for id 188978561024, my id = 2, error =","Connection broken for id <*>, my id = <*>, error =",Zookeeper,Unseen,"Connection broken for id <*>, my id = <*>, error = <*>",1.2332510948181152
"Connection broken for id 188978561024, my id = 2, error =","Connection broken for id <*>, my id = <*>, error =",Zookeeper,Unseen,"Connection broken for id <*>, my id = <*>, error = <*>",1.227219581604004
"Connection broken for id 188978561024, my id = 2, error =","Connection broken for id <*>, my id = <*>, error =",Zookeeper,Unseen,"Connection broken for id <*>, my id = <*>, error = <*>",1.237727165222168
"Connection broken for id 188978561024, my id = 2, error =","Connection broken for id <*>, my id = <*>, error =",Zookeeper,Unseen,"Connection broken for id <*>, my id = <*>, error = <*>",1.2204172611236572
"Connection broken for id 188978561024, my id = 2, error =","Connection broken for id <*>, my id = <*>, error =",Zookeeper,Unseen,"Connection broken for id <*>, my id = <*>, error = <*>",1.2448852062225342
"Connection broken for id 188978561024, my id = 2, error =","Connection broken for id <*>, my id = <*>, error =",Zookeeper,Unseen,"Connection broken for id <*>, my id = <*>, error = <*>",1.2510154247283936
"Connection broken for id 188978561024, my id = 2, error =","Connection broken for id <*>, my id = <*>, error =",Zookeeper,Unseen,"Connection broken for id <*>, my id = <*>, error = <*>",1.2226972579956055
"Connection broken for id 188978561024, my id = 2, error =","Connection broken for id <*>, my id = <*>, error =",Zookeeper,Unseen,"Connection broken for id <*>, my id = <*>, error = <*>",1.2109825611114502
"Connection broken for id 188978561024, my id = 2, error =","Connection broken for id <*>, my id = <*>, error =",Zookeeper,Unseen,"Connection broken for id <*>, my id = <*>, error = <*>",1.2181413173675537
"Connection broken for id 188978561024, my id = 2, error =","Connection broken for id <*>, my id = <*>, error =",Zookeeper,Unseen,"Connection broken for id <*>, my id = <*>, error = <*>",1.223592758178711
"Connection broken for id 188978561024, my id = 2, error =","Connection broken for id <*>, my id = <*>, error =",Zookeeper,Unseen,"Connection broken for id <*>, my id = <*>, error = <*>",1.221043586730957
"Connection broken for id 188978561024, my id = 2, error =","Connection broken for id <*>, my id = <*>, error =",Zookeeper,Unseen,"Connection broken for id <*>, my id = <*>, error = <*>",1.2216708660125732
"Connection broken for id 188978561024, my id = 2, error =","Connection broken for id <*>, my id = <*>, error =",Zookeeper,Unseen,"Connection broken for id <*>, my id = <*>, error = <*>",1.2189037799835205
"Connection broken for id 188978561024, my id = 2, error =","Connection broken for id <*>, my id = <*>, error =",Zookeeper,Unseen,"Connection broken for id <*>, my id = <*>, error = <*>",1.2249386310577393
"Connection broken for id 188978561024, my id = 2, error =","Connection broken for id <*>, my id = <*>, error =",Zookeeper,Unseen,"Connection broken for id <*>, my id = <*>, error = <*>",1.277191162109375
"Connection broken for id 188978561024, my id = 2, error =","Connection broken for id <*>, my id = <*>, error =",Zookeeper,Unseen,"Connection broken for id <*>, my id = <*>, error = <*>",1.245969533920288
"Connection broken for id 188978561024, my id = 2, error =","Connection broken for id <*>, my id = <*>, error =",Zookeeper,Unseen,"Connection broken for id <*>, my id = <*>, error = <*>",1.2268729209899902
"Connection broken for id 188978561024, my id = 2, error =","Connection broken for id <*>, my id = <*>, error =",Zookeeper,Unseen,"Connection broken for id <*>, my id = <*>, error = <*>",1.2252357006072998
"Connection broken for id 188978561024, my id = 2, error =","Connection broken for id <*>, my id = <*>, error =",Zookeeper,Unseen,"Connection broken for id <*>, my id = <*>, error = <*>",1.2289130687713623
"Connection broken for id 188978561024, my id = 2, error =","Connection broken for id <*>, my id = <*>, error =",Zookeeper,Unseen,"Connection broken for id <*>, my id = <*>, error = <*>",1.2188746929168701
"Connection broken for id 188978561024, my id = 2, error =","Connection broken for id <*>, my id = <*>, error =",Zookeeper,Unseen,"Connection broken for id <*>, my id = <*>, error = <*>",1.2245299816131592
"Connection broken for id 188978561024, my id = 2, error =","Connection broken for id <*>, my id = <*>, error =",Zookeeper,Unseen,"Connection broken for id <*>, my id = <*>, error = <*>",1.2179365158081055
"Connection broken for id 188978561024, my id = 2, error =","Connection broken for id <*>, my id = <*>, error =",Zookeeper,Unseen,"Connection broken for id <*>, my id = <*>, error = <*>",1.2054684162139893
"Connection broken for id 188978561024, my id = 2, error =","Connection broken for id <*>, my id = <*>, error =",Zookeeper,Unseen,"Connection broken for id <*>, my id = <*>, error = <*>",1.240124225616455
"Connection broken for id 188978561024, my id = 2, error =","Connection broken for id <*>, my id = <*>, error =",Zookeeper,Unseen,"Connection broken for id <*>, my id = <*>, error = <*>",1.2148168087005615
"Connection broken for id 188978561024, my id = 2, error =","Connection broken for id <*>, my id = <*>, error =",Zookeeper,Unseen,"Connection broken for id <*>, my id = <*>, error = <*>",1.1986417770385742
"Connection broken for id 188978561024, my id = 2, error =","Connection broken for id <*>, my id = <*>, error =",Zookeeper,Unseen,"Connection broken for id <*>, my id = <*>, error = <*>",1.2103826999664307
"Connection broken for id 188978561024, my id = 2, error =","Connection broken for id <*>, my id = <*>, error =",Zookeeper,Unseen,"Connection broken for id <*>, my id = <*>, error = <*>",1.2099616527557373
"Connection broken for id 188978561024, my id = 2, error =","Connection broken for id <*>, my id = <*>, error =",Zookeeper,Unseen,"Connection broken for id <*>, my id = <*>, error = <*>",1.220996379852295
"Connection broken for id 188978561024, my id = 2, error =","Connection broken for id <*>, my id = <*>, error =",Zookeeper,Unseen,"Connection broken for id <*>, my id = <*>, error = <*>",1.2250423431396484
"Connection broken for id 188978561024, my id = 2, error =","Connection broken for id <*>, my id = <*>, error =",Zookeeper,Unseen,"Connection broken for id <*>, my id = <*>, error = <*>",1.2180233001708984
"Connection broken for id 188978561024, my id = 2, error =","Connection broken for id <*>, my id = <*>, error =",Zookeeper,Unseen,"Connection broken for id <*>, my id = <*>, error = <*>",1.2126941680908203
"Connection broken for id 188978561024, my id = 2, error =","Connection broken for id <*>, my id = <*>, error =",Zookeeper,Unseen,"Connection broken for id <*>, my id = <*>, error = <*>",1.2421770095825195
"Connection broken for id 188978561024, my id = 2, error =","Connection broken for id <*>, my id = <*>, error =",Zookeeper,Unseen,"Connection broken for id <*>, my id = <*>, error = <*>",1.2462165355682373
"Connection broken for id 188978561024, my id = 2, error =","Connection broken for id <*>, my id = <*>, error =",Zookeeper,Unseen,"Connection broken for id <*>, my id = <*>, error = <*>",1.2172787189483643
"Connection broken for id 188978561024, my id = 2, error =","Connection broken for id <*>, my id = <*>, error =",Zookeeper,Unseen,"Connection broken for id <*>, my id = <*>, error = <*>",1.2314417362213135
"Connection broken for id 188978561024, my id = 2, error =","Connection broken for id <*>, my id = <*>, error =",Zookeeper,Unseen,"Connection broken for id <*>, my id = <*>, error = <*>",1.2267205715179443
"Connection broken for id 188978561024, my id = 2, error =","Connection broken for id <*>, my id = <*>, error =",Zookeeper,Unseen,"Connection broken for id <*>, my id = <*>, error = <*>",1.2214574813842773
"Connection broken for id 188978561024, my id = 2, error =","Connection broken for id <*>, my id = <*>, error =",Zookeeper,Unseen,"Connection broken for id <*>, my id = <*>, error = <*>",1.2251358032226562
"Connection broken for id 188978561024, my id = 2, error =","Connection broken for id <*>, my id = <*>, error =",Zookeeper,Unseen,"Connection broken for id <*>, my id = <*>, error = <*>",1.2190172672271729
"Connection broken for id 188978561024, my id = 2, error =","Connection broken for id <*>, my id = <*>, error =",Zookeeper,Unseen,"Connection broken for id <*>, my id = <*>, error = <*>",1.2242004871368408
FOLLOWING,FOLLOWING,Zookeeper,Unseen,FOLLOWING,0.3904149532318115
Server environment:java.class.path=/etc/zookeeper/conf:/usr/share/java/jline.jar:/usr/share/java/log4j-1.2.jar:/usr/share/java/xercesImpl.jar:/usr/share/java/xmlParserAPIs.jar:/usr/share/java/netty.jar:/usr/share/java/slf4j-api.jar:/usr/share/java/slf4j-log4j12.jar:/usr/share/java/zookeeper.jar,Server environment:<*>,Zookeeper,Unseen,Server environment:java.class.path=<*>:<*>:<*>:<*>:<*>:<*>:<*>:<*>,2.2419676780700684
"Notification: 2 (n.leader), 0xa0000009a (n.zxid), 0x1 (n.round), FOLLOWING (n.state), 1 (n.sid), 0xa (n.peerEPoch), LEADING (my state)","Notification: <*> (n.leader), <*> (n.zxid), <*> (n.round), FOLLOWING (n.state), <*> (n.sid), <*> (n.peerEPoch), LEADING (my state)",Zookeeper,Unseen,"Notification: <*> (n.leader), <*> (n.zxid), <*> (n.round), FOLLOWING (n.state), <*> (n.sid), <*> (n.peerEPoch), LEADING (my state)",3.841032028198242
shutdown of request processor complete,shutdown of request processor complete,Zookeeper,Unseen,shutdown of request processor complete,0.509610652923584
Exception causing close of session 0x0 due to java.io.IOException: ZooKeeperServer not running,Exception causing close of session <*> due to java.io.IOException: ZooKeeperServer not running,Zookeeper,Unseen,Exception causing close of session <*> due to java.io.IOException: ZooKeeperServer not running,1.6202869415283203
Exception causing close of session 0x0 due to java.io.IOException: ZooKeeperServer not running,Exception causing close of session <*> due to java.io.IOException: ZooKeeperServer not running,Zookeeper,Unseen,Exception causing close of session <*> due to java.io.IOException: ZooKeeperServer not running,1.5881590843200684
"Connection broken for id 188978561024, my id = 3, error =","Connection broken for id <*>, my id = <*>, error =",Zookeeper,Unseen,"Connection broken for id <*>, my id = <*>, error = <*>",1.2395086288452148
"Connection broken for id 188978561024, my id = 3, error =","Connection broken for id <*>, my id = <*>, error =",Zookeeper,Unseen,"Connection broken for id <*>, my id = <*>, error = <*>",1.226569414138794
"Connection broken for id 188978561024, my id = 3, error =","Connection broken for id <*>, my id = <*>, error =",Zookeeper,Unseen,"Connection broken for id <*>, my id = <*>, error = <*>",1.2549855709075928
"Connection broken for id 188978561024, my id = 3, error =","Connection broken for id <*>, my id = <*>, error =",Zookeeper,Unseen,"Connection broken for id <*>, my id = <*>, error = <*>",1.2275536060333252
"Connection broken for id 188978561024, my id = 3, error =","Connection broken for id <*>, my id = <*>, error =",Zookeeper,Unseen,"Connection broken for id <*>, my id = <*>, error = <*>",1.2095026969909668
"Connection broken for id 188978561024, my id = 3, error =","Connection broken for id <*>, my id = <*>, error =",Zookeeper,Unseen,"Connection broken for id <*>, my id = <*>, error = <*>",1.2126970291137695
"Connection broken for id 188978561024, my id = 3, error =","Connection broken for id <*>, my id = <*>, error =",Zookeeper,Unseen,"Connection broken for id <*>, my id = <*>, error = <*>",1.2126483917236328
"Connection broken for id 188978561024, my id = 3, error =","Connection broken for id <*>, my id = <*>, error =",Zookeeper,Unseen,"Connection broken for id <*>, my id = <*>, error = <*>",1.2059526443481445
"Connection broken for id 188978561024, my id = 3, error =","Connection broken for id <*>, my id = <*>, error =",Zookeeper,Unseen,"Connection broken for id <*>, my id = <*>, error = <*>",1.2176551818847656
"Connection broken for id 188978561024, my id = 3, error =","Connection broken for id <*>, my id = <*>, error =",Zookeeper,Unseen,"Connection broken for id <*>, my id = <*>, error = <*>",1.2283809185028076
"Connection broken for id 188978561024, my id = 3, error =","Connection broken for id <*>, my id = <*>, error =",Zookeeper,Unseen,"Connection broken for id <*>, my id = <*>, error = <*>",1.2238285541534424
"Connection broken for id 188978561024, my id = 3, error =","Connection broken for id <*>, my id = <*>, error =",Zookeeper,Unseen,"Connection broken for id <*>, my id = <*>, error = <*>",1.2817485332489014
"Connection broken for id 188978561024, my id = 3, error =","Connection broken for id <*>, my id = <*>, error =",Zookeeper,Unseen,"Connection broken for id <*>, my id = <*>, error = <*>",1.2429795265197754
"Connection broken for id 188978561024, my id = 3, error =","Connection broken for id <*>, my id = <*>, error =",Zookeeper,Unseen,"Connection broken for id <*>, my id = <*>, error = <*>",1.2028000354766846
"Connection broken for id 188978561024, my id = 3, error =","Connection broken for id <*>, my id = <*>, error =",Zookeeper,Unseen,"Connection broken for id <*>, my id = <*>, error = <*>",1.2028472423553467
"Connection broken for id 188978561024, my id = 3, error =","Connection broken for id <*>, my id = <*>, error =",Zookeeper,Unseen,"Connection broken for id <*>, my id = <*>, error = <*>",1.206308364868164
"Connection broken for id 188978561024, my id = 3, error =","Connection broken for id <*>, my id = <*>, error =",Zookeeper,Unseen,"Connection broken for id <*>, my id = <*>, error = <*>",1.2197706699371338
"Connection broken for id 188978561024, my id = 3, error =","Connection broken for id <*>, my id = <*>, error =",Zookeeper,Unseen,"Connection broken for id <*>, my id = <*>, error = <*>",1.2117927074432373
"Connection broken for id 188978561024, my id = 3, error =","Connection broken for id <*>, my id = <*>, error =",Zookeeper,Unseen,"Connection broken for id <*>, my id = <*>, error = <*>",1.220721960067749
"Connection broken for id 188978561024, my id = 3, error =","Connection broken for id <*>, my id = <*>, error =",Zookeeper,Unseen,"Connection broken for id <*>, my id = <*>, error = <*>",1.2190475463867188
"Connection broken for id 188978561024, my id = 3, error =","Connection broken for id <*>, my id = <*>, error =",Zookeeper,Unseen,"Connection broken for id <*>, my id = <*>, error = <*>",1.247877836227417
"Connection broken for id 188978561024, my id = 3, error =","Connection broken for id <*>, my id = <*>, error =",Zookeeper,Unseen,"Connection broken for id <*>, my id = <*>, error = <*>",1.2447624206542969
"Connection broken for id 188978561024, my id = 3, error =","Connection broken for id <*>, my id = <*>, error =",Zookeeper,Unseen,"Connection broken for id <*>, my id = <*>, error = <*>",1.2290823459625244
"Connection broken for id 188978561024, my id = 3, error =","Connection broken for id <*>, my id = <*>, error =",Zookeeper,Unseen,"Connection broken for id <*>, my id = <*>, error = <*>",1.2261688709259033
"Connection broken for id 188978561024, my id = 3, error =","Connection broken for id <*>, my id = <*>, error =",Zookeeper,Unseen,"Connection broken for id <*>, my id = <*>, error = <*>",1.2256910800933838
"Connection broken for id 188978561024, my id = 3, error =","Connection broken for id <*>, my id = <*>, error =",Zookeeper,Unseen,"Connection broken for id <*>, my id = <*>, error = <*>",1.2256321907043457
"Connection broken for id 188978561024, my id = 3, error =","Connection broken for id <*>, my id = <*>, error =",Zookeeper,Unseen,"Connection broken for id <*>, my id = <*>, error = <*>",1.2283892631530762
"Connection broken for id 188978561024, my id = 3, error =","Connection broken for id <*>, my id = <*>, error =",Zookeeper,Unseen,"Connection broken for id <*>, my id = <*>, error = <*>",1.224618673324585
"Connection broken for id 188978561024, my id = 3, error =","Connection broken for id <*>, my id = <*>, error =",Zookeeper,Unseen,"Connection broken for id <*>, my id = <*>, error = <*>",1.207695722579956
"Connection broken for id 188978561024, my id = 3, error =","Connection broken for id <*>, my id = <*>, error =",Zookeeper,Unseen,"Connection broken for id <*>, my id = <*>, error = <*>",1.2410929203033447
"Connection broken for id 188978561024, my id = 3, error =","Connection broken for id <*>, my id = <*>, error =",Zookeeper,Unseen,"Connection broken for id <*>, my id = <*>, error = <*>",1.2676985263824463
"Connection broken for id 188978561024, my id = 3, error =","Connection broken for id <*>, my id = <*>, error =",Zookeeper,Unseen,"Connection broken for id <*>, my id = <*>, error = <*>",1.2272393703460693
"Connection broken for id 188978561024, my id = 3, error =","Connection broken for id <*>, my id = <*>, error =",Zookeeper,Unseen,"Connection broken for id <*>, my id = <*>, error = <*>",1.2207286357879639
"Connection broken for id 188978561024, my id = 3, error =","Connection broken for id <*>, my id = <*>, error =",Zookeeper,Unseen,"Connection broken for id <*>, my id = <*>, error = <*>",1.2317748069763184
"Connection broken for id 188978561024, my id = 3, error =","Connection broken for id <*>, my id = <*>, error =",Zookeeper,Unseen,"Connection broken for id <*>, my id = <*>, error = <*>",1.2423534393310547
"Connection broken for id 188978561024, my id = 3, error =","Connection broken for id <*>, my id = <*>, error =",Zookeeper,Unseen,"Connection broken for id <*>, my id = <*>, error = <*>",1.2365753650665283
"Connection broken for id 188978561024, my id = 3, error =","Connection broken for id <*>, my id = <*>, error =",Zookeeper,Unseen,"Connection broken for id <*>, my id = <*>, error = <*>",1.2483105659484863
"Connection broken for id 188978561024, my id = 3, error =","Connection broken for id <*>, my id = <*>, error =",Zookeeper,Unseen,"Connection broken for id <*>, my id = <*>, error = <*>",1.2225441932678223
"Connection broken for id 188978561024, my id = 3, error =","Connection broken for id <*>, my id = <*>, error =",Zookeeper,Unseen,"Connection broken for id <*>, my id = <*>, error = <*>",1.2337675094604492
"Connection broken for id 188978561024, my id = 3, error =","Connection broken for id <*>, my id = <*>, error =",Zookeeper,Unseen,"Connection broken for id <*>, my id = <*>, error = <*>",1.2702796459197998
"Connection broken for id 188978561024, my id = 3, error =","Connection broken for id <*>, my id = <*>, error =",Zookeeper,Unseen,"Connection broken for id <*>, my id = <*>, error = <*>",1.2206125259399414
"Connection broken for id 188978561024, my id = 3, error =","Connection broken for id <*>, my id = <*>, error =",Zookeeper,Unseen,"Connection broken for id <*>, my id = <*>, error = <*>",1.2244737148284912
"Connection broken for id 188978561024, my id = 3, error =","Connection broken for id <*>, my id = <*>, error =",Zookeeper,Unseen,"Connection broken for id <*>, my id = <*>, error = <*>",1.2263069152832031
"Connection broken for id 188978561024, my id = 3, error =","Connection broken for id <*>, my id = <*>, error =",Zookeeper,Unseen,"Connection broken for id <*>, my id = <*>, error = <*>",1.2098278999328613
"Connection broken for id 188978561024, my id = 3, error =","Connection broken for id <*>, my id = <*>, error =",Zookeeper,Unseen,"Connection broken for id <*>, my id = <*>, error = <*>",1.200042486190796
"Connection broken for id 188978561024, my id = 3, error =","Connection broken for id <*>, my id = <*>, error =",Zookeeper,Unseen,"Connection broken for id <*>, my id = <*>, error = <*>",1.200699806213379
"Connection broken for id 188978561024, my id = 3, error =","Connection broken for id <*>, my id = <*>, error =",Zookeeper,Unseen,"Connection broken for id <*>, my id = <*>, error = <*>",1.2246613502502441
"Connection broken for id 188978561024, my id = 3, error =","Connection broken for id <*>, my id = <*>, error =",Zookeeper,Unseen,"Connection broken for id <*>, my id = <*>, error = <*>",1.2164688110351562
"Connection broken for id 188978561024, my id = 3, error =","Connection broken for id <*>, my id = <*>, error =",Zookeeper,Unseen,"Connection broken for id <*>, my id = <*>, error = <*>",1.2669060230255127
"Connection broken for id 188978561024, my id = 3, error =","Connection broken for id <*>, my id = <*>, error =",Zookeeper,Unseen,"Connection broken for id <*>, my id = <*>, error = <*>",1.269911527633667
"Connection broken for id 188978561024, my id = 3, error =","Connection broken for id <*>, my id = <*>, error =",Zookeeper,Unseen,"Connection broken for id <*>, my id = <*>, error = <*>",1.2227816581726074
"Connection broken for id 188978561024, my id = 3, error =","Connection broken for id <*>, my id = <*>, error =",Zookeeper,Unseen,"Connection broken for id <*>, my id = <*>, error = <*>",1.2252881526947021
"Connection broken for id 188978561024, my id = 3, error =","Connection broken for id <*>, my id = <*>, error =",Zookeeper,Unseen,"Connection broken for id <*>, my id = <*>, error = <*>",1.2356243133544922
"Connection broken for id 188978561024, my id = 3, error =","Connection broken for id <*>, my id = <*>, error =",Zookeeper,Unseen,"Connection broken for id <*>, my id = <*>, error = <*>",1.216109275817871
"Connection broken for id 188978561024, my id = 3, error =","Connection broken for id <*>, my id = <*>, error =",Zookeeper,Unseen,"Connection broken for id <*>, my id = <*>, error = <*>",1.2368106842041016
"Connection broken for id 188978561024, my id = 3, error =","Connection broken for id <*>, my id = <*>, error =",Zookeeper,Unseen,"Connection broken for id <*>, my id = <*>, error = <*>",1.1907455921173096
"Connection broken for id 188978561024, my id = 3, error =","Connection broken for id <*>, my id = <*>, error =",Zookeeper,Unseen,"Connection broken for id <*>, my id = <*>, error = <*>",1.2637810707092285
"Connection broken for id 188978561024, my id = 3, error =","Connection broken for id <*>, my id = <*>, error =",Zookeeper,Unseen,"Connection broken for id <*>, my id = <*>, error = <*>",1.2456867694854736
"Connection broken for id 188978561024, my id = 3, error =","Connection broken for id <*>, my id = <*>, error =",Zookeeper,Unseen,"Connection broken for id <*>, my id = <*>, error = <*>",1.2480168342590332
"Connection broken for id 188978561024, my id = 3, error =","Connection broken for id <*>, my id = <*>, error =",Zookeeper,Unseen,"Connection broken for id <*>, my id = <*>, error = <*>",1.226423978805542
"Connection broken for id 188978561024, my id = 3, error =","Connection broken for id <*>, my id = <*>, error =",Zookeeper,Unseen,"Connection broken for id <*>, my id = <*>, error = <*>",1.2370500564575195
"Connection broken for id 188978561024, my id = 3, error =","Connection broken for id <*>, my id = <*>, error =",Zookeeper,Unseen,"Connection broken for id <*>, my id = <*>, error = <*>",1.2254767417907715
"Connection broken for id 188978561024, my id = 3, error =","Connection broken for id <*>, my id = <*>, error =",Zookeeper,Unseen,"Connection broken for id <*>, my id = <*>, error = <*>",1.2302050590515137
"Connection broken for id 188978561024, my id = 3, error =","Connection broken for id <*>, my id = <*>, error =",Zookeeper,Unseen,"Connection broken for id <*>, my id = <*>, error = <*>",1.2431929111480713
"Connection broken for id 188978561024, my id = 3, error =","Connection broken for id <*>, my id = <*>, error =",Zookeeper,Unseen,"Connection broken for id <*>, my id = <*>, error = <*>",1.236480474472046
"Connection broken for id 188978561024, my id = 3, error =","Connection broken for id <*>, my id = <*>, error =",Zookeeper,Unseen,"Connection broken for id <*>, my id = <*>, error = <*>",1.2321720123291016
"Connection broken for id 188978561024, my id = 3, error =","Connection broken for id <*>, my id = <*>, error =",Zookeeper,Unseen,"Connection broken for id <*>, my id = <*>, error = <*>",1.232621431350708
"Connection broken for id 188978561024, my id = 3, error =","Connection broken for id <*>, my id = <*>, error =",Zookeeper,Unseen,"Connection broken for id <*>, my id = <*>, error = <*>",1.250415563583374
"Connection broken for id 188978561024, my id = 3, error =","Connection broken for id <*>, my id = <*>, error =",Zookeeper,Unseen,"Connection broken for id <*>, my id = <*>, error = <*>",1.227612018585205
"Connection broken for id 188978561024, my id = 3, error =","Connection broken for id <*>, my id = <*>, error =",Zookeeper,Unseen,"Connection broken for id <*>, my id = <*>, error = <*>",1.2219188213348389
"Connection broken for id 188978561024, my id = 3, error =","Connection broken for id <*>, my id = <*>, error =",Zookeeper,Unseen,"Connection broken for id <*>, my id = <*>, error = <*>",1.2146227359771729
"Connection broken for id 188978561024, my id = 3, error =","Connection broken for id <*>, my id = <*>, error =",Zookeeper,Unseen,"Connection broken for id <*>, my id = <*>, error = <*>",1.2182972431182861
"Connection broken for id 188978561024, my id = 3, error =","Connection broken for id <*>, my id = <*>, error =",Zookeeper,Unseen,"Connection broken for id <*>, my id = <*>, error = <*>",1.2520503997802734
"Connection broken for id 188978561024, my id = 3, error =","Connection broken for id <*>, my id = <*>, error =",Zookeeper,Unseen,"Connection broken for id <*>, my id = <*>, error = <*>",1.2210230827331543
"Connection broken for id 188978561024, my id = 3, error =","Connection broken for id <*>, my id = <*>, error =",Zookeeper,Unseen,"Connection broken for id <*>, my id = <*>, error = <*>",1.229644536972046
"Connection broken for id 188978561024, my id = 3, error =","Connection broken for id <*>, my id = <*>, error =",Zookeeper,Unseen,"Connection broken for id <*>, my id = <*>, error = <*>",1.234959363937378
"Connection broken for id 188978561024, my id = 3, error =","Connection broken for id <*>, my id = <*>, error =",Zookeeper,Unseen,"Connection broken for id <*>, my id = <*>, error = <*>",1.258389949798584
"Connection broken for id 188978561024, my id = 3, error =","Connection broken for id <*>, my id = <*>, error =",Zookeeper,Unseen,"Connection broken for id <*>, my id = <*>, error = <*>",1.2232904434204102
"Connection broken for id 188978561024, my id = 3, error =","Connection broken for id <*>, my id = <*>, error =",Zookeeper,Unseen,"Connection broken for id <*>, my id = <*>, error = <*>",1.2338619232177734
"Connection broken for id 188978561024, my id = 3, error =","Connection broken for id <*>, my id = <*>, error =",Zookeeper,Unseen,"Connection broken for id <*>, my id = <*>, error = <*>",1.2124607563018799
"Connection broken for id 188978561024, my id = 3, error =","Connection broken for id <*>, my id = <*>, error =",Zookeeper,Unseen,"Connection broken for id <*>, my id = <*>, error = <*>",1.2466933727264404
"Connection broken for id 188978561024, my id = 3, error =","Connection broken for id <*>, my id = <*>, error =",Zookeeper,Unseen,"Connection broken for id <*>, my id = <*>, error = <*>",1.2322089672088623
"Connection broken for id 188978561024, my id = 3, error =","Connection broken for id <*>, my id = <*>, error =",Zookeeper,Unseen,"Connection broken for id <*>, my id = <*>, error = <*>",1.2297031879425049
"Connection broken for id 188978561024, my id = 3, error =","Connection broken for id <*>, my id = <*>, error =",Zookeeper,Unseen,"Connection broken for id <*>, my id = <*>, error = <*>",1.2243468761444092
"Connection broken for id 188978561024, my id = 3, error =","Connection broken for id <*>, my id = <*>, error =",Zookeeper,Unseen,"Connection broken for id <*>, my id = <*>, error = <*>",1.231924295425415
"Connection broken for id 188978561024, my id = 3, error =","Connection broken for id <*>, my id = <*>, error =",Zookeeper,Unseen,"Connection broken for id <*>, my id = <*>, error = <*>",1.2426481246948242
"Connection broken for id 188978561024, my id = 3, error =","Connection broken for id <*>, my id = <*>, error =",Zookeeper,Unseen,"Connection broken for id <*>, my id = <*>, error = <*>",1.2498655319213867
"Connection broken for id 188978561024, my id = 3, error =","Connection broken for id <*>, my id = <*>, error =",Zookeeper,Unseen,"Connection broken for id <*>, my id = <*>, error = <*>",1.217862606048584
"Connection broken for id 188978561024, my id = 3, error =","Connection broken for id <*>, my id = <*>, error =",Zookeeper,Unseen,"Connection broken for id <*>, my id = <*>, error = <*>",1.213663101196289
"Connection broken for id 188978561024, my id = 3, error =","Connection broken for id <*>, my id = <*>, error =",Zookeeper,Unseen,"Connection broken for id <*>, my id = <*>, error = <*>",1.2289738655090332
"Connection broken for id 188978561024, my id = 3, error =","Connection broken for id <*>, my id = <*>, error =",Zookeeper,Unseen,"Connection broken for id <*>, my id = <*>, error = <*>",1.240565299987793
"Connection broken for id 188978561024, my id = 3, error =","Connection broken for id <*>, my id = <*>, error =",Zookeeper,Unseen,"Connection broken for id <*>, my id = <*>, error = <*>",1.2346274852752686
"Connection broken for id 188978561024, my id = 3, error =","Connection broken for id <*>, my id = <*>, error =",Zookeeper,Unseen,"Connection broken for id <*>, my id = <*>, error = <*>",1.2079038619995117
"Connection broken for id 188978561024, my id = 3, error =","Connection broken for id <*>, my id = <*>, error =",Zookeeper,Unseen,"Connection broken for id <*>, my id = <*>, error = <*>",1.213343620300293
"Connection broken for id 188978561024, my id = 3, error =","Connection broken for id <*>, my id = <*>, error =",Zookeeper,Unseen,"Connection broken for id <*>, my id = <*>, error = <*>",1.2553565502166748
"Connection broken for id 188978561024, my id = 3, error =","Connection broken for id <*>, my id = <*>, error =",Zookeeper,Unseen,"Connection broken for id <*>, my id = <*>, error = <*>",1.2507658004760742
"Connection broken for id 188978561024, my id = 3, error =","Connection broken for id <*>, my id = <*>, error =",Zookeeper,Unseen,"Connection broken for id <*>, my id = <*>, error = <*>",1.2242920398712158
"Connection broken for id 188978561024, my id = 3, error =","Connection broken for id <*>, my id = <*>, error =",Zookeeper,Unseen,"Connection broken for id <*>, my id = <*>, error = <*>",1.2298860549926758
"Connection broken for id 188978561024, my id = 3, error =","Connection broken for id <*>, my id = <*>, error =",Zookeeper,Unseen,"Connection broken for id <*>, my id = <*>, error = <*>",1.2277426719665527
"Connection broken for id 1, my id = 3, error =","Connection broken for id <*>, my id = <*>, error =",Zookeeper,Unseen,"Connection broken for id <*>, my id = <*>, error = <*>",1.225738525390625
minSessionTimeout set to -1,minSessionTimeout set to <*>,Zookeeper,Unseen,minSessionTimeout set to <*>,0.5823721885681152
Server environment:os.name=Linux,Server environment:<*>,Zookeeper,Unseen,Server environment:os.name=<*>,0.712385892868042
Server environment:user.name=zookeeper,Server environment:<*>,Zookeeper,Unseen,Server environment:user.name=<*>,0.7072842121124268
minSessionTimeout set to -1,minSessionTimeout set to <*>,Zookeeper,Unseen,minSessionTimeout set to <*>,0.5761756896972656
Server environment:java.home=/usr/lib/jvm/java-7-openjdk-amd64/jre,Server environment:<*>,Zookeeper,Unseen,Server environment:java.home=<*>,0.713005781173706
