Content,EventTemplate,Dataset,Category,Unseen_Mistral_FT_HealthApp_3,Inference_time_3
onReceive action: android.intent.action.SCREEN_ON,onReceive action: android.intent.action.SCREEN_ON,HealthApp,Unseen,onReceive action: android.intent.action.SCREEN_ON,1.0683364868164062
setTodayTotalDetailSteps=1514038440000##7007##548365##8661##12361##27173954,setTodayTotalDetailSteps=<*>##<*>##<*>##<*>##<*>##<*>,HealthApp,Unseen,setTodayTotalDetailSteps=<*>##<*>##<*>##<*>##<*>##<*>,1.6694774627685547
REPORT : 7007 5002 150089 240,REPORT : <*> <*> <*> <*>,HealthApp,Unseen,REPORT : <*> <*> <*> <*>,0.8109176158905029
setTodayTotalDetailSteps=1514038440000##7008##548365##8661##12456##27174269,setTodayTotalDetailSteps=<*>##<*>##<*>##<*>##<*>##<*>,HealthApp,Unseen,setTodayTotalDetailSteps=<*>##<*>##<*>##<*>##<*>##<*>,1.6670575141906738
REPORT : 7008 5003 150111 240,REPORT : <*> <*> <*> <*>,HealthApp,Unseen,REPORT : <*> <*> <*> <*>,0.8005177974700928
setTodayTotalDetailSteps=1514038440000##7009##548365##8661##12551##27174951,setTodayTotalDetailSteps=<*>##<*>##<*>##<*>##<*>##<*>,HealthApp,Unseen,setTodayTotalDetailSteps=<*>##<*>##<*>##<*>##<*>##<*>,1.624922275543213
REPORT : 7009 5004 150132 240,REPORT : <*> <*> <*> <*>,HealthApp,Unseen,REPORT : <*> <*> <*> <*>,0.7980043888092041
setTodayTotalDetailSteps=1514038440000##7011##548365##8661##12646##27175461,setTodayTotalDetailSteps=<*>##<*>##<*>##<*>##<*>##<*>,HealthApp,Unseen,setTodayTotalDetailSteps=<*>##<*>##<*>##<*>##<*>##<*>,1.6952133178710938
REPORT : 7011 5005 150175 240,REPORT : <*> <*> <*> <*>,HealthApp,Unseen,REPORT : <*> <*> <*> <*>,0.8141055107116699
setTodayTotalDetailSteps=1514038440000##7012##548365##8661##12741##27176464,setTodayTotalDetailSteps=<*>##<*>##<*>##<*>##<*>##<*>,HealthApp,Unseen,setTodayTotalDetailSteps=<*>##<*>##<*>##<*>##<*>##<*>,1.6639413833618164
REPORT : 7012 5006 150197 240,REPORT : <*> <*> <*> <*>,HealthApp,Unseen,REPORT : <*> <*> <*> <*>,0.7966067790985107
setTodayTotalDetailSteps=1514038440000##7013##548365##8661##12836##27176966,setTodayTotalDetailSteps=<*>##<*>##<*>##<*>##<*>##<*>,HealthApp,Unseen,setTodayTotalDetailSteps=<*>##<*>##<*>##<*>##<*>##<*>,1.7019333839416504
REPORT : 7013 5007 150218 240,REPORT : <*> <*> <*> <*>,HealthApp,Unseen,REPORT : <*> <*> <*> <*>,0.8333749771118164
setTodayTotalDetailSteps=1514038440000##7014##548365##8661##12931##27177463,setTodayTotalDetailSteps=<*>##<*>##<*>##<*>##<*>##<*>,HealthApp,Unseen,setTodayTotalDetailSteps=<*>##<*>##<*>##<*>##<*>##<*>,1.679335355758667
REPORT : 7014 5007 150239 240,REPORT : <*> <*> <*> <*>,HealthApp,Unseen,REPORT : <*> <*> <*> <*>,0.8219859600067139
setTodayTotalDetailSteps=1514038440000##7015##548365##8661##13026##27177962,setTodayTotalDetailSteps=<*>##<*>##<*>##<*>##<*>##<*>,HealthApp,Unseen,setTodayTotalDetailSteps=<*>##<*>##<*>##<*>##<*>##<*>,1.6791858673095703
REPORT : 7015 5008 150261 240,REPORT : <*> <*> <*> <*>,HealthApp,Unseen,REPORT : <*> <*> <*> <*>,0.8197822570800781
onReceive action: android.intent.action.SCREEN_OFF,onReceive action: android.intent.action.SCREEN_OFF,HealthApp,Unseen,onReceive action: android.intent.action.SCREEN_OFF,1.0631704330444336
setTodayTotalDetailSteps=1514038440000##7017##548365##8661##13121##27179330,setTodayTotalDetailSteps=<*>##<*>##<*>##<*>##<*>##<*>,HealthApp,Unseen,setTodayTotalDetailSteps=<*>##<*>##<*>##<*>##<*>##<*>,1.70961594581604
"screen status unknown,think screen on","screen status unknown,think screen on",HealthApp,Unseen,"screen status unknown,think screen on",0.5738942623138428
REPORT : 7017 5010 150304 240,REPORT : <*> <*> <*> <*>,HealthApp,Unseen,REPORT : <*> <*> <*> <*>,0.811506986618042
onReceive action: android.intent.action.SCREEN_ON,onReceive action: android.intent.action.SCREEN_ON,HealthApp,Unseen,onReceive action: android.intent.action.SCREEN_ON,1.0630967617034912
setTodayTotalDetailSteps=1514038440000##7017##548365##8661##13216##27179417,setTodayTotalDetailSteps=<*>##<*>##<*>##<*>##<*>##<*>,HealthApp,Unseen,setTodayTotalDetailSteps=<*>##<*>##<*>##<*>##<*>##<*>,1.686870813369751
REPORT : 7017 5010 150304 240,REPORT : <*> <*> <*> <*>,HealthApp,Unseen,REPORT : <*> <*> <*> <*>,0.8066189289093018
setTodayTotalDetailSteps=1514038440000##7018##548365##8661##13311##27179732,setTodayTotalDetailSteps=<*>##<*>##<*>##<*>##<*>##<*>,HealthApp,Unseen,setTodayTotalDetailSteps=<*>##<*>##<*>##<*>##<*>##<*>,1.709362506866455
REPORT : 7018 5010 150325 240,REPORT : <*> <*> <*> <*>,HealthApp,Unseen,REPORT : <*> <*> <*> <*>,0.8215024471282959
setTodayTotalDetailSteps=1514038440000##7019##548365##8661##13406##27180468,setTodayTotalDetailSteps=<*>##<*>##<*>##<*>##<*>##<*>,HealthApp,Unseen,setTodayTotalDetailSteps=<*>##<*>##<*>##<*>##<*>##<*>,1.704000473022461
REPORT : 7019 5011 150346 240,REPORT : <*> <*> <*> <*>,HealthApp,Unseen,REPORT : <*> <*> <*> <*>,0.8205432891845703
setTodayTotalDetailSteps=1514038440000##7020##548365##8661##13501##27180976,setTodayTotalDetailSteps=<*>##<*>##<*>##<*>##<*>##<*>,HealthApp,Unseen,setTodayTotalDetailSteps=<*>##<*>##<*>##<*>##<*>##<*>,1.681556224822998
REPORT : 7020 5012 150368 240,REPORT : <*> <*> <*> <*>,HealthApp,Unseen,REPORT : <*> <*> <*> <*>,0.7936851978302002
setTodayTotalDetailSteps=1514038440000##7021##548365##8661##13596##27181971,setTodayTotalDetailSteps=<*>##<*>##<*>##<*>##<*>##<*>,HealthApp,Unseen,setTodayTotalDetailSteps=<*>##<*>##<*>##<*>##<*>##<*>,1.667264461517334
REPORT : 7021 5012 150389 240,REPORT : <*> <*> <*> <*>,HealthApp,Unseen,REPORT : <*> <*> <*> <*>,0.8082442283630371
setTodayTotalDetailSteps=1514038440000##7022##548365##8661##13691##27182468,setTodayTotalDetailSteps=<*>##<*>##<*>##<*>##<*>##<*>,HealthApp,Unseen,setTodayTotalDetailSteps=<*>##<*>##<*>##<*>##<*>##<*>,1.6633799076080322
REPORT : 7022 5013 150411 240,REPORT : <*> <*> <*> <*>,HealthApp,Unseen,REPORT : <*> <*> <*> <*>,0.8019499778747559
setTodayTotalDetailSteps=1514038440000##7023##548365##8661##13786##27182973,setTodayTotalDetailSteps=<*>##<*>##<*>##<*>##<*>##<*>,HealthApp,Unseen,setTodayTotalDetailSteps=<*>##<*>##<*>##<*>##<*>##<*>,1.6960558891296387
REPORT : 7023 5014 150432 240,REPORT : <*> <*> <*> <*>,HealthApp,Unseen,REPORT : <*> <*> <*> <*>,0.8239970207214355
setTodayTotalDetailSteps=1514038440000##7024##548365##8661##13881##27183469,setTodayTotalDetailSteps=<*>##<*>##<*>##<*>##<*>##<*>,HealthApp,Unseen,setTodayTotalDetailSteps=<*>##<*>##<*>##<*>##<*>##<*>,1.6726548671722412
REPORT : 7024 5015 150454 240,REPORT : <*> <*> <*> <*>,HealthApp,Unseen,REPORT : <*> <*> <*> <*>,0.8209543228149414
setTodayTotalDetailSteps=1514038440000##7025##548365##8661##13976##27183974,setTodayTotalDetailSteps=<*>##<*>##<*>##<*>##<*>##<*>,HealthApp,Unseen,setTodayTotalDetailSteps=<*>##<*>##<*>##<*>##<*>##<*>,1.695603609085083
REPORT : 7025 5015 150475 240,REPORT : <*> <*> <*> <*>,HealthApp,Unseen,REPORT : <*> <*> <*> <*>,0.8108799457550049
setTodayTotalDetailSteps=1514038440000##7026##548365##8661##14071##27184972,setTodayTotalDetailSteps=<*>##<*>##<*>##<*>##<*>##<*>,HealthApp,Unseen,setTodayTotalDetailSteps=<*>##<*>##<*>##<*>##<*>##<*>,1.6888675689697266
REPORT : 7026 5016 150496 240,REPORT : <*> <*> <*> <*>,HealthApp,Unseen,REPORT : <*> <*> <*> <*>,0.8224971294403076
setTodayTotalDetailSteps=1514038440000##7027##548365##8661##14166##27185467,setTodayTotalDetailSteps=<*>##<*>##<*>##<*>##<*>##<*>,HealthApp,Unseen,setTodayTotalDetailSteps=<*>##<*>##<*>##<*>##<*>##<*>,1.7029871940612793
REPORT : 7027 5017 150518 240,REPORT : <*> <*> <*> <*>,HealthApp,Unseen,REPORT : <*> <*> <*> <*>,0.8271853923797607
setTodayTotalDetailSteps=1514038440000##7028##548365##8661##14261##27185977,setTodayTotalDetailSteps=<*>##<*>##<*>##<*>##<*>##<*>,HealthApp,Unseen,setTodayTotalDetailSteps=<*>##<*>##<*>##<*>##<*>##<*>,1.7093641757965088
REPORT : 7028 5017 150539 240,REPORT : <*> <*> <*> <*>,HealthApp,Unseen,REPORT : <*> <*> <*> <*>,0.8243536949157715
setTodayTotalDetailSteps=1514038440000##7029##548365##8661##14356##27186469,setTodayTotalDetailSteps=<*>##<*>##<*>##<*>##<*>##<*>,HealthApp,Unseen,setTodayTotalDetailSteps=<*>##<*>##<*>##<*>##<*>##<*>,1.702030897140503
REPORT : 7029 5018 150561 240,REPORT : <*> <*> <*> <*>,HealthApp,Unseen,REPORT : <*> <*> <*> <*>,0.8218331336975098
setTodayTotalDetailSteps=1514038440000##7030##548365##8661##14451##27187468,setTodayTotalDetailSteps=<*>##<*>##<*>##<*>##<*>##<*>,HealthApp,Unseen,setTodayTotalDetailSteps=<*>##<*>##<*>##<*>##<*>##<*>,1.6950888633728027
REPORT : 7030 5019 150582 240,REPORT : <*> <*> <*> <*>,HealthApp,Unseen,REPORT : <*> <*> <*> <*>,0.8051540851593018
setTodayTotalDetailSteps=1514038440000##7031##548365##8661##14546##27187968,setTodayTotalDetailSteps=<*>##<*>##<*>##<*>##<*>##<*>,HealthApp,Unseen,setTodayTotalDetailSteps=<*>##<*>##<*>##<*>##<*>##<*>,1.6773643493652344
REPORT : 7031 5020 150604 240,REPORT : <*> <*> <*> <*>,HealthApp,Unseen,REPORT : <*> <*> <*> <*>,0.8169171810150146
setTodayTotalDetailSteps=1514038440000##7032##548365##8661##14641##27188471,setTodayTotalDetailSteps=<*>##<*>##<*>##<*>##<*>##<*>,HealthApp,Unseen,setTodayTotalDetailSteps=<*>##<*>##<*>##<*>##<*>##<*>,1.6815993785858154
REPORT : 7032 5020 150625 240,REPORT : <*> <*> <*> <*>,HealthApp,Unseen,REPORT : <*> <*> <*> <*>,0.824904203414917
setTodayTotalDetailSteps=1514038440000##7033##548365##8661##14736##27189469,setTodayTotalDetailSteps=<*>##<*>##<*>##<*>##<*>##<*>,HealthApp,Unseen,setTodayTotalDetailSteps=<*>##<*>##<*>##<*>##<*>##<*>,1.6847772598266602
REPORT : 7033 5021 150646 240,REPORT : <*> <*> <*> <*>,HealthApp,Unseen,REPORT : <*> <*> <*> <*>,0.8149685859680176
setTodayTotalDetailSteps=1514038440000##7034##548365##8661##14831##27189969,setTodayTotalDetailSteps=<*>##<*>##<*>##<*>##<*>##<*>,HealthApp,Unseen,setTodayTotalDetailSteps=<*>##<*>##<*>##<*>##<*>##<*>,1.6880059242248535
REPORT : 7034 5022 150668 240,REPORT : <*> <*> <*> <*>,HealthApp,Unseen,REPORT : <*> <*> <*> <*>,0.8174364566802979
setTodayTotalDetailSteps=1514038440000##7035##548365##8661##14926##27190469,setTodayTotalDetailSteps=<*>##<*>##<*>##<*>##<*>##<*>,HealthApp,Unseen,setTodayTotalDetailSteps=<*>##<*>##<*>##<*>##<*>##<*>,1.6857175827026367
REPORT : 7035 5022 150689 240,REPORT : <*> <*> <*> <*>,HealthApp,Unseen,REPORT : <*> <*> <*> <*>,0.8317775726318359
setTodayTotalDetailSteps=1514038440000##7036##548365##8661##15021##27190970,setTodayTotalDetailSteps=<*>##<*>##<*>##<*>##<*>##<*>,HealthApp,Unseen,setTodayTotalDetailSteps=<*>##<*>##<*>##<*>##<*>##<*>,1.6515445709228516
REPORT : 7036 5023 150711 240,REPORT : <*> <*> <*> <*>,HealthApp,Unseen,REPORT : <*> <*> <*> <*>,0.8009016513824463
setTodayTotalDetailSteps=1514038440000##7037##548365##8661##15116##27191969,setTodayTotalDetailSteps=<*>##<*>##<*>##<*>##<*>##<*>,HealthApp,Unseen,setTodayTotalDetailSteps=<*>##<*>##<*>##<*>##<*>##<*>,1.6498305797576904
REPORT : 7037 5024 150732 240,REPORT : <*> <*> <*> <*>,HealthApp,Unseen,REPORT : <*> <*> <*> <*>,0.8105223178863525
setTodayTotalDetailSteps=1514038440000##7038##548365##8661##15211##27192478,setTodayTotalDetailSteps=<*>##<*>##<*>##<*>##<*>##<*>,HealthApp,Unseen,setTodayTotalDetailSteps=<*>##<*>##<*>##<*>##<*>##<*>,1.655229091644287
REPORT : 7038 5025 150753 240,REPORT : <*> <*> <*> <*>,HealthApp,Unseen,REPORT : <*> <*> <*> <*>,0.7972664833068848
setTodayTotalDetailSteps=1514038440000##7039##548365##8661##15306##27192971,setTodayTotalDetailSteps=<*>##<*>##<*>##<*>##<*>##<*>,HealthApp,Unseen,setTodayTotalDetailSteps=<*>##<*>##<*>##<*>##<*>##<*>,1.658259630203247
REPORT : 7039 5025 150775 240,REPORT : <*> <*> <*> <*>,HealthApp,Unseen,REPORT : <*> <*> <*> <*>,0.8079075813293457
setTodayTotalDetailSteps=1514038440000##7040##548365##8661##15401##27193971,setTodayTotalDetailSteps=<*>##<*>##<*>##<*>##<*>##<*>,HealthApp,Unseen,setTodayTotalDetailSteps=<*>##<*>##<*>##<*>##<*>##<*>,1.6618859767913818
REPORT : 7040 5026 150796 240,REPORT : <*> <*> <*> <*>,HealthApp,Unseen,REPORT : <*> <*> <*> <*>,0.7994499206542969
setTodayTotalDetailSteps=1514038440000##7041##548365##8661##15496##27194480,setTodayTotalDetailSteps=<*>##<*>##<*>##<*>##<*>##<*>,HealthApp,Unseen,setTodayTotalDetailSteps=<*>##<*>##<*>##<*>##<*>##<*>,1.6711833477020264
REPORT : 7041 5027 150818 240,REPORT : <*> <*> <*> <*>,HealthApp,Unseen,REPORT : <*> <*> <*> <*>,0.8018369674682617
setTodayTotalDetailSteps=1514038440000##7042##548365##8661##15591##27195470,setTodayTotalDetailSteps=<*>##<*>##<*>##<*>##<*>##<*>,HealthApp,Unseen,setTodayTotalDetailSteps=<*>##<*>##<*>##<*>##<*>##<*>,1.6931781768798828
REPORT : 7042 5027 150839 240,REPORT : <*> <*> <*> <*>,HealthApp,Unseen,REPORT : <*> <*> <*> <*>,0.8069586753845215
setTodayTotalDetailSteps=1514038440000##7044##548365##8661##15686##27196480,setTodayTotalDetailSteps=<*>##<*>##<*>##<*>##<*>##<*>,HealthApp,Unseen,setTodayTotalDetailSteps=<*>##<*>##<*>##<*>##<*>##<*>,1.6435558795928955
REPORT : 7044 5029 150882 240,REPORT : <*> <*> <*> <*>,HealthApp,Unseen,REPORT : <*> <*> <*> <*>,0.7957930564880371
setTodayTotalDetailSteps=1514038440000##7045##548365##8661##15781##27196970,setTodayTotalDetailSteps=<*>##<*>##<*>##<*>##<*>##<*>,HealthApp,Unseen,setTodayTotalDetailSteps=<*>##<*>##<*>##<*>##<*>##<*>,1.657555341720581
REPORT : 7045 5030 150903 240,REPORT : <*> <*> <*> <*>,HealthApp,Unseen,REPORT : <*> <*> <*> <*>,0.8047633171081543
setTodayTotalDetailSteps=1514038440000##7047##548365##8661##15876##27197972,setTodayTotalDetailSteps=<*>##<*>##<*>##<*>##<*>##<*>,HealthApp,Unseen,setTodayTotalDetailSteps=<*>##<*>##<*>##<*>##<*>##<*>,1.6664366722106934
REPORT : 7047 5031 150946 240,REPORT : <*> <*> <*> <*>,HealthApp,Unseen,REPORT : <*> <*> <*> <*>,0.8104262351989746
setTodayTotalDetailSteps=1514038440000##7048##548365##8661##15971##27198970,setTodayTotalDetailSteps=<*>##<*>##<*>##<*>##<*>##<*>,HealthApp,Unseen,setTodayTotalDetailSteps=<*>##<*>##<*>##<*>##<*>##<*>,1.6623561382293701
REPORT : 7048 5032 150968 240,REPORT : <*> <*> <*> <*>,HealthApp,Unseen,REPORT : <*> <*> <*> <*>,0.8205485343933105
setTodayTotalDetailSteps=1514038440000##7050##548365##8661##16066##27199969,setTodayTotalDetailSteps=<*>##<*>##<*>##<*>##<*>##<*>,HealthApp,Unseen,setTodayTotalDetailSteps=<*>##<*>##<*>##<*>##<*>##<*>,1.663790225982666
REPORT : 7050 5033 151011 240,REPORT : <*> <*> <*> <*>,HealthApp,Unseen,REPORT : <*> <*> <*> <*>,0.802405595779419
setTodayTotalDetailSteps=1514038440000##7052##548365##8661##16161##27200470,setTodayTotalDetailSteps=<*>##<*>##<*>##<*>##<*>##<*>,HealthApp,Unseen,setTodayTotalDetailSteps=<*>##<*>##<*>##<*>##<*>##<*>,1.6515345573425293
REPORT : 7052 5035 151053 240,REPORT : <*> <*> <*> <*>,HealthApp,Unseen,REPORT : <*> <*> <*> <*>,0.8033111095428467
setTodayTotalDetailSteps=1514038440000##7053##548365##8661##16256##27202475,setTodayTotalDetailSteps=<*>##<*>##<*>##<*>##<*>##<*>,HealthApp,Unseen,setTodayTotalDetailSteps=<*>##<*>##<*>##<*>##<*>##<*>,1.6631288528442383
REPORT : 7053 5035 151075 240,REPORT : <*> <*> <*> <*>,HealthApp,Unseen,REPORT : <*> <*> <*> <*>,0.7945802211761475
setTodayTotalDetailSteps=1514038500000##7054##548458##8661##16256##27204469,setTodayTotalDetailSteps=<*>##<*>##<*>##<*>##<*>##<*>,HealthApp,Unseen,setTodayTotalDetailSteps=<*>##<*>##<*>##<*>##<*>##<*>,1.677032232284546
REPORT : 7054 5036 151096 240,REPORT : <*> <*> <*> <*>,HealthApp,Unseen,REPORT : <*> <*> <*> <*>,0.8100049495697021
setTodayTotalDetailSteps=1514038500000##7054##548551##8661##16256##27205469,setTodayTotalDetailSteps=<*>##<*>##<*>##<*>##<*>##<*>,HealthApp,Unseen,setTodayTotalDetailSteps=<*>##<*>##<*>##<*>##<*>##<*>,1.6568241119384766
setTodayTotalDetailSteps=1514038560000##7054##548552##8661##16256##27283470,setTodayTotalDetailSteps=<*>##<*>##<*>##<*>##<*>##<*>,HealthApp,Unseen,setTodayTotalDetailSteps=<*>##<*>##<*>##<*>##<*>##<*>,1.653557300567627
setTodayTotalDetailSteps=1514038560000##7056##548553##8661##16256##27284971,setTodayTotalDetailSteps=<*>##<*>##<*>##<*>##<*>##<*>,HealthApp,Unseen,setTodayTotalDetailSteps=<*>##<*>##<*>##<*>##<*>##<*>,1.6472177505493164
REPORT : 7056 5037 151139 240,REPORT : <*> <*> <*> <*>,HealthApp,Unseen,REPORT : <*> <*> <*> <*>,0.7973730564117432
setTodayTotalDetailSteps=1514038560000##7058##548554##8661##16256##27285475,setTodayTotalDetailSteps=<*>##<*>##<*>##<*>##<*>##<*>,HealthApp,Unseen,setTodayTotalDetailSteps=<*>##<*>##<*>##<*>##<*>##<*>,1.6462738513946533
REPORT : 7058 5039 151182 240,REPORT : <*> <*> <*> <*>,HealthApp,Unseen,REPORT : <*> <*> <*> <*>,0.8002068996429443
setTodayTotalDetailSteps=1514038560000##7060##548555##8661##16256##27285968,setTodayTotalDetailSteps=<*>##<*>##<*>##<*>##<*>##<*>,HealthApp,Unseen,setTodayTotalDetailSteps=<*>##<*>##<*>##<*>##<*>##<*>,1.6603667736053467
REPORT : 7060 5040 151225 240,REPORT : <*> <*> <*> <*>,HealthApp,Unseen,REPORT : <*> <*> <*> <*>,0.8055493831634521
setTodayTotalDetailSteps=1514038560000##7062##548556##8661##16256##27286470,setTodayTotalDetailSteps=<*>##<*>##<*>##<*>##<*>##<*>,HealthApp,Unseen,setTodayTotalDetailSteps=<*>##<*>##<*>##<*>##<*>##<*>,1.6440660953521729
REPORT : 7062 5042 151268 240,REPORT : <*> <*> <*> <*>,HealthApp,Unseen,REPORT : <*> <*> <*> <*>,0.8188223838806152
setTodayTotalDetailSteps=1514038560000##7064##548557##8661##16256##27286970,setTodayTotalDetailSteps=<*>##<*>##<*>##<*>##<*>##<*>,HealthApp,Unseen,setTodayTotalDetailSteps=<*>##<*>##<*>##<*>##<*>##<*>,1.6692821979522705
REPORT : 7064 5043 151310 240,REPORT : <*> <*> <*> <*>,HealthApp,Unseen,REPORT : <*> <*> <*> <*>,0.7958118915557861
setTodayTotalDetailSteps=1514038560000##7066##548558##8661##16256##27287469,setTodayTotalDetailSteps=<*>##<*>##<*>##<*>##<*>##<*>,HealthApp,Unseen,setTodayTotalDetailSteps=<*>##<*>##<*>##<*>##<*>##<*>,1.6467723846435547
REPORT : 7066 5045 151353 240,REPORT : <*> <*> <*> <*>,HealthApp,Unseen,REPORT : <*> <*> <*> <*>,0.8055193424224854
setTodayTotalDetailSteps=1514038560000##7068##548559##8661##16256##27287972,setTodayTotalDetailSteps=<*>##<*>##<*>##<*>##<*>##<*>,HealthApp,Unseen,setTodayTotalDetailSteps=<*>##<*>##<*>##<*>##<*>##<*>,1.6604509353637695
REPORT : 7068 5046 151396 240,REPORT : <*> <*> <*> <*>,HealthApp,Unseen,REPORT : <*> <*> <*> <*>,0.8134233951568604
setTodayTotalDetailSteps=1514038560000##7070##548560##8661##16256##27288471,setTodayTotalDetailSteps=<*>##<*>##<*>##<*>##<*>##<*>,HealthApp,Unseen,setTodayTotalDetailSteps=<*>##<*>##<*>##<*>##<*>##<*>,1.668884038925171
REPORT : 7070 5047 151439 240,REPORT : <*> <*> <*> <*>,HealthApp,Unseen,REPORT : <*> <*> <*> <*>,0.8063945770263672
setTodayTotalDetailSteps=1514038560000##7071##548561##8661##16256##27288973,setTodayTotalDetailSteps=<*>##<*>##<*>##<*>##<*>##<*>,HealthApp,Unseen,setTodayTotalDetailSteps=<*>##<*>##<*>##<*>##<*>##<*>,1.6690256595611572
REPORT : 7071 5048 151460 240,REPORT : <*> <*> <*> <*>,HealthApp,Unseen,REPORT : <*> <*> <*> <*>,0.8179247379302979
setTodayTotalDetailSteps=1514038560000##7074##548562##8661##16256##27289470,setTodayTotalDetailSteps=<*>##<*>##<*>##<*>##<*>##<*>,HealthApp,Unseen,setTodayTotalDetailSteps=<*>##<*>##<*>##<*>##<*>##<*>,1.6469473838806152
REPORT : 7074 5050 151525 240,REPORT : <*> <*> <*> <*>,HealthApp,Unseen,REPORT : <*> <*> <*> <*>,0.8063750267028809
setTodayTotalDetailSteps=1514038560000##7074##548563##8661##16256##27292475,setTodayTotalDetailSteps=<*>##<*>##<*>##<*>##<*>##<*>,HealthApp,Unseen,setTodayTotalDetailSteps=<*>##<*>##<*>##<*>##<*>##<*>,1.6449565887451172
setTodayTotalDetailSteps=1514038560000##7075##548564##8661##16256##27309470,setTodayTotalDetailSteps=<*>##<*>##<*>##<*>##<*>##<*>,HealthApp,Unseen,setTodayTotalDetailSteps=<*>##<*>##<*>##<*>##<*>##<*>,1.6463091373443604
REPORT : 7075 5051 151546 240,REPORT : <*> <*> <*> <*>,HealthApp,Unseen,REPORT : <*> <*> <*> <*>,0.8042991161346436
setTodayTotalDetailSteps=1514038560000##7077##548565##8661##16256##27309969,setTodayTotalDetailSteps=<*>##<*>##<*>##<*>##<*>##<*>,HealthApp,Unseen,setTodayTotalDetailSteps=<*>##<*>##<*>##<*>##<*>##<*>,1.6737926006317139
REPORT : 7077 5052 151589 240,REPORT : <*> <*> <*> <*>,HealthApp,Unseen,REPORT : <*> <*> <*> <*>,0.7972793579101562
setTodayTotalDetailSteps=1514038560000##7079##548566##8661##16256##27310473,setTodayTotalDetailSteps=<*>##<*>##<*>##<*>##<*>##<*>,HealthApp,Unseen,setTodayTotalDetailSteps=<*>##<*>##<*>##<*>##<*>##<*>,1.6641483306884766
REPORT : 7079 5054 151632 240,REPORT : <*> <*> <*> <*>,HealthApp,Unseen,REPORT : <*> <*> <*> <*>,0.8063523769378662
setTodayTotalDetailSteps=1514038560000##7081##548567##8661##16256##27310970,setTodayTotalDetailSteps=<*>##<*>##<*>##<*>##<*>##<*>,HealthApp,Unseen,setTodayTotalDetailSteps=<*>##<*>##<*>##<*>##<*>##<*>,1.6374866962432861
REPORT : 7081 5055 151675 240,REPORT : <*> <*> <*> <*>,HealthApp,Unseen,REPORT : <*> <*> <*> <*>,0.7964215278625488
setTodayTotalDetailSteps=1514038560000##7083##548568##8661##16256##27311472,setTodayTotalDetailSteps=<*>##<*>##<*>##<*>##<*>##<*>,HealthApp,Unseen,setTodayTotalDetailSteps=<*>##<*>##<*>##<*>##<*>##<*>,1.6417639255523682
REPORT : 7083 5057 151717 240,REPORT : <*> <*> <*> <*>,HealthApp,Unseen,REPORT : <*> <*> <*> <*>,0.8002381324768066
setTodayTotalDetailSteps=1514038560000##7084##548569##8661##16256##27311970,setTodayTotalDetailSteps=<*>##<*>##<*>##<*>##<*>##<*>,HealthApp,Unseen,setTodayTotalDetailSteps=<*>##<*>##<*>##<*>##<*>##<*>,1.6294176578521729
REPORT : 7084 5057 151739 240,REPORT : <*> <*> <*> <*>,HealthApp,Unseen,REPORT : <*> <*> <*> <*>,0.8017377853393555
setTodayTotalDetailSteps=1514038560000##7086##548570##8661##16256##27312467,setTodayTotalDetailSteps=<*>##<*>##<*>##<*>##<*>##<*>,HealthApp,Unseen,setTodayTotalDetailSteps=<*>##<*>##<*>##<*>##<*>##<*>,1.6712887287139893
REPORT : 7086 5059 151782 240,REPORT : <*> <*> <*> <*>,HealthApp,Unseen,REPORT : <*> <*> <*> <*>,0.819694995880127
setTodayTotalDetailSteps=1514038560000##7088##548571##8661##16256##27312967,setTodayTotalDetailSteps=<*>##<*>##<*>##<*>##<*>##<*>,HealthApp,Unseen,setTodayTotalDetailSteps=<*>##<*>##<*>##<*>##<*>##<*>,1.6634042263031006
REPORT : 7088 5060 151824 240,REPORT : <*> <*> <*> <*>,HealthApp,Unseen,REPORT : <*> <*> <*> <*>,0.8007082939147949
setTodayTotalDetailSteps=1514038560000##7090##548572##8661##16256##27313468,setTodayTotalDetailSteps=<*>##<*>##<*>##<*>##<*>##<*>,HealthApp,Unseen,setTodayTotalDetailSteps=<*>##<*>##<*>##<*>##<*>##<*>,1.641322135925293
REPORT : 7090 5062 151867 240,REPORT : <*> <*> <*> <*>,HealthApp,Unseen,REPORT : <*> <*> <*> <*>,0.8011658191680908
setTodayTotalDetailSteps=1514038560000##7092##548573##8661##16256##27313974,setTodayTotalDetailSteps=<*>##<*>##<*>##<*>##<*>##<*>,HealthApp,Unseen,setTodayTotalDetailSteps=<*>##<*>##<*>##<*>##<*>##<*>,1.6428475379943848
REPORT : 7092 5063 151910 240,REPORT : <*> <*> <*> <*>,HealthApp,Unseen,REPORT : <*> <*> <*> <*>,0.806119441986084
setTodayTotalDetailSteps=1514038560000##7094##548574##8661##16256##27314468,setTodayTotalDetailSteps=<*>##<*>##<*>##<*>##<*>##<*>,HealthApp,Unseen,setTodayTotalDetailSteps=<*>##<*>##<*>##<*>##<*>##<*>,1.673954963684082
REPORT : 7094 5065 151953 240,REPORT : <*> <*> <*> <*>,HealthApp,Unseen,REPORT : <*> <*> <*> <*>,0.7979061603546143
setTodayTotalDetailSteps=1514038560000##7095##548575##8661##16256##27314968,setTodayTotalDetailSteps=<*>##<*>##<*>##<*>##<*>##<*>,HealthApp,Unseen,setTodayTotalDetailSteps=<*>##<*>##<*>##<*>##<*>##<*>,1.6740899085998535
REPORT : 7095 5065 151974 240,REPORT : <*> <*> <*> <*>,HealthApp,Unseen,REPORT : <*> <*> <*> <*>,0.8288674354553223
setTodayTotalDetailSteps=1514038560000##7097##548576##8661##16256##27315469,setTodayTotalDetailSteps=<*>##<*>##<*>##<*>##<*>##<*>,HealthApp,Unseen,setTodayTotalDetailSteps=<*>##<*>##<*>##<*>##<*>##<*>,1.659522533416748
REPORT : 7097 5067 152017 240,REPORT : <*> <*> <*> <*>,HealthApp,Unseen,REPORT : <*> <*> <*> <*>,0.7922632694244385
setTodayTotalDetailSteps=1514038560000##7099##548577##8661##16256##27315983,setTodayTotalDetailSteps=<*>##<*>##<*>##<*>##<*>##<*>,HealthApp,Unseen,setTodayTotalDetailSteps=<*>##<*>##<*>##<*>##<*>##<*>,1.6441795825958252
REPORT : 7099 5068 152060 240,REPORT : <*> <*> <*> <*>,HealthApp,Unseen,REPORT : <*> <*> <*> <*>,0.8030297756195068
setTodayTotalDetailSteps=1514038560000##7101##548578##8661##16256##27316470,setTodayTotalDetailSteps=<*>##<*>##<*>##<*>##<*>##<*>,HealthApp,Unseen,setTodayTotalDetailSteps=<*>##<*>##<*>##<*>##<*>##<*>,1.6607584953308105
REPORT : 7101 5070 152103 240,REPORT : <*> <*> <*> <*>,HealthApp,Unseen,REPORT : <*> <*> <*> <*>,0.8088960647583008
setTodayTotalDetailSteps=1514038560000##7102##548579##8661##16256##27317468,setTodayTotalDetailSteps=<*>##<*>##<*>##<*>##<*>##<*>,HealthApp,Unseen,setTodayTotalDetailSteps=<*>##<*>##<*>##<*>##<*>##<*>,1.6535179615020752
REPORT : 7102 5070 152124 240,REPORT : <*> <*> <*> <*>,HealthApp,Unseen,REPORT : <*> <*> <*> <*>,0.7998933792114258
setTodayTotalDetailSteps=1514038560000##7103##548580##8661##16256##27318472,setTodayTotalDetailSteps=<*>##<*>##<*>##<*>##<*>##<*>,HealthApp,Unseen,setTodayTotalDetailSteps=<*>##<*>##<*>##<*>##<*>##<*>,1.69077467918396
REPORT : 7103 5071 152146 240,REPORT : <*> <*> <*> <*>,HealthApp,Unseen,REPORT : <*> <*> <*> <*>,0.808117151260376
setTodayTotalDetailSteps=1514038560000##7104##548581##8661##16256##27319473,setTodayTotalDetailSteps=<*>##<*>##<*>##<*>##<*>##<*>,HealthApp,Unseen,setTodayTotalDetailSteps=<*>##<*>##<*>##<*>##<*>##<*>,1.6495885848999023
REPORT : 7104 5072 152167 240,REPORT : <*> <*> <*> <*>,HealthApp,Unseen,REPORT : <*> <*> <*> <*>,0.7994840145111084
setTodayTotalDetailSteps=1514038560000##7105##548582##8661##16256##27319968,setTodayTotalDetailSteps=<*>##<*>##<*>##<*>##<*>##<*>,HealthApp,Unseen,setTodayTotalDetailSteps=<*>##<*>##<*>##<*>##<*>##<*>,1.6533114910125732
REPORT : 7105 5072 152189 240,REPORT : <*> <*> <*> <*>,HealthApp,Unseen,REPORT : <*> <*> <*> <*>,0.8030517101287842
setTodayTotalDetailSteps=1514038560000##7106##548583##8661##16256##27320969,setTodayTotalDetailSteps=<*>##<*>##<*>##<*>##<*>##<*>,HealthApp,Unseen,setTodayTotalDetailSteps=<*>##<*>##<*>##<*>##<*>##<*>,1.6706335544586182
REPORT : 7106 5073 152210 240,REPORT : <*> <*> <*> <*>,HealthApp,Unseen,REPORT : <*> <*> <*> <*>,0.8106024265289307
setTodayTotalDetailSteps=1514038560000##7107##548584##8661##16256##27321969,setTodayTotalDetailSteps=<*>##<*>##<*>##<*>##<*>##<*>,HealthApp,Unseen,setTodayTotalDetailSteps=<*>##<*>##<*>##<*>##<*>##<*>,1.6464476585388184
REPORT : 7107 5074 152231 240,REPORT : <*> <*> <*> <*>,HealthApp,Unseen,REPORT : <*> <*> <*> <*>,0.812340497970581
setTodayTotalDetailSteps=1514038560000##7109##548585##8661##16256##27322469,setTodayTotalDetailSteps=<*>##<*>##<*>##<*>##<*>##<*>,HealthApp,Unseen,setTodayTotalDetailSteps=<*>##<*>##<*>##<*>##<*>##<*>,1.6915771961212158
REPORT : 7109 5075 152274 240,REPORT : <*> <*> <*> <*>,HealthApp,Unseen,REPORT : <*> <*> <*> <*>,0.8052046298980713
setTodayTotalDetailSteps=1514038620000##7111##548640##8661##16256##27324478,setTodayTotalDetailSteps=<*>##<*>##<*>##<*>##<*>##<*>,HealthApp,Unseen,setTodayTotalDetailSteps=<*>##<*>##<*>##<*>##<*>##<*>,1.6516129970550537
REPORT : 7111 5077 152317 240,REPORT : <*> <*> <*> <*>,HealthApp,Unseen,REPORT : <*> <*> <*> <*>,0.8045468330383301
setTodayTotalDetailSteps=1514038620000##7112##548695##8661##16256##27325968,setTodayTotalDetailSteps=<*>##<*>##<*>##<*>##<*>##<*>,HealthApp,Unseen,setTodayTotalDetailSteps=<*>##<*>##<*>##<*>##<*>##<*>,1.6374962329864502
REPORT : 7112 5077 152339 240,REPORT : <*> <*> <*> <*>,HealthApp,Unseen,REPORT : <*> <*> <*> <*>,0.8066658973693848
setTodayTotalDetailSteps=1514038620000##7113##548750##8661##16256##27326969,setTodayTotalDetailSteps=<*>##<*>##<*>##<*>##<*>##<*>,HealthApp,Unseen,setTodayTotalDetailSteps=<*>##<*>##<*>##<*>##<*>##<*>,1.6582698822021484
REPORT : 7113 5078 152360 240,REPORT : <*> <*> <*> <*>,HealthApp,Unseen,REPORT : <*> <*> <*> <*>,0.7983283996582031
setTodayTotalDetailSteps=1514038620000##7114##548805##8661##16256##27329972,setTodayTotalDetailSteps=<*>##<*>##<*>##<*>##<*>##<*>,HealthApp,Unseen,setTodayTotalDetailSteps=<*>##<*>##<*>##<*>##<*>##<*>,1.6490635871887207
REPORT : 7114 5079 152381 240,REPORT : <*> <*> <*> <*>,HealthApp,Unseen,REPORT : <*> <*> <*> <*>,0.8095736503601074
setTodayTotalDetailSteps=1514038620000##7114##548860##8661##16256##27330470,setTodayTotalDetailSteps=<*>##<*>##<*>##<*>##<*>##<*>,HealthApp,Unseen,setTodayTotalDetailSteps=<*>##<*>##<*>##<*>##<*>##<*>,1.649690866470337
setTodayTotalDetailSteps=1514038680000##7117##548865##8661##16256##27392475,setTodayTotalDetailSteps=<*>##<*>##<*>##<*>##<*>##<*>,HealthApp,Unseen,setTodayTotalDetailSteps=<*>##<*>##<*>##<*>##<*>##<*>,1.6817402839660645
REPORT : 7117 5081 152446 240,REPORT : <*> <*> <*> <*>,HealthApp,Unseen,REPORT : <*> <*> <*> <*>,0.8017215728759766
setTodayTotalDetailSteps=1514038680000##7122##548870##8661##16256##27392978,setTodayTotalDetailSteps=<*>##<*>##<*>##<*>##<*>##<*>,HealthApp,Unseen,setTodayTotalDetailSteps=<*>##<*>##<*>##<*>##<*>##<*>,1.6490588188171387
REPORT : 7122 5085 152553 240,REPORT : <*> <*> <*> <*>,HealthApp,Unseen,REPORT : <*> <*> <*> <*>,0.8061859607696533
setTodayTotalDetailSteps=1514038680000##7124##548875##8661##16256##27393470,setTodayTotalDetailSteps=<*>##<*>##<*>##<*>##<*>##<*>,HealthApp,Unseen,setTodayTotalDetailSteps=<*>##<*>##<*>##<*>##<*>##<*>,1.6560404300689697
REPORT : 7124 5086 152596 240,REPORT : <*> <*> <*> <*>,HealthApp,Unseen,REPORT : <*> <*> <*> <*>,0.7831835746765137
setTodayTotalDetailSteps=1514038680000##7126##548880##8661##16256##27393971,setTodayTotalDetailSteps=<*>##<*>##<*>##<*>##<*>##<*>,HealthApp,Unseen,setTodayTotalDetailSteps=<*>##<*>##<*>##<*>##<*>##<*>,1.6664402484893799
REPORT : 7126 5087 152638 240,REPORT : <*> <*> <*> <*>,HealthApp,Unseen,REPORT : <*> <*> <*> <*>,0.8204381465911865
setTodayTotalDetailSteps=1514038680000##7128##548885##8661##16256##27394469,setTodayTotalDetailSteps=<*>##<*>##<*>##<*>##<*>##<*>,HealthApp,Unseen,setTodayTotalDetailSteps=<*>##<*>##<*>##<*>##<*>##<*>,1.6639869213104248
REPORT : 7128 5089 152681 240,REPORT : <*> <*> <*> <*>,HealthApp,Unseen,REPORT : <*> <*> <*> <*>,0.8077614307403564
setTodayTotalDetailSteps=1514038680000##7130##548890##8661##16256##27394969,setTodayTotalDetailSteps=<*>##<*>##<*>##<*>##<*>##<*>,HealthApp,Unseen,setTodayTotalDetailSteps=<*>##<*>##<*>##<*>##<*>##<*>,1.666226863861084
REPORT : 7130 5090 152724 240,REPORT : <*> <*> <*> <*>,HealthApp,Unseen,REPORT : <*> <*> <*> <*>,0.7995302677154541
setTodayTotalDetailSteps=1514038680000##7132##548895##8661##16256##27395468,setTodayTotalDetailSteps=<*>##<*>##<*>##<*>##<*>##<*>,HealthApp,Unseen,setTodayTotalDetailSteps=<*>##<*>##<*>##<*>##<*>##<*>,1.669266700744629
REPORT : 7132 5092 152767 240,REPORT : <*> <*> <*> <*>,HealthApp,Unseen,REPORT : <*> <*> <*> <*>,0.7997305393218994
setTodayTotalDetailSteps=1514038680000##7135##548900##8661##16256##27395969,setTodayTotalDetailSteps=<*>##<*>##<*>##<*>##<*>##<*>,HealthApp,Unseen,setTodayTotalDetailSteps=<*>##<*>##<*>##<*>##<*>##<*>,1.6462054252624512
REPORT : 7135 5094 152831 240,REPORT : <*> <*> <*> <*>,HealthApp,Unseen,REPORT : <*> <*> <*> <*>,0.7934513092041016
setTodayTotalDetailSteps=1514038680000##7139##548905##8661##16256##27396473,setTodayTotalDetailSteps=<*>##<*>##<*>##<*>##<*>##<*>,HealthApp,Unseen,setTodayTotalDetailSteps=<*>##<*>##<*>##<*>##<*>##<*>,1.6874606609344482
REPORT : 7139 5097 152917 240,REPORT : <*> <*> <*> <*>,HealthApp,Unseen,REPORT : <*> <*> <*> <*>,0.8050477504730225
setTodayTotalDetailSteps=1514038680000##7140##548910##8661##16256##27396969,setTodayTotalDetailSteps=<*>##<*>##<*>##<*>##<*>##<*>,HealthApp,Unseen,setTodayTotalDetailSteps=<*>##<*>##<*>##<*>##<*>##<*>,1.66414475440979
REPORT : 7140 5097 152938 240,REPORT : <*> <*> <*> <*>,HealthApp,Unseen,REPORT : <*> <*> <*> <*>,0.802513599395752
setTodayTotalDetailSteps=1514038680000##7154##548915##8661##16256##27398975,setTodayTotalDetailSteps=<*>##<*>##<*>##<*>##<*>##<*>,HealthApp,Unseen,setTodayTotalDetailSteps=<*>##<*>##<*>##<*>##<*>##<*>,1.6678850650787354
REPORT : 7154 5107 153238 240,REPORT : <*> <*> <*> <*>,HealthApp,Unseen,REPORT : <*> <*> <*> <*>,0.8107004165649414
setTodayTotalDetailSteps=1514038680000##7154##548920##8661##16256##27400475,setTodayTotalDetailSteps=<*>##<*>##<*>##<*>##<*>##<*>,HealthApp,Unseen,setTodayTotalDetailSteps=<*>##<*>##<*>##<*>##<*>##<*>,1.6856186389923096
onReceive action: android.intent.action.SCREEN_OFF,onReceive action: android.intent.action.SCREEN_OFF,HealthApp,Unseen,onReceive action: android.intent.action.SCREEN_OFF,1.042595624923706
onReceive action: android.intent.action.SCREEN_ON,onReceive action: android.intent.action.SCREEN_ON,HealthApp,Unseen,onReceive action: android.intent.action.SCREEN_ON,1.032578945159912
setTodayTotalDetailSteps=1514038680000##7160##548925##8661##16256##27442097,setTodayTotalDetailSteps=<*>##<*>##<*>##<*>##<*>##<*>,HealthApp,Unseen,setTodayTotalDetailSteps=<*>##<*>##<*>##<*>##<*>##<*>,1.67781662940979
REPORT : 7160 5112 153367 240,REPORT : <*> <*> <*> <*>,HealthApp,Unseen,REPORT : <*> <*> <*> <*>,0.7987751960754395
setTodayTotalDetailSteps=1514038680000##7160##548930##8661##16256##27442416,setTodayTotalDetailSteps=<*>##<*>##<*>##<*>##<*>##<*>,HealthApp,Unseen,setTodayTotalDetailSteps=<*>##<*>##<*>##<*>##<*>##<*>,1.6391634941101074
"saveStatData() type =40002,time = 1513958400000,statClient = 2,who is 1","saveStatData() type =<*>,time = <*>,statClient = <*>,who is <*>",HealthApp,Unseen,"saveStatData() type =<*>,time = <*>,statClient = <*>,who is <*>",1.6069972515106201
"saveStatData() type =40003,time = 1513958400000,statClient = 2,who is 1","saveStatData() type =<*>,time = <*>,statClient = <*>,who is <*>",HealthApp,Unseen,"saveStatData() type =<*>,time = <*>,statClient = <*>,who is <*>",1.5982210636138916
"saveStatData() type =40005,time = 1513958400000,statClient = 2,who is 1","saveStatData() type =<*>,time = <*>,statClient = <*>,who is <*>",HealthApp,Unseen,"saveStatData() type =<*>,time = <*>,statClient = <*>,who is <*>",1.587813138961792
"saveStatData() type =40004,time = 1513958400000,statClient = 2,who is 1","saveStatData() type =<*>,time = <*>,statClient = <*>,who is <*>",HealthApp,Unseen,"saveStatData() type =<*>,time = <*>,statClient = <*>,who is <*>",1.5857598781585693
startListenerChange subscribeList = [1],startListenerChange subscribeList = [<*>],HealthApp,Unseen,startListenerChange subscribeList = [<*>],0.7976899147033691
insertHiHealthData() end totalTime = 45,insertHiHealthData() end totalTime = <*>,HealthApp,Unseen,insertHiHealthData() end totalTime = <*>,0.8161742687225342
"initUserPrivacy the userPrivacy switch is open, start push user data!","initUserPrivacy the userPrivacy switch is open, start push user data!",HealthApp,Unseen,"initUserPrivacy the userPrivacy switch is open, start push user data!",1.1781299114227295
sendSyncFailedBroadcast,sendSyncFailedBroadcast,HealthApp,Unseen,sendSyncFailedBroadcast,0.42993640899658203
startListenerChange subscribeList = [1],startListenerChange subscribeList = [<*>],HealthApp,Unseen,startListenerChange subscribeList = [<*>],0.7963511943817139
insertHiHealthData() end totalTime = 94,insertHiHealthData() end totalTime = <*>,HealthApp,Unseen,insertHiHealthData() end totalTime = <*>,0.7960042953491211
setTodayTotalDetailSteps=1514038680000##7163##548935##8661##16256##27442827,setTodayTotalDetailSteps=<*>##<*>##<*>##<*>##<*>##<*>,HealthApp,Unseen,setTodayTotalDetailSteps=<*>##<*>##<*>##<*>##<*>##<*>,1.6397981643676758
"initUserPrivacy the userPrivacy switch is open, start push user data!","initUserPrivacy the userPrivacy switch is open, start push user data!",HealthApp,Unseen,"initUserPrivacy the userPrivacy switch is open, start push user data!",1.1639776229858398
sendSyncFailedBroadcast,sendSyncFailedBroadcast,HealthApp,Unseen,sendSyncFailedBroadcast,0.44300365447998047
REPORT : 7163 5114 153431 240,REPORT : <*> <*> <*> <*>,HealthApp,Unseen,REPORT : <*> <*> <*> <*>,0.8203287124633789
setTodayTotalDetailSteps=1514038680000##7165##548940##8661##16256##27443484,setTodayTotalDetailSteps=<*>##<*>##<*>##<*>##<*>##<*>,HealthApp,Unseen,setTodayTotalDetailSteps=<*>##<*>##<*>##<*>##<*>##<*>,1.6414127349853516
REPORT : 7165 5115 153474 240,REPORT : <*> <*> <*> <*>,HealthApp,Unseen,REPORT : <*> <*> <*> <*>,0.7856078147888184
setTodayTotalDetailSteps=1514038680000##7167##548945##8661##16256##27443986,setTodayTotalDetailSteps=<*>##<*>##<*>##<*>##<*>##<*>,HealthApp,Unseen,setTodayTotalDetailSteps=<*>##<*>##<*>##<*>##<*>##<*>,1.6564655303955078
REPORT : 7167 5117 153517 240,REPORT : <*> <*> <*> <*>,HealthApp,Unseen,REPORT : <*> <*> <*> <*>,0.805396318435669
setTodayTotalDetailSteps=1514038740000##7170##548996##8661##16256##27444484,setTodayTotalDetailSteps=<*>##<*>##<*>##<*>##<*>##<*>,HealthApp,Unseen,setTodayTotalDetailSteps=<*>##<*>##<*>##<*>##<*>##<*>,1.6403591632843018
REPORT : 7170 5119 153581 240,REPORT : <*> <*> <*> <*>,HealthApp,Unseen,REPORT : <*> <*> <*> <*>,0.7910749912261963
setTodayTotalDetailSteps=1514038740000##7173##549047##8661##16256##27444985,setTodayTotalDetailSteps=<*>##<*>##<*>##<*>##<*>##<*>,HealthApp,Unseen,setTodayTotalDetailSteps=<*>##<*>##<*>##<*>##<*>##<*>,1.6340880393981934
REPORT : 7173 5121 153645 240,REPORT : <*> <*> <*> <*>,HealthApp,Unseen,REPORT : <*> <*> <*> <*>,0.7982902526855469
setTodayTotalDetailSteps=1514038740000##7174##549098##8661##16256##27445485,setTodayTotalDetailSteps=<*>##<*>##<*>##<*>##<*>##<*>,HealthApp,Unseen,setTodayTotalDetailSteps=<*>##<*>##<*>##<*>##<*>##<*>,1.6723146438598633
REPORT : 7174 5122 153667 240,REPORT : <*> <*> <*> <*>,HealthApp,Unseen,REPORT : <*> <*> <*> <*>,0.7975842952728271
setTodayTotalDetailSteps=1514038740000##7176##549149##8661##16256##27445983,setTodayTotalDetailSteps=<*>##<*>##<*>##<*>##<*>##<*>,HealthApp,Unseen,setTodayTotalDetailSteps=<*>##<*>##<*>##<*>##<*>##<*>,1.639235019683838
REPORT : 7176 5123 153709 240,REPORT : <*> <*> <*> <*>,HealthApp,Unseen,REPORT : <*> <*> <*> <*>,0.7904751300811768
setTodayTotalDetailSteps=1514038740000##7179##549200##8661##16256##27446483,setTodayTotalDetailSteps=<*>##<*>##<*>##<*>##<*>##<*>,HealthApp,Unseen,setTodayTotalDetailSteps=<*>##<*>##<*>##<*>##<*>##<*>,1.6577930450439453
REPORT : 7179 5125 153774 240,REPORT : <*> <*> <*> <*>,HealthApp,Unseen,REPORT : <*> <*> <*> <*>,0.7983279228210449
setTodayTotalDetailSteps=1514038740000##7181##549251##8661##16256##27446989,setTodayTotalDetailSteps=<*>##<*>##<*>##<*>##<*>##<*>,HealthApp,Unseen,setTodayTotalDetailSteps=<*>##<*>##<*>##<*>##<*>##<*>,1.632737636566162
REPORT : 7181 5127 153817 240,REPORT : <*> <*> <*> <*>,HealthApp,Unseen,REPORT : <*> <*> <*> <*>,0.7965185642242432
setTodayTotalDetailSteps=1514038740000##7183##549302##8661##16256##27447483,setTodayTotalDetailSteps=<*>##<*>##<*>##<*>##<*>##<*>,HealthApp,Unseen,setTodayTotalDetailSteps=<*>##<*>##<*>##<*>##<*>##<*>,1.6418085098266602
REPORT : 7183 5128 153859 240,REPORT : <*> <*> <*> <*>,HealthApp,Unseen,REPORT : <*> <*> <*> <*>,0.8125011920928955
setTodayTotalDetailSteps=1514038740000##7185##549353##8661##16256##27448486,setTodayTotalDetailSteps=<*>##<*>##<*>##<*>##<*>##<*>,HealthApp,Unseen,setTodayTotalDetailSteps=<*>##<*>##<*>##<*>##<*>##<*>,1.6766304969787598
REPORT : 7185 5130 153902 240,REPORT : <*> <*> <*> <*>,HealthApp,Unseen,REPORT : <*> <*> <*> <*>,0.8019907474517822
setTodayTotalDetailSteps=1514038740000##7186##549404##8661##16256##27448983,setTodayTotalDetailSteps=<*>##<*>##<*>##<*>##<*>##<*>,HealthApp,Unseen,setTodayTotalDetailSteps=<*>##<*>##<*>##<*>##<*>##<*>,1.6370534896850586
REPORT : 7186 5130 153924 240,REPORT : <*> <*> <*> <*>,HealthApp,Unseen,REPORT : <*> <*> <*> <*>,0.8135862350463867
setTodayTotalDetailSteps=1514038740000##7187##549455##8661##16256##27449982,setTodayTotalDetailSteps=<*>##<*>##<*>##<*>##<*>##<*>,HealthApp,Unseen,setTodayTotalDetailSteps=<*>##<*>##<*>##<*>##<*>##<*>,1.660315990447998
REPORT : 7187 5131 153945 240,REPORT : <*> <*> <*> <*>,HealthApp,Unseen,REPORT : <*> <*> <*> <*>,0.7850568294525146
setTodayTotalDetailSteps=1514038740000##7188##549506##8661##16256##27451985,setTodayTotalDetailSteps=<*>##<*>##<*>##<*>##<*>##<*>,HealthApp,Unseen,setTodayTotalDetailSteps=<*>##<*>##<*>##<*>##<*>##<*>,1.6242196559906006
REPORT : 7188 5132 153966 240,REPORT : <*> <*> <*> <*>,HealthApp,Unseen,REPORT : <*> <*> <*> <*>,0.792701244354248
setTodayTotalDetailSteps=1514038740000##7189##549557##8661##16256##27452491,setTodayTotalDetailSteps=<*>##<*>##<*>##<*>##<*>##<*>,HealthApp,Unseen,setTodayTotalDetailSteps=<*>##<*>##<*>##<*>##<*>##<*>,1.6659619808197021
REPORT : 7189 5132 153988 240,REPORT : <*> <*> <*> <*>,HealthApp,Unseen,REPORT : <*> <*> <*> <*>,0.7963294982910156
setTodayTotalDetailSteps=1514038740000##7189##549608##8661##16256##27457484,setTodayTotalDetailSteps=<*>##<*>##<*>##<*>##<*>##<*>,HealthApp,Unseen,setTodayTotalDetailSteps=<*>##<*>##<*>##<*>##<*>##<*>,1.649393081665039
setTodayTotalDetailSteps=1514038740000##7189##549659##8661##16256##27460494,setTodayTotalDetailSteps=<*>##<*>##<*>##<*>##<*>##<*>,HealthApp,Unseen,setTodayTotalDetailSteps=<*>##<*>##<*>##<*>##<*>##<*>,1.6376233100891113
onReceive action: android.intent.action.SCREEN_OFF,onReceive action: android.intent.action.SCREEN_OFF,HealthApp,Unseen,onReceive action: android.intent.action.SCREEN_OFF,1.0511157512664795
onReceive action: android.intent.action.SCREEN_ON,onReceive action: android.intent.action.SCREEN_ON,HealthApp,Unseen,onReceive action: android.intent.action.SCREEN_ON,1.0665216445922852
setTodayTotalDetailSteps=1514038980000##7189##549659##8661##16256##27706526,setTodayTotalDetailSteps=<*>##<*>##<*>##<*>##<*>##<*>,HealthApp,Unseen,setTodayTotalDetailSteps=<*>##<*>##<*>##<*>##<*>##<*>,1.6426243782043457
REPORT : 7189 5132 153988 240,REPORT : <*> <*> <*> <*>,HealthApp,Unseen,REPORT : <*> <*> <*> <*>,0.795100212097168
setTodayTotalDetailSteps=1514038980000##7189##549659##8661##16256##27706835,setTodayTotalDetailSteps=<*>##<*>##<*>##<*>##<*>##<*>,HealthApp,Unseen,setTodayTotalDetailSteps=<*>##<*>##<*>##<*>##<*>##<*>,1.6527347564697266
setTodayTotalDetailSteps=1514038980000##7189##549659##8661##16256##27736503,setTodayTotalDetailSteps=<*>##<*>##<*>##<*>##<*>##<*>,HealthApp,Unseen,setTodayTotalDetailSteps=<*>##<*>##<*>##<*>##<*>##<*>,1.6442430019378662
setTodayTotalDetailSteps=1514038980000##7189##549659##8661##16256##27738504,setTodayTotalDetailSteps=<*>##<*>##<*>##<*>##<*>##<*>,HealthApp,Unseen,setTodayTotalDetailSteps=<*>##<*>##<*>##<*>##<*>##<*>,1.649646282196045
setTodayTotalDetailSteps=1514038980000##7189##549659##8661##16256##27743510,setTodayTotalDetailSteps=<*>##<*>##<*>##<*>##<*>##<*>,HealthApp,Unseen,setTodayTotalDetailSteps=<*>##<*>##<*>##<*>##<*>##<*>,1.6220738887786865
onReceive action: android.intent.action.SCREEN_OFF,onReceive action: android.intent.action.SCREEN_OFF,HealthApp,Unseen,onReceive action: android.intent.action.SCREEN_OFF,1.0554113388061523
onReceive action: android.intent.action.SCREEN_ON,onReceive action: android.intent.action.SCREEN_ON,HealthApp,Unseen,onReceive action: android.intent.action.SCREEN_ON,1.0531907081604004
setTodayTotalDetailSteps=1514039340000##7189##549659##8661##16256##28068346,setTodayTotalDetailSteps=<*>##<*>##<*>##<*>##<*>##<*>,HealthApp,Unseen,setTodayTotalDetailSteps=<*>##<*>##<*>##<*>##<*>##<*>,1.6383943557739258
REPORT : 7189 5132 153988 240,REPORT : <*> <*> <*> <*>,HealthApp,Unseen,REPORT : <*> <*> <*> <*>,0.7898855209350586
setTodayTotalDetailSteps=1514039340000##7189##549659##8661##16256##28068666,setTodayTotalDetailSteps=<*>##<*>##<*>##<*>##<*>##<*>,HealthApp,Unseen,setTodayTotalDetailSteps=<*>##<*>##<*>##<*>##<*>##<*>,1.6417579650878906
setTodayTotalDetailSteps=1514039400000##7189##549659##8661##16256##28136544,setTodayTotalDetailSteps=<*>##<*>##<*>##<*>##<*>##<*>,HealthApp,Unseen,setTodayTotalDetailSteps=<*>##<*>##<*>##<*>##<*>##<*>,1.651487112045288
onReceive action: android.intent.action.SCREEN_OFF,onReceive action: android.intent.action.SCREEN_OFF,HealthApp,Unseen,onReceive action: android.intent.action.SCREEN_OFF,1.0254251956939697
onReceive action: android.intent.action.SCREEN_ON,onReceive action: android.intent.action.SCREEN_ON,HealthApp,Unseen,onReceive action: android.intent.action.SCREEN_ON,1.0404407978057861
setTodayTotalDetailSteps=1514039400000##7189##549659##8661##16256##28163940,setTodayTotalDetailSteps=<*>##<*>##<*>##<*>##<*>##<*>,HealthApp,Unseen,setTodayTotalDetailSteps=<*>##<*>##<*>##<*>##<*>##<*>,1.6534583568572998
REPORT : 7189 5132 153988 240,REPORT : <*> <*> <*> <*>,HealthApp,Unseen,REPORT : <*> <*> <*> <*>,0.8091733455657959
"timeStamp back,extendReportTimeStamp=1514039575000","timeStamp back,extendReportTimeStamp=<*>",HealthApp,Unseen,"timeStamp back,extendReportTimeStamp=<*>",0.9225850105285645
setTodayTotalDetailSteps=1514039400000##7189##549659##8661##16256##28164276,setTodayTotalDetailSteps=<*>##<*>##<*>##<*>##<*>##<*>,HealthApp,Unseen,setTodayTotalDetailSteps=<*>##<*>##<*>##<*>##<*>##<*>,1.6314356327056885
stepSyncOrNot appSynTimes is 0,stepSyncOrNot appSynTimes is <*>,HealthApp,Unseen,stepSyncOrNot appSynTimes is <*>,0.7904970645904541
"initUserPrivacy the userPrivacy switch is open, start push user data!","initUserPrivacy the userPrivacy switch is open, start push user data!",HealthApp,Unseen,"initUserPrivacy the userPrivacy switch is open, start push user data!",1.1511030197143555
sendSyncFailedBroadcast,sendSyncFailedBroadcast,HealthApp,Unseen,sendSyncFailedBroadcast,0.43272995948791504
setTodayTotalDetailSteps=1514039520000##7189##549659##8661##16256##28234547,setTodayTotalDetailSteps=<*>##<*>##<*>##<*>##<*>##<*>,HealthApp,Unseen,setTodayTotalDetailSteps=<*>##<*>##<*>##<*>##<*>##<*>,1.6487877368927002
onReceive action: android.intent.action.SCREEN_OFF,onReceive action: android.intent.action.SCREEN_OFF,HealthApp,Unseen,onReceive action: android.intent.action.SCREEN_OFF,1.0318412780761719
onReceive action: android.intent.action.SCREEN_ON,onReceive action: android.intent.action.SCREEN_ON,HealthApp,Unseen,onReceive action: android.intent.action.SCREEN_ON,1.0184876918792725
setTodayTotalDetailSteps=1514039520000##7189##549659##8661##16256##28270623,setTodayTotalDetailSteps=<*>##<*>##<*>##<*>##<*>##<*>,HealthApp,Unseen,setTodayTotalDetailSteps=<*>##<*>##<*>##<*>##<*>##<*>,1.6587536334991455
REPORT : 7189 5132 153988 240,REPORT : <*> <*> <*> <*>,HealthApp,Unseen,REPORT : <*> <*> <*> <*>,0.8052582740783691
setTodayTotalDetailSteps=1514039520000##7189##549659##8661##16256##28270935,setTodayTotalDetailSteps=<*>##<*>##<*>##<*>##<*>##<*>,HealthApp,Unseen,setTodayTotalDetailSteps=<*>##<*>##<*>##<*>##<*>##<*>,1.690443754196167
setTodayTotalDetailSteps=1514039760000##7189##549659##8661##16256##28479559,setTodayTotalDetailSteps=<*>##<*>##<*>##<*>##<*>##<*>,HealthApp,Unseen,setTodayTotalDetailSteps=<*>##<*>##<*>##<*>##<*>##<*>,1.6295697689056396
onReceive action: android.intent.action.SCREEN_OFF,onReceive action: android.intent.action.SCREEN_OFF,HealthApp,Unseen,onReceive action: android.intent.action.SCREEN_OFF,1.0267839431762695
onReceive action: android.intent.action.SCREEN_ON,onReceive action: android.intent.action.SCREEN_ON,HealthApp,Unseen,onReceive action: android.intent.action.SCREEN_ON,1.0405681133270264
setTodayTotalDetailSteps=1514039880000##7189##549659##8661##16256##28609620,setTodayTotalDetailSteps=<*>##<*>##<*>##<*>##<*>##<*>,HealthApp,Unseen,setTodayTotalDetailSteps=<*>##<*>##<*>##<*>##<*>##<*>,1.6630516052246094
REPORT : 7189 5132 153988 240,REPORT : <*> <*> <*> <*>,HealthApp,Unseen,REPORT : <*> <*> <*> <*>,0.7950365543365479
"timeStamp back,extendReportTimeStamp=1514039977000","timeStamp back,extendReportTimeStamp=<*>",HealthApp,Unseen,"timeStamp back,extendReportTimeStamp=<*>",0.911231517791748
setTodayTotalDetailSteps=1514039880000##7189##549659##8661##16256##28609933,setTodayTotalDetailSteps=<*>##<*>##<*>##<*>##<*>##<*>,HealthApp,Unseen,setTodayTotalDetailSteps=<*>##<*>##<*>##<*>##<*>##<*>,1.6324808597564697
setTodayTotalDetailSteps=1514040240000##7189##549659##8661##16256##28993578,setTodayTotalDetailSteps=<*>##<*>##<*>##<*>##<*>##<*>,HealthApp,Unseen,setTodayTotalDetailSteps=<*>##<*>##<*>##<*>##<*>##<*>,1.6765437126159668
setTodayTotalDetailSteps=1514040240000##7189##549659##8661##16256##28999575,setTodayTotalDetailSteps=<*>##<*>##<*>##<*>##<*>##<*>,HealthApp,Unseen,setTodayTotalDetailSteps=<*>##<*>##<*>##<*>##<*>##<*>,1.662151575088501
setTodayTotalDetailSteps=1514040600000##7189##549659##8661##16256##29307585,setTodayTotalDetailSteps=<*>##<*>##<*>##<*>##<*>##<*>,HealthApp,Unseen,setTodayTotalDetailSteps=<*>##<*>##<*>##<*>##<*>##<*>,1.6421852111816406
onReceive action: android.intent.action.SCREEN_OFF,onReceive action: android.intent.action.SCREEN_OFF,HealthApp,Unseen,onReceive action: android.intent.action.SCREEN_OFF,1.038083553314209
onReceive action: android.intent.action.SCREEN_ON,onReceive action: android.intent.action.SCREEN_ON,HealthApp,Unseen,onReceive action: android.intent.action.SCREEN_ON,1.0303750038146973
setTodayTotalDetailSteps=1514040600000##7189##549659##8661##16256##29341612,setTodayTotalDetailSteps=<*>##<*>##<*>##<*>##<*>##<*>,HealthApp,Unseen,setTodayTotalDetailSteps=<*>##<*>##<*>##<*>##<*>##<*>,1.637197732925415
REPORT : 7189 5132 153988 240,REPORT : <*> <*> <*> <*>,HealthApp,Unseen,REPORT : <*> <*> <*> <*>,0.7937915325164795
setTodayTotalDetailSteps=1514040600000##7189##549659##8661##16256##29341927,setTodayTotalDetailSteps=<*>##<*>##<*>##<*>##<*>##<*>,HealthApp,Unseen,setTodayTotalDetailSteps=<*>##<*>##<*>##<*>##<*>##<*>,1.6546242237091064
setTodayTotalDetailSteps=1514040600000##7189##549659##8661##16256##29344951,setTodayTotalDetailSteps=<*>##<*>##<*>##<*>##<*>##<*>,HealthApp,Unseen,setTodayTotalDetailSteps=<*>##<*>##<*>##<*>##<*>##<*>,1.6656544208526611
setTodayTotalDetailSteps=1514040600000##7189##549659##8661##16256##29353602,setTodayTotalDetailSteps=<*>##<*>##<*>##<*>##<*>##<*>,HealthApp,Unseen,setTodayTotalDetailSteps=<*>##<*>##<*>##<*>##<*>##<*>,1.6686086654663086
onReceive action: android.intent.action.SCREEN_OFF,onReceive action: android.intent.action.SCREEN_OFF,HealthApp,Unseen,onReceive action: android.intent.action.SCREEN_OFF,1.0418810844421387
onReceive action: android.intent.action.SCREEN_ON,onReceive action: android.intent.action.SCREEN_ON,HealthApp,Unseen,onReceive action: android.intent.action.SCREEN_ON,1.0357394218444824
setTodayTotalDetailSteps=1514040660000##7189##549659##8661##16256##29409806,setTodayTotalDetailSteps=<*>##<*>##<*>##<*>##<*>##<*>,HealthApp,Unseen,setTodayTotalDetailSteps=<*>##<*>##<*>##<*>##<*>##<*>,1.659135341644287
REPORT : 7189 5132 153988 240,REPORT : <*> <*> <*> <*>,HealthApp,Unseen,REPORT : <*> <*> <*> <*>,0.7990756034851074
setTodayTotalDetailSteps=1514040660000##7189##549659##8661##16256##29410120,setTodayTotalDetailSteps=<*>##<*>##<*>##<*>##<*>##<*>,HealthApp,Unseen,setTodayTotalDetailSteps=<*>##<*>##<*>##<*>##<*>##<*>,1.6371655464172363
setTodayTotalDetailSteps=1514040660000##7189##549659##8661##16256##29410605,setTodayTotalDetailSteps=<*>##<*>##<*>##<*>##<*>##<*>,HealthApp,Unseen,setTodayTotalDetailSteps=<*>##<*>##<*>##<*>##<*>##<*>,1.630570411682129
setTodayTotalDetailSteps=1514040660000##7189##549659##8661##16256##29416607,setTodayTotalDetailSteps=<*>##<*>##<*>##<*>##<*>##<*>,HealthApp,Unseen,setTodayTotalDetailSteps=<*>##<*>##<*>##<*>##<*>##<*>,1.6392042636871338
onReceive action: android.intent.action.SCREEN_OFF,onReceive action: android.intent.action.SCREEN_OFF,HealthApp,Unseen,onReceive action: android.intent.action.SCREEN_OFF,1.052983283996582
onReceive action: android.intent.action.SCREEN_ON,onReceive action: android.intent.action.SCREEN_ON,HealthApp,Unseen,onReceive action: android.intent.action.SCREEN_ON,1.0497019290924072
setTodayTotalDetailSteps=1514040720000##7189##549659##8661##16256##29425533,setTodayTotalDetailSteps=<*>##<*>##<*>##<*>##<*>##<*>,HealthApp,Unseen,setTodayTotalDetailSteps=<*>##<*>##<*>##<*>##<*>##<*>,1.6383647918701172
REPORT : 7189 5132 153988 240,REPORT : <*> <*> <*> <*>,HealthApp,Unseen,REPORT : <*> <*> <*> <*>,0.7992227077484131
"timeStamp back,extendReportTimeStamp=1514040836000","timeStamp back,extendReportTimeStamp=<*>",HealthApp,Unseen,"timeStamp back,extendReportTimeStamp=<*>",0.918511152267456
setTodayTotalDetailSteps=1514040720000##7189##549659##8661##16256##29425847,setTodayTotalDetailSteps=<*>##<*>##<*>##<*>##<*>##<*>,HealthApp,Unseen,setTodayTotalDetailSteps=<*>##<*>##<*>##<*>##<*>##<*>,1.637441635131836
setTodayTotalDetailSteps=1514040720000##7189##549659##8661##16256##29431618,setTodayTotalDetailSteps=<*>##<*>##<*>##<*>##<*>##<*>,HealthApp,Unseen,setTodayTotalDetailSteps=<*>##<*>##<*>##<*>##<*>##<*>,1.6385002136230469
onReceive action: android.intent.action.SCREEN_OFF,onReceive action: android.intent.action.SCREEN_OFF,HealthApp,Unseen,onReceive action: android.intent.action.SCREEN_OFF,1.0281274318695068
onReceive action: android.intent.action.SCREEN_ON,onReceive action: android.intent.action.SCREEN_ON,HealthApp,Unseen,onReceive action: android.intent.action.SCREEN_ON,1.0302634239196777
setTodayTotalDetailSteps=1514040720000##7189##549659##8661##16256##29437037,setTodayTotalDetailSteps=<*>##<*>##<*>##<*>##<*>##<*>,HealthApp,Unseen,setTodayTotalDetailSteps=<*>##<*>##<*>##<*>##<*>##<*>,1.6639454364776611
REPORT : 7189 5132 153988 240,REPORT : <*> <*> <*> <*>,HealthApp,Unseen,REPORT : <*> <*> <*> <*>,0.8036637306213379
setTodayTotalDetailSteps=1514040720000##7189##549659##8661##16256##29437358,setTodayTotalDetailSteps=<*>##<*>##<*>##<*>##<*>##<*>,HealthApp,Unseen,setTodayTotalDetailSteps=<*>##<*>##<*>##<*>##<*>##<*>,1.6662862300872803
setTodayTotalDetailSteps=1514040780000##7189##549659##8661##16256##29539649,setTodayTotalDetailSteps=<*>##<*>##<*>##<*>##<*>##<*>,HealthApp,Unseen,setTodayTotalDetailSteps=<*>##<*>##<*>##<*>##<*>##<*>,1.669682502746582
onReceive action: android.intent.action.SCREEN_OFF,onReceive action: android.intent.action.SCREEN_OFF,HealthApp,Unseen,onReceive action: android.intent.action.SCREEN_OFF,1.0443925857543945
onReceive action: android.intent.action.SCREEN_ON,onReceive action: android.intent.action.SCREEN_ON,HealthApp,Unseen,onReceive action: android.intent.action.SCREEN_ON,1.0301151275634766
setTodayTotalDetailSteps=1514040840000##7189##549659##8661##16256##29600053,setTodayTotalDetailSteps=<*>##<*>##<*>##<*>##<*>##<*>,HealthApp,Unseen,setTodayTotalDetailSteps=<*>##<*>##<*>##<*>##<*>##<*>,1.6336069107055664
REPORT : 7189 5132 153988 240,REPORT : <*> <*> <*> <*>,HealthApp,Unseen,REPORT : <*> <*> <*> <*>,0.8017678260803223
setTodayTotalDetailSteps=1514040840000##7189##549659##8661##16256##29600372,setTodayTotalDetailSteps=<*>##<*>##<*>##<*>##<*>##<*>,HealthApp,Unseen,setTodayTotalDetailSteps=<*>##<*>##<*>##<*>##<*>##<*>,1.634227991104126
onReceive action: android.intent.action.SCREEN_OFF,onReceive action: android.intent.action.SCREEN_OFF,HealthApp,Unseen,onReceive action: android.intent.action.SCREEN_OFF,1.0486712455749512
onReceive action: android.intent.action.SCREEN_ON,onReceive action: android.intent.action.SCREEN_ON,HealthApp,Unseen,onReceive action: android.intent.action.SCREEN_ON,1.0418548583984375
setTodayTotalDetailSteps=1514041560000##7189##549659##8661##16256##30270445,setTodayTotalDetailSteps=<*>##<*>##<*>##<*>##<*>##<*>,HealthApp,Unseen,setTodayTotalDetailSteps=<*>##<*>##<*>##<*>##<*>##<*>,1.641770601272583
REPORT : 7189 5132 153988 240,REPORT : <*> <*> <*> <*>,HealthApp,Unseen,REPORT : <*> <*> <*> <*>,0.7897982597351074
setTodayTotalDetailSteps=1514041560000##7189##549659##8661##16256##30270764,setTodayTotalDetailSteps=<*>##<*>##<*>##<*>##<*>##<*>,HealthApp,Unseen,setTodayTotalDetailSteps=<*>##<*>##<*>##<*>##<*>##<*>,1.6500108242034912
setTodayTotalDetailSteps=1514041560000##7189##549659##8661##16256##30271693,setTodayTotalDetailSteps=<*>##<*>##<*>##<*>##<*>##<*>,HealthApp,Unseen,setTodayTotalDetailSteps=<*>##<*>##<*>##<*>##<*>##<*>,1.6304693222045898
REPORT : 7189 5132 153988 240,REPORT : <*> <*> <*> <*>,HealthApp,Unseen,REPORT : <*> <*> <*> <*>,0.793687105178833
setTodayTotalDetailSteps=1514041560000##7189##549659##8661##16256##30314585,setTodayTotalDetailSteps=<*>##<*>##<*>##<*>##<*>##<*>,HealthApp,Unseen,setTodayTotalDetailSteps=<*>##<*>##<*>##<*>##<*>##<*>,1.6267340183258057
REPORT : 7189 5132 153988 240,REPORT : <*> <*> <*> <*>,HealthApp,Unseen,REPORT : <*> <*> <*> <*>,0.7864747047424316
setTodayTotalDetailSteps=1514041560000##7189##549659##8661##16256##30315546,setTodayTotalDetailSteps=<*>##<*>##<*>##<*>##<*>##<*>,HealthApp,Unseen,setTodayTotalDetailSteps=<*>##<*>##<*>##<*>##<*>##<*>,1.6616191864013672
REPORT : 7189 5132 153988 240,REPORT : <*> <*> <*> <*>,HealthApp,Unseen,REPORT : <*> <*> <*> <*>,0.7908923625946045
setTodayTotalDetailSteps=1514041620000##7189##549659##8661##16256##30333554,setTodayTotalDetailSteps=<*>##<*>##<*>##<*>##<*>##<*>,HealthApp,Unseen,setTodayTotalDetailSteps=<*>##<*>##<*>##<*>##<*>##<*>,1.632101058959961
setTodayTotalDetailSteps=1514041620000##7189##549659##8661##16256##30343722,setTodayTotalDetailSteps=<*>##<*>##<*>##<*>##<*>##<*>,HealthApp,Unseen,setTodayTotalDetailSteps=<*>##<*>##<*>##<*>##<*>##<*>,1.6587085723876953
onReceive action: android.intent.action.SCREEN_OFF,onReceive action: android.intent.action.SCREEN_OFF,HealthApp,Unseen,onReceive action: android.intent.action.SCREEN_OFF,1.043591022491455
onReceive action: android.intent.action.SCREEN_ON,onReceive action: android.intent.action.SCREEN_ON,HealthApp,Unseen,onReceive action: android.intent.action.SCREEN_ON,1.028667688369751
setTodayTotalDetailSteps=1514041980000##7189##549659##8661##16256##30708710,setTodayTotalDetailSteps=<*>##<*>##<*>##<*>##<*>##<*>,HealthApp,Unseen,setTodayTotalDetailSteps=<*>##<*>##<*>##<*>##<*>##<*>,1.6220500469207764
REPORT : 7189 5132 153988 240,REPORT : <*> <*> <*> <*>,HealthApp,Unseen,REPORT : <*> <*> <*> <*>,0.7916455268859863
"timeStamp back,extendReportTimeStamp=1514042082000","timeStamp back,extendReportTimeStamp=<*>",HealthApp,Unseen,"timeStamp back,extendReportTimeStamp=<*>",0.9160134792327881
setTodayTotalDetailSteps=1514041980000##7189##549659##8661##16256##30709030,setTodayTotalDetailSteps=<*>##<*>##<*>##<*>##<*>##<*>,HealthApp,Unseen,setTodayTotalDetailSteps=<*>##<*>##<*>##<*>##<*>##<*>,1.676656723022461
setTodayTotalDetailSteps=1514041980000##7189##549659##8661##16256##30709727,setTodayTotalDetailSteps=<*>##<*>##<*>##<*>##<*>##<*>,HealthApp,Unseen,setTodayTotalDetailSteps=<*>##<*>##<*>##<*>##<*>##<*>,1.6575214862823486
setTodayTotalDetailSteps=1514041980000##7191##549659##8661##16256##30727229,setTodayTotalDetailSteps=<*>##<*>##<*>##<*>##<*>##<*>,HealthApp,Unseen,setTodayTotalDetailSteps=<*>##<*>##<*>##<*>##<*>##<*>,1.6619572639465332
REPORT : 7191 5134 154031 240,REPORT : <*> <*> <*> <*>,HealthApp,Unseen,REPORT : <*> <*> <*> <*>,0.8213067054748535
setTodayTotalDetailSteps=1514041980000##7192##549659##8661##16256##30727733,setTodayTotalDetailSteps=<*>##<*>##<*>##<*>##<*>##<*>,HealthApp,Unseen,setTodayTotalDetailSteps=<*>##<*>##<*>##<*>##<*>##<*>,1.6410510540008545
REPORT : 7192 5135 154052 240,REPORT : <*> <*> <*> <*>,HealthApp,Unseen,REPORT : <*> <*> <*> <*>,0.794581413269043
setTodayTotalDetailSteps=1514041980000##7193##549659##8661##16256##30728232,setTodayTotalDetailSteps=<*>##<*>##<*>##<*>##<*>##<*>,HealthApp,Unseen,setTodayTotalDetailSteps=<*>##<*>##<*>##<*>##<*>##<*>,1.6377894878387451
REPORT : 7193 5135 154074 240,REPORT : <*> <*> <*> <*>,HealthApp,Unseen,REPORT : <*> <*> <*> <*>,0.8085124492645264
setTodayTotalDetailSteps=1514041980000##7196##549659##8661##16256##30728728,setTodayTotalDetailSteps=<*>##<*>##<*>##<*>##<*>##<*>,HealthApp,Unseen,setTodayTotalDetailSteps=<*>##<*>##<*>##<*>##<*>##<*>,1.647601842880249
REPORT : 7196 5137 154138 240,REPORT : <*> <*> <*> <*>,HealthApp,Unseen,REPORT : <*> <*> <*> <*>,0.8046410083770752
setTodayTotalDetailSteps=1514041980000##7198##549659##8661##16256##30729233,setTodayTotalDetailSteps=<*>##<*>##<*>##<*>##<*>##<*>,HealthApp,Unseen,setTodayTotalDetailSteps=<*>##<*>##<*>##<*>##<*>##<*>,1.6491329669952393
REPORT : 7198 5139 154181 240,REPORT : <*> <*> <*> <*>,HealthApp,Unseen,REPORT : <*> <*> <*> <*>,0.7904272079467773
setTodayTotalDetailSteps=1514041980000##7200##549659##8661##16256##30729733,setTodayTotalDetailSteps=<*>##<*>##<*>##<*>##<*>##<*>,HealthApp,Unseen,setTodayTotalDetailSteps=<*>##<*>##<*>##<*>##<*>##<*>,1.640207290649414
REPORT : 7200 5140 154223 240,REPORT : <*> <*> <*> <*>,HealthApp,Unseen,REPORT : <*> <*> <*> <*>,0.7995374202728271
setTodayTotalDetailSteps=1514041980000##7202##549659##8661##16256##30730227,setTodayTotalDetailSteps=<*>##<*>##<*>##<*>##<*>##<*>,HealthApp,Unseen,setTodayTotalDetailSteps=<*>##<*>##<*>##<*>##<*>##<*>,1.6360299587249756
REPORT : 7202 5142 154266 240,REPORT : <*> <*> <*> <*>,HealthApp,Unseen,REPORT : <*> <*> <*> <*>,0.7731566429138184
setTodayTotalDetailSteps=1514041980000##7205##549659##8661##16256##30730728,setTodayTotalDetailSteps=<*>##<*>##<*>##<*>##<*>##<*>,HealthApp,Unseen,setTodayTotalDetailSteps=<*>##<*>##<*>##<*>##<*>##<*>,1.6307506561279297
REPORT : 7205 5144 154331 240,REPORT : <*> <*> <*> <*>,HealthApp,Unseen,REPORT : <*> <*> <*> <*>,0.7914474010467529
setTodayTotalDetailSteps=1514041980000##7208##549659##8661##16256##30731232,setTodayTotalDetailSteps=<*>##<*>##<*>##<*>##<*>##<*>,HealthApp,Unseen,setTodayTotalDetailSteps=<*>##<*>##<*>##<*>##<*>##<*>,1.6797795295715332
REPORT : 7208 5146 154395 240,REPORT : <*> <*> <*> <*>,HealthApp,Unseen,REPORT : <*> <*> <*> <*>,0.8330492973327637
setTodayTotalDetailSteps=1514041980000##7211##549659##8661##16256##30731730,setTodayTotalDetailSteps=<*>##<*>##<*>##<*>##<*>##<*>,HealthApp,Unseen,setTodayTotalDetailSteps=<*>##<*>##<*>##<*>##<*>##<*>,1.6528377532958984
REPORT : 7211 5148 154459 240,REPORT : <*> <*> <*> <*>,HealthApp,Unseen,REPORT : <*> <*> <*> <*>,0.8059663772583008
setTodayTotalDetailSteps=1514041980000##7212##549659##8661##16256##30732729,setTodayTotalDetailSteps=<*>##<*>##<*>##<*>##<*>##<*>,HealthApp,Unseen,setTodayTotalDetailSteps=<*>##<*>##<*>##<*>##<*>##<*>,1.6561238765716553
REPORT : 7212 5149 154481 240,REPORT : <*> <*> <*> <*>,HealthApp,Unseen,REPORT : <*> <*> <*> <*>,0.8051748275756836
setTodayTotalDetailSteps=1514041980000##7214##549659##8661##16256##30733226,setTodayTotalDetailSteps=<*>##<*>##<*>##<*>##<*>##<*>,HealthApp,Unseen,setTodayTotalDetailSteps=<*>##<*>##<*>##<*>##<*>##<*>,1.6540937423706055
REPORT : 7214 5150 154523 240,REPORT : <*> <*> <*> <*>,HealthApp,Unseen,REPORT : <*> <*> <*> <*>,0.8009874820709229
setTodayTotalDetailSteps=1514041980000##7214##549659##8661##16256##30736730,setTodayTotalDetailSteps=<*>##<*>##<*>##<*>##<*>##<*>,HealthApp,Unseen,setTodayTotalDetailSteps=<*>##<*>##<*>##<*>##<*>##<*>,1.6393821239471436
setTodayTotalDetailSteps=1514042100000##7214##549659##8661##16256##30827730,setTodayTotalDetailSteps=<*>##<*>##<*>##<*>##<*>##<*>,HealthApp,Unseen,setTodayTotalDetailSteps=<*>##<*>##<*>##<*>##<*>##<*>,1.6703565120697021
onReceive action: android.intent.action.SCREEN_OFF,onReceive action: android.intent.action.SCREEN_OFF,HealthApp,Unseen,onReceive action: android.intent.action.SCREEN_OFF,1.0483732223510742
onReceive action: android.intent.action.SCREEN_ON,onReceive action: android.intent.action.SCREEN_ON,HealthApp,Unseen,onReceive action: android.intent.action.SCREEN_ON,1.0254688262939453
setTodayTotalDetailSteps=1514042160000##7214##549659##8661##16256##30905315,setTodayTotalDetailSteps=<*>##<*>##<*>##<*>##<*>##<*>,HealthApp,Unseen,setTodayTotalDetailSteps=<*>##<*>##<*>##<*>##<*>##<*>,1.6555595397949219
REPORT : 7214 5150 154523 240,REPORT : <*> <*> <*> <*>,HealthApp,Unseen,REPORT : <*> <*> <*> <*>,0.806922197341919
"timeStamp back,extendReportTimeStamp=1514042265000","timeStamp back,extendReportTimeStamp=<*>",HealthApp,Unseen,"timeStamp back,extendReportTimeStamp=<*>",0.9161062240600586
setTodayTotalDetailSteps=1514042160000##7214##549659##8661##16256##30905625,setTodayTotalDetailSteps=<*>##<*>##<*>##<*>##<*>##<*>,HealthApp,Unseen,setTodayTotalDetailSteps=<*>##<*>##<*>##<*>##<*>##<*>,1.6648132801055908
onReceive action: android.intent.action.SCREEN_OFF,onReceive action: android.intent.action.SCREEN_OFF,HealthApp,Unseen,onReceive action: android.intent.action.SCREEN_OFF,1.0526378154754639
onReceive action: android.intent.action.SCREEN_ON,onReceive action: android.intent.action.SCREEN_ON,HealthApp,Unseen,onReceive action: android.intent.action.SCREEN_ON,1.0373828411102295
setTodayTotalDetailSteps=1514042160000##7214##549659##8661##16256##30906310,setTodayTotalDetailSteps=<*>##<*>##<*>##<*>##<*>##<*>,HealthApp,Unseen,setTodayTotalDetailSteps=<*>##<*>##<*>##<*>##<*>##<*>,1.657609224319458
REPORT : 7214 5150 154523 240,REPORT : <*> <*> <*> <*>,HealthApp,Unseen,REPORT : <*> <*> <*> <*>,0.8082778453826904
setTodayTotalDetailSteps=1514042160000##7214##549659##8661##16256##30906710,setTodayTotalDetailSteps=<*>##<*>##<*>##<*>##<*>##<*>,HealthApp,Unseen,setTodayTotalDetailSteps=<*>##<*>##<*>##<*>##<*>##<*>,1.6477961540222168
setTodayTotalDetailSteps=1514042280000##7214##549659##8661##16256##31004759,setTodayTotalDetailSteps=<*>##<*>##<*>##<*>##<*>##<*>,HealthApp,Unseen,setTodayTotalDetailSteps=<*>##<*>##<*>##<*>##<*>##<*>,1.6331162452697754
setTodayTotalDetailSteps=1514042280000##7214##549659##8661##16256##31005759,setTodayTotalDetailSteps=<*>##<*>##<*>##<*>##<*>##<*>,HealthApp,Unseen,setTodayTotalDetailSteps=<*>##<*>##<*>##<*>##<*>##<*>,1.6395204067230225
setTodayTotalDetailSteps=1514042520000##7214##549659##8661##16256##31239760,setTodayTotalDetailSteps=<*>##<*>##<*>##<*>##<*>##<*>,HealthApp,Unseen,setTodayTotalDetailSteps=<*>##<*>##<*>##<*>##<*>##<*>,1.6522369384765625
setTodayTotalDetailSteps=1514042520000##7214##549659##8661##16256##31243766,setTodayTotalDetailSteps=<*>##<*>##<*>##<*>##<*>##<*>,HealthApp,Unseen,setTodayTotalDetailSteps=<*>##<*>##<*>##<*>##<*>##<*>,1.6656153202056885
setTodayTotalDetailSteps=1514042880000##7214##549659##8661##16256##31588757,setTodayTotalDetailSteps=<*>##<*>##<*>##<*>##<*>##<*>,HealthApp,Unseen,setTodayTotalDetailSteps=<*>##<*>##<*>##<*>##<*>##<*>,1.6352918148040771
setTodayTotalDetailSteps=1514042880000##7214##549659##8661##16256##31589757,setTodayTotalDetailSteps=<*>##<*>##<*>##<*>##<*>##<*>,HealthApp,Unseen,setTodayTotalDetailSteps=<*>##<*>##<*>##<*>##<*>##<*>,1.6687843799591064
stepSyncOrNot appSynTimes is 0,stepSyncOrNot appSynTimes is <*>,HealthApp,Unseen,stepSyncOrNot appSynTimes is <*>,0.7833695411682129
"initUserPrivacy the userPrivacy switch is open, start push user data!","initUserPrivacy the userPrivacy switch is open, start push user data!",HealthApp,Unseen,"initUserPrivacy the userPrivacy switch is open, start push user data!",1.1625196933746338
sendSyncFailedBroadcast,sendSyncFailedBroadcast,HealthApp,Unseen,sendSyncFailedBroadcast,0.43918275833129883
setTodayTotalDetailSteps=1514043360000##7214##549659##8661##16256##32078759,setTodayTotalDetailSteps=<*>##<*>##<*>##<*>##<*>##<*>,HealthApp,Unseen,setTodayTotalDetailSteps=<*>##<*>##<*>##<*>##<*>##<*>,1.642533540725708
setTodayTotalDetailSteps=1514043360000##7214##549659##8661##16256##32080760,setTodayTotalDetailSteps=<*>##<*>##<*>##<*>##<*>##<*>,HealthApp,Unseen,setTodayTotalDetailSteps=<*>##<*>##<*>##<*>##<*>##<*>,1.632131576538086
setTodayTotalDetailSteps=1514043540000##7214##549659##8661##16256##32254765,setTodayTotalDetailSteps=<*>##<*>##<*>##<*>##<*>##<*>,HealthApp,Unseen,setTodayTotalDetailSteps=<*>##<*>##<*>##<*>##<*>##<*>,1.650313138961792
setTodayTotalDetailSteps=1514043540000##7214##549659##8661##16256##32258759,setTodayTotalDetailSteps=<*>##<*>##<*>##<*>##<*>##<*>,HealthApp,Unseen,setTodayTotalDetailSteps=<*>##<*>##<*>##<*>##<*>##<*>,1.6646113395690918
setTodayTotalDetailSteps=1514043660000##7214##549659##8661##16256##32403526,setTodayTotalDetailSteps=<*>##<*>##<*>##<*>##<*>##<*>,HealthApp,Unseen,setTodayTotalDetailSteps=<*>##<*>##<*>##<*>##<*>##<*>,1.6462488174438477
setTodayTotalDetailSteps=1514043900000##7214##549659##8661##16256##32611763,setTodayTotalDetailSteps=<*>##<*>##<*>##<*>##<*>##<*>,HealthApp,Unseen,setTodayTotalDetailSteps=<*>##<*>##<*>##<*>##<*>##<*>,1.6332957744598389
setTodayTotalDetailSteps=1514043900000##7214##549659##8661##16256##32618758,setTodayTotalDetailSteps=<*>##<*>##<*>##<*>##<*>##<*>,HealthApp,Unseen,setTodayTotalDetailSteps=<*>##<*>##<*>##<*>##<*>##<*>,1.6476671695709229
setTodayTotalDetailSteps=1514044140000##7214##549659##8661##16256##32893026,setTodayTotalDetailSteps=<*>##<*>##<*>##<*>##<*>##<*>,HealthApp,Unseen,setTodayTotalDetailSteps=<*>##<*>##<*>##<*>##<*>##<*>,1.6332647800445557
setTodayTotalDetailSteps=1514044260000##7214##549659##8661##16256##33021763,setTodayTotalDetailSteps=<*>##<*>##<*>##<*>##<*>##<*>,HealthApp,Unseen,setTodayTotalDetailSteps=<*>##<*>##<*>##<*>##<*>##<*>,1.6453547477722168
setTodayTotalDetailSteps=1514044320000##7214##549659##8661##16256##33024761,setTodayTotalDetailSteps=<*>##<*>##<*>##<*>##<*>##<*>,HealthApp,Unseen,setTodayTotalDetailSteps=<*>##<*>##<*>##<*>##<*>##<*>,1.6404693126678467
setTodayTotalDetailSteps=1514044320000##7214##549659##8661##16256##33039758,setTodayTotalDetailSteps=<*>##<*>##<*>##<*>##<*>##<*>,HealthApp,Unseen,setTodayTotalDetailSteps=<*>##<*>##<*>##<*>##<*>##<*>,1.6570818424224854
setTodayTotalDetailSteps=1514044320000##7214##549659##8661##16256##33041763,setTodayTotalDetailSteps=<*>##<*>##<*>##<*>##<*>##<*>,HealthApp,Unseen,setTodayTotalDetailSteps=<*>##<*>##<*>##<*>##<*>##<*>,1.6573138236999512
setTodayTotalDetailSteps=1514044320000##7214##549659##8661##16256##33049759,setTodayTotalDetailSteps=<*>##<*>##<*>##<*>##<*>##<*>,HealthApp,Unseen,setTodayTotalDetailSteps=<*>##<*>##<*>##<*>##<*>##<*>,1.6654407978057861
setTodayTotalDetailSteps=1514044320000##7214##549659##8661##16256##33055760,setTodayTotalDetailSteps=<*>##<*>##<*>##<*>##<*>##<*>,HealthApp,Unseen,setTodayTotalDetailSteps=<*>##<*>##<*>##<*>##<*>##<*>,1.650949478149414
setTodayTotalDetailSteps=1514044320000##7214##549659##8661##16256##33064766,setTodayTotalDetailSteps=<*>##<*>##<*>##<*>##<*>##<*>,HealthApp,Unseen,setTodayTotalDetailSteps=<*>##<*>##<*>##<*>##<*>##<*>,1.6439781188964844
setTodayTotalDetailSteps=1514044320000##7214##549659##8661##16256##33066759,setTodayTotalDetailSteps=<*>##<*>##<*>##<*>##<*>##<*>,HealthApp,Unseen,setTodayTotalDetailSteps=<*>##<*>##<*>##<*>##<*>##<*>,1.6265738010406494
setTodayTotalDetailSteps=1514044320000##7214##549659##8661##16256##33075759,setTodayTotalDetailSteps=<*>##<*>##<*>##<*>##<*>##<*>,HealthApp,Unseen,setTodayTotalDetailSteps=<*>##<*>##<*>##<*>##<*>##<*>,1.639075517654419
setTodayTotalDetailSteps=1514044320000##7214##549659##8661##16256##33081765,setTodayTotalDetailSteps=<*>##<*>##<*>##<*>##<*>##<*>,HealthApp,Unseen,setTodayTotalDetailSteps=<*>##<*>##<*>##<*>##<*>##<*>,1.646118402481079
setTodayTotalDetailSteps=1514044380000##7214##549659##8661##16256##33112771,setTodayTotalDetailSteps=<*>##<*>##<*>##<*>##<*>##<*>,HealthApp,Unseen,setTodayTotalDetailSteps=<*>##<*>##<*>##<*>##<*>##<*>,1.6708171367645264
setTodayTotalDetailSteps=1514044380000##7214##549659##8661##16256##33113758,setTodayTotalDetailSteps=<*>##<*>##<*>##<*>##<*>##<*>,HealthApp,Unseen,setTodayTotalDetailSteps=<*>##<*>##<*>##<*>##<*>##<*>,1.6693646907806396
setTodayTotalDetailSteps=1514044380000##7214##549659##8661##16256##33118758,setTodayTotalDetailSteps=<*>##<*>##<*>##<*>##<*>##<*>,HealthApp,Unseen,setTodayTotalDetailSteps=<*>##<*>##<*>##<*>##<*>##<*>,1.647799015045166
setTodayTotalDetailSteps=1514044380000##7214##549659##8661##16256##33119761,setTodayTotalDetailSteps=<*>##<*>##<*>##<*>##<*>##<*>,HealthApp,Unseen,setTodayTotalDetailSteps=<*>##<*>##<*>##<*>##<*>##<*>,1.6413249969482422
setTodayTotalDetailSteps=1514044380000##7214##549659##8661##16256##33129767,setTodayTotalDetailSteps=<*>##<*>##<*>##<*>##<*>##<*>,HealthApp,Unseen,setTodayTotalDetailSteps=<*>##<*>##<*>##<*>##<*>##<*>,1.6434497833251953
setTodayTotalDetailSteps=1514044380000##7214##549659##8661##16256##33131773,setTodayTotalDetailSteps=<*>##<*>##<*>##<*>##<*>##<*>,HealthApp,Unseen,setTodayTotalDetailSteps=<*>##<*>##<*>##<*>##<*>##<*>,1.6438663005828857
setTodayTotalDetailSteps=1514044380000##7214##549659##8661##16256##33138759,setTodayTotalDetailSteps=<*>##<*>##<*>##<*>##<*>##<*>,HealthApp,Unseen,setTodayTotalDetailSteps=<*>##<*>##<*>##<*>##<*>##<*>,1.635364055633545
setTodayTotalDetailSteps=1514044380000##7214##549659##8661##16256##33140770,setTodayTotalDetailSteps=<*>##<*>##<*>##<*>##<*>##<*>,HealthApp,Unseen,setTodayTotalDetailSteps=<*>##<*>##<*>##<*>##<*>##<*>,1.6677286624908447
setTodayTotalDetailSteps=1514044440000##7214##549659##8661##16256##33168762,setTodayTotalDetailSteps=<*>##<*>##<*>##<*>##<*>##<*>,HealthApp,Unseen,setTodayTotalDetailSteps=<*>##<*>##<*>##<*>##<*>##<*>,1.667287826538086
setTodayTotalDetailSteps=1514044440000##7214##549659##8661##16256##33169760,setTodayTotalDetailSteps=<*>##<*>##<*>##<*>##<*>##<*>,HealthApp,Unseen,setTodayTotalDetailSteps=<*>##<*>##<*>##<*>##<*>##<*>,1.648390769958496
setTodayTotalDetailSteps=1514044500000##7214##549659##8661##16256##33216767,setTodayTotalDetailSteps=<*>##<*>##<*>##<*>##<*>##<*>,HealthApp,Unseen,setTodayTotalDetailSteps=<*>##<*>##<*>##<*>##<*>##<*>,1.6385958194732666
setTodayTotalDetailSteps=1514044500000##7214##549659##8661##16256##33217764,setTodayTotalDetailSteps=<*>##<*>##<*>##<*>##<*>##<*>,HealthApp,Unseen,setTodayTotalDetailSteps=<*>##<*>##<*>##<*>##<*>##<*>,1.6396000385284424
setTodayTotalDetailSteps=1514044500000##7214##549659##8661##16256##33232763,setTodayTotalDetailSteps=<*>##<*>##<*>##<*>##<*>##<*>,HealthApp,Unseen,setTodayTotalDetailSteps=<*>##<*>##<*>##<*>##<*>##<*>,1.6431796550750732
setTodayTotalDetailSteps=1514044500000##7214##549659##8661##16256##33239758,setTodayTotalDetailSteps=<*>##<*>##<*>##<*>##<*>##<*>,HealthApp,Unseen,setTodayTotalDetailSteps=<*>##<*>##<*>##<*>##<*>##<*>,1.6379730701446533
setTodayTotalDetailSteps=1514044560000##7214##549659##8661##16256##33298759,setTodayTotalDetailSteps=<*>##<*>##<*>##<*>##<*>##<*>,HealthApp,Unseen,setTodayTotalDetailSteps=<*>##<*>##<*>##<*>##<*>##<*>,1.7148380279541016
setTodayTotalDetailSteps=1514044560000##7214##549659##8661##16256##33306763,setTodayTotalDetailSteps=<*>##<*>##<*>##<*>##<*>##<*>,HealthApp,Unseen,setTodayTotalDetailSteps=<*>##<*>##<*>##<*>##<*>##<*>,1.6724135875701904
theDayChanged 1514044800216,theDayChanged <*>,HealthApp,Unseen,theDayChanged <*>,0.42582225799560547
registersensorsuccess: true,registersensorsuccess: <*>,HealthApp,Unseen,registersensorsuccess: <*>,0.6082072257995605
setBasicStandardSteps basicStandardStep=3786 restartSteps=0,setBasicStandardSteps basicStandardStep=<*> restartSteps=<*>,HealthApp,Unseen,setBasicStandardSteps basicStandardStep=<*> restartSteps=<*>,1.1608283519744873
setTodayTotalDetailSteps=1514044740000##0##549659##8661##16256##33444553,setTodayTotalDetailSteps=<*>##<*>##<*>##<*>##<*>##<*>,HealthApp,Unseen,setTodayTotalDetailSteps=<*>##<*>##<*>##<*>##<*>##<*>,1.6456875801086426
REPORT : 0 0 0 0,REPORT : <*> <*> <*> <*>,HealthApp,Unseen,REPORT : <*> <*> <*> <*>,0.7945070266723633
setTodayTotalDetailSteps=1514044740000##0##549659##8661##16256##33444943,setTodayTotalDetailSteps=<*>##<*>##<*>##<*>##<*>##<*>,HealthApp,Unseen,setTodayTotalDetailSteps=<*>##<*>##<*>##<*>##<*>##<*>,1.6462130546569824
setTodayTotalDetailSteps=1514044740000##0##549659##8661##16256##33449757,setTodayTotalDetailSteps=<*>##<*>##<*>##<*>##<*>##<*>,HealthApp,Unseen,setTodayTotalDetailSteps=<*>##<*>##<*>##<*>##<*>##<*>,1.6388938426971436
setTodayTotalDetailSteps=1514044740000##0##549659##8661##16256##33450764,setTodayTotalDetailSteps=<*>##<*>##<*>##<*>##<*>##<*>,HealthApp,Unseen,setTodayTotalDetailSteps=<*>##<*>##<*>##<*>##<*>##<*>,1.6828773021697998
setTodayTotalDetailSteps=1514045040000##0##549659##8661##16256##33767093,setTodayTotalDetailSteps=<*>##<*>##<*>##<*>##<*>##<*>,HealthApp,Unseen,setTodayTotalDetailSteps=<*>##<*>##<*>##<*>##<*>##<*>,1.6841156482696533
setTodayTotalDetailSteps=1514045100000##0##549659##8661##16256##33821183,setTodayTotalDetailSteps=<*>##<*>##<*>##<*>##<*>##<*>,HealthApp,Unseen,setTodayTotalDetailSteps=<*>##<*>##<*>##<*>##<*>##<*>,1.650705099105835
setTodayTotalDetailSteps=1514045160000##0##549659##8661##16256##33866758,setTodayTotalDetailSteps=<*>##<*>##<*>##<*>##<*>##<*>,HealthApp,Unseen,setTodayTotalDetailSteps=<*>##<*>##<*>##<*>##<*>##<*>,1.6474089622497559
setTodayTotalDetailSteps=1514045160000##0##549659##8661##16256##33868758,setTodayTotalDetailSteps=<*>##<*>##<*>##<*>##<*>##<*>,HealthApp,Unseen,setTodayTotalDetailSteps=<*>##<*>##<*>##<*>##<*>##<*>,1.647887945175171
setTodayTotalDetailSteps=1514045160000##0##549659##8661##16256##33884757,setTodayTotalDetailSteps=<*>##<*>##<*>##<*>##<*>##<*>,HealthApp,Unseen,setTodayTotalDetailSteps=<*>##<*>##<*>##<*>##<*>##<*>,1.6360876560211182
setTodayTotalDetailSteps=1514045160000##0##549659##8661##16256##33885759,setTodayTotalDetailSteps=<*>##<*>##<*>##<*>##<*>##<*>,HealthApp,Unseen,setTodayTotalDetailSteps=<*>##<*>##<*>##<*>##<*>##<*>,1.6488902568817139
setTodayTotalDetailSteps=1514045280000##0##549659##8661##16256##33988760,setTodayTotalDetailSteps=<*>##<*>##<*>##<*>##<*>##<*>,HealthApp,Unseen,setTodayTotalDetailSteps=<*>##<*>##<*>##<*>##<*>##<*>,1.6955394744873047
setTodayTotalDetailSteps=1514045280000##0##549659##8661##16256##33990761,setTodayTotalDetailSteps=<*>##<*>##<*>##<*>##<*>##<*>,HealthApp,Unseen,setTodayTotalDetailSteps=<*>##<*>##<*>##<*>##<*>##<*>,1.6756041049957275
setTodayTotalDetailSteps=1514045280000##0##549659##8661##16256##34018758,setTodayTotalDetailSteps=<*>##<*>##<*>##<*>##<*>##<*>,HealthApp,Unseen,setTodayTotalDetailSteps=<*>##<*>##<*>##<*>##<*>##<*>,1.6588740348815918
setTodayTotalDetailSteps=1514045280000##0##549659##8661##16256##34019759,setTodayTotalDetailSteps=<*>##<*>##<*>##<*>##<*>##<*>,HealthApp,Unseen,setTodayTotalDetailSteps=<*>##<*>##<*>##<*>##<*>##<*>,1.6340045928955078
setTodayTotalDetailSteps=1514045340000##0##549659##8661##16256##34053757,setTodayTotalDetailSteps=<*>##<*>##<*>##<*>##<*>##<*>,HealthApp,Unseen,setTodayTotalDetailSteps=<*>##<*>##<*>##<*>##<*>##<*>,1.6458611488342285
setTodayTotalDetailSteps=1514045340000##0##549659##8661##16256##34054759,setTodayTotalDetailSteps=<*>##<*>##<*>##<*>##<*>##<*>,HealthApp,Unseen,setTodayTotalDetailSteps=<*>##<*>##<*>##<*>##<*>##<*>,1.6457037925720215
setTodayTotalDetailSteps=1514045340000##0##549659##8661##16256##34086757,setTodayTotalDetailSteps=<*>##<*>##<*>##<*>##<*>##<*>,HealthApp,Unseen,setTodayTotalDetailSteps=<*>##<*>##<*>##<*>##<*>##<*>,1.6446194648742676
setTodayTotalDetailSteps=1514045340000##0##549659##8661##16256##34087759,setTodayTotalDetailSteps=<*>##<*>##<*>##<*>##<*>##<*>,HealthApp,Unseen,setTodayTotalDetailSteps=<*>##<*>##<*>##<*>##<*>##<*>,1.6990346908569336
setTodayTotalDetailSteps=1514045400000##0##549659##8661##16256##34160765,setTodayTotalDetailSteps=<*>##<*>##<*>##<*>##<*>##<*>,HealthApp,Unseen,setTodayTotalDetailSteps=<*>##<*>##<*>##<*>##<*>##<*>,1.6625306606292725
setTodayTotalDetailSteps=1514045400000##0##549659##8661##16256##34161762,setTodayTotalDetailSteps=<*>##<*>##<*>##<*>##<*>##<*>,HealthApp,Unseen,setTodayTotalDetailSteps=<*>##<*>##<*>##<*>##<*>##<*>,1.6500303745269775
setTodayTotalDetailSteps=1514045640000##0##549659##8661##16256##34397604,setTodayTotalDetailSteps=<*>##<*>##<*>##<*>##<*>##<*>,HealthApp,Unseen,setTodayTotalDetailSteps=<*>##<*>##<*>##<*>##<*>##<*>,1.6341500282287598
setTodayTotalDetailSteps=1514046240000##0##549659##8661##16256##34960758,setTodayTotalDetailSteps=<*>##<*>##<*>##<*>##<*>##<*>,HealthApp,Unseen,setTodayTotalDetailSteps=<*>##<*>##<*>##<*>##<*>##<*>,1.6332879066467285
setTodayTotalDetailSteps=1514046240000##0##549659##8661##16256##34961757,setTodayTotalDetailSteps=<*>##<*>##<*>##<*>##<*>##<*>,HealthApp,Unseen,setTodayTotalDetailSteps=<*>##<*>##<*>##<*>##<*>##<*>,1.6452720165252686
setTodayTotalDetailSteps=1514046420000##0##549659##8661##16256##35149773,setTodayTotalDetailSteps=<*>##<*>##<*>##<*>##<*>##<*>,HealthApp,Unseen,setTodayTotalDetailSteps=<*>##<*>##<*>##<*>##<*>##<*>,1.6507909297943115
onReceive action: android.intent.action.SCREEN_OFF,onReceive action: android.intent.action.SCREEN_OFF,HealthApp,Unseen,onReceive action: android.intent.action.SCREEN_OFF,1.05767822265625
stepSyncOrNot appSynTimes is 0,stepSyncOrNot appSynTimes is <*>,HealthApp,Unseen,stepSyncOrNot appSynTimes is <*>,0.8110074996948242
"initUserPrivacy the userPrivacy switch is open, start push user data!","initUserPrivacy the userPrivacy switch is open, start push user data!",HealthApp,Unseen,"initUserPrivacy the userPrivacy switch is open, start push user data!",1.1566870212554932
sendSyncFailedBroadcast,sendSyncFailedBroadcast,HealthApp,Unseen,sendSyncFailedBroadcast,0.43015432357788086
