Content,EventTemplate,Dataset,Category,Unseen_Mistral_FT_Mac_5,Inference_time_5
"ARPT: 620896.311264: wl0: MDNS: 0 SRV Recs, 0 TXT Recs","ARPT: <*>: wl0: MDNS: <*> SRV Recs, <*> TXT Recs",Mac,Unseen,"ARPT: <*>: wl0: MDNS: <*> SRV Recs, <*> TXT Recs",1.7317087650299072
[09:21:58.929] <<<< CRABS >>>> crabsFlumeHostAvailable: [0x7f961cf08cf0] Byte flume reports host available again.,[<*>:<*>:<*>] <<<< CRABS >>>> crabsFlumeHostAvailable: [<*>] Byte flume reports host available again.,Mac,Unseen,[<*>:<*>:<*>] <<<< CRABS >>>> crabsFlumeHostAvailable: [<*>] Byte flume reports host available again.,2.2706806659698486
"network_reachability_changed : network is not reachable, netbiosd is shutting down","network_reachability_changed : network is not reachable, netbiosd is shutting down",Mac,Unseen,"network_reachability_changed : network is not reachable, netbiosd is shutting down",1.3846232891082764
AppleThunderboltNHIType2::waitForOk2Go2Sx - intel_rp = 1 dlla_reporting_supported = 0,<*>::<*> - intel_rp = <*> dlla_reporting_supported = <*>,Mac,Unseen,AppleThunderboltNHIType2::waitForOk2Go2Sx - intel_rp = <*> dlla_reporting_supported = <*>,2.296966075897217
AppleCamIn::wakeEventHandlerThread,AppleCamIn::wakeEventHandlerThread,Mac,Unseen,AppleCamIn::wakeEventHandlerThread,0.624321699142456
"SOSAccountThisDeviceCanSyncWithCircle sync with device failure: Error Domain=com.apple.security.sos.error Code=1035 ""Account identity not set"" UserInfo={NSDescription=Account identity not set}","SOSAccountThisDeviceCanSyncWithCircle sync with device failure: Error Domain=com.apple.security.sos.error Code=<*> ""Account identity not set"" UserInfo={NSDescription=Account identity not set}",Mac,Unseen,"SOSAccountThisDeviceCanSyncWithCircle sync with device failure: Error Domain=com.apple.security.sos.error Code=<*> ""Account identity not set"" UserInfo={NSDescription=<*>}",3.0741007328033447
"ARPT: 626126.086205: wl0: setup_keepalive: interval 900, retry_interval 30, retry_count 10","ARPT: <*>: wl0: setup_keepalive: interval <*>, retry_interval <*>, retry_count <*>",Mac,Unseen,"ARPT: <*>: wl0: setup_keepalive: interval <*>, retry_interval <*>, retry_count <*>",2.0152924060821533
__42-[NETClientConnection evaluateCrazyIvan46]_block_invoke CI46 - Hit by torpedo! QQ.10018 tc19060 125.39.133.143:14000,<*>-[NETClientConnection <*>]_block_invoke CI46 - Hit by torpedo! <*> <*> <*>:<*>,Mac,Unseen,__<*>-[NETClientConnection evaluateCrazyIvan46]_block_invoke CI46 - Hit by torpedo! QQ.<*> tc<*> <*>:<*>,2.7572519779205322
CCXPCService::setStreamEventHandler Registered for notification callback.,CCXPCService::setStreamEventHandler Registered for notification callback.,Mac,Unseen,CCXPCService::setStreamEventHandler Registered for notification callback.,0.9877862930297852
"SOSAccountThisDeviceCanSyncWithCircle sync with device failure: Error Domain=com.apple.security.sos.error Code=1035 ""Account identity not set"" UserInfo={NSDescription=Account identity not set}","SOSAccountThisDeviceCanSyncWithCircle sync with device failure: Error Domain=com.apple.security.sos.error Code=<*> ""Account identity not set"" UserInfo={NSDescription=Account identity not set}",Mac,Unseen,"SOSAccountThisDeviceCanSyncWithCircle sync with device failure: Error Domain=com.apple.security.sos.error Code=<*> ""Account identity not set"" UserInfo={NSDescription=<*>}",3.1165428161621094
AppleCamIn::wakeEventHandlerThread,AppleCamIn::wakeEventHandlerThread,Mac,Unseen,AppleCamIn::wakeEventHandlerThread,0.626976728439331
"ARPT: 626908.045241: wl0: setup_keepalive: interval 900, retry_interval 30, retry_count 10","ARPT: <*>: wl0: setup_keepalive: interval <*>, retry_interval <*>, retry_count <*>",Mac,Unseen,"ARPT: <*>: wl0: setup_keepalive: interval <*>, retry_interval <*>, retry_count <*>",2.044893980026245
RTC: PowerByCalendarDate setting ignored,RTC: PowerByCalendarDate setting ignored,Mac,Unseen,RTC: PowerByCalendarDate setting ignored,0.6878025531768799
Location icon should now be in state 'Active',Location icon should now be in state 'Active',Mac,Unseen,Location icon should now be in state 'Active',0.7474050521850586
PMStats: Hibernate read took 197 ms,PMStats: Hibernate read took <*> ms,Mac,Unseen,PMStats: Hibernate read took <*> ms,0.8098578453063965
"SOSAccountThisDeviceCanSyncWithCircle sync with device failure: Error Domain=com.apple.security.sos.error Code=1035 ""Account identity not set"" UserInfo={NSDescription=Account identity not set}","SOSAccountThisDeviceCanSyncWithCircle sync with device failure: Error Domain=com.apple.security.sos.error Code=<*> ""Account identity not set"" UserInfo={NSDescription=Account identity not set}",Mac,Unseen,"SOSAccountThisDeviceCanSyncWithCircle sync with device failure: Error Domain=com.apple.security.sos.error Code=<*> ""Account identity not set"" UserInfo={NSDescription=<*>}",3.0911800861358643
[com.apple.calendar.store.log.caldav.coredav] [Refusing to parse response to PROPPATCH because of content-type: [text/html; charset=UTF-8].],[com.apple.calendar.store.log.caldav.coredav] [Refusing to parse response to PROPPATCH because of content-type: [text/html; charset=UTF-<*>].],Mac,Unseen,[com.apple.calendar.store.log.caldav.coredav] [Refusing to parse response to PROPPATCH because of content-type: [<*>].],2.6003057956695557
"NETWORK: requery, 0, 0, 0, 0, 250, items, fQueryRetries, 0, fLastRetryTimestamp, 520665636.6","NETWORK: requery, <*>, <*>, <*>, <*>, <*>, items, fQueryRetries, <*>, fLastRetryTimestamp, <*>",Mac,Unseen,"NETWORK: requery, <*>, <*>, <*>, <*>, <*>, items, fQueryRetries, <*>, fLastRetryTimestamp, <*>",2.506547689437866
Wake reason: RTC (Alarm),Wake reason: RTC (Alarm),Mac,Unseen,Wake reason: RTC (Alarm),0.7452919483184814
"NETWORK: requery, 0, 0, 0, 0, 250, items, fQueryRetries, 0, fLastRetryTimestamp, 520708962.7","NETWORK: requery, <*>, <*>, <*>, <*>, <*>, items, fQueryRetries, <*>, fLastRetryTimestamp, <*>",Mac,Unseen,"NETWORK: requery, <*>, <*>, <*>, <*>, <*>, items, fQueryRetries, <*>, fLastRetryTimestamp, <*>",2.473971128463745
"ARPT: 645791.413780: IOPMPowerSource Information: onSleep,  SleepType: Normal Sleep,  'ExternalConnected': No, 'TimeRemaining': 156,","ARPT: <*>: IOPMPowerSource Information: onSleep, SleepType: Normal Sleep, 'ExternalConnected': No, 'TimeRemaining': <*>,",Mac,Unseen,"ARPT: <*>: IOPMPowerSource Information: onSleep, SleepType: Normal Sleep, 'ExternalConnected': No, 'TimeRemaining': <*>,",2.453392744064331
Captive: CNPluginHandler en0: Authenticated,Captive: CNPluginHandler en0: Authenticated,Mac,Unseen,Captive: CNPluginHandler en0: Authenticated,0.9155118465423584
Location icon should now be in state 'Active',Location icon should now be in state 'Active',Mac,Unseen,Location icon should now be in state 'Active',0.7287800312042236
"ARPT: 646292.668059: wl0: MDNS: 0 SRV Recs, 0 TXT Recs","ARPT: <*>: wl0: MDNS: <*> SRV Recs, <*> TXT Recs",Mac,Unseen,"ARPT: <*>: wl0: MDNS: <*> SRV Recs, <*> TXT Recs",1.7149710655212402
Location icon should now be in state 'Active',Location icon should now be in state 'Active',Mac,Unseen,Location icon should now be in state 'Active',0.7368767261505127
Location icon should now be in state 'Active',Location icon should now be in state 'Active',Mac,Unseen,Location icon should now be in state 'Active',0.7380881309509277
"SOSAccountThisDeviceCanSyncWithCircle sync with device failure: Error Domain=com.apple.security.sos.error Code=1035 ""Account identity not set"" UserInfo={NSDescription=Account identity not set}","SOSAccountThisDeviceCanSyncWithCircle sync with device failure: Error Domain=com.apple.security.sos.error Code=<*> ""Account identity not set"" UserInfo={NSDescription=Account identity not set}",Mac,Unseen,"SOSAccountThisDeviceCanSyncWithCircle sync with device failure: Error Domain=com.apple.security.sos.error Code=<*> ""Account identity not set"" UserInfo={NSDescription=<*>}",3.0374438762664795
2017-07-02 15:46:41.445 ksfetch[32435/0x7fff79824000] [lvl=2] main() ksfetch fetching URL (<NSMutableURLRequest: 0x1005110b0> { URL: https://tools.google.com/service/update2?cup2hreq=53f725cf03f511fab16f19e789ce64aa1eed72395fc246e9f1100748325002f4&cup2key=7:1132320327 }) to folder:/tmp/KSOutOfProcessFetcher.YH2CjY1tnx/download,<*>-<*>-<*> <*>:<*>:<*> ksfetch[<*>/<*>] [lvl=<*>] main() ksfetch fetching URL (<NSMutableURLRequest: <*> { URL: <*> }) to folder:<*>,Mac,Unseen,<*>-<*>-<*> <*>:<*>:<*> ksfetch[<*>/<*>] [lvl=<*>] main() ksfetch fetching URL (<NSMutableURLRequest: <*> { URL: <*> }) to folder:<*>,3.793187379837036
Location icon should now be in state 'Active',Location icon should now be in state 'Active',Mac,Unseen,Location icon should now be in state 'Active',0.7389848232269287
Location icon should now be in state 'Active',Location icon should now be in state 'Active',Mac,Unseen,Location icon should now be in state 'Active',0.7391102313995361
AppleThunderboltNHIType2::waitForOk2Go2Sx - intel_rp = 1 dlla_reporting_supported = 0,<*>::<*> - intel_rp = <*> dlla_reporting_supported = <*>,Mac,Unseen,AppleThunderboltNHIType2::waitForOk2Go2Sx - intel_rp = <*> dlla_reporting_supported = <*>,2.3436524868011475
CCXPCService::setStreamEventHandler Registered for notification callback.,CCXPCService::setStreamEventHandler Registered for notification callback.,Mac,Unseen,CCXPCService::setStreamEventHandler Registered for notification callback.,0.9911885261535645
"ARPT: 661856.313502: wl0: MDNS: 0 SRV Recs, 0 TXT Recs","ARPT: <*>: wl0: MDNS: <*> SRV Recs, <*> TXT Recs",Mac,Unseen,"ARPT: <*>: wl0: MDNS: <*> SRV Recs, <*> TXT Recs",1.71108078956604
AppleThunderboltNHIType2::waitForOk2Go2Sx - intel_rp = 1 dlla_reporting_supported = 0,<*>::<*> - intel_rp = <*> dlla_reporting_supported = <*>,Mac,Unseen,AppleThunderboltNHIType2::waitForOk2Go2Sx - intel_rp = <*> dlla_reporting_supported = <*>,2.3220021724700928
AppleCamIn::wakeEventHandlerThread,AppleCamIn::wakeEventHandlerThread,Mac,Unseen,AppleCamIn::wakeEventHandlerThread,0.6227569580078125
Location icon should now be in state 'Active',Location icon should now be in state 'Active',Mac,Unseen,Location icon should now be in state 'Active',0.7508416175842285
"PBRequester failed with Error Error Domain=NSURLErrorDomain Code=-1009 ""The Internet connection appears to be offline."" UserInfo={NSUnderlyingError=0x7fe13512cf70 {Error Domain=kCFErrorDomainCFNetwork Code=-1009 ""The Internet connection appears to be offline."" UserInfo={NSErrorFailingURLStringKey=https://gsp-ssl.ls.apple.com/dispatcher.arpc, NSErrorFailingURLKey=https://gsp-ssl.ls.apple.com/dispatcher.arpc, _kCFStreamErrorCodeKey=8, _kCFStreamErrorDomainKey=12, NSLocalizedDescription=The Internet connection appears to be offline.}}, NSErrorFailingURLStringKey=https://gsp-ssl.ls.apple.com/dispatcher.arpc, NSErrorFailingURLKey=https://gsp-ssl.ls.apple.com/dispatcher.arpc, _kCFStreamErrorDomainKey=12, _kCFStreamErrorCodeKey=8, NSLocalizedDescription=The Internet connection appears to be offline.}","PBRequester failed with Error Error Domain=NSURLErrorDomain Code=<*> ""The Internet connection appears to be offline."" UserInfo={NSUnderlyingError=<*> {Error Domain=kCFErrorDomainCFNetwork Code=<*> ""The Internet connection appears to be offline."" UserInfo={NSErrorFailingURLStringKey=<*>, NSErrorFailingURLKey=<*>, _kCFStreamErrorCodeKey=<*>, _kCFStreamErrorDomainKey=<*>, NSLocalizedDescription=The Internet connection appears to be offline.}}, NSErrorFailingURLStringKey=<*>, NSErrorFailingURLKey=<*>, _kCFStreamErrorDomainKey=<*>, _kCFStreamErrorCodeKey=<*>, NSLocalizedDescription=The Internet connection appears to be offline.}",Mac,Unseen,,7.505580186843872
Location icon should now be in state 'Active',Location icon should now be in state 'Active',Mac,Unseen,Location icon should now be in state 'Active',0.7407271862030029
"SOSAccountThisDeviceCanSyncWithCircle sync with device failure: Error Domain=com.apple.security.sos.error Code=1035 ""Account identity not set"" UserInfo={NSDescription=Account identity not set}","SOSAccountThisDeviceCanSyncWithCircle sync with device failure: Error Domain=com.apple.security.sos.error Code=<*> ""Account identity not set"" UserInfo={NSDescription=Account identity not set}",Mac,Unseen,"SOSAccountThisDeviceCanSyncWithCircle sync with device failure: Error Domain=com.apple.security.sos.error Code=<*> ""Account identity not set"" UserInfo={NSDescription=<*>}",3.0854506492614746
"Configuration Notice: ASL Module ""com.apple.performance"" claims selected messages. Those messages may not appear in standard system log files or in the ASL database.","Configuration Notice: ASL Module ""<*>"" claims selected messages. Those messages may not appear in standard system log files or in the ASL database.",Mac,Unseen,"Configuration Notice: ASL Module ""com.apple.performance"" claims selected messages. Those messages may not appear in standard system log files or in the ASL database.",2.2545065879821777
"ARPT: 671856.784669: IOPMPowerSource Information: onSleep,  SleepType: Normal Sleep,  'ExternalConnected': No, 'TimeRemaining': 18011,","ARPT: <*>: IOPMPowerSource Information: onSleep, SleepType: Normal Sleep, 'ExternalConnected': No, 'TimeRemaining': <*>,",Mac,Unseen,"ARPT: <*>: IOPMPowerSource Information: onSleep, SleepType: Normal Sleep, 'ExternalConnected': No, 'TimeRemaining': <*>,",2.4478960037231445
"ARPT: 672041.595629: wl0: setup_keepalive: interval 258, retry_interval 30, retry_count 10","ARPT: <*>: wl0: setup_keepalive: interval <*>, retry_interval <*>, retry_count <*>",Mac,Unseen,"ARPT: <*>: wl0: setup_keepalive: interval <*>, retry_interval <*>, retry_count <*>",2.0338621139526367
"ARPT: 672113.005012: wl0: setup_keepalive: interval 258, retry_interval 30, retry_count 10","ARPT: <*>: wl0: setup_keepalive: interval <*>, retry_interval <*>, retry_count <*>",Mac,Unseen,"ARPT: <*>: wl0: setup_keepalive: interval <*>, retry_interval <*>, retry_count <*>",2.022608995437622
AppleCamIn::wakeEventHandlerThread,AppleCamIn::wakeEventHandlerThread,Mac,Unseen,AppleCamIn::wakeEventHandlerThread,0.6141047477722168
"NETWORK: requery, 0, 0, 0, 0, 252, items, fQueryRetries, 0, fLastRetryTimestamp, 520765684.9","NETWORK: requery, <*>, <*>, <*>, <*>, <*>, items, fQueryRetries, <*>, fLastRetryTimestamp, <*>",Mac,Unseen,"NETWORK: requery, <*>, <*>, <*>, <*>, <*>, items, fQueryRetries, <*>, fLastRetryTimestamp, <*>",2.428610324859619
AppleCamIn::wakeEventHandlerThread,AppleCamIn::wakeEventHandlerThread,Mac,Unseen,AppleCamIn::wakeEventHandlerThread,0.6013486385345459
RTC: PowerByCalendarDate setting ignored,RTC: PowerByCalendarDate setting ignored,Mac,Unseen,RTC: PowerByCalendarDate setting ignored,0.664639949798584
"ARPT: 672922.026642: wl0: MDNS: 0 SRV Recs, 0 TXT Recs","ARPT: <*>: wl0: MDNS: <*> SRV Recs, <*> TXT Recs",Mac,Unseen,"ARPT: <*>: wl0: MDNS: <*> SRV Recs, <*> TXT Recs",1.7055151462554932
"NETWORK: requery, 0, 0, 0, 0, 252, items, fQueryRetries, 0, fLastRetryTimestamp, 520783088.4","NETWORK: requery, <*>, <*>, <*>, <*>, <*>, items, fQueryRetries, <*>, fLastRetryTimestamp, <*>",Mac,Unseen,"NETWORK: requery, <*>, <*>, <*>, <*>, <*>, items, fQueryRetries, <*>, fLastRetryTimestamp, <*>",2.466503620147705
"ARPT: 673399.580233: IOPMPowerSource Information: onSleep,  SleepType: Normal Sleep,  'ExternalConnected': No, 'TimeRemaining': 13027,","ARPT: <*>: IOPMPowerSource Information: onSleep, SleepType: Normal Sleep, 'ExternalConnected': No, 'TimeRemaining': <*>,",Mac,Unseen,"ARPT: <*>: IOPMPowerSource Information: onSleep, SleepType: Normal Sleep, 'ExternalConnected': No, 'TimeRemaining': <*>,",2.468310832977295
"ARPT: 673493.721766: wl0: MDNS: 0 SRV Recs, 0 TXT Recs","ARPT: <*>: wl0: MDNS: <*> SRV Recs, <*> TXT Recs",Mac,Unseen,"ARPT: <*>: wl0: MDNS: <*> SRV Recs, <*> TXT Recs",1.7156760692596436
AppleCamIn::wakeEventHandlerThread,AppleCamIn::wakeEventHandlerThread,Mac,Unseen,AppleCamIn::wakeEventHandlerThread,0.6209921836853027
[11:31:49.593] itemasync_CopyProperty signalled err=-12785 (kFigBaseObjectError_Invalidated) (invalidated) at /Library/Caches/com.apple.xbs/Sources/CoreMedia/CoreMedia-1731.15.207/Prototypes/Player/FigPlayer_Async.c line 2092,[<*>:<*>:<*>] itemasync_CopyProperty signalled err=<*> (kFigBaseObjectError_Invalidated) (invalidated) at <*> line <*>,Mac,Unseen,[<*>:<*>:<*>] itemasync_CopyProperty signalled err=<*> (kFigBaseObjectError_Invalidated) (invalidated) at <*> line <*>,2.5696489810943604
[11:34:44.290] itemasync_CopyProperty signalled err=-12785 (kFigBaseObjectError_Invalidated) (invalidated) at /Library/Caches/com.apple.xbs/Sources/CoreMedia/CoreMedia-1731.15.207/Prototypes/Player/FigPlayer_Async.c line 2092,[<*>:<*>:<*>] itemasync_CopyProperty signalled err=<*> (kFigBaseObjectError_Invalidated) (invalidated) at <*> line <*>,Mac,Unseen,[<*>:<*>:<*>] itemasync_CopyProperty signalled err=<*> (kFigBaseObjectError_Invalidated) (invalidated) at <*> line <*>,2.5735347270965576
[11:58:36.563] itemasync_CopyProperty signalled err=-12785 (kFigBaseObjectError_Invalidated) (invalidated) at /Library/Caches/com.apple.xbs/Sources/CoreMedia/CoreMedia-1731.15.207/Prototypes/Player/FigPlayer_Async.c line 2092,[<*>:<*>:<*>] itemasync_CopyProperty signalled err=<*> (kFigBaseObjectError_Invalidated) (invalidated) at <*> line <*>,Mac,Unseen,[<*>:<*>:<*>] itemasync_CopyProperty signalled err=<*> (kFigBaseObjectError_Invalidated) (invalidated) at <*> line <*>,2.5759565830230713
[12:11:47.043] itemasync_CopyProperty signalled err=-12785 (kFigBaseObjectError_Invalidated) (invalidated) at /Library/Caches/com.apple.xbs/Sources/CoreMedia/CoreMedia-1731.15.207/Prototypes/Player/FigPlayer_Async.c line 2092,[<*>:<*>:<*>] itemasync_CopyProperty signalled err=<*> (kFigBaseObjectError_Invalidated) (invalidated) at <*> line <*>,Mac,Unseen,[<*>:<*>:<*>] itemasync_CopyProperty signalled err=<*> (kFigBaseObjectError_Invalidated) (invalidated) at <*> line <*>,2.563385009765625
"Unexpected payload found for message 9, dataLen 0","Unexpected payload found for message <*>, dataLen <*>",Mac,Unseen,"Unexpected payload found for message <*>, dataLen <*>",0.8532147407531738
Internal name did not resolve to internal address!,Internal name did not resolve to internal address!,Mac,Unseen,Internal name did not resolve to internal address!,0.6712143421173096
__42-[NETClientConnection evaluateCrazyIvan46]_block_invoke CI46 - Hit by torpedo! QQ.10018 tc20795 14.17.42.14:14000,<*>-[NETClientConnection <*>]_block_invoke CI46 - Hit by torpedo! <*> <*> <*>:<*>,Mac,Unseen,__<*>-[NETClientConnection evaluateCrazyIvan46]_block_invoke CI46 - Hit by torpedo! QQ.<*> tc<*> <*>:<*>,2.7217178344726562
"CCFile::copyFile fileName is [2017-07-03_13,48,39.308188]-io80211Family-002.pcapng, source path:/var/log/CoreCapture/com.apple.iokit.IO80211Family/IO80211AWDLPeerManager//[2017-07-03_13,48,39.308188]-io80211Family-002.pcapng, dest path:/Library/Logs/CrashReporter/CoreCapture/com.apple.iokit.IO80211Family/[2017-07-03_13,50,14.954481]=AssocFail:sts:2_rsn:0/IO80211AWDLPeerManager//[2017-07-03_13,48,39.308188]-io80211Family-002.pcapng","CCFile::copyFile fileName is [<*>-<*>-<*>,<*>,<*>]-<*>, source path:<*>, dest path:<*>",Mac,Unseen,"CCFile::copyFile fileName is <*>, source path:<*>, dest path:<*>",1.422696828842163
"SOSAccountThisDeviceCanSyncWithCircle sync with device failure: Error Domain=com.apple.security.sos.error Code=1035 ""Account identity not set"" UserInfo={NSDescription=Account identity not set}","SOSAccountThisDeviceCanSyncWithCircle sync with device failure: Error Domain=com.apple.security.sos.error Code=<*> ""Account identity not set"" UserInfo={NSDescription=Account identity not set}",Mac,Unseen,"SOSAccountThisDeviceCanSyncWithCircle sync with device failure: Error Domain=com.apple.security.sos.error Code=<*> ""Account identity not set"" UserInfo={NSDescription=<*>}",3.128406286239624
"<<<< FigByteStream >>>> FigByteStreamStatsLogOneRead: ByteStream read of 4812 bytes @ 358800 took 1.053312 secs. to complete, 5 reads >= 1 sec.","<<<< FigByteStream >>>> FigByteStreamStatsLogOneRead: ByteStream read of <*> bytes @ <*> took <*> <*> to complete, <*> reads >= <*> sec.",Mac,Unseen,"<<<< FigByteStream >>>> FigByteStreamStatsLogOneRead: ByteStream read of <*> bytes @ <*> took <*> secs. to complete, <*> reads >= 1 sec.",2.6198740005493164
AppleThunderboltNHIType2::waitForOk2Go2Sx - intel_rp = 1 dlla_reporting_supported = 0,<*>::<*> - intel_rp = <*> dlla_reporting_supported = <*>,Mac,Unseen,AppleThunderboltNHIType2::waitForOk2Go2Sx - intel_rp = <*> dlla_reporting_supported = <*>,2.3107848167419434
AppleCamIn::wakeEventHandlerThread,AppleCamIn::wakeEventHandlerThread,Mac,Unseen,AppleCamIn::wakeEventHandlerThread,0.6073157787322998
"CCFile::copyFile fileName is [2017-07-03_15,47,15.246620]-AirPortBrcm4360_Logs-007.txt, source path:/var/log/CoreCapture/com.apple.driver.AirPort.Brcm4360.0/DriverLogs//[2017-07-03_15,47,15.246620]-AirPortBrcm4360_Logs-007.txt, dest path:/Library/Logs/CrashReporter/CoreCapture/com.apple.driver.AirPort.Brcm4360.0/[2017-07-03_15,47,15.349129]=AuthFail:sts:5_rsn:0/DriverLogs//[2017-07-03_15,47,15.246620]-AirPortBrcm4360_Logs-007.txt","CCFile::copyFile fileName is [<*>-<*>-<*>,<*>,<*>]-<*>, source path:<*>, dest path:<*>",Mac,Unseen,"CCFile::copyFile fileName is <*>, source path:<*>, dest path:<*>",1.393765926361084
"<<<< FigByteStream >>>> FigByteStreamStatsLogOneRead: ByteStream read of 4321 bytes @ 48 took 0.607292 sec. to complete, 7 reads >= 0.5 sec.","<<<< FigByteStream >>>> FigByteStreamStatsLogOneRead: ByteStream read of <*> bytes @ <*> took <*> <*> to complete, <*> reads >= <*> sec.",Mac,Unseen,"<<<< FigByteStream >>>> FigByteStreamStatsLogOneRead: ByteStream read of <*> bytes @ <*> took <*> sec. to complete, <*> reads >= <*> sec.",2.572035551071167
AppleCamIn::wakeEventHandlerThread,AppleCamIn::wakeEventHandlerThread,Mac,Unseen,AppleCamIn::wakeEventHandlerThread,0.6245934963226318
"CCFile::copyFile fileName is [2017-07-03_16,06,19.861073]-CCIOReporter-008.xml, source path:/var/log/CoreCapture/com.apple.iokit.IO80211Family/OneStats//[2017-07-03_16,06,19.861073]-CCIOReporter-008.xml, dest path:/Library/Logs/CrashReporter/CoreCapture/com.apple.iokit.IO80211Family/[2017-07-03_16,07,33.914349]=AuthFail:sts:5_rsn:0/OneStats//[2017-07-03_16,06,19.861073]-CCIOReporter-008.xml","CCFile::copyFile fileName is [<*>-<*>-<*>,<*>,<*>]-<*>, source path:<*>, dest path:<*>",Mac,Unseen,"CCFile::copyFile fileName is <*>, source path:<*>, dest path:<*>",1.3961455821990967
"CCFile::copyFile fileName is [2017-07-03_16,07,38.954579]-io80211Family-016.pcapng, source path:/var/log/CoreCapture/com.apple.iokit.IO80211Family/IO80211AWDLPeerManager//[2017-07-03_16,07,38.954579]-io80211Family-016.pcapng, dest path:/Library/Logs/CrashReporter/CoreCapture/com.apple.iokit.IO80211Family/[2017-07-03_16,07,39.094895]=AuthFail:sts:5_rsn:0/IO80211AWDLPeerManager//[2017-07-03_16,07,38.954579]-io80211Family-016.pcapng","CCFile::copyFile fileName is [<*>-<*>-<*>,<*>,<*>]-<*>, source path:<*>, dest path:<*>",Mac,Unseen,"CCFile::copyFile fileName is <*>, source path:<*>, dest path:<*>",1.402923345565796
"CCFile::copyFile fileName is [2017-07-03_16,07,39.096792]-CCIOReporter-017.xml, source path:/var/log/CoreCapture/com.apple.iokit.IO80211Family/OneStats//[2017-07-03_16,07,39.096792]-CCIOReporter-017.xml, dest path:/Library/Logs/CrashReporter/CoreCapture/com.apple.iokit.IO80211Family/[2017-07-03_16,07,39.171995]=AuthFail:sts:5_rsn:0/OneStats//[2017-07-03_16,07,39.096792]-CCIOReporter-017.xml","CCFile::copyFile fileName is [<*>-<*>-<*>,<*>,<*>]-<*>, source path:<*>, dest path:<*>",Mac,Unseen,"CCFile::copyFile fileName is <*>, source path:<*>, dest path:<*>",1.402608871459961
ARPT: 682834.192587: wlc_dump_aggfifo:,ARPT: <*>: wlc_dump_aggfifo:,Mac,Unseen,ARPT: <*>: wlc_dump_aggfifo:,1.0376322269439697
"CCFile::copyFile fileName is [2017-07-03_16,07,46.105103]-CCIOReporter-032.xml, source path:/var/log/CoreCapture/com.apple.iokit.IO80211Family/OneStats//[2017-07-03_16,07,46.105103]-CCIOReporter-032.xml, dest path:/Library/Logs/CrashReporter/CoreCapture/com.apple.iokit.IO80211Family/[2017-07-03_16,07,46.298508]=AuthFail:sts:5_rsn:0/OneStats//[2017-07-03_16,07,46.105103]-CCIOReporter-032.xml","CCFile::copyFile fileName is [<*>-<*>-<*>,<*>,<*>]-<*>, source path:<*>, dest path:<*>",Mac,Unseen,"CCFile::copyFile fileName is <*>, source path:<*>, dest path:<*>",1.4142725467681885
"CCFile::copyFile fileName is [2017-07-03_16,27,04.995982]-io80211Family-040.pcapng, source path:/var/log/CoreCapture/com.apple.iokit.IO80211Family/IO80211AWDLPeerManager//[2017-07-03_16,27,04.995982]-io80211Family-040.pcapng, dest path:/Library/Logs/CrashReporter/CoreCapture/com.apple.iokit.IO80211Family/[2017-07-03_16,27,05.123034]=AuthFail:sts:5_rsn:0/IO80211AWDLPeerManager//[2017-07-03_16,27,04.995982]-io80211Family-040.pcapng","CCFile::copyFile fileName is [<*>-<*>-<*>,<*>,<*>]-<*>, source path:<*>, dest path:<*>",Mac,Unseen,"CCFile::copyFile fileName is <*>, source path:<*>, dest path:<*>",1.4210243225097656
ARPT: 682977.654133: wlc_dump_aggfifo:,ARPT: <*>: wlc_dump_aggfifo:,Mac,Unseen,ARPT: <*>: wlc_dump_aggfifo:,1.031954288482666
"CCFile::copyFile fileName is [2017-07-03_16,27,09.910337]-AirPortBrcm4360_Logs-047.txt, source path:/var/log/CoreCapture/com.apple.driver.AirPort.Brcm4360.0/DriverLogs//[2017-07-03_16,27,09.910337]-AirPortBrcm4360_Logs-047.txt, dest path:/Library/Logs/CrashReporter/CoreCapture/com.apple.driver.AirPort.Brcm4360.0/[2017-07-03_16,27,10.162319]=AuthFail:sts:5_rsn:0/DriverLogs//[2017-07-03_16,27,09.910337]-AirPortBrcm4360_Logs-047.txt","CCFile::copyFile fileName is [<*>-<*>-<*>,<*>,<*>]-<*>, source path:<*>, dest path:<*>",Mac,Unseen,"CCFile::copyFile fileName is <*>, source path:<*>, dest path:<*>",1.411590814590454
Captive: CNPluginHandler en0: Authenticated,Captive: CNPluginHandler en0: Authenticated,Mac,Unseen,Captive: CNPluginHandler en0: Authenticated,0.9297964572906494
__42-[NETClientConnection evaluateCrazyIvan46]_block_invoke CI46 - Hit by torpedo! NeteaseMusic.17988 tc9008 103.251.128.144:80,<*>-[NETClientConnection <*>]_block_invoke CI46 - Hit by torpedo! <*> <*> <*>:<*>,Mac,Unseen,__<*>-[NETClientConnection evaluateCrazyIvan46]_block_invoke CI46 - Hit by torpedo! NeteaseMusic.<*> tc<*> <*>:<*>,2.8908674716949463
"ARPT: 683239.026135: wl0: MDNS: 0 SRV Recs, 0 TXT Recs","ARPT: <*>: wl0: MDNS: <*> SRV Recs, <*> TXT Recs",Mac,Unseen,"ARPT: <*>: wl0: MDNS: <*> SRV Recs, <*> TXT Recs",1.7188048362731934
hibernate_flush_memory: buffer_cache_gc freed up 13202 wired pages,hibernate_flush_memory: buffer_cache_gc freed up <*> wired pages,Mac,Unseen,hibernate_flush_memory: buffer_cache_gc freed up <*> wired pages,1.354609727859497
hibernate_machine_init reading,hibernate_machine_init reading,Mac,Unseen,hibernate_machine_init reading,0.6060271263122559
hibernate_flush_memory: buffer_cache_gc freed up 3349 wired pages,hibernate_flush_memory: buffer_cache_gc freed up <*> wired pages,Mac,Unseen,hibernate_flush_memory: buffer_cache_gc freed up <*> wired pages,1.346524953842163
hciControllerOnline; HID devices? 0,hciControllerOnline; HID devices? <*>,Mac,Unseen,hciControllerOnline; HID devices? <*>,0.8134615421295166
"polled file major 1, minor 0, blocksize 4096, pollers 5","polled file major <*>, minor <*>, blocksize <*>, pollers <*>",Mac,Unseen,"polled file major <*>, minor <*>, blocksize <*>, pollers <*>",1.3625376224517822
"SOSAccountThisDeviceCanSyncWithCircle sync with device failure: Error Domain=com.apple.security.sos.error Code=1035 ""Account identity not set"" UserInfo={NSDescription=Account identity not set}","SOSAccountThisDeviceCanSyncWithCircle sync with device failure: Error Domain=com.apple.security.sos.error Code=<*> ""Account identity not set"" UserInfo={NSDescription=Account identity not set}",Mac,Unseen,"SOSAccountThisDeviceCanSyncWithCircle sync with device failure: Error Domain=com.apple.security.sos.error Code=<*> ""Account identity not set"" UserInfo={NSDescription=<*>}",3.075875759124756
__42-[NETClientConnection evaluateCrazyIvan46]_block_invoke CI46 - Hit by torpedo! QQ.10018 tc21242 119.81.102.227:80,<*>-[NETClientConnection <*>]_block_invoke CI46 - Hit by torpedo! <*> <*> <*>:<*>,Mac,Unseen,__<*>-[NETClientConnection evaluateCrazyIvan46]_block_invoke CI46 - Hit by torpedo! QQ.<*> tc<*> <*>:<*>,2.752586841583252
Wake reason: ARPT (Network),Wake reason: ARPT (Network),Mac,Unseen,Wake reason: ARPT (Network),0.6757519245147705
"CCFile::copyFile fileName is [2017-07-03_19,04,57.722196]-io80211Family-018.pcapng, source path:/var/log/CoreCapture/com.apple.iokit.IO80211Family/IO80211AWDLPeerManager//[2017-07-03_19,04,57.722196]-io80211Family-018.pcapng, dest path:/Library/Logs/CrashReporter/CoreCapture/com.apple.iokit.IO80211Family/[2017-07-03_19,05,37.535347]=AuthFail:sts:2_rsn:0/IO80211AWDLPeerManager//[2017-07-03_19,04,57.722196]-io80211Family-018.pcapng","CCFile::copyFile fileName is [<*>-<*>-<*>,<*>,<*>]-<*>, source path:<*>, dest path:<*>",Mac,Unseen,"CCFile::copyFile fileName is <*>, source path:<*>, dest path:<*>",1.4129540920257568
RTC: PowerByCalendarDate setting ignored,RTC: PowerByCalendarDate setting ignored,Mac,Unseen,RTC: PowerByCalendarDate setting ignored,0.6672849655151367
BuildActDeviceEntry enter,BuildActDeviceEntry enter,Mac,Unseen,BuildActDeviceEntry enter,0.42699384689331055
Captive: CNPluginHandler en0: Authenticated,Captive: CNPluginHandler en0: Authenticated,Mac,Unseen,Captive: CNPluginHandler en0: Authenticated,0.9238870143890381
KeychainGetICDPStatus: status: off,KeychainGetICDPStatus: status: off,Mac,Unseen,KeychainGetICDPStatus: status: off,0.7366206645965576
"CCFile::copyFile fileName is [2017-07-03_21,30,41.859869]-CCIOReporter-002.xml, source path:/var/log/CoreCapture/com.apple.iokit.IO80211Family/OneStats//[2017-07-03_21,30,41.859869]-CCIOReporter-002.xml, dest path:/Library/Logs/CrashReporter/CoreCapture/com.apple.iokit.IO80211Family/[2017-07-03_21,30,40.703152]=AuthFail:sts:5_rsn:0/OneStats//[2017-07-03_21,30,41.859869]-CCIOReporter-002.xml","CCFile::copyFile fileName is [<*>-<*>-<*>,<*>,<*>]-<*>, source path:<*>, dest path:<*>",Mac,Unseen,"CCFile::copyFile fileName is <*>, source path:<*>, dest path:<*>",1.4211828708648682
__42-[NETClientConnection evaluateCrazyIvan46]_block_invoke CI46 - Hit by torpedo! QQ.10018 tc21519 184.105.67.74:443,<*>-[NETClientConnection <*>]_block_invoke CI46 - Hit by torpedo! <*> <*> <*>:<*>,Mac,Unseen,__<*>-[NETClientConnection evaluateCrazyIvan46]_block_invoke CI46 - Hit by torpedo! QQ.<*> tc<*> <*>:<*>,2.7099063396453857
"NETWORK: requery, 0, 0, 0, 0, 320, items, fQueryRetries, 1, fLastRetryTimestamp, 520841203.7","NETWORK: requery, <*>, <*>, <*>, <*>, <*>, items, fQueryRetries, <*>, fLastRetryTimestamp, <*>",Mac,Unseen,"NETWORK: requery, <*>, <*>, <*>, <*>, <*>, items, fQueryRetries, <*>, fLastRetryTimestamp, <*>",2.455178737640381
Location icon should now be in state 'Active',Location icon should now be in state 'Active',Mac,Unseen,Location icon should now be in state 'Active',0.7440972328186035
KeychainGetICDPStatus: status: off,KeychainGetICDPStatus: status: off,Mac,Unseen,KeychainGetICDPStatus: status: off,0.7309818267822266
tcp_connection_tls_session_error_callback_imp 2210 tcp_connection_tls_session_handle_read_error.790 error 60,tcp_connection_tls_session_error_callback_imp <*> tcp_connection_tls_session_handle_read_error.<*> error <*>,Mac,Unseen,tcp_connection_tls_session_error_callback_imp <*> tcp_connection_tls_session_handle_read_error.<*> error <*>,2.1242966651916504
RTC: PowerByCalendarDate setting ignored,RTC: PowerByCalendarDate setting ignored,Mac,Unseen,RTC: PowerByCalendarDate setting ignored,0.6703805923461914
AppleThunderboltNHIType2::waitForOk2Go2Sx - intel_rp = 1 dlla_reporting_supported = 0,<*>::<*> - intel_rp = <*> dlla_reporting_supported = <*>,Mac,Unseen,AppleThunderboltNHIType2::waitForOk2Go2Sx - intel_rp = <*> dlla_reporting_supported = <*>,2.337158441543579
AppleCamIn::wakeEventHandlerThread,AppleCamIn::wakeEventHandlerThread,Mac,Unseen,AppleCamIn::wakeEventHandlerThread,0.6237001419067383
"NETWORK: requery, 0, 0, 0, 0, 320, items, fQueryRetries, 1, fLastRetryTimestamp, 520871064.1","NETWORK: requery, <*>, <*>, <*>, <*>, <*>, items, fQueryRetries, <*>, fLastRetryTimestamp, <*>",Mac,Unseen,"NETWORK: requery, <*>, <*>, <*>, <*>, <*>, items, fQueryRetries, <*>, fLastRetryTimestamp, <*>",2.478459119796753
Captive: CNPluginHandler en0: Authenticated,Captive: CNPluginHandler en0: Authenticated,Mac,Unseen,Captive: CNPluginHandler en0: Authenticated,0.9225707054138184
AppleCamIn::wakeEventHandlerThread,AppleCamIn::wakeEventHandlerThread,Mac,Unseen,AppleCamIn::wakeEventHandlerThread,0.6304254531860352
"ARPT: 700311.376459: wl0: MDNS: 0 SRV Recs, 0 TXT Recs","ARPT: <*>: wl0: MDNS: <*> SRV Recs, <*> TXT Recs",Mac,Unseen,"ARPT: <*>: wl0: MDNS: <*> SRV Recs, <*> TXT Recs",1.7242801189422607
[10:13:05.044] <<<< CRABS >>>> crabsFlumeHostAvailable: [0x7f961cf08cf0] Byte flume reports host available again.,[<*>:<*>:<*>] <<<< CRABS >>>> crabsFlumeHostAvailable: [<*>] Byte flume reports host available again.,Mac,Unseen,[<*>:<*>:<*>] <<<< CRABS >>>> crabsFlumeHostAvailable: [<*>] Byte flume reports host available again.,2.269150495529175
AppleCamIn::wakeEventHandlerThread,AppleCamIn::wakeEventHandlerThread,Mac,Unseen,AppleCamIn::wakeEventHandlerThread,0.6206927299499512
"CCFile::captureLog Received Capture notice id: 1499192921.020010, reason = AssocFail:sts:5_rsn:0","CCFile::captureLog Received Capture notice id: <*>, reason = AssocFail:sts:<NUM>_rsn:<NUM>",Mac,Unseen,"CCFile::captureLog Received Capture notice id: <*>, reason = AssocFail:sts:<*>_rsn:<*>",2.0277209281921387
"ARPT: 702351.279867: wl0: setup_keepalive: interval 900, retry_interval 30, retry_count 10","ARPT: <*>: wl0: setup_keepalive: interval <*>, retry_interval <*>, retry_count <*>",Mac,Unseen,"ARPT: <*>: wl0: setup_keepalive: interval <*>, retry_interval <*>, retry_count <*>",2.0218403339385986
AppleCamIn::wakeEventHandlerThread,AppleCamIn::wakeEventHandlerThread,Mac,Unseen,AppleCamIn::wakeEventHandlerThread,0.6033058166503906
RTC: PowerByCalendarDate setting ignored,RTC: PowerByCalendarDate setting ignored,Mac,Unseen,RTC: PowerByCalendarDate setting ignored,0.6737790107727051
"[Accounts] Failed to update account with identifier 76FE6715-3D27-4F21-AA35-C88C1EA820E8, error: Error Domain=ABAddressBookErrorDomain Code=1002 ""(null)""","[Accounts] Failed to update account with identifier <*>-<*>-<*>-<*>-<*>, error: Error Domain=ABAddressBookErrorDomain Code=<*> ""(<*>)""",Mac,Unseen,"[Accounts] Failed to update account with identifier <*>, error: Error Domain=ABAddressBookErrorDomain Code=<*> ""(null)""",2.0653069019317627
Location icon should now be in state 'Active',Location icon should now be in state 'Active',Mac,Unseen,Location icon should now be in state 'Active',0.7509176731109619
"2017-07-04 15:03:53.270 GoogleSoftwareUpdateAgent[35018/0x7000002a0000] [lvl=2] -[KSOutOfProcessFetcher(PrivateMethods) helperDidTerminate:] KSOutOfProcessFetcher fetch ended for URL: ""https://tools.google.com/service/update2?cup2hreq=a70d6372a4e45a6cbba61cd7f057c79bf73c79db1b1951dc17c605e870f0419b&cup2key=7:934679018""","<*>-<*>-<*> <*>:<*>:<*> GoogleSoftwareUpdateAgent[<*>/<*>] [lvl=<*>] -[KSOutOfProcessFetcher(PrivateMethods) helperDidTerminate:] KSOutOfProcessFetcher fetch ended for URL: ""<*>""",Mac,Unseen,"<*>-<*>-<*> <*>:<*>:<*> GoogleSoftwareUpdateAgent[<*>/<*>] [lvl=<*>] -[KSOutOfProcessFetcher(PrivateMethods) helperDidTerminate:] KSOutOfProcessFetcher fetch ended for URL: ""https://tools.google.com/service/update2?cup2hreq=<*>&cup2key=<*>:<*>""",5.924752235412598
"NETWORK: requery, 0, 0, 0, 0, 300, items, fQueryRetries, 0, fLastRetryTimestamp, 520899307.1","NETWORK: requery, <*>, <*>, <*>, <*>, <*>, items, fQueryRetries, <*>, fLastRetryTimestamp, <*>",Mac,Unseen,"NETWORK: requery, <*>, <*>, <*>, <*>, <*>, items, fQueryRetries, <*>, fLastRetryTimestamp, <*>",2.3907392024993896
"ARPT: 711979.641310: wl0: setup_keepalive: interval 900, retry_interval 30, retry_count 10","ARPT: <*>: wl0: setup_keepalive: interval <*>, retry_interval <*>, retry_count <*>",Mac,Unseen,"ARPT: <*>: wl0: setup_keepalive: interval <*>, retry_interval <*>, retry_count <*>",2.0247693061828613
AppleCamIn::wakeEventHandlerThread,AppleCamIn::wakeEventHandlerThread,Mac,Unseen,AppleCamIn::wakeEventHandlerThread,0.6245181560516357
"SOSAccountThisDeviceCanSyncWithCircle sync with device failure: Error Domain=com.apple.security.sos.error Code=1035 ""Account identity not set"" UserInfo={NSDescription=Account identity not set}","SOSAccountThisDeviceCanSyncWithCircle sync with device failure: Error Domain=com.apple.security.sos.error Code=<*> ""Account identity not set"" UserInfo={NSDescription=Account identity not set}",Mac,Unseen,"SOSAccountThisDeviceCanSyncWithCircle sync with device failure: Error Domain=com.apple.security.sos.error Code=<*> ""Account identity not set"" UserInfo={NSDescription=<*>}",3.044595241546631
"ARPT: 712526.783763: wl0: setup_keepalive: interval 900, retry_interval 30, retry_count 10","ARPT: <*>: wl0: setup_keepalive: interval <*>, retry_interval <*>, retry_count <*>",Mac,Unseen,"ARPT: <*>: wl0: setup_keepalive: interval <*>, retry_interval <*>, retry_count <*>",2.02909255027771
"SOSAccountThisDeviceCanSyncWithCircle sync with device failure: Error Domain=com.apple.security.sos.error Code=1035 ""Account identity not set"" UserInfo={NSDescription=Account identity not set}","SOSAccountThisDeviceCanSyncWithCircle sync with device failure: Error Domain=com.apple.security.sos.error Code=<*> ""Account identity not set"" UserInfo={NSDescription=Account identity not set}",Mac,Unseen,"SOSAccountThisDeviceCanSyncWithCircle sync with device failure: Error Domain=com.apple.security.sos.error Code=<*> ""Account identity not set"" UserInfo={NSDescription=<*>}",3.0613346099853516
Wake reason: RTC (Alarm),Wake reason: RTC (Alarm),Mac,Unseen,Wake reason: RTC (Alarm),0.7408406734466553
__42-[NETClientConnection evaluateCrazyIvan46]_block_invoke CI46 - Hit by torpedo! QQ.10018 tc22491 203.205.142.158:8080,<*>-[NETClientConnection <*>]_block_invoke CI46 - Hit by torpedo! <*> <*> <*>:<*>,Mac,Unseen,__<*>-[NETClientConnection evaluateCrazyIvan46]_block_invoke CI46 - Hit by torpedo! QQ.<*> tc<*> <*>:<*>,2.7115042209625244
[com.apple.calendar.store.log.caldav.coredav] [Refusing to parse response to PROPPATCH because of content-type: [text/html; charset=UTF-8].],[com.apple.calendar.store.log.caldav.coredav] [Refusing to parse response to PROPPATCH because of content-type: [text/html; charset=UTF-<*>].],Mac,Unseen,[com.apple.calendar.store.log.caldav.coredav] [Refusing to parse response to PROPPATCH because of content-type: [<*>].],2.52241849899292
KeychainGetICDPStatus: status: off,KeychainGetICDPStatus: status: off,Mac,Unseen,KeychainGetICDPStatus: status: off,0.7239928245544434
objc[35448]: Class TSUCustomFormatData is implemented in both /Library/QuickLook/iWork.qlgenerator/Contents/MacOS/iWork and /System/Library/PrivateFrameworks/OfficeImport.framework/Versions/A/OfficeImport. One of the two will be used. Which one is undefined.,objc[<*>]: Class TSUCustomFormatData is implemented in both <*> and <*> One of the two will be used. Which one is undefined.,Mac,Unseen,objc[<*>: Class TSUCustomFormatData is implemented in both <*> and <*>. One of the two will be used. Which one is undefined.,2.1767423152923584
"SOSAccountThisDeviceCanSyncWithCircle sync with device failure: Error Domain=com.apple.security.sos.error Code=1035 ""Account identity not set"" UserInfo={NSDescription=Account identity not set}","SOSAccountThisDeviceCanSyncWithCircle sync with device failure: Error Domain=com.apple.security.sos.error Code=<*> ""Account identity not set"" UserInfo={NSDescription=Account identity not set}",Mac,Unseen,"SOSAccountThisDeviceCanSyncWithCircle sync with device failure: Error Domain=com.apple.security.sos.error Code=<*> ""Account identity not set"" UserInfo={NSDescription=<*>}",3.003349781036377
[com.apple.calendar.store.log.caldav.coredav] [Refusing to parse response to PROPPATCH because of content-type: [text/html; charset=UTF-8].],[com.apple.calendar.store.log.caldav.coredav] [Refusing to parse response to PROPPATCH because of content-type: [text/html; charset=UTF-<*>].],Mac,Unseen,[com.apple.calendar.store.log.caldav.coredav] [Refusing to parse response to PROPPATCH because of content-type: [<*>].],2.498500108718872
"<<<< FigByteStream >>>> FigByteStreamStatsLogOneRead: ByteStream read of 21335 bytes @ 5481561 took 0.501237 sec. to complete, 16 reads >= 0.5 sec.","<<<< FigByteStream >>>> FigByteStreamStatsLogOneRead: ByteStream read of <*> bytes @ <*> took <*> <*> to complete, <*> reads >= <*> sec.",Mac,Unseen,"<<<< FigByteStream >>>> FigByteStreamStatsLogOneRead: ByteStream read of <*> bytes @ <*> took <*> sec. to complete, <*> reads >= <*> sec.",2.514216184616089
-deviceDeltaY is deprecated for NSScrollWheel. Please use -scrollingDeltaY.,<*>-deviceDeltaY is deprecated for NSScrollWheel. Please use -scrollingDeltaY.,Mac,Unseen,-deviceDeltaY is deprecated for NSScrollWheel. Please use -scrollingDeltaY.,1.4896435737609863
[00:28:42.167] (Fig) signalled err=-12871,[<*>:<*>:<*>] (Fig) signalled err=<*>,Mac,Unseen,[<*>:<*>:<*>] (Fig) signalled err=<*>,1.2067315578460693
"Configuration Notice: ASL Module ""com.apple.corecdp.osx.asl"" claims selected messages. Those messages may not appear in standard system log files or in the ASL database.","Configuration Notice: ASL Module ""<*>"" claims selected messages. Those messages may not appear in standard system log files or in the ASL database.",Mac,Unseen,"Configuration Notice: ASL Module ""<*>"" claims selected messages. Those messages may not appear in standard system log files or in the ASL database.",1.9335768222808838
"NETWORK: requery, 0, 0, 0, 0, 284, items, fQueryRetries, 0, fLastRetryTimestamp, 520934130.6","NETWORK: requery, <*>, <*>, <*>, <*>, <*>, items, fQueryRetries, <*>, fLastRetryTimestamp, <*>",Mac,Unseen,"NETWORK: requery, <*>, <*>, <*>, <*>, <*>, items, fQueryRetries, <*>, fLastRetryTimestamp, <*>",2.3956706523895264
AppleCamIn::wakeEventHandlerThread,AppleCamIn::wakeEventHandlerThread,Mac,Unseen,AppleCamIn::wakeEventHandlerThread,0.6096727848052979
RTC: PowerByCalendarDate setting ignored,RTC: PowerByCalendarDate setting ignored,Mac,Unseen,RTC: PowerByCalendarDate setting ignored,0.6755907535552979
Wake reason: RTC (Alarm),Wake reason: RTC (Alarm),Mac,Unseen,Wake reason: RTC (Alarm),0.7343313694000244
**** [BroadcomBluetoothHostControllerUSBTransport][start] -- Completed (matched on Device) -- 0x6000 ****,**** [BroadcomBluetoothHostControllerUSBTransport][start] -- Completed (matched on Device) -- <*> ****,Mac,Unseen,**** [BroadcomBluetoothHostControllerUSBTransport][start] -- Completed (matched on Device) -- <*> ****,1.6893291473388672
"hibernate_newruntime_map time: 0 ms, IOPolledFilePollersOpen(), ml_get_interrupts_enabled 0","hibernate_newruntime_map time: <*> ms, IOPolledFilePollersOpen(), ml_get_interrupts_enabled <*>",Mac,Unseen,"hibernate_newruntime_map time: <*> ms, IOPolledFilePollersOpen(), ml_get_interrupts_enabled <*>",2.187055826187134
Location icon should now be in state 'Active',Location icon should now be in state 'Active',Mac,Unseen,Location icon should now be in state 'Active',0.732189416885376
"2017-07-05 10:52:15.982 GoogleSoftwareUpdateAgent[35861/0x700000323000] [lvl=2] -[KSOutOfProcessFetcher(PrivateMethods) helperDidTerminate:] KSOutOfProcessFetcher fetch ended for URL: ""https://tools.google.com/service/update2?cup2hreq=d297a7e5b56d6bd4faa75860fff6e485c301bf4e943a561afff6c8b3707ce948&cup2key=7:2988503627""","<*>-<*>-<*> <*>:<*>:<*> GoogleSoftwareUpdateAgent[<*>/<*>] [lvl=<*>] -[KSOutOfProcessFetcher(PrivateMethods) helperDidTerminate:] KSOutOfProcessFetcher fetch ended for URL: ""<*>""",Mac,Unseen,,7.2873618602752686
2017-07-05 10:52:16.977 GoogleSoftwareUpdateAgent[35861/0x700000323000] [lvl=2] -[KSPrefetchAction performAction] KSPrefetchAction no updates to prefetch.,<*>-<*>-<*> <*>:<*>:<*> GoogleSoftwareUpdateAgent[<*>/<*>] [lvl=<*>] -[KSPrefetchAction performAction] KSPrefetchAction no updates to prefetch.,Mac,Unseen,<*>-<*>-<*> <*>:<*>:<*> GoogleSoftwareUpdateAgent[<*>/<*>] [lvl=<*>] -[KSPrefetchAction performAction] KSPrefetchAction no updates to prefetch.,3.3809127807617188
KeychainGetICDPStatus: status: off,KeychainGetICDPStatus: status: off,Mac,Unseen,KeychainGetICDPStatus: status: off,0.7189102172851562
"CCFile::copyFile fileName is [2017-07-05_11,39,39.743225]-CCIOReporter-001.xml, source path:/var/log/CoreCapture/com.apple.iokit.IO80211Family/OneStats//[2017-07-05_11,39,39.743225]-CCIOReporter-001.xml, dest path:/Library/Logs/CrashReporter/CoreCapture/com.apple.iokit.IO80211Family/[2017-07-05_11,39,38.739976]=AuthFail:sts:5_rsn:0/OneStats//[2017-07-05_11,39,39.743225]-CCIOReporter-001.xml","CCFile::copyFile fileName is [<*>-<*>-<*>,<*>,<*>]-<*>, source path:<*>, dest path:<*>",Mac,Unseen,"CCFile::copyFile fileName is <*>, source path:<*>, dest path:<*>",1.3878600597381592
<IMMacNotificationCenterManager: 0x7ff1b2d17980>:   DND Enabled: NO,<IMMacNotificationCenterManager: <*>: DND Enabled: NO,Mac,Unseen,<IMMacNotificationCenterManager: <*>: DND Enabled: NO,1.0813617706298828
<IMMacNotificationCenterManager: 0x7ff1b2e00ba0>:   DND Enabled: NO,<IMMacNotificationCenterManager: <*>: DND Enabled: NO,Mac,Unseen,<IMMacNotificationCenterManager: <*>: DND Enabled: NO,1.079209566116333
__42-[NETClientConnection evaluateCrazyIvan46]_block_invoke CI46 - Hit by torpedo! QQ.10018 tc22930 125.39.240.34:14000,<*>-[NETClientConnection <*>]_block_invoke CI46 - Hit by torpedo! <*> <*> <*>:<*>,Mac,Unseen,__<*>-[NETClientConnection evaluateCrazyIvan46]_block_invoke CI46 - Hit by torpedo! QQ.<*> tc<*> <*>:<*>,2.667415142059326
"CCFile::copyFile fileName is [2017-07-05_14,04,19.163834]-AirPortBrcm4360_Logs-025.txt, source path:/var/log/CoreCapture/com.apple.driver.AirPort.Brcm4360.0/DriverLogs//[2017-07-05_14,04,19.163834]-AirPortBrcm4360_Logs-025.txt, dest path:/Library/Logs/CrashReporter/CoreCapture/com.apple.driver.AirPort.Brcm4360.0/[2017-07-05_14,04,19.222771]=AuthFail:sts:5_rsn:0/DriverLogs//[2017-07-05_14,04,19.163834]-AirPortBrcm4360_Logs-025.txt","CCFile::copyFile fileName is [<*>-<*>-<*>,<*>,<*>]-<*>, source path:<*>, dest path:<*>",Mac,Unseen,"CCFile::copyFile fileName is <*>, source path:<*>, dest path:<*>",1.3671774864196777
"CCFile::copyFile fileName is [2017-07-05_14,04,25.705173]-CCIOReporter-044.xml, source path:/var/log/CoreCapture/com.apple.iokit.IO80211Family/OneStats//[2017-07-05_14,04,25.705173]-CCIOReporter-044.xml, dest path:/Library/Logs/CrashReporter/CoreCapture/com.apple.iokit.IO80211Family/[2017-07-05_14,04,25.777317]=AuthFail:sts:5_rsn:0/OneStats//[2017-07-05_14,04,25.705173]-CCIOReporter-044.xml","CCFile::copyFile fileName is [<*>-<*>-<*>,<*>,<*>]-<*>, source path:<*>, dest path:<*>",Mac,Unseen,"CCFile::copyFile fileName is <*>, source path:<*>, dest path:<*>",1.3719966411590576
"CCFile::copyFile fileName is [2017-07-05_14,04,32.840703]-io80211Family-056.pcapng, source path:/var/log/CoreCapture/com.apple.iokit.IO80211Family/IO80211AWDLPeerManager//[2017-07-05_14,04,32.840703]-io80211Family-056.pcapng, dest path:/Library/Logs/CrashReporter/CoreCapture/com.apple.iokit.IO80211Family/[2017-07-05_14,04,32.969558]=AuthFail:sts:5_rsn:0/IO80211AWDLPeerManager//[2017-07-05_14,04,32.840703]-io80211Family-056.pcapng","CCFile::copyFile fileName is [<*>-<*>-<*>,<*>,<*>]-<*>, source path:<*>, dest path:<*>",Mac,Unseen,"CCFile::copyFile fileName is <*>, source path:<*>, dest path:<*>",1.371230125427246
"CCFile::copyFile fileName is [2017-07-05_14,04,33.660387]-io80211Family-063.pcapng, source path:/var/log/CoreCapture/com.apple.iokit.IO80211Family/IO80211AWDLPeerManager//[2017-07-05_14,04,33.660387]-io80211Family-063.pcapng, dest path:/Library/Logs/CrashReporter/CoreCapture/com.apple.iokit.IO80211Family/[2017-07-05_14,04,33.736169]=AuthFail:sts:5_rsn:0/IO80211AWDLPeerManager//[2017-07-05_14,04,33.660387]-io80211Family-063.pcapng","CCFile::copyFile fileName is [<*>-<*>-<*>,<*>,<*>]-<*>, source path:<*>, dest path:<*>",Mac,Unseen,"CCFile::copyFile fileName is <*>, source path:<*>, dest path:<*>",1.3646879196166992
hibernate_rebuild completed - took 10042450943433 msecs,hibernate_rebuild completed - took <*> msecs,Mac,Unseen,hibernate_rebuild completed - took <*> msecs,0.9695773124694824
AppleActuatorDevice::stop Entered,AppleActuatorDevice::stop Entered,Mac,Unseen,AppleActuatorDevice::stop Entered,0.7270314693450928
"NETWORK: requery, 0, 0, 0, 0, 252, items, fQueryRetries, 0, fLastRetryTimestamp, 520989480.3","NETWORK: requery, <*>, <*>, <*>, <*>, <*>, items, fQueryRetries, <*>, fLastRetryTimestamp, <*>",Mac,Unseen,"NETWORK: requery, <*>, <*>, <*>, <*>, <*>, items, fQueryRetries, <*>, fLastRetryTimestamp, <*>",2.427079916000366
KeychainGetICDPStatus: status: off,KeychainGetICDPStatus: status: off,Mac,Unseen,KeychainGetICDPStatus: status: off,0.7186319828033447
Location icon should now be in state 'Active',Location icon should now be in state 'Active',Mac,Unseen,Location icon should now be in state 'Active',0.740687370300293
"ARPT: 728173.580097: wl0: setup_keepalive: interval 900, retry_interval 30, retry_count 10","ARPT: <*>: wl0: setup_keepalive: interval <*>, retry_interval <*>, retry_count <*>",Mac,Unseen,"ARPT: <*>: wl0: setup_keepalive: interval <*>, retry_interval <*>, retry_count <*>",1.996626853942871
[17:22:36.133] <<<< CRABS >>>> crabsFlumeHostAvailable: [0x7f961cf08cf0] Byte flume reports host available again.,[<*>:<*>:<*>] <<<< CRABS >>>> crabsFlumeHostAvailable: [<*>] Byte flume reports host available again.,Mac,Unseen,[<*>:<*>:<*>] <<<< CRABS >>>> crabsFlumeHostAvailable: [<*>] Byte flume reports host available again.,2.2612273693084717
"PBRequester failed with Error Error Domain=NSURLErrorDomain Code=-1009 ""The Internet connection appears to be offline."" UserInfo={NSUnderlyingError=0x7fe13530fc60 {Error Domain=kCFErrorDomainCFNetwork Code=-1009 ""The Internet connection appears to be offline."" UserInfo={NSErrorFailingURLStringKey=https://gsp-ssl.ls.apple.com/dispatcher.arpc, NSErrorFailingURLKey=https://gsp-ssl.ls.apple.com/dispatcher.arpc, _kCFStreamErrorCodeKey=8, _kCFStreamErrorDomainKey=12, NSLocalizedDescription=The Internet connection appears to be offline.}}, NSErrorFailingURLStringKey=https://gsp-ssl.ls.apple.com/dispatcher.arpc, NSErrorFailingURLKey=https://gsp-ssl.ls.apple.com/dispatcher.arpc, _kCFStreamErrorDomainKey=12, _kCFStreamErrorCodeKey=8, NSLocalizedDescription=The Internet connection appears to be offline.}","PBRequester failed with Error Error Domain=NSURLErrorDomain Code=<*> ""The Internet connection appears to be offline."" UserInfo={NSUnderlyingError=<*> {Error Domain=kCFErrorDomainCFNetwork Code=<*> ""The Internet connection appears to be offline."" UserInfo={NSErrorFailingURLStringKey=<*>, NSErrorFailingURLKey=<*>, _kCFStreamErrorCodeKey=<*>, _kCFStreamErrorDomainKey=<*>, NSLocalizedDescription=The Internet connection appears to be offline.}}, NSErrorFailingURLStringKey=<*>, NSErrorFailingURLKey=<*>, _kCFStreamErrorDomainKey=<*>, _kCFStreamErrorCodeKey=<*>, NSLocalizedDescription=The Internet connection appears to be offline.}",Mac,Unseen,,7.370162487030029
"Unexpected payload found for message 9, dataLen 0","Unexpected payload found for message <*>, dataLen <*>",Mac,Unseen,"Unexpected payload found for message <*>, dataLen <*>",0.8660373687744141
"ARPT: 728563.210777: IOPMPowerSource Information: onSleep,  SleepType: Normal Sleep,  'ExternalConnected': No, 'TimeRemaining': 3174,","ARPT: <*>: IOPMPowerSource Information: onSleep, SleepType: Normal Sleep, 'ExternalConnected': No, 'TimeRemaining': <*>,",Mac,Unseen,"ARPT: <*>: IOPMPowerSource Information: onSleep, SleepType: Normal Sleep, 'ExternalConnected': No, 'TimeRemaining': <*>,",2.4373342990875244
"ARPT: 728620.515604: wl0: MDNS: 0 SRV Recs, 0 TXT Recs","ARPT: <*>: wl0: MDNS: <*> SRV Recs, <*> TXT Recs",Mac,Unseen,"ARPT: <*>: wl0: MDNS: <*> SRV Recs, <*> TXT Recs",1.7037193775177002
"booter start at 1251 ms smc 0 ms, [18, 0, 0] total 367 ms, dsply 0, 0 ms, tramp 1080 ms","booter start at <*> ms smc <*> ms, [<*>, <*>, <*>] total <*> ms, dsply <*>, <*> ms, tramp <*> ms",Mac,Unseen,"booter start at <*> ms smc <*> ms, [<*>, <*>, <*>] total <*> ms, dsply <*>, <*> ms, tramp <*> ms",2.7649197578430176
"hibernate_newruntime_map time: 0 ms, IOPolledFilePollersOpen(), ml_get_interrupts_enabled 0","hibernate_newruntime_map time: <*> ms, IOPolledFilePollersOpen(), ml_get_interrupts_enabled <*>",Mac,Unseen,"hibernate_newruntime_map time: <*> ms, IOPolledFilePollersOpen(), ml_get_interrupts_enabled <*>",2.215284585952759
Wake reason: ARPT (Network),Wake reason: ARPT (Network),Mac,Unseen,Wake reason: ARPT (Network),0.6732378005981445
"NETWORK: requery, 0, 0, 0, 0, 299, items, fQueryRetries, 0, fLastRetryTimestamp, 521006902.2","NETWORK: requery, <*>, <*>, <*>, <*>, <*>, items, fQueryRetries, <*>, fLastRetryTimestamp, <*>",Mac,Unseen,"NETWORK: requery, <*>, <*>, <*>, <*>, <*>, items, fQueryRetries, <*>, fLastRetryTimestamp, <*>",2.431309223175049
"polled file major 1, minor 0, blocksize 4096, pollers 5","polled file major <*>, minor <*>, blocksize <*>, pollers <*>",Mac,Unseen,"polled file major <*>, minor <*>, blocksize <*>, pollers <*>",1.335801362991333
BuildActDeviceEntry enter,BuildActDeviceEntry enter,Mac,Unseen,BuildActDeviceEntry enter,0.43235063552856445
IOPolledFilePollersOpen(0) 6 ms,IOPolledFilePollersOpen(<*>) <*> ms,Mac,Unseen,IOPolledFilePollersOpen(<*>) <*> ms,1.0931951999664307
"polled file major 1, minor 0, blocksize 4096, pollers 5","polled file major <*>, minor <*>, blocksize <*>, pollers <*>",Mac,Unseen,"polled file major <*>, minor <*>, blocksize <*>, pollers <*>",1.344451904296875
AppleActuatorDeviceUserClient::stop Entered,AppleActuatorDeviceUserClient::stop Entered,Mac,Unseen,AppleActuatorDeviceUserClient::stop Entered,0.8678712844848633
"[CardDAVPlugin-ERROR] -getPrincipalInfo:[_controller supportsRequestCompressionAtURL:https://13957525385%40163.com@p28-contacts.icloud.com/874161398/principal/] Error Domain=NSURLErrorDomain Code=-1009 ""The Internet connection appears to be offline."" UserInfo={NSUnderlyingError=0x7f8de0c0dc70 {Error Domain=kCFErrorDomainCFNetwork Code=-1009 ""The Internet connection appears to be offline."" UserInfo={NSErrorFailingURLStringKey=https://13957525385%40163.com@p28-contacts.icloud.com/874161398/principal/, NSErrorFailingURLKey=https://13957525385%40163.com@p28-contacts.icloud.com/874161398/principal/, _kCFStreamErrorCodeKey=8, _kCFStreamErrorDomainKey=12, NSLocalizedDescription=The Internet connection appears to be offline.}}, NSErrorFailingURLStringKey=https://13957525385%40163.com@p28-contacts.icloud.com/874161398/principal/, NSErrorFailingURLKey=https://13957525385%40163.com@p28-contacts.icloud.com/874161398/principal/, _kCFStreamErrorDomainKey=12, _kCFStreamErrorCodeKey=8, NSLocalizedDescription=The Internet connection appears to be offline.}","[CardDAVPlugin-ERROR] -getPrincipalInfo:[_controller supportsRequestCompressionAtURL:<*>] Error Domain=NSURLErrorDomain Code=<*> ""The Internet connection appears to be offline."" UserInfo={NSUnderlyingError=<*> {Error Domain=kCFErrorDomainCFNetwork Code=<*> ""The Internet connection appears to be offline."" UserInfo={NSErrorFailingURLStringKey=<*>, NSErrorFailingURLKey=<*>, _kCFStreamErrorCodeKey=<*>, _kCFStreamErrorDomainKey=<*>, NSLocalizedDescription=The Internet connection appears to be offline.}}, NSErrorFailingURLStringKey=<*>, NSErrorFailingURLKey=<*>, _kCFStreamErrorDomainKey=<*>, _kCFStreamErrorCodeKey=<*>, NSLocalizedDescription=The Internet connection appears to be offline.}",Mac,Unseen,,7.313619613647461
Unable to start NetBIOS name service:,Unable to start NetBIOS name service:,Mac,Unseen,Unable to start NetBIOS name service:,0.6729140281677246
"[Accounts] Failed to update account with identifier 76FE6715-3D27-4F21-AA35-C88C1EA820E8, error: Error Domain=ABAddressBookErrorDomain Code=1002 ""(null)""","[Accounts] Failed to update account with identifier <*>-<*>-<*>-<*>-<*>, error: Error Domain=ABAddressBookErrorDomain Code=<*> ""(<*>)""",Mac,Unseen,"[Accounts] Failed to update account with identifier <*>, error: Error Domain=ABAddressBookErrorDomain Code=<*> ""(null)""",2.0641162395477295
"NETWORK: requery, 0, 0, 0, 0, 302, items, fQueryRetries, 0, fLastRetryTimestamp, 521048292.6","NETWORK: requery, <*>, <*>, <*>, <*>, <*>, items, fQueryRetries, <*>, fLastRetryTimestamp, <*>",Mac,Unseen,"NETWORK: requery, <*>, <*>, <*>, <*>, <*>, items, fQueryRetries, <*>, fLastRetryTimestamp, <*>",2.468984842300415
"NETWORK: requery, 0, 0, 0, 0, 291, items, fQueryRetries, 0, fLastRetryTimestamp, 521048893.3","NETWORK: requery, <*>, <*>, <*>, <*>, <*>, items, fQueryRetries, <*>, fLastRetryTimestamp, <*>",Mac,Unseen,"NETWORK: requery, <*>, <*>, <*>, <*>, <*>, items, fQueryRetries, <*>, fLastRetryTimestamp, <*>",2.414329767227173
2017-07-06 09:24:14.417 ksfetch[36728/0x7fff79824000] [lvl=2] main() ksfetch fetching URL (<NSMutableURLRequest: 0x100602220> { URL: https://tools.google.com/service/update2?cup2hreq=f5e83ec64ff3fc5533a3c206134a6517e274f9e1cb53df857e15049b6e4c9f8e&cup2key=7:1721929288 }) to folder:/tmp/KSOutOfProcessFetcher.aPWod5QMh1/download,<*>-<*>-<*> <*>:<*>:<*> ksfetch[<*>/<*>] [lvl=<*>] main() ksfetch fetching URL (<NSMutableURLRequest: <*> { URL: <*> }) to folder:<*>,Mac,Unseen,<*>-<*>-<*> <*>:<*>:<*> ksfetch[<*>/<*>] [lvl=<*>] main() ksfetch fetching URL (<NSMutableURLRequest: <*> { URL: <*> }) to folder:<*>,3.8049874305725098
Location icon should now be in state 'Active',Location icon should now be in state 'Active',Mac,Unseen,Location icon should now be in state 'Active',0.7316138744354248
ARPT: 739157.867474: wlc_dump_aggfifo:,ARPT: <*>: wlc_dump_aggfifo:,Mac,Unseen,ARPT: <*>: wlc_dump_aggfifo:,1.0325939655303955
__42-[NETClientConnection evaluateCrazyIvan46]_block_invoke CI46 - Hit by torpedo! QQ.10018 tc24039 112.90.78.169:8080,<*>-[NETClientConnection <*>]_block_invoke CI46 - Hit by torpedo! <*> <*> <*>:<*>,Mac,Unseen,__<*>-[NETClientConnection evaluateCrazyIvan46]_block_invoke CI46 - Hit by torpedo! QQ.<*> tc<*> <*>:<*>,2.7799019813537598
ARPT: 739253.582611: wlc_dump_aggfifo:,ARPT: <*>: wlc_dump_aggfifo:,Mac,Unseen,ARPT: <*>: wlc_dump_aggfifo:,1.034346103668213
"ARPT: 740034.911245: wl0: setup_keepalive: interval 900, retry_interval 30, retry_count 10","ARPT: <*>: wl0: setup_keepalive: interval <*>, retry_interval <*>, retry_count <*>",Mac,Unseen,"ARPT: <*>: wl0: setup_keepalive: interval <*>, retry_interval <*>, retry_count <*>",2.01442813873291
"2017-07-06 14:57:16.661 GoogleSoftwareUpdateAgent[37059/0x7000002a0000] [lvl=2] -[KSOutOfProcessFetcher(PrivateMethods) helperDidTerminate:] KSOutOfProcessFetcher fetch ended for URL: ""https://tools.google.com/service/update2?cup2hreq=37fbcb7ab6829be04567976e3212d7a67627aef11546f8b7013d4cffaf51f739&cup2key=7:4200177539""","<*>-<*>-<*> <*>:<*>:<*> GoogleSoftwareUpdateAgent[<*>/<*>] [lvl=<*>] -[KSOutOfProcessFetcher(PrivateMethods) helperDidTerminate:] KSOutOfProcessFetcher fetch ended for URL: ""<*>""",Mac,Unseen,"<*>-<*>-<*> <*>:<*>:<*> GoogleSoftwareUpdateAgent[<*>/<*>] [lvl=<*>] -[KSOutOfProcessFetcher(PrivateMethods) helperDidTerminate:] KSOutOfProcessFetcher fetch ended for URL: ""<*>https://tools.google.com/service/update2?cup2hreq=<*>&cup2key=<*>:<*>",5.9649646282196045
"ARPT: 740174.102665: wl0: MDNS: 0 SRV Recs, 0 TXT Recs","ARPT: <*>: wl0: MDNS: <*> SRV Recs, <*> TXT Recs",Mac,Unseen,"ARPT: <*>: wl0: MDNS: <*> SRV Recs, <*> TXT Recs",1.71272873878479
AppleCamIn::wakeEventHandlerThread,AppleCamIn::wakeEventHandlerThread,Mac,Unseen,AppleCamIn::wakeEventHandlerThread,0.6304745674133301
RTC: PowerByCalendarDate setting ignored,RTC: PowerByCalendarDate setting ignored,Mac,Unseen,RTC: PowerByCalendarDate setting ignored,0.6834671497344971
__42-[NETClientConnection evaluateCrazyIvan46]_block_invoke CI46 - Hit by torpedo! QQ.10018 tc24283 119.81.102.227:80,<*>-[NETClientConnection <*>]_block_invoke CI46 - Hit by torpedo! <*> <*> <*>:<*>,Mac,Unseen,__<*>-[NETClientConnection evaluateCrazyIvan46]_block_invoke CI46 - Hit by torpedo! QQ.<*> tc<*> <*>:<*>,2.752957344055176
"NETWORK: requery, 0, 0, 0, 0, 302, items, fQueryRetries, 0, fLastRetryTimestamp, 521080983.6","NETWORK: requery, <*>, <*>, <*>, <*>, <*>, items, fQueryRetries, <*>, fLastRetryTimestamp, <*>",Mac,Unseen,"NETWORK: requery, <*>, <*>, <*>, <*>, <*>, items, fQueryRetries, <*>, fLastRetryTimestamp, <*>",2.4276556968688965
"NETWORK: requery, 0, 0, 0, 0, 300, items, fQueryRetries, 0, fLastRetryTimestamp, 521081581.2","NETWORK: requery, <*>, <*>, <*>, <*>, <*>, items, fQueryRetries, <*>, fLastRetryTimestamp, <*>",Mac,Unseen,"NETWORK: requery, <*>, <*>, <*>, <*>, <*>, items, fQueryRetries, <*>, fLastRetryTimestamp, <*>",2.434934377670288
Sandbox: com.apple.WebKit(9854) deny(1) file-read-data /private/etc/hosts,Sandbox: <*>(<*>) deny(<*>) file-read-data <*>,Mac,Unseen,Sandbox: <*>(<*>) deny(<*>) file-read-data <*>,1.392599105834961
2017-07-06 06:22:57.163367 PM [AirPlayUIAgent] BecomingInactive: NSWorkspaceWillSleepNotification,<*>-<*>-<*> <*>:<*>:<*> PM [AirPlayUIAgent] BecomingInactive: NSWorkspaceWillSleepNotification,Mac,Unseen,<*>-<*>-<*> <*>:<*>:<*> PM [AirPlayUIAgent] BecomingInactive: NSWorkspaceWillSleepNotification,2.209073543548584
full wake request (reason 2) 30914 ms,full wake request (reason <*>) <*> ms,Mac,Unseen,full wake request (reason <*>) <*> ms,0.7956538200378418
Wake reason: RTC (Alarm),Wake reason: RTC (Alarm),Mac,Unseen,Wake reason: RTC (Alarm),0.7390844821929932
RTC: PowerByCalendarDate setting ignored,RTC: PowerByCalendarDate setting ignored,Mac,Unseen,RTC: PowerByCalendarDate setting ignored,0.674135684967041
"SOSAccountThisDeviceCanSyncWithCircle sync with device failure: Error Domain=com.apple.security.sos.error Code=1035 ""Account identity not set"" UserInfo={NSDescription=Account identity not set}","SOSAccountThisDeviceCanSyncWithCircle sync with device failure: Error Domain=com.apple.security.sos.error Code=<*> ""Account identity not set"" UserInfo={NSDescription=Account identity not set}",Mac,Unseen,"SOSAccountThisDeviceCanSyncWithCircle sync with device failure: Error Domain=com.apple.security.sos.error Code=<*> ""Account identity not set"" UserInfo={NSDescription=<*>}",3.0493993759155273
KeychainGetICDPStatus: status: off,KeychainGetICDPStatus: status: off,Mac,Unseen,KeychainGetICDPStatus: status: off,0.7282428741455078
Location icon should now be in state 'Active',Location icon should now be in state 'Active',Mac,Unseen,Location icon should now be in state 'Active',0.7327840328216553
"2017-07-06 20:46:03.869 GoogleSoftwareUpdateAgent[37316/0x7000002a0000] [lvl=2] -[KSOutOfProcessFetcher beginFetchWithDelegate:] KSOutOfProcessFetcher start fetch from URL: ""https://tools.google.com/service/update2?cup2hreq=5e15fbe422c816bef7c133cfffdb516e16923579b9be2dfae4d7d8d211b25017&cup2key=7:780377214""","<*>-<*>-<*> <*>:<*>:<*> GoogleSoftwareUpdateAgent[<*>/<*>] [lvl=<*>] -[KSOutOfProcessFetcher beginFetchWithDelegate:] KSOutOfProcessFetcher start fetch from URL: ""<*>""",Mac,Unseen,,7.460134506225586
"NETWORK: requery, 0, 0, 0, 0, 291, items, fQueryRetries, 0, fLastRetryTimestamp, 521092126.3","NETWORK: requery, <*>, <*>, <*>, <*>, <*>, items, fQueryRetries, <*>, fLastRetryTimestamp, <*>",Mac,Unseen,"NETWORK: requery, <*>, <*>, <*>, <*>, <*>, items, fQueryRetries, <*>, fLastRetryTimestamp, <*>",2.441800594329834
"Page bounds {{0, 0}, {400, 400}}","Page bounds {{<*>, <*>}, {<*>, <*>}}",Mac,Unseen,"Page bounds {{<*>, <*>}, {<*>, <*>}}",1.115415334701538
[com.apple.calendar.store.log.caldav.queue] [Account xpc_ben@163.com@https://caldav.163.com/caldav/principals/users/xpc_ben%40163.com/ timed out when executing operation: <CalDAVAccountRefreshQueueableOperation: 0x7fa11f9f2290; Sequence: 0>],[com.apple.calendar.store.log.caldav.queue] [Account <*> timed out when executing operation: <CalDAVAccountRefreshQueueableOperation: <*>; Sequence: <*>],Mac,Unseen,[com.apple.calendar.store.log.caldav.queue] [Account <*>@<*> timed out when executing operation: <CalDAVAccountRefreshQueueableOperation: <*>; Sequence: <*>],3.2327916622161865
"[com.apple.calendar.store.log.caldav.queue] [Account refresh failed with error: Error Domain=CoreDAVHTTPStatusErrorDomain Code=502 ""(null)"" UserInfo={AccountName=163, CalDAVErrFromRefresh=YES, CoreDAVHTTPHeaders=<CFBasicHash 0x7fa11fe7a810 [0x7fff7abc1440]>{type = immutable dict, count = 5, entries => 0 : Connection = <CFString 0x7fff7ab1aea0 [0x7fff7abc1440]>{contents = ""keep-alive""} 3 : Content-Type = text/html 4 : Content-Length = 166 5 : Server = nginx 6 : Date = <CFString 0x7fa11ac2ab80 [0x7fff7abc1440]>{contents = ""Fri, 07 Jul 2017 05:32:43 GMT""} } }]","[com.apple.calendar.store.log.caldav.queue] [Account refresh failed with error: Error Domain=CoreDAVHTTPStatusErrorDomain Code=<*> ""(<*>)"" UserInfo={AccountName=<*>, CalDAVErrFromRefresh=YES, CoreDAVHTTPHeaders=<CFBasicHash <*> [<*>]>{type = immutable dict, count = <*>, entries => <*> : Connection = <CFString <*> [<*>]>{contents = ""keep-alive""} <*> : Content-Type = text/html <*> : Content-Length = <*> <*> : Server = nginx <*> : Date = <CFString <*> [<*>]>{contents = ""<*> <*> <*>:<*>:<*> GMT""} } }]",Mac,Unseen,,7.381534576416016
"Page bounds {{0, 0}, {400, 400}}","Page bounds {{<*>, <*>}, {<*>, <*>}}",Mac,Unseen,"Page bounds {{<*>, <*>}, {<*>, <*>}}",1.097320795059204
tcp_connection_destination_handle_tls_close_notify 111 closing socket due to TLS CLOSE_NOTIFY alert,tcp_connection_destination_handle_tls_close_notify <*> closing socket due to TLS CLOSE_NOTIFY alert,Mac,Unseen,tcp_connection_destination_handle_tls_close_notify <*> closing socket due to TLS CLOSE_NOTIFY alert,1.8298535346984863
"CCFile::copyFile fileName is [2017-07-07_00,52,55.450817]-CCIOReporter-001.xml, source path:/var/log/CoreCapture/com.apple.iokit.IO80211Family/OneStats//[2017-07-07_00,52,55.450817]-CCIOReporter-001.xml, dest path:/Library/Logs/CrashReporter/CoreCapture/com.apple.iokit.IO80211Family/[2017-07-07_00,52,54.449889]=AuthFail:sts:5_rsn:0/OneStats//[2017-07-07_00,52,55.450817]-CCIOReporter-001.xml","CCFile::copyFile fileName is [<*>-<*>-<*>,<*>,<*>]-<*>, source path:<*>, dest path:<*>",Mac,Unseen,"CCFile::copyFile fileName is <*>, source path:<*>, dest path:<*>",1.4126462936401367
"2017-07-07 01:47:40.090 GoogleSoftwareUpdateAgent[37644/0x7000002a0000] [lvl=2] -[KSOutOfProcessFetcher beginFetchWithDelegate:] KSOutOfProcessFetcher start fetch from URL: ""https://tools.google.com/service/update2?cup2hreq=c30943ccd5e0a03e93b6be3e2b7e2127989f08f1bde99263ffee091de8b8bc39&cup2key=7:1039900771""","<*>-<*>-<*> <*>:<*>:<*> GoogleSoftwareUpdateAgent[<*>/<*>] [lvl=<*>] -[KSOutOfProcessFetcher beginFetchWithDelegate:] KSOutOfProcessFetcher start fetch from URL: ""<*>""",Mac,Unseen,"<*>-<*>-<*> <*>:<*>:<*> GoogleSoftwareUpdateAgent[<*>/<*>] [lvl=<*>] -[KSOutOfProcessFetcher beginFetchWithDelegate:] KSOutOfProcessFetcher start fetch from URL: ""<*>https://tools.google.com/service/update2?cup2hreq=<*>&cup2key=<*>:<*>""",5.819799900054932
RTC: PowerByCalendarDate setting ignored,RTC: PowerByCalendarDate setting ignored,Mac,Unseen,RTC: PowerByCalendarDate setting ignored,0.6829714775085449
AppleCamIn::wakeEventHandlerThread,AppleCamIn::wakeEventHandlerThread,Mac,Unseen,AppleCamIn::wakeEventHandlerThread,0.610105037689209
AppleCamIn::wakeEventHandlerThread,AppleCamIn::wakeEventHandlerThread,Mac,Unseen,AppleCamIn::wakeEventHandlerThread,0.6151602268218994
Location icon should now be in state 'Active',Location icon should now be in state 'Active',Mac,Unseen,Location icon should now be in state 'Active',0.7426402568817139
AppleCamIn::wakeEventHandlerThread,AppleCamIn::wakeEventHandlerThread,Mac,Unseen,AppleCamIn::wakeEventHandlerThread,0.6180977821350098
"CCDataTap::profileRemoved, Owner: com.apple.driver.AirPort.Brcm4360.0, Name: StateSnapshots","CCDataTap::profileRemoved, Owner: <*>, Name: <*>",Mac,Unseen,"CCDataTap::profileRemoved, Owner: com.apple.driver.AirPort.Brcm4360.0, Name: StateSnapshots",2.4034411907196045
RTC: PowerByCalendarDate setting ignored,RTC: PowerByCalendarDate setting ignored,Mac,Unseen,RTC: PowerByCalendarDate setting ignored,0.690824031829834
Could not get event name for stream/token: com.apple.xpc.activity/4505: 132: Request for stale data,Could not get event name for stream/token: com.apple.xpc.activity/<*>: <*>: Request for stale data,Mac,Unseen,Could not get event name for stream/token: com.apple.xpc.activity/<*>: <*>: Request for stale data,1.9700422286987305
"NETWORK: requery, 0, 0, 0, 0, 294, items, fQueryRetries, 0, fLastRetryTimestamp, 521144227.4","NETWORK: requery, <*>, <*>, <*>, <*>, <*>, items, fQueryRetries, <*>, fLastRetryTimestamp, <*>",Mac,Unseen,"NETWORK: requery, <*>, <*>, <*>, <*>, <*>, items, fQueryRetries, <*>, fLastRetryTimestamp, <*>",2.44882869720459
Error in CoreDragRemoveTrackingHandler: -1856,Error in CoreDragRemoveTrackingHandler: <*>,Mac,Unseen,Error in CoreDragRemoveTrackingHandler: <*>,0.8040003776550293
Location icon should now be in state 'Active',Location icon should now be in state 'Active',Mac,Unseen,Location icon should now be in state 'Active',0.7418365478515625
Location icon should now be in state 'Active',Location icon should now be in state 'Active',Mac,Unseen,Location icon should now be in state 'Active',0.7391369342803955
"CCFile::copyFile fileName is [2017-07-07_12,24,25.108710]-io80211Family-007.pcapng, source path:/var/log/CoreCapture/com.apple.iokit.IO80211Family/IO80211AWDLPeerManager//[2017-07-07_12,24,25.108710]-io80211Family-007.pcapng, dest path:/Library/Logs/CrashReporter/CoreCapture/com.apple.iokit.IO80211Family/[2017-07-07_12,24,29.298901]=AuthFail:sts:5_rsn:0/IO80211AWDLPeerManager//[2017-07-07_12,24,25.108710]-io80211Family-007.pcapng","CCFile::copyFile fileName is [<*>-<*>-<*>,<*>,<*>]-<*>, source path:<*>, dest path:<*>",Mac,Unseen,"CCFile::copyFile fileName is [<*>], source path:<*>, dest path:<*>",1.4513518810272217
"CCFile::copyFile fileName is [2017-07-07_13,40,37.052249]-io80211Family-031.pcapng, source path:/var/log/CoreCapture/com.apple.iokit.IO80211Family/IO80211AWDLPeerManager//[2017-07-07_13,40,37.052249]-io80211Family-031.pcapng, dest path:/Library/Logs/CrashReporter/CoreCapture/com.apple.iokit.IO80211Family/[2017-07-07_13,40,37.192896]=AuthFail:sts:5_rsn:0/IO80211AWDLPeerManager//[2017-07-07_13,40,37.052249]-io80211Family-031.pcapng","CCFile::copyFile fileName is [<*>-<*>-<*>,<*>,<*>]-<*>, source path:<*>, dest path:<*>",Mac,Unseen,"CCFile::copyFile fileName is <*>, source path:<*>, dest path:<*>",1.3930282592773438
Captive: CNPluginHandler en0: Authenticated,Captive: CNPluginHandler en0: Authenticated,Mac,Unseen,Captive: CNPluginHandler en0: Authenticated,0.9384293556213379
ARPT: 770802.879782: wlc_dump_aggfifo:,ARPT: <*>: wlc_dump_aggfifo:,Mac,Unseen,ARPT: <*>: wlc_dump_aggfifo:,1.055480718612671
"ARPT: 771388.849884: wl0: setup_keepalive: interval 900, retry_interval 30, retry_count 10","ARPT: <*>: wl0: setup_keepalive: interval <*>, retry_interval <*>, retry_count <*>",Mac,Unseen,"ARPT: <*>: wl0: setup_keepalive: interval <*>, retry_interval <*>, retry_count <*>",1.9978947639465332
"ARPT: 771631.938256: IOPMPowerSource Information: onSleep,  SleepType: Normal Sleep,  'ExternalConnected': No, 'TimeRemaining': 9235,","ARPT: <*>: IOPMPowerSource Information: onSleep, SleepType: Normal Sleep, 'ExternalConnected': No, 'TimeRemaining': <*>,",Mac,Unseen,"ARPT: <*>: IOPMPowerSource Information: onSleep, SleepType: Normal Sleep, 'ExternalConnected': No, 'TimeRemaining': <*>,",2.4401726722717285
AppleCamIn::wakeEventHandlerThread,AppleCamIn::wakeEventHandlerThread,Mac,Unseen,AppleCamIn::wakeEventHandlerThread,0.6157910823822021
Unable to start NetBIOS name service:,Unable to start NetBIOS name service:,Mac,Unseen,Unable to start NetBIOS name service:,0.6767339706420898
"PBRequester failed with Error Error Domain=NSURLErrorDomain Code=-1009 ""The Internet connection appears to be offline."" UserInfo={NSUnderlyingError=0x7fb7f0035dc0 {Error Domain=kCFErrorDomainCFNetwork Code=-1009 ""The Internet connection appears to be offline."" UserInfo={NSErrorFailingURLStringKey=https://gs-loc.apple.com/clls/wloc, NSErrorFailingURLKey=https://gs-loc.apple.com/clls/wloc, _kCFStreamErrorCodeKey=8, _kCFStreamErrorDomainKey=12, NSLocalizedDescription=The Internet connection appears to be offline.}}, NSErrorFailingURLStringKey=https://gs-loc.apple.com/clls/wloc, NSErrorFailingURLKey=https://gs-loc.apple.com/clls/wloc, _kCFStreamErrorDomainKey=12, _kCFStreamErrorCodeKey=8, NSLocalizedDescription=The Internet connection appears to be offline.}","PBRequester failed with Error Error Domain=NSURLErrorDomain Code=<*> ""The Internet connection appears to be offline."" UserInfo={NSUnderlyingError=<*> {Error Domain=kCFErrorDomainCFNetwork Code=<*> ""The Internet connection appears to be offline."" UserInfo={NSErrorFailingURLStringKey=<*>, NSErrorFailingURLKey=<*>, _kCFStreamErrorCodeKey=<*>, _kCFStreamErrorDomainKey=<*>, NSLocalizedDescription=The Internet connection appears to be offline.}}, NSErrorFailingURLStringKey=<*>, NSErrorFailingURLKey=<*>, _kCFStreamErrorDomainKey=<*>, _kCFStreamErrorCodeKey=<*>, NSLocalizedDescription=The Internet connection appears to be offline.}",Mac,Unseen,,7.351114988327026
"CCFile::copyFile fileName is [2017-07-07_16,24,11.442212]-AirPortBrcm4360_Logs-001.txt, source path:/var/log/CoreCapture/com.apple.driver.AirPort.Brcm4360.0/DriverLogs//[2017-07-07_16,24,11.442212]-AirPortBrcm4360_Logs-001.txt, dest path:/Library/Logs/CrashReporter/CoreCapture/com.apple.driver.AirPort.Brcm4360.0/[2017-07-07_16,24,11.124183]=AssocFail:sts:2_rsn:0/DriverLogs//[2017-07-07_16,24,11.442212]-AirPortBrcm4360_Logs-001.txt","CCFile::copyFile fileName is [<*>-<*>-<*>,<*>,<*>]-<*>, source path:<*>, dest path:<*>",Mac,Unseen,"CCFile::copyFile fileName is <*>, source path:<*>, dest path:<*>",1.4039039611816406
"CCFile::captureLog Received Capture notice id: 1499469856.145137, reason = AssocFail:sts:2_rsn:0","CCFile::captureLog Received Capture notice id: <*>, reason = AssocFail:sts:<NUM>_rsn:<NUM>",Mac,Unseen,"CCFile::captureLog Received Capture notice id: <*>, reason = AssocFail:sts:<*>_rsn:<*>",1.9998700618743896
KeychainGetICDPStatus: status: off,KeychainGetICDPStatus: status: off,Mac,Unseen,KeychainGetICDPStatus: status: off,0.7334840297698975
RTC: PowerByCalendarDate setting ignored,RTC: PowerByCalendarDate setting ignored,Mac,Unseen,RTC: PowerByCalendarDate setting ignored,0.6802031993865967
[com.apple.calendar.store.log.caldav.coredav] [Refusing to parse response to PROPPATCH because of content-type: [text/html; charset=UTF-8].],[com.apple.calendar.store.log.caldav.coredav] [Refusing to parse response to PROPPATCH because of content-type: [text/html; charset=UTF-<*>].],Mac,Unseen,[com.apple.calendar.store.log.caldav.coredav] [Refusing to parse response to PROPPATCH because of content-type: [<*>].],2.5961477756500244
"NETWORK: requery, 0, 0, 0, 0, 328, items, fQueryRetries, 0, fLastRetryTimestamp, 521177334.4","NETWORK: requery, <*>, <*>, <*>, <*>, <*>, items, fQueryRetries, <*>, fLastRetryTimestamp, <*>",Mac,Unseen,"NETWORK: requery, <*>, <*>, <*>, <*>, <*>, items, fQueryRetries, <*>, fLastRetryTimestamp, <*>",2.5086307525634766
"NSURLSession/NSURLConnection HTTP load failed (kCFStreamErrorDomainSSL, -9806)","NSURLSession/NSURLConnection HTTP load failed (kCFStreamErrorDomainSSL, <*>)",Mac,Unseen,"NSURLSession/NSURLConnection HTTP load failed (kCFStreamErrorDomainSSL, <*>)",1.3978090286254883
"schedule invalidation <DYTransport 0x7f89e8c00520, error: lost transport connection (31)>","schedule invalidation <DYTransport <*>, error: lost transport connection (<*>)>",Mac,Unseen,"schedule invalidation <DYTransport <*>, error: lost transport connection (<*>)>",1.2738993167877197
KeychainGetICDPStatus: status: off,KeychainGetICDPStatus: status: off,Mac,Unseen,KeychainGetICDPStatus: status: off,0.7310788631439209
<<<< MediaValidator >>>> mv_ValidateRFC4281CodecId: Unrecognized codec 1.(null). Failed codec specific check.,<<<< MediaValidator >>>> <*>: Unrecognized codec <*>.(<*>). Failed codec specific check.,Mac,Unseen,<<<< MediaValidator >>>> mv_ValidateRFC4281CodecId: Unrecognized codec <*>. Failed codec specific check.,2.1310412883758545
"ARPT: 783991.995027: wl0: setup_keepalive: interval 900, retry_interval 30, retry_count 10","ARPT: <*>: wl0: setup_keepalive: interval <*>, retry_interval <*>, retry_count <*>",Mac,Unseen,"ARPT: <*>: wl0: setup_keepalive: interval <*>, retry_interval <*>, retry_count <*>",2.010443687438965
"ARPT: 784055.560270: IOPMPowerSource Information: onSleep,  SleepType: Normal Sleep,  'ExternalConnected': No, 'TimeRemaining': 5600,","ARPT: <*>: IOPMPowerSource Information: onSleep, SleepType: Normal Sleep, 'ExternalConnected': No, 'TimeRemaining': <*>,",Mac,Unseen,"ARPT: <*>: IOPMPowerSource Information: onSleep, SleepType: Normal Sleep, 'ExternalConnected': No, 'TimeRemaining': <*>,",2.4437906742095947
AppleThunderboltNHIType2::waitForOk2Go2Sx - intel_rp = 1 dlla_reporting_supported = 0,<*>::<*> - intel_rp = <*> dlla_reporting_supported = <*>,Mac,Unseen,AppleThunderboltNHIType2::waitForOk2Go2Sx - intel_rp = <*> dlla_reporting_supported = <*>,2.390881299972534
ARPT: 784486.498066: wlc_dump_aggfifo:,ARPT: <*>: wlc_dump_aggfifo:,Mac,Unseen,ARPT: <*>: wlc_dump_aggfifo:,1.0437145233154297
**** [BroadcomBluetoothHostControllerUSBTransport][start] -- Completed (matched on Device) -- 0x3800 ****,**** [BroadcomBluetoothHostControllerUSBTransport][start] -- Completed (matched on Device) -- <*> ****,Mac,Unseen,**** [BroadcomBluetoothHostControllerUSBTransport][start] -- Completed (matched on Device) -- <*> ****,1.699878454208374
"CCFile::copyFile fileName is [2017-07-08_02,32,47.528554]-CCIOReporter-003.xml, source path:/var/log/CoreCapture/com.apple.iokit.IO80211Family/OneStats//[2017-07-08_02,32,47.528554]-CCIOReporter-003.xml, dest path:/Library/Logs/CrashReporter/CoreCapture/com.apple.iokit.IO80211Family/[2017-07-08_02,32,46.517498]=AssocFail:sts:2_rsn:0/OneStats//[2017-07-08_02,32,47.528554]-CCIOReporter-003.xml","CCFile::copyFile fileName is [<*>-<*>-<*>,<*>,<*>]-<*>, source path:<*>, dest path:<*>",Mac,Unseen,"CCFile::copyFile fileName is <*>, source path:<*>, dest path:<*>",1.4285879135131836
did discard act 12083 inact 17640 purgeable 20264 spec 28635 cleaned 0,did discard act <*> inact <*> purgeable <*> spec <*> cleaned <*>,Mac,Unseen,did discard act <*> inact <*> purgeable <*> spec <*> cleaned <*>,1.4077937602996826
"CCDataTap::profileRemoved, Owner: com.apple.iokit.IO80211Family, Name: AssociationEventHistory","CCDataTap::profileRemoved, Owner: <*>, Name: <*>",Mac,Unseen,"CCDataTap::profileRemoved, Owner: com.apple.iokit.IO<*>, Name: AssociationEventHistory",1.87797212600708
**** [BroadcomBluetoothHostControllerUSBTransport][start] -- Completed (matched on Device) -- 0x8800 ****,**** [BroadcomBluetoothHostControllerUSBTransport][start] -- Completed (matched on Device) -- <*> ****,Mac,Unseen,**** [BroadcomBluetoothHostControllerUSBTransport][start] -- Completed (matched on Device) -- <*> ****,1.732741355895996
Wake reason: ARPT (Network),Wake reason: ARPT (Network),Mac,Unseen,Wake reason: ARPT (Network),0.6924636363983154
Captive: CNPluginHandler en0: Authenticated,Captive: CNPluginHandler en0: Authenticated,Mac,Unseen,Captive: CNPluginHandler en0: Authenticated,0.9541823863983154
__42-[NETClientConnection evaluateCrazyIvan46]_block_invoke CI46 - Hit by torpedo! QQ.10018 tc25995 121.51.36.148:443,<*>-[NETClientConnection <*>]_block_invoke CI46 - Hit by torpedo! <*> <*> <*>:<*>,Mac,Unseen,__<*>-[NETClientConnection evaluateCrazyIvan46]_block_invoke CI46 - Hit by torpedo! QQ.<*> tc<*> <*>:<*>,2.738649606704712
hibernate_machine_init reading,hibernate_machine_init reading,Mac,Unseen,hibernate_machine_init reading,0.6191532611846924
vm_compressor_fastwake_warmup completed - took 12461 msecs,vm_compressor_fastwake_warmup completed - took <*> msecs,Mac,Unseen,vm_compressor_fastwake_warmup completed - took <*> msecs,1.2710583209991455
"CCFile::captureLog Received Capture notice id: 1499518522.558304, reason = AssocFail:sts:2_rsn:0","CCFile::captureLog Received Capture notice id: <*>, reason = AssocFail:sts:<NUM>_rsn:<NUM>",Mac,Unseen,"CCFile::captureLog Received Capture notice id: <*>, reason = AssocFail:sts:<*>_rsn:<*>",1.9936871528625488
"CCFile::copyFile fileName is [2017-07-08_05,55,23.694116]-io80211Family-002.pcapng, source path:/var/log/CoreCapture/com.apple.iokit.IO80211Family/IO80211AWDLPeerManager//[2017-07-08_05,55,23.694116]-io80211Family-002.pcapng, dest path:/Library/Logs/CrashReporter/CoreCapture/com.apple.iokit.IO80211Family/[2017-07-08_05,56,40.163377]=AssocFail:sts:2_rsn:0/IO80211AWDLPeerManager//[2017-07-08_05,55,23.694116]-io80211Family-002.pcapng","CCFile::copyFile fileName is [<*>-<*>-<*>,<*>,<*>]-<*>, source path:<*>, dest path:<*>",Mac,Unseen,"CCFile::copyFile fileName is <*>, source path:<*>, dest path:<*>",1.4105134010314941
Captive: CNPluginHandler en0: Authenticated,Captive: CNPluginHandler en0: Authenticated,Mac,Unseen,Captive: CNPluginHandler en0: Authenticated,0.9196531772613525
"Unable to simultaneously satisfy constraints: ( ""<NSAutoresizingMaskLayoutConstraint:0x7f9d574e5370 h=-&- v=-&- V:[NSScrollView:0x7f9d64abe480]-(11)-|   (Names: '|':NSView:0x7f9d6a9cc340 )>"", ""<NSAutoresizingMaskLayoutConstraint:0x7f9d7561a270 h=-&- v=-&- V:|-(45)-[NSScrollView:0x7f9d64abe480]   (Names: '|':NSView:0x7f9d6a9cc340 )>"", ""<NSAutoresizingMaskLayoutConstraint:0x7f9d6aa2cf10 h=-&- v=--& V:[NSView:0x7f9d53160e30(0)]>"", ""<NSAutoresizingMaskLayoutConstraint:0x7f9d75652870 h=-&- v=-&- V:|-(0)-[NSView:0x7f9d6a9cc340]   (Names: '|':NSView:0x7f9d53160e30 )>"", ""<NSAutoresizingMaskLayoutConstraint:0x7f9d77ef8f50 h=-&- v=-&- V:[NSView:0x7f9d6a9cc340]-(0)-|   (Names: '|':NSView:0x7f9d53160e30 )>"" )  Will attempt to recover by breaking constraint <NSAutoresizingMaskLayoutConstraint:0x7f9d7561a270 h=-&- v=-&- V:|-(45)-[NSScrollView:0x7f9d64abe480]   (Names: '|':NSView:0x7f9d6a9cc340 )>  Set the NSUserDefault NSConstraintBasedLayoutVisualizeMutuallyExclusiveConstraints to YES to have -[NSWindow visualizeConstraints:] automatically called when this happens.  And/or, break on objc_exception_throw to catch this in the debugger.","Unable to simultaneously satisfy constraints: ( ""<NSAutoresizingMaskLayoutConstraint:<*> h=-&- v=-&- V:[NSScrollView:<*>]-(<*>)-| (Names: '|':NSView:<*> )>"", ""<NSAutoresizingMaskLayoutConstraint:<*> h=-&- v=-&- V:|-(<*>)-[NSScrollView:<*>] (Names: '|':NSView:<*> )>"", ""<NSAutoresizingMaskLayoutConstraint:<*> h=-&- v=--& V:[NSView:<*>(<*>)]>"", ""<NSAutoresizingMaskLayoutConstraint:<*> h=-&- v=-&- V:|-(<*>)-[NSView:<*>] (Names: '|':NSView:<*> )>"", ""<NSAutoresizingMaskLayoutConstraint:<*> h=-&- v=-&- V:[NSView:<*>]-(<*>)-| (Names: '|':NSView:<*> )>"" ) Will attempt to recover by breaking constraint <NSAutoresizingMaskLayoutConstraint:<*> h=-&- v=-&- V:|-(<*>)-[NSScrollView:<*>] (Names: '|':NSView:<*> )> Set the NSUserDefault NSConstraintBasedLayoutVisualizeMutuallyExclusiveConstraints to YES to have -[NSWindow visualizeConstraints:] automatically called when this happens. And/or, break on objc_exception_throw to catch this in the debugger.",Mac,Unseen,,7.470084190368652
[com.apple.calendar.store.log.caldav.coredav] [Refusing to parse response to PROPPATCH because of content-type: [text/html; charset=UTF-8].],[com.apple.calendar.store.log.caldav.coredav] [Refusing to parse response to PROPPATCH because of content-type: [text/html; charset=UTF-<*>].],Mac,Unseen,[com.apple.calendar.store.log.caldav.coredav] [Refusing to parse response to PROPPATCH because of content-type: [<*>].],2.577629327774048
"SOSAccountThisDeviceCanSyncWithCircle sync with device failure: Error Domain=com.apple.security.sos.error Code=1035 ""Account identity not set"" UserInfo={NSDescription=Account identity not set}","SOSAccountThisDeviceCanSyncWithCircle sync with device failure: Error Domain=com.apple.security.sos.error Code=<*> ""Account identity not set"" UserInfo={NSDescription=Account identity not set}",Mac,Unseen,"SOSAccountThisDeviceCanSyncWithCircle sync with device failure: Error Domain=com.apple.security.sos.error Code=<*> ""Account identity not set"" UserInfo={NSDescription=<*>}",3.1575491428375244
Wake reason: RTC (Alarm),Wake reason: RTC (Alarm),Mac,Unseen,Wake reason: RTC (Alarm),0.7609498500823975
AppleCamIn::wakeEventHandlerThread,AppleCamIn::wakeEventHandlerThread,Mac,Unseen,AppleCamIn::wakeEventHandlerThread,0.6330220699310303
