Content,EventTemplate,Dataset,Category,Unseen_Mistral_FT_Zookeeper_3,Inference_time_3
"Connection broken for id 188978561024, my id = 1, error =","Connection broken for id <*>, my id = <*>, error =",Zookeeper,Unseen,"Connection broken for id <*>, my id = <*>, error = <*>",1.224485158920288
"Connection broken for id 188978561024, my id = 1, error =","Connection broken for id <*>, my id = <*>, error =",Zookeeper,Unseen,"Connection broken for id <*>, my id = <*>, error = <*>",1.2282371520996094
"Connection broken for id 188978561024, my id = 1, error =","Connection broken for id <*>, my id = <*>, error =",Zookeeper,Unseen,"Connection broken for id <*>, my id = <*>, error = <*>",1.2138454914093018
"Connection broken for id 188978561024, my id = 1, error =","Connection broken for id <*>, my id = <*>, error =",Zookeeper,Unseen,"Connection broken for id <*>, my id = <*>, error = <*>",1.2124216556549072
"Connection broken for id 188978561024, my id = 1, error =","Connection broken for id <*>, my id = <*>, error =",Zookeeper,Unseen,"Connection broken for id <*>, my id = <*>, error = <*>",1.227449655532837
"Connection broken for id 188978561024, my id = 1, error =","Connection broken for id <*>, my id = <*>, error =",Zookeeper,Unseen,"Connection broken for id <*>, my id = <*>, error = <*>",1.2060186862945557
"Connection broken for id 188978561024, my id = 1, error =","Connection broken for id <*>, my id = <*>, error =",Zookeeper,Unseen,"Connection broken for id <*>, my id = <*>, error = <*>",1.2105333805084229
"Connection broken for id 188978561024, my id = 1, error =","Connection broken for id <*>, my id = <*>, error =",Zookeeper,Unseen,"Connection broken for id <*>, my id = <*>, error = <*>",1.207803726196289
"Connection broken for id 188978561024, my id = 1, error =","Connection broken for id <*>, my id = <*>, error =",Zookeeper,Unseen,"Connection broken for id <*>, my id = <*>, error = <*>",1.216705083847046
"Connection broken for id 188978561024, my id = 1, error =","Connection broken for id <*>, my id = <*>, error =",Zookeeper,Unseen,"Connection broken for id <*>, my id = <*>, error = <*>",1.210770845413208
"Connection broken for id 188978561024, my id = 1, error =","Connection broken for id <*>, my id = <*>, error =",Zookeeper,Unseen,"Connection broken for id <*>, my id = <*>, error = <*>",1.2254676818847656
"Connection broken for id 188978561024, my id = 1, error =","Connection broken for id <*>, my id = <*>, error =",Zookeeper,Unseen,"Connection broken for id <*>, my id = <*>, error = <*>",1.2503712177276611
"Connection broken for id 188978561024, my id = 1, error =","Connection broken for id <*>, my id = <*>, error =",Zookeeper,Unseen,"Connection broken for id <*>, my id = <*>, error = <*>",1.2080483436584473
"Connection broken for id 188978561024, my id = 1, error =","Connection broken for id <*>, my id = <*>, error =",Zookeeper,Unseen,"Connection broken for id <*>, my id = <*>, error = <*>",1.2102935314178467
"Connection broken for id 188978561024, my id = 1, error =","Connection broken for id <*>, my id = <*>, error =",Zookeeper,Unseen,"Connection broken for id <*>, my id = <*>, error = <*>",1.2151525020599365
"Connection broken for id 188978561024, my id = 1, error =","Connection broken for id <*>, my id = <*>, error =",Zookeeper,Unseen,"Connection broken for id <*>, my id = <*>, error = <*>",1.246995449066162
"Connection broken for id 188978561024, my id = 1, error =","Connection broken for id <*>, my id = <*>, error =",Zookeeper,Unseen,"Connection broken for id <*>, my id = <*>, error = <*>",1.2098214626312256
"Connection broken for id 188978561024, my id = 1, error =","Connection broken for id <*>, my id = <*>, error =",Zookeeper,Unseen,"Connection broken for id <*>, my id = <*>, error = <*>",1.2075560092926025
"Connection broken for id 188978561024, my id = 1, error =","Connection broken for id <*>, my id = <*>, error =",Zookeeper,Unseen,"Connection broken for id <*>, my id = <*>, error = <*>",1.2093846797943115
"Connection broken for id 188978561024, my id = 1, error =","Connection broken for id <*>, my id = <*>, error =",Zookeeper,Unseen,"Connection broken for id <*>, my id = <*>, error = <*>",1.2088639736175537
"Connection broken for id 188978561024, my id = 1, error =","Connection broken for id <*>, my id = <*>, error =",Zookeeper,Unseen,"Connection broken for id <*>, my id = <*>, error = <*>",1.2293994426727295
"Connection broken for id 188978561024, my id = 1, error =","Connection broken for id <*>, my id = <*>, error =",Zookeeper,Unseen,"Connection broken for id <*>, my id = <*>, error = <*>",1.2163658142089844
"Connection broken for id 188978561024, my id = 1, error =","Connection broken for id <*>, my id = <*>, error =",Zookeeper,Unseen,"Connection broken for id <*>, my id = <*>, error = <*>",1.2152750492095947
"Connection broken for id 188978561024, my id = 1, error =","Connection broken for id <*>, my id = <*>, error =",Zookeeper,Unseen,"Connection broken for id <*>, my id = <*>, error = <*>",1.2102022171020508
"Connection broken for id 188978561024, my id = 1, error =","Connection broken for id <*>, my id = <*>, error =",Zookeeper,Unseen,"Connection broken for id <*>, my id = <*>, error = <*>",1.2208459377288818
"Connection broken for id 188978561024, my id = 1, error =","Connection broken for id <*>, my id = <*>, error =",Zookeeper,Unseen,"Connection broken for id <*>, my id = <*>, error = <*>",1.2200794219970703
"Connection broken for id 188978561024, my id = 1, error =","Connection broken for id <*>, my id = <*>, error =",Zookeeper,Unseen,"Connection broken for id <*>, my id = <*>, error = <*>",1.2050507068634033
"Connection broken for id 188978561024, my id = 1, error =","Connection broken for id <*>, my id = <*>, error =",Zookeeper,Unseen,"Connection broken for id <*>, my id = <*>, error = <*>",1.2172284126281738
"Connection broken for id 188978561024, my id = 1, error =","Connection broken for id <*>, my id = <*>, error =",Zookeeper,Unseen,"Connection broken for id <*>, my id = <*>, error = <*>",1.2155566215515137
"Connection broken for id 188978561024, my id = 1, error =","Connection broken for id <*>, my id = <*>, error =",Zookeeper,Unseen,"Connection broken for id <*>, my id = <*>, error = <*>",1.2401156425476074
"Connection broken for id 188978561024, my id = 1, error =","Connection broken for id <*>, my id = <*>, error =",Zookeeper,Unseen,"Connection broken for id <*>, my id = <*>, error = <*>",1.2143752574920654
"Connection broken for id 188978561024, my id = 1, error =","Connection broken for id <*>, my id = <*>, error =",Zookeeper,Unseen,"Connection broken for id <*>, my id = <*>, error = <*>",1.2110371589660645
"Connection broken for id 188978561024, my id = 1, error =","Connection broken for id <*>, my id = <*>, error =",Zookeeper,Unseen,"Connection broken for id <*>, my id = <*>, error = <*>",1.197549819946289
"Connection broken for id 188978561024, my id = 1, error =","Connection broken for id <*>, my id = <*>, error =",Zookeeper,Unseen,"Connection broken for id <*>, my id = <*>, error = <*>",1.2031199932098389
"Connection broken for id 188978561024, my id = 1, error =","Connection broken for id <*>, my id = <*>, error =",Zookeeper,Unseen,"Connection broken for id <*>, my id = <*>, error = <*>",1.2021632194519043
"Connection broken for id 188978561024, my id = 1, error =","Connection broken for id <*>, my id = <*>, error =",Zookeeper,Unseen,"Connection broken for id <*>, my id = <*>, error = <*>",1.2213246822357178
"Connection broken for id 188978561024, my id = 1, error =","Connection broken for id <*>, my id = <*>, error =",Zookeeper,Unseen,"Connection broken for id <*>, my id = <*>, error = <*>",1.2013835906982422
"Connection broken for id 188978561024, my id = 1, error =","Connection broken for id <*>, my id = <*>, error =",Zookeeper,Unseen,"Connection broken for id <*>, my id = <*>, error = <*>",1.2073028087615967
"Connection broken for id 188978561024, my id = 1, error =","Connection broken for id <*>, my id = <*>, error =",Zookeeper,Unseen,"Connection broken for id <*>, my id = <*>, error = <*>",1.233036994934082
"Connection broken for id 188978561024, my id = 1, error =","Connection broken for id <*>, my id = <*>, error =",Zookeeper,Unseen,"Connection broken for id <*>, my id = <*>, error = <*>",1.2206828594207764
"Connection broken for id 188978561024, my id = 1, error =","Connection broken for id <*>, my id = <*>, error =",Zookeeper,Unseen,"Connection broken for id <*>, my id = <*>, error = <*>",1.2219288349151611
"Connection broken for id 188978561024, my id = 1, error =","Connection broken for id <*>, my id = <*>, error =",Zookeeper,Unseen,"Connection broken for id <*>, my id = <*>, error = <*>",1.20619797706604
"Connection broken for id 188978561024, my id = 1, error =","Connection broken for id <*>, my id = <*>, error =",Zookeeper,Unseen,"Connection broken for id <*>, my id = <*>, error = <*>",1.2041735649108887
"Connection broken for id 188978561024, my id = 1, error =","Connection broken for id <*>, my id = <*>, error =",Zookeeper,Unseen,"Connection broken for id <*>, my id = <*>, error = <*>",1.199892282485962
"Connection broken for id 188978561024, my id = 1, error =","Connection broken for id <*>, my id = <*>, error =",Zookeeper,Unseen,"Connection broken for id <*>, my id = <*>, error = <*>",1.215723991394043
"Connection broken for id 188978561024, my id = 1, error =","Connection broken for id <*>, my id = <*>, error =",Zookeeper,Unseen,"Connection broken for id <*>, my id = <*>, error = <*>",1.2109074592590332
"Connection broken for id 188978561024, my id = 1, error =","Connection broken for id <*>, my id = <*>, error =",Zookeeper,Unseen,"Connection broken for id <*>, my id = <*>, error = <*>",1.2077672481536865
"Connection broken for id 188978561024, my id = 1, error =","Connection broken for id <*>, my id = <*>, error =",Zookeeper,Unseen,"Connection broken for id <*>, my id = <*>, error = <*>",1.2129533290863037
"Connection broken for id 188978561024, my id = 1, error =","Connection broken for id <*>, my id = <*>, error =",Zookeeper,Unseen,"Connection broken for id <*>, my id = <*>, error = <*>",1.2235429286956787
"Connection broken for id 188978561024, my id = 1, error =","Connection broken for id <*>, my id = <*>, error =",Zookeeper,Unseen,"Connection broken for id <*>, my id = <*>, error = <*>",1.208014965057373
"Connection broken for id 188978561024, my id = 1, error =","Connection broken for id <*>, my id = <*>, error =",Zookeeper,Unseen,"Connection broken for id <*>, my id = <*>, error = <*>",1.2157249450683594
"Connection broken for id 188978561024, my id = 1, error =","Connection broken for id <*>, my id = <*>, error =",Zookeeper,Unseen,"Connection broken for id <*>, my id = <*>, error = <*>",1.209017038345337
"Connection broken for id 188978561024, my id = 1, error =","Connection broken for id <*>, my id = <*>, error =",Zookeeper,Unseen,"Connection broken for id <*>, my id = <*>, error = <*>",1.2153844833374023
"Connection broken for id 188978561024, my id = 1, error =","Connection broken for id <*>, my id = <*>, error =",Zookeeper,Unseen,"Connection broken for id <*>, my id = <*>, error = <*>",1.2195532321929932
"Connection broken for id 188978561024, my id = 1, error =","Connection broken for id <*>, my id = <*>, error =",Zookeeper,Unseen,"Connection broken for id <*>, my id = <*>, error = <*>",1.2296500205993652
"Connection broken for id 188978561024, my id = 1, error =","Connection broken for id <*>, my id = <*>, error =",Zookeeper,Unseen,"Connection broken for id <*>, my id = <*>, error = <*>",1.2219727039337158
"Connection broken for id 188978561024, my id = 1, error =","Connection broken for id <*>, my id = <*>, error =",Zookeeper,Unseen,"Connection broken for id <*>, my id = <*>, error = <*>",1.2170774936676025
"Connection broken for id 188978561024, my id = 1, error =","Connection broken for id <*>, my id = <*>, error =",Zookeeper,Unseen,"Connection broken for id <*>, my id = <*>, error = <*>",1.2259025573730469
"Connection broken for id 188978561024, my id = 1, error =","Connection broken for id <*>, my id = <*>, error =",Zookeeper,Unseen,"Connection broken for id <*>, my id = <*>, error = <*>",1.227423906326294
"Connection broken for id 188978561024, my id = 1, error =","Connection broken for id <*>, my id = <*>, error =",Zookeeper,Unseen,"Connection broken for id <*>, my id = <*>, error = <*>",1.2052459716796875
"Connection broken for id 188978561024, my id = 1, error =","Connection broken for id <*>, my id = <*>, error =",Zookeeper,Unseen,"Connection broken for id <*>, my id = <*>, error = <*>",1.1970360279083252
"Connection broken for id 188978561024, my id = 1, error =","Connection broken for id <*>, my id = <*>, error =",Zookeeper,Unseen,"Connection broken for id <*>, my id = <*>, error = <*>",1.20198392868042
"Connection broken for id 188978561024, my id = 1, error =","Connection broken for id <*>, my id = <*>, error =",Zookeeper,Unseen,"Connection broken for id <*>, my id = <*>, error = <*>",1.2096364498138428
"Connection broken for id 188978561024, my id = 1, error =","Connection broken for id <*>, my id = <*>, error =",Zookeeper,Unseen,"Connection broken for id <*>, my id = <*>, error = <*>",1.2203302383422852
"Connection broken for id 188978561024, my id = 1, error =","Connection broken for id <*>, my id = <*>, error =",Zookeeper,Unseen,"Connection broken for id <*>, my id = <*>, error = <*>",1.2273073196411133
"Connection broken for id 188978561024, my id = 1, error =","Connection broken for id <*>, my id = <*>, error =",Zookeeper,Unseen,"Connection broken for id <*>, my id = <*>, error = <*>",1.2056915760040283
"Connection broken for id 188978561024, my id = 1, error =","Connection broken for id <*>, my id = <*>, error =",Zookeeper,Unseen,"Connection broken for id <*>, my id = <*>, error = <*>",1.2184545993804932
"Connection broken for id 188978561024, my id = 1, error =","Connection broken for id <*>, my id = <*>, error =",Zookeeper,Unseen,"Connection broken for id <*>, my id = <*>, error = <*>",1.2319226264953613
"Connection broken for id 188978561024, my id = 1, error =","Connection broken for id <*>, my id = <*>, error =",Zookeeper,Unseen,"Connection broken for id <*>, my id = <*>, error = <*>",1.2116289138793945
"Connection broken for id 188978561024, my id = 1, error =","Connection broken for id <*>, my id = <*>, error =",Zookeeper,Unseen,"Connection broken for id <*>, my id = <*>, error = <*>",1.207444190979004
"Connection broken for id 188978561024, my id = 1, error =","Connection broken for id <*>, my id = <*>, error =",Zookeeper,Unseen,"Connection broken for id <*>, my id = <*>, error = <*>",1.2100310325622559
"Connection broken for id 188978561024, my id = 1, error =","Connection broken for id <*>, my id = <*>, error =",Zookeeper,Unseen,"Connection broken for id <*>, my id = <*>, error = <*>",1.216620683670044
"Connection broken for id 188978561024, my id = 1, error =","Connection broken for id <*>, my id = <*>, error =",Zookeeper,Unseen,"Connection broken for id <*>, my id = <*>, error = <*>",1.2203307151794434
"Connection broken for id 188978561024, my id = 1, error =","Connection broken for id <*>, my id = <*>, error =",Zookeeper,Unseen,"Connection broken for id <*>, my id = <*>, error = <*>",1.2088971138000488
"Connection broken for id 188978561024, my id = 1, error =","Connection broken for id <*>, my id = <*>, error =",Zookeeper,Unseen,"Connection broken for id <*>, my id = <*>, error = <*>",1.2149078845977783
"Connection broken for id 188978561024, my id = 1, error =","Connection broken for id <*>, my id = <*>, error =",Zookeeper,Unseen,"Connection broken for id <*>, my id = <*>, error = <*>",1.1945905685424805
"Connection broken for id 188978561024, my id = 1, error =","Connection broken for id <*>, my id = <*>, error =",Zookeeper,Unseen,"Connection broken for id <*>, my id = <*>, error = <*>",1.2410340309143066
"Connection broken for id 188978561024, my id = 1, error =","Connection broken for id <*>, my id = <*>, error =",Zookeeper,Unseen,"Connection broken for id <*>, my id = <*>, error = <*>",1.2173120975494385
"Connection broken for id 188978561024, my id = 1, error =","Connection broken for id <*>, my id = <*>, error =",Zookeeper,Unseen,"Connection broken for id <*>, my id = <*>, error = <*>",1.2216153144836426
"Connection broken for id 188978561024, my id = 1, error =","Connection broken for id <*>, my id = <*>, error =",Zookeeper,Unseen,"Connection broken for id <*>, my id = <*>, error = <*>",1.208056926727295
"Connection broken for id 188978561024, my id = 1, error =","Connection broken for id <*>, my id = <*>, error =",Zookeeper,Unseen,"Connection broken for id <*>, my id = <*>, error = <*>",1.2165634632110596
"Connection broken for id 188978561024, my id = 1, error =","Connection broken for id <*>, my id = <*>, error =",Zookeeper,Unseen,"Connection broken for id <*>, my id = <*>, error = <*>",1.2153739929199219
"Connection broken for id 188978561024, my id = 1, error =","Connection broken for id <*>, my id = <*>, error =",Zookeeper,Unseen,"Connection broken for id <*>, my id = <*>, error = <*>",1.2079403400421143
"Connection broken for id 188978561024, my id = 1, error =","Connection broken for id <*>, my id = <*>, error =",Zookeeper,Unseen,"Connection broken for id <*>, my id = <*>, error = <*>",1.2237567901611328
"Connection broken for id 188978561024, my id = 1, error =","Connection broken for id <*>, my id = <*>, error =",Zookeeper,Unseen,"Connection broken for id <*>, my id = <*>, error = <*>",1.220628023147583
"Connection broken for id 188978561024, my id = 1, error =","Connection broken for id <*>, my id = <*>, error =",Zookeeper,Unseen,"Connection broken for id <*>, my id = <*>, error = <*>",1.2308590412139893
"Connection broken for id 188978561024, my id = 1, error =","Connection broken for id <*>, my id = <*>, error =",Zookeeper,Unseen,"Connection broken for id <*>, my id = <*>, error = <*>",1.238633155822754
"Connection broken for id 188978561024, my id = 1, error =","Connection broken for id <*>, my id = <*>, error =",Zookeeper,Unseen,"Connection broken for id <*>, my id = <*>, error = <*>",1.207960605621338
"Connection broken for id 188978561024, my id = 1, error =","Connection broken for id <*>, my id = <*>, error =",Zookeeper,Unseen,"Connection broken for id <*>, my id = <*>, error = <*>",1.201383113861084
"Connection broken for id 188978561024, my id = 1, error =","Connection broken for id <*>, my id = <*>, error =",Zookeeper,Unseen,"Connection broken for id <*>, my id = <*>, error = <*>",1.2115139961242676
"Connection broken for id 188978561024, my id = 1, error =","Connection broken for id <*>, my id = <*>, error =",Zookeeper,Unseen,"Connection broken for id <*>, my id = <*>, error = <*>",1.2100746631622314
"Connection broken for id 188978561024, my id = 1, error =","Connection broken for id <*>, my id = <*>, error =",Zookeeper,Unseen,"Connection broken for id <*>, my id = <*>, error = <*>",1.213735580444336
"Connection broken for id 188978561024, my id = 1, error =","Connection broken for id <*>, my id = <*>, error =",Zookeeper,Unseen,"Connection broken for id <*>, my id = <*>, error = <*>",1.2111282348632812
"Connection broken for id 188978561024, my id = 1, error =","Connection broken for id <*>, my id = <*>, error =",Zookeeper,Unseen,"Connection broken for id <*>, my id = <*>, error = <*>",1.2113564014434814
Server environment:user.dir=/,Server environment:<*>,Zookeeper,Unseen,Server environment:user.dir=<*>,0.7303652763366699
******* GOODBYE /10.10.34.12:35276 ********,******* GOODBYE <*>:<*> ********,Zookeeper,Unseen,******* GOODBYE <*>:<*> ********,0.9783272743225098
"Have smaller server identifier, so dropping the connection: (2, 1)","Have smaller server identifier, so dropping the connection: (<*>, <*>)",Zookeeper,Unseen,"Have smaller server identifier, so dropping the connection: (<*>, <*>)",1.2239010334014893
FOLLOWING,FOLLOWING,Zookeeper,Unseen,FOLLOWING,0.4244067668914795
Server environment:host.name=mesos-master-1,Server environment:<*>,Zookeeper,Unseen,Server environment:host.name=<*>,0.7283694744110107
Server environment:java.vendor=Oracle Corporation,Server environment:<*>,Zookeeper,Unseen,Server environment:java.vendor=<*>,0.7247910499572754
"Server environment:zookeeper.version=3.4.5--1, built on 06/10/2013 17:26 GMT",Server environment:<*>,Zookeeper,Unseen,"Server environment:zookeeper.version=<*>, built on <*>",1.1601428985595703
Server environment:user.name=zookeeper,Server environment:<*>,Zookeeper,Unseen,Server environment:user.name=<*>,0.7272744178771973
Server environment:os.name=Linux,Server environment:<*>,Zookeeper,Unseen,Server environment:os.name=<*>,0.7276580333709717
Exception causing close of session 0x0 due to java.io.IOException: ZooKeeperServer not running,Exception causing close of session <*> due to java.io.IOException: ZooKeeperServer not running,Zookeeper,Unseen,Exception causing close of session <*> due to java.io.IOException: ZooKeeperServer not running,1.5710642337799072
"Notification: 3 (n.leader), 0xb0000007b (n.zxid), 0x2 (n.round), LOOKING (n.state), 3 (n.sid), 0xb (n.peerEPoch), FOLLOWING (my state)","Notification: <*> (n.leader), <*> (n.zxid), <*> (n.round), LOOKING (n.state), <*> (n.sid), <*> (n.peerEPoch), FOLLOWING (my state)",Zookeeper,Unseen,"Notification: <*> (n.leader), <*> (n.zxid), <*> (n.round), LOOKING (n.state), <*> (n.sid), <*> (n.peerEPoch), FOLLOWING (my state)",3.711181163787842
"Connection broken for id 3, my id = 1, error =","Connection broken for id <*>, my id = <*>, error =",Zookeeper,Unseen,"Connection broken for id <*>, my id = <*>, error = <*>",1.222693681716919
Server environment:java.vendor=Oracle Corporation,Server environment:<*>,Zookeeper,Unseen,Server environment:java.vendor=<*>,0.7337369918823242
******* GOODBYE /10.10.34.11:52264 ********,******* GOODBYE <*>:<*> ********,Zookeeper,Unseen,******* GOODBYE <*>:<*> ********,0.9696259498596191
******* GOODBYE /10.10.34.11:52308 ********,******* GOODBYE <*>:<*> ********,Zookeeper,Unseen,******* GOODBYE <*>:<*> ********,0.9673514366149902
******* GOODBYE /10.10.34.12:59060 ********,******* GOODBYE <*>:<*> ********,Zookeeper,Unseen,******* GOODBYE <*>:<*> ********,0.954153299331665
******* GOODBYE /10.10.34.12:59103 ********,******* GOODBYE <*>:<*> ********,Zookeeper,Unseen,******* GOODBYE <*>:<*> ********,0.9614572525024414
******* GOODBYE /10.10.34.13:57247 ********,******* GOODBYE <*>:<*> ********,Zookeeper,Unseen,******* GOODBYE <*>:<*> ********,0.9721410274505615
******* GOODBYE /10.10.34.13:57319 ********,******* GOODBYE <*>:<*> ********,Zookeeper,Unseen,******* GOODBYE <*>:<*> ********,0.9656682014465332
******* GOODBYE /10.10.34.11:52476 ********,******* GOODBYE <*>:<*> ********,Zookeeper,Unseen,******* GOODBYE <*>:<*> ********,0.9620716571807861
******* GOODBYE /10.10.34.12:59203 ********,******* GOODBYE <*>:<*> ********,Zookeeper,Unseen,******* GOODBYE <*>:<*> ********,0.9553980827331543
******* GOODBYE /10.10.34.12:59211 ********,******* GOODBYE <*>:<*> ********,Zookeeper,Unseen,******* GOODBYE <*>:<*> ********,0.971790075302124
******* GOODBYE /10.10.34.11:52502 ********,******* GOODBYE <*>:<*> ********,Zookeeper,Unseen,******* GOODBYE <*>:<*> ********,0.9863996505737305
******* GOODBYE /10.10.34.13:57458 ********,******* GOODBYE <*>:<*> ********,Zookeeper,Unseen,******* GOODBYE <*>:<*> ********,0.9730124473571777
******* GOODBYE /10.10.34.13:57502 ********,******* GOODBYE <*>:<*> ********,Zookeeper,Unseen,******* GOODBYE <*>:<*> ********,0.9650864601135254
******* GOODBYE /10.10.34.11:52703 ********,******* GOODBYE <*>:<*> ********,Zookeeper,Unseen,******* GOODBYE <*>:<*> ********,0.9647340774536133
******* GOODBYE /10.10.34.12:59406 ********,******* GOODBYE <*>:<*> ********,Zookeeper,Unseen,******* GOODBYE <*>:<*> ********,0.9672908782958984
******* GOODBYE /10.10.34.13:57580 ********,******* GOODBYE <*>:<*> ********,Zookeeper,Unseen,******* GOODBYE <*>:<*> ********,0.9670979976654053
******* GOODBYE /10.10.34.11:52818 ********,******* GOODBYE <*>:<*> ********,Zookeeper,Unseen,******* GOODBYE <*>:<*> ********,0.9630520343780518
******* GOODBYE /10.10.34.11:52844 ********,******* GOODBYE <*>:<*> ********,Zookeeper,Unseen,******* GOODBYE <*>:<*> ********,0.9672601222991943
******* GOODBYE /10.10.34.13:57653 ********,******* GOODBYE <*>:<*> ********,Zookeeper,Unseen,******* GOODBYE <*>:<*> ********,0.9673433303833008
"Connection broken for id 188978561024, my id = 2, error =","Connection broken for id <*>, my id = <*>, error =",Zookeeper,Unseen,"Connection broken for id <*>, my id = <*>, error = <*>",1.2088158130645752
"Connection broken for id 188978561024, my id = 2, error =","Connection broken for id <*>, my id = <*>, error =",Zookeeper,Unseen,"Connection broken for id <*>, my id = <*>, error = <*>",1.2107207775115967
"Connection broken for id 188978561024, my id = 2, error =","Connection broken for id <*>, my id = <*>, error =",Zookeeper,Unseen,"Connection broken for id <*>, my id = <*>, error = <*>",1.2089221477508545
"Connection broken for id 188978561024, my id = 2, error =","Connection broken for id <*>, my id = <*>, error =",Zookeeper,Unseen,"Connection broken for id <*>, my id = <*>, error = <*>",1.2222867012023926
"Connection broken for id 188978561024, my id = 2, error =","Connection broken for id <*>, my id = <*>, error =",Zookeeper,Unseen,"Connection broken for id <*>, my id = <*>, error = <*>",1.209514856338501
"Connection broken for id 188978561024, my id = 2, error =","Connection broken for id <*>, my id = <*>, error =",Zookeeper,Unseen,"Connection broken for id <*>, my id = <*>, error = <*>",1.2035937309265137
"Connection broken for id 188978561024, my id = 2, error =","Connection broken for id <*>, my id = <*>, error =",Zookeeper,Unseen,"Connection broken for id <*>, my id = <*>, error = <*>",1.20346999168396
"Connection broken for id 188978561024, my id = 2, error =","Connection broken for id <*>, my id = <*>, error =",Zookeeper,Unseen,"Connection broken for id <*>, my id = <*>, error = <*>",1.2180492877960205
"Connection broken for id 188978561024, my id = 2, error =","Connection broken for id <*>, my id = <*>, error =",Zookeeper,Unseen,"Connection broken for id <*>, my id = <*>, error = <*>",1.1984686851501465
"Connection broken for id 188978561024, my id = 2, error =","Connection broken for id <*>, my id = <*>, error =",Zookeeper,Unseen,"Connection broken for id <*>, my id = <*>, error = <*>",1.2057514190673828
"Connection broken for id 188978561024, my id = 2, error =","Connection broken for id <*>, my id = <*>, error =",Zookeeper,Unseen,"Connection broken for id <*>, my id = <*>, error = <*>",1.2033605575561523
"Connection broken for id 188978561024, my id = 2, error =","Connection broken for id <*>, my id = <*>, error =",Zookeeper,Unseen,"Connection broken for id <*>, my id = <*>, error = <*>",1.20670485496521
"Connection broken for id 188978561024, my id = 2, error =","Connection broken for id <*>, my id = <*>, error =",Zookeeper,Unseen,"Connection broken for id <*>, my id = <*>, error = <*>",1.2219483852386475
"Connection broken for id 188978561024, my id = 2, error =","Connection broken for id <*>, my id = <*>, error =",Zookeeper,Unseen,"Connection broken for id <*>, my id = <*>, error = <*>",1.2237813472747803
"Connection broken for id 188978561024, my id = 2, error =","Connection broken for id <*>, my id = <*>, error =",Zookeeper,Unseen,"Connection broken for id <*>, my id = <*>, error = <*>",1.196810007095337
"Connection broken for id 188978561024, my id = 2, error =","Connection broken for id <*>, my id = <*>, error =",Zookeeper,Unseen,"Connection broken for id <*>, my id = <*>, error = <*>",1.2037529945373535
"Connection broken for id 188978561024, my id = 2, error =","Connection broken for id <*>, my id = <*>, error =",Zookeeper,Unseen,"Connection broken for id <*>, my id = <*>, error = <*>",1.2045905590057373
"Connection broken for id 188978561024, my id = 2, error =","Connection broken for id <*>, my id = <*>, error =",Zookeeper,Unseen,"Connection broken for id <*>, my id = <*>, error = <*>",1.2072138786315918
"Connection broken for id 188978561024, my id = 2, error =","Connection broken for id <*>, my id = <*>, error =",Zookeeper,Unseen,"Connection broken for id <*>, my id = <*>, error = <*>",1.2006690502166748
"Connection broken for id 188978561024, my id = 2, error =","Connection broken for id <*>, my id = <*>, error =",Zookeeper,Unseen,"Connection broken for id <*>, my id = <*>, error = <*>",1.203549861907959
"Connection broken for id 188978561024, my id = 2, error =","Connection broken for id <*>, my id = <*>, error =",Zookeeper,Unseen,"Connection broken for id <*>, my id = <*>, error = <*>",1.2068023681640625
"Connection broken for id 188978561024, my id = 2, error =","Connection broken for id <*>, my id = <*>, error =",Zookeeper,Unseen,"Connection broken for id <*>, my id = <*>, error = <*>",1.2208352088928223
"Connection broken for id 188978561024, my id = 2, error =","Connection broken for id <*>, my id = <*>, error =",Zookeeper,Unseen,"Connection broken for id <*>, my id = <*>, error = <*>",1.22552490234375
"Connection broken for id 188978561024, my id = 2, error =","Connection broken for id <*>, my id = <*>, error =",Zookeeper,Unseen,"Connection broken for id <*>, my id = <*>, error = <*>",1.2074508666992188
"Connection broken for id 188978561024, my id = 2, error =","Connection broken for id <*>, my id = <*>, error =",Zookeeper,Unseen,"Connection broken for id <*>, my id = <*>, error = <*>",1.2134101390838623
"Connection broken for id 188978561024, my id = 2, error =","Connection broken for id <*>, my id = <*>, error =",Zookeeper,Unseen,"Connection broken for id <*>, my id = <*>, error = <*>",1.1996495723724365
"Connection broken for id 188978561024, my id = 2, error =","Connection broken for id <*>, my id = <*>, error =",Zookeeper,Unseen,"Connection broken for id <*>, my id = <*>, error = <*>",1.1982200145721436
"Connection broken for id 188978561024, my id = 2, error =","Connection broken for id <*>, my id = <*>, error =",Zookeeper,Unseen,"Connection broken for id <*>, my id = <*>, error = <*>",1.1979808807373047
"Connection broken for id 188978561024, my id = 2, error =","Connection broken for id <*>, my id = <*>, error =",Zookeeper,Unseen,"Connection broken for id <*>, my id = <*>, error = <*>",1.2052454948425293
"Connection broken for id 188978561024, my id = 2, error =","Connection broken for id <*>, my id = <*>, error =",Zookeeper,Unseen,"Connection broken for id <*>, my id = <*>, error = <*>",1.2034924030303955
"Connection broken for id 188978561024, my id = 2, error =","Connection broken for id <*>, my id = <*>, error =",Zookeeper,Unseen,"Connection broken for id <*>, my id = <*>, error = <*>",1.2022490501403809
"Connection broken for id 188978561024, my id = 2, error =","Connection broken for id <*>, my id = <*>, error =",Zookeeper,Unseen,"Connection broken for id <*>, my id = <*>, error = <*>",1.2267870903015137
"Connection broken for id 188978561024, my id = 2, error =","Connection broken for id <*>, my id = <*>, error =",Zookeeper,Unseen,"Connection broken for id <*>, my id = <*>, error = <*>",1.2251167297363281
"Connection broken for id 188978561024, my id = 2, error =","Connection broken for id <*>, my id = <*>, error =",Zookeeper,Unseen,"Connection broken for id <*>, my id = <*>, error = <*>",1.2084059715270996
"Connection broken for id 188978561024, my id = 2, error =","Connection broken for id <*>, my id = <*>, error =",Zookeeper,Unseen,"Connection broken for id <*>, my id = <*>, error = <*>",1.2072701454162598
"Connection broken for id 188978561024, my id = 2, error =","Connection broken for id <*>, my id = <*>, error =",Zookeeper,Unseen,"Connection broken for id <*>, my id = <*>, error = <*>",1.2024550437927246
"Connection broken for id 188978561024, my id = 2, error =","Connection broken for id <*>, my id = <*>, error =",Zookeeper,Unseen,"Connection broken for id <*>, my id = <*>, error = <*>",1.2007126808166504
"Connection broken for id 188978561024, my id = 2, error =","Connection broken for id <*>, my id = <*>, error =",Zookeeper,Unseen,"Connection broken for id <*>, my id = <*>, error = <*>",1.1995258331298828
"Connection broken for id 188978561024, my id = 2, error =","Connection broken for id <*>, my id = <*>, error =",Zookeeper,Unseen,"Connection broken for id <*>, my id = <*>, error = <*>",1.2088079452514648
"Connection broken for id 188978561024, my id = 2, error =","Connection broken for id <*>, my id = <*>, error =",Zookeeper,Unseen,"Connection broken for id <*>, my id = <*>, error = <*>",1.2112834453582764
"Connection broken for id 188978561024, my id = 2, error =","Connection broken for id <*>, my id = <*>, error =",Zookeeper,Unseen,"Connection broken for id <*>, my id = <*>, error = <*>",1.2124629020690918
"Connection broken for id 188978561024, my id = 2, error =","Connection broken for id <*>, my id = <*>, error =",Zookeeper,Unseen,"Connection broken for id <*>, my id = <*>, error = <*>",1.2358043193817139
"Connection broken for id 188978561024, my id = 2, error =","Connection broken for id <*>, my id = <*>, error =",Zookeeper,Unseen,"Connection broken for id <*>, my id = <*>, error = <*>",1.2180378437042236
"Connection broken for id 188978561024, my id = 2, error =","Connection broken for id <*>, my id = <*>, error =",Zookeeper,Unseen,"Connection broken for id <*>, my id = <*>, error = <*>",1.1900570392608643
"Connection broken for id 188978561024, my id = 2, error =","Connection broken for id <*>, my id = <*>, error =",Zookeeper,Unseen,"Connection broken for id <*>, my id = <*>, error = <*>",1.2043335437774658
"Connection broken for id 188978561024, my id = 2, error =","Connection broken for id <*>, my id = <*>, error =",Zookeeper,Unseen,"Connection broken for id <*>, my id = <*>, error = <*>",1.2109146118164062
"Connection broken for id 188978561024, my id = 2, error =","Connection broken for id <*>, my id = <*>, error =",Zookeeper,Unseen,"Connection broken for id <*>, my id = <*>, error = <*>",1.2024672031402588
"Connection broken for id 188978561024, my id = 2, error =","Connection broken for id <*>, my id = <*>, error =",Zookeeper,Unseen,"Connection broken for id <*>, my id = <*>, error = <*>",1.210984230041504
"Connection broken for id 188978561024, my id = 2, error =","Connection broken for id <*>, my id = <*>, error =",Zookeeper,Unseen,"Connection broken for id <*>, my id = <*>, error = <*>",1.2064497470855713
"Connection broken for id 188978561024, my id = 2, error =","Connection broken for id <*>, my id = <*>, error =",Zookeeper,Unseen,"Connection broken for id <*>, my id = <*>, error = <*>",1.2192621231079102
"Connection broken for id 188978561024, my id = 2, error =","Connection broken for id <*>, my id = <*>, error =",Zookeeper,Unseen,"Connection broken for id <*>, my id = <*>, error = <*>",1.247079610824585
"Connection broken for id 188978561024, my id = 2, error =","Connection broken for id <*>, my id = <*>, error =",Zookeeper,Unseen,"Connection broken for id <*>, my id = <*>, error = <*>",1.2474679946899414
"Connection broken for id 188978561024, my id = 2, error =","Connection broken for id <*>, my id = <*>, error =",Zookeeper,Unseen,"Connection broken for id <*>, my id = <*>, error = <*>",1.2205140590667725
"Connection broken for id 188978561024, my id = 2, error =","Connection broken for id <*>, my id = <*>, error =",Zookeeper,Unseen,"Connection broken for id <*>, my id = <*>, error = <*>",1.208061933517456
"Connection broken for id 188978561024, my id = 2, error =","Connection broken for id <*>, my id = <*>, error =",Zookeeper,Unseen,"Connection broken for id <*>, my id = <*>, error = <*>",1.2190005779266357
"Connection broken for id 188978561024, my id = 2, error =","Connection broken for id <*>, my id = <*>, error =",Zookeeper,Unseen,"Connection broken for id <*>, my id = <*>, error = <*>",1.2081663608551025
"Connection broken for id 188978561024, my id = 2, error =","Connection broken for id <*>, my id = <*>, error =",Zookeeper,Unseen,"Connection broken for id <*>, my id = <*>, error = <*>",1.2180509567260742
"Connection broken for id 188978561024, my id = 2, error =","Connection broken for id <*>, my id = <*>, error =",Zookeeper,Unseen,"Connection broken for id <*>, my id = <*>, error = <*>",1.218761920928955
"Connection broken for id 188978561024, my id = 2, error =","Connection broken for id <*>, my id = <*>, error =",Zookeeper,Unseen,"Connection broken for id <*>, my id = <*>, error = <*>",1.2069060802459717
"Connection broken for id 188978561024, my id = 2, error =","Connection broken for id <*>, my id = <*>, error =",Zookeeper,Unseen,"Connection broken for id <*>, my id = <*>, error = <*>",1.2268874645233154
"Connection broken for id 188978561024, my id = 2, error =","Connection broken for id <*>, my id = <*>, error =",Zookeeper,Unseen,"Connection broken for id <*>, my id = <*>, error = <*>",1.2422990798950195
"Connection broken for id 188978561024, my id = 2, error =","Connection broken for id <*>, my id = <*>, error =",Zookeeper,Unseen,"Connection broken for id <*>, my id = <*>, error = <*>",1.2165162563323975
"Connection broken for id 188978561024, my id = 2, error =","Connection broken for id <*>, my id = <*>, error =",Zookeeper,Unseen,"Connection broken for id <*>, my id = <*>, error = <*>",1.2129359245300293
"Connection broken for id 188978561024, my id = 2, error =","Connection broken for id <*>, my id = <*>, error =",Zookeeper,Unseen,"Connection broken for id <*>, my id = <*>, error = <*>",1.20021653175354
"Connection broken for id 188978561024, my id = 2, error =","Connection broken for id <*>, my id = <*>, error =",Zookeeper,Unseen,"Connection broken for id <*>, my id = <*>, error = <*>",1.2068428993225098
"Connection broken for id 188978561024, my id = 2, error =","Connection broken for id <*>, my id = <*>, error =",Zookeeper,Unseen,"Connection broken for id <*>, my id = <*>, error = <*>",1.215735912322998
"Connection broken for id 188978561024, my id = 2, error =","Connection broken for id <*>, my id = <*>, error =",Zookeeper,Unseen,"Connection broken for id <*>, my id = <*>, error = <*>",1.2114410400390625
"Connection broken for id 188978561024, my id = 2, error =","Connection broken for id <*>, my id = <*>, error =",Zookeeper,Unseen,"Connection broken for id <*>, my id = <*>, error = <*>",1.208202838897705
"Connection broken for id 188978561024, my id = 2, error =","Connection broken for id <*>, my id = <*>, error =",Zookeeper,Unseen,"Connection broken for id <*>, my id = <*>, error = <*>",1.2065768241882324
"Connection broken for id 188978561024, my id = 2, error =","Connection broken for id <*>, my id = <*>, error =",Zookeeper,Unseen,"Connection broken for id <*>, my id = <*>, error = <*>",1.2503185272216797
"Connection broken for id 188978561024, my id = 2, error =","Connection broken for id <*>, my id = <*>, error =",Zookeeper,Unseen,"Connection broken for id <*>, my id = <*>, error = <*>",1.2299699783325195
"Connection broken for id 188978561024, my id = 2, error =","Connection broken for id <*>, my id = <*>, error =",Zookeeper,Unseen,"Connection broken for id <*>, my id = <*>, error = <*>",1.2298808097839355
"Connection broken for id 188978561024, my id = 2, error =","Connection broken for id <*>, my id = <*>, error =",Zookeeper,Unseen,"Connection broken for id <*>, my id = <*>, error = <*>",1.2088735103607178
"Connection broken for id 188978561024, my id = 2, error =","Connection broken for id <*>, my id = <*>, error =",Zookeeper,Unseen,"Connection broken for id <*>, my id = <*>, error = <*>",1.2144672870635986
"Connection broken for id 188978561024, my id = 2, error =","Connection broken for id <*>, my id = <*>, error =",Zookeeper,Unseen,"Connection broken for id <*>, my id = <*>, error = <*>",1.2044994831085205
"Connection broken for id 188978561024, my id = 2, error =","Connection broken for id <*>, my id = <*>, error =",Zookeeper,Unseen,"Connection broken for id <*>, my id = <*>, error = <*>",1.2044227123260498
"Connection broken for id 188978561024, my id = 2, error =","Connection broken for id <*>, my id = <*>, error =",Zookeeper,Unseen,"Connection broken for id <*>, my id = <*>, error = <*>",1.2043843269348145
"Connection broken for id 188978561024, my id = 2, error =","Connection broken for id <*>, my id = <*>, error =",Zookeeper,Unseen,"Connection broken for id <*>, my id = <*>, error = <*>",1.2069189548492432
"Connection broken for id 188978561024, my id = 2, error =","Connection broken for id <*>, my id = <*>, error =",Zookeeper,Unseen,"Connection broken for id <*>, my id = <*>, error = <*>",1.2227251529693604
"Connection broken for id 188978561024, my id = 2, error =","Connection broken for id <*>, my id = <*>, error =",Zookeeper,Unseen,"Connection broken for id <*>, my id = <*>, error = <*>",1.238204002380371
"Connection broken for id 188978561024, my id = 2, error =","Connection broken for id <*>, my id = <*>, error =",Zookeeper,Unseen,"Connection broken for id <*>, my id = <*>, error = <*>",1.2055776119232178
"Connection broken for id 188978561024, my id = 2, error =","Connection broken for id <*>, my id = <*>, error =",Zookeeper,Unseen,"Connection broken for id <*>, my id = <*>, error = <*>",1.2254021167755127
"Connection broken for id 188978561024, my id = 2, error =","Connection broken for id <*>, my id = <*>, error =",Zookeeper,Unseen,"Connection broken for id <*>, my id = <*>, error = <*>",1.2135043144226074
"Connection broken for id 188978561024, my id = 2, error =","Connection broken for id <*>, my id = <*>, error =",Zookeeper,Unseen,"Connection broken for id <*>, my id = <*>, error = <*>",1.2138440608978271
"Connection broken for id 188978561024, my id = 2, error =","Connection broken for id <*>, my id = <*>, error =",Zookeeper,Unseen,"Connection broken for id <*>, my id = <*>, error = <*>",1.2044057846069336
"Connection broken for id 188978561024, my id = 2, error =","Connection broken for id <*>, my id = <*>, error =",Zookeeper,Unseen,"Connection broken for id <*>, my id = <*>, error = <*>",1.211878776550293
"Connection broken for id 188978561024, my id = 2, error =","Connection broken for id <*>, my id = <*>, error =",Zookeeper,Unseen,"Connection broken for id <*>, my id = <*>, error = <*>",1.2108838558197021
"Connection broken for id 188978561024, my id = 2, error =","Connection broken for id <*>, my id = <*>, error =",Zookeeper,Unseen,"Connection broken for id <*>, my id = <*>, error = <*>",1.2118451595306396
"Connection broken for id 188978561024, my id = 2, error =","Connection broken for id <*>, my id = <*>, error =",Zookeeper,Unseen,"Connection broken for id <*>, my id = <*>, error = <*>",1.228691816329956
"Connection broken for id 188978561024, my id = 2, error =","Connection broken for id <*>, my id = <*>, error =",Zookeeper,Unseen,"Connection broken for id <*>, my id = <*>, error = <*>",1.2168102264404297
"Connection broken for id 188978561024, my id = 2, error =","Connection broken for id <*>, my id = <*>, error =",Zookeeper,Unseen,"Connection broken for id <*>, my id = <*>, error = <*>",1.2249424457550049
"Connection broken for id 188978561024, my id = 2, error =","Connection broken for id <*>, my id = <*>, error =",Zookeeper,Unseen,"Connection broken for id <*>, my id = <*>, error = <*>",1.2183923721313477
"Connection broken for id 188978561024, my id = 2, error =","Connection broken for id <*>, my id = <*>, error =",Zookeeper,Unseen,"Connection broken for id <*>, my id = <*>, error = <*>",1.2066624164581299
"Connection broken for id 188978561024, my id = 2, error =","Connection broken for id <*>, my id = <*>, error =",Zookeeper,Unseen,"Connection broken for id <*>, my id = <*>, error = <*>",1.1893925666809082
"Connection broken for id 188978561024, my id = 2, error =","Connection broken for id <*>, my id = <*>, error =",Zookeeper,Unseen,"Connection broken for id <*>, my id = <*>, error = <*>",1.2051386833190918
"Connection broken for id 188978561024, my id = 2, error =","Connection broken for id <*>, my id = <*>, error =",Zookeeper,Unseen,"Connection broken for id <*>, my id = <*>, error = <*>",1.201913595199585
FOLLOWING,FOLLOWING,Zookeeper,Unseen,FOLLOWING,0.42617321014404297
Server environment:java.class.path=/etc/zookeeper/conf:/usr/share/java/jline.jar:/usr/share/java/log4j-1.2.jar:/usr/share/java/xercesImpl.jar:/usr/share/java/xmlParserAPIs.jar:/usr/share/java/netty.jar:/usr/share/java/slf4j-api.jar:/usr/share/java/slf4j-log4j12.jar:/usr/share/java/zookeeper.jar,Server environment:<*>,Zookeeper,Unseen,Server environment:java.class.path=<*>:<*>:<*>:<*>:<*>:<*>:<*>:<*>,2.1442551612854004
"Notification: 2 (n.leader), 0xa0000009a (n.zxid), 0x1 (n.round), FOLLOWING (n.state), 1 (n.sid), 0xa (n.peerEPoch), LEADING (my state)","Notification: <*> (n.leader), <*> (n.zxid), <*> (n.round), FOLLOWING (n.state), <*> (n.sid), <*> (n.peerEPoch), LEADING (my state)",Zookeeper,Unseen,"Notification: <*> (n.leader), <*> (n.zxid), <*> (n.round), FOLLOWING (n.state), <*> (n.sid), <*> (n.peerEPoch), LEADING (my state)",3.7504518032073975
shutdown of request processor complete,shutdown of request processor complete,Zookeeper,Unseen,shutdown of request processor complete,0.553969144821167
Exception causing close of session 0x0 due to java.io.IOException: ZooKeeperServer not running,Exception causing close of session <*> due to java.io.IOException: ZooKeeperServer not running,Zookeeper,Unseen,Exception causing close of session <*> due to java.io.IOException: ZooKeeperServer not running,1.5733087062835693
Exception causing close of session 0x0 due to java.io.IOException: ZooKeeperServer not running,Exception causing close of session <*> due to java.io.IOException: ZooKeeperServer not running,Zookeeper,Unseen,Exception causing close of session <*> due to java.io.IOException: ZooKeeperServer not running,1.5633528232574463
"Connection broken for id 188978561024, my id = 3, error =","Connection broken for id <*>, my id = <*>, error =",Zookeeper,Unseen,"Connection broken for id <*>, my id = <*>, error = <*>",1.2042279243469238
"Connection broken for id 188978561024, my id = 3, error =","Connection broken for id <*>, my id = <*>, error =",Zookeeper,Unseen,"Connection broken for id <*>, my id = <*>, error = <*>",1.2122950553894043
"Connection broken for id 188978561024, my id = 3, error =","Connection broken for id <*>, my id = <*>, error =",Zookeeper,Unseen,"Connection broken for id <*>, my id = <*>, error = <*>",1.2284636497497559
"Connection broken for id 188978561024, my id = 3, error =","Connection broken for id <*>, my id = <*>, error =",Zookeeper,Unseen,"Connection broken for id <*>, my id = <*>, error = <*>",1.2175426483154297
"Connection broken for id 188978561024, my id = 3, error =","Connection broken for id <*>, my id = <*>, error =",Zookeeper,Unseen,"Connection broken for id <*>, my id = <*>, error = <*>",1.2141327857971191
"Connection broken for id 188978561024, my id = 3, error =","Connection broken for id <*>, my id = <*>, error =",Zookeeper,Unseen,"Connection broken for id <*>, my id = <*>, error = <*>",1.2227060794830322
"Connection broken for id 188978561024, my id = 3, error =","Connection broken for id <*>, my id = <*>, error =",Zookeeper,Unseen,"Connection broken for id <*>, my id = <*>, error = <*>",1.2300739288330078
"Connection broken for id 188978561024, my id = 3, error =","Connection broken for id <*>, my id = <*>, error =",Zookeeper,Unseen,"Connection broken for id <*>, my id = <*>, error = <*>",1.215247631072998
"Connection broken for id 188978561024, my id = 3, error =","Connection broken for id <*>, my id = <*>, error =",Zookeeper,Unseen,"Connection broken for id <*>, my id = <*>, error = <*>",1.2063052654266357
"Connection broken for id 188978561024, my id = 3, error =","Connection broken for id <*>, my id = <*>, error =",Zookeeper,Unseen,"Connection broken for id <*>, my id = <*>, error = <*>",1.2148957252502441
"Connection broken for id 188978561024, my id = 3, error =","Connection broken for id <*>, my id = <*>, error =",Zookeeper,Unseen,"Connection broken for id <*>, my id = <*>, error = <*>",1.222153902053833
"Connection broken for id 188978561024, my id = 3, error =","Connection broken for id <*>, my id = <*>, error =",Zookeeper,Unseen,"Connection broken for id <*>, my id = <*>, error = <*>",1.205198049545288
"Connection broken for id 188978561024, my id = 3, error =","Connection broken for id <*>, my id = <*>, error =",Zookeeper,Unseen,"Connection broken for id <*>, my id = <*>, error = <*>",1.2498981952667236
"Connection broken for id 188978561024, my id = 3, error =","Connection broken for id <*>, my id = <*>, error =",Zookeeper,Unseen,"Connection broken for id <*>, my id = <*>, error = <*>",1.2079930305480957
"Connection broken for id 188978561024, my id = 3, error =","Connection broken for id <*>, my id = <*>, error =",Zookeeper,Unseen,"Connection broken for id <*>, my id = <*>, error = <*>",1.2068252563476562
"Connection broken for id 188978561024, my id = 3, error =","Connection broken for id <*>, my id = <*>, error =",Zookeeper,Unseen,"Connection broken for id <*>, my id = <*>, error = <*>",1.2192747592926025
"Connection broken for id 188978561024, my id = 3, error =","Connection broken for id <*>, my id = <*>, error =",Zookeeper,Unseen,"Connection broken for id <*>, my id = <*>, error = <*>",1.2263689041137695
"Connection broken for id 188978561024, my id = 3, error =","Connection broken for id <*>, my id = <*>, error =",Zookeeper,Unseen,"Connection broken for id <*>, my id = <*>, error = <*>",1.2123711109161377
"Connection broken for id 188978561024, my id = 3, error =","Connection broken for id <*>, my id = <*>, error =",Zookeeper,Unseen,"Connection broken for id <*>, my id = <*>, error = <*>",1.2100610733032227
"Connection broken for id 188978561024, my id = 3, error =","Connection broken for id <*>, my id = <*>, error =",Zookeeper,Unseen,"Connection broken for id <*>, my id = <*>, error = <*>",1.212693452835083
"Connection broken for id 188978561024, my id = 3, error =","Connection broken for id <*>, my id = <*>, error =",Zookeeper,Unseen,"Connection broken for id <*>, my id = <*>, error = <*>",1.2176260948181152
"Connection broken for id 188978561024, my id = 3, error =","Connection broken for id <*>, my id = <*>, error =",Zookeeper,Unseen,"Connection broken for id <*>, my id = <*>, error = <*>",1.2286126613616943
"Connection broken for id 188978561024, my id = 3, error =","Connection broken for id <*>, my id = <*>, error =",Zookeeper,Unseen,"Connection broken for id <*>, my id = <*>, error = <*>",1.2291316986083984
"Connection broken for id 188978561024, my id = 3, error =","Connection broken for id <*>, my id = <*>, error =",Zookeeper,Unseen,"Connection broken for id <*>, my id = <*>, error = <*>",1.2202739715576172
"Connection broken for id 188978561024, my id = 3, error =","Connection broken for id <*>, my id = <*>, error =",Zookeeper,Unseen,"Connection broken for id <*>, my id = <*>, error = <*>",1.2134461402893066
"Connection broken for id 188978561024, my id = 3, error =","Connection broken for id <*>, my id = <*>, error =",Zookeeper,Unseen,"Connection broken for id <*>, my id = <*>, error = <*>",1.2206287384033203
"Connection broken for id 188978561024, my id = 3, error =","Connection broken for id <*>, my id = <*>, error =",Zookeeper,Unseen,"Connection broken for id <*>, my id = <*>, error = <*>",1.2299504280090332
"Connection broken for id 188978561024, my id = 3, error =","Connection broken for id <*>, my id = <*>, error =",Zookeeper,Unseen,"Connection broken for id <*>, my id = <*>, error = <*>",1.2135546207427979
"Connection broken for id 188978561024, my id = 3, error =","Connection broken for id <*>, my id = <*>, error =",Zookeeper,Unseen,"Connection broken for id <*>, my id = <*>, error = <*>",1.2180747985839844
"Connection broken for id 188978561024, my id = 3, error =","Connection broken for id <*>, my id = <*>, error =",Zookeeper,Unseen,"Connection broken for id <*>, my id = <*>, error = <*>",1.2172856330871582
"Connection broken for id 188978561024, my id = 3, error =","Connection broken for id <*>, my id = <*>, error =",Zookeeper,Unseen,"Connection broken for id <*>, my id = <*>, error = <*>",1.2160649299621582
"Connection broken for id 188978561024, my id = 3, error =","Connection broken for id <*>, my id = <*>, error =",Zookeeper,Unseen,"Connection broken for id <*>, my id = <*>, error = <*>",1.2246851921081543
"Connection broken for id 188978561024, my id = 3, error =","Connection broken for id <*>, my id = <*>, error =",Zookeeper,Unseen,"Connection broken for id <*>, my id = <*>, error = <*>",1.2045061588287354
"Connection broken for id 188978561024, my id = 3, error =","Connection broken for id <*>, my id = <*>, error =",Zookeeper,Unseen,"Connection broken for id <*>, my id = <*>, error = <*>",1.212878942489624
"Connection broken for id 188978561024, my id = 3, error =","Connection broken for id <*>, my id = <*>, error =",Zookeeper,Unseen,"Connection broken for id <*>, my id = <*>, error = <*>",1.2148377895355225
"Connection broken for id 188978561024, my id = 3, error =","Connection broken for id <*>, my id = <*>, error =",Zookeeper,Unseen,"Connection broken for id <*>, my id = <*>, error = <*>",1.2252347469329834
"Connection broken for id 188978561024, my id = 3, error =","Connection broken for id <*>, my id = <*>, error =",Zookeeper,Unseen,"Connection broken for id <*>, my id = <*>, error = <*>",1.2175328731536865
"Connection broken for id 188978561024, my id = 3, error =","Connection broken for id <*>, my id = <*>, error =",Zookeeper,Unseen,"Connection broken for id <*>, my id = <*>, error = <*>",1.211991310119629
"Connection broken for id 188978561024, my id = 3, error =","Connection broken for id <*>, my id = <*>, error =",Zookeeper,Unseen,"Connection broken for id <*>, my id = <*>, error = <*>",1.2024967670440674
"Connection broken for id 188978561024, my id = 3, error =","Connection broken for id <*>, my id = <*>, error =",Zookeeper,Unseen,"Connection broken for id <*>, my id = <*>, error = <*>",1.1944873332977295
"Connection broken for id 188978561024, my id = 3, error =","Connection broken for id <*>, my id = <*>, error =",Zookeeper,Unseen,"Connection broken for id <*>, my id = <*>, error = <*>",1.2146382331848145
"Connection broken for id 188978561024, my id = 3, error =","Connection broken for id <*>, my id = <*>, error =",Zookeeper,Unseen,"Connection broken for id <*>, my id = <*>, error = <*>",1.219355583190918
"Connection broken for id 188978561024, my id = 3, error =","Connection broken for id <*>, my id = <*>, error =",Zookeeper,Unseen,"Connection broken for id <*>, my id = <*>, error = <*>",1.2088723182678223
"Connection broken for id 188978561024, my id = 3, error =","Connection broken for id <*>, my id = <*>, error =",Zookeeper,Unseen,"Connection broken for id <*>, my id = <*>, error = <*>",1.211026906967163
"Connection broken for id 188978561024, my id = 3, error =","Connection broken for id <*>, my id = <*>, error =",Zookeeper,Unseen,"Connection broken for id <*>, my id = <*>, error = <*>",1.2270433902740479
"Connection broken for id 188978561024, my id = 3, error =","Connection broken for id <*>, my id = <*>, error =",Zookeeper,Unseen,"Connection broken for id <*>, my id = <*>, error = <*>",1.2115159034729004
"Connection broken for id 188978561024, my id = 3, error =","Connection broken for id <*>, my id = <*>, error =",Zookeeper,Unseen,"Connection broken for id <*>, my id = <*>, error = <*>",1.1988890171051025
"Connection broken for id 188978561024, my id = 3, error =","Connection broken for id <*>, my id = <*>, error =",Zookeeper,Unseen,"Connection broken for id <*>, my id = <*>, error = <*>",1.2184510231018066
"Connection broken for id 188978561024, my id = 3, error =","Connection broken for id <*>, my id = <*>, error =",Zookeeper,Unseen,"Connection broken for id <*>, my id = <*>, error = <*>",1.210644245147705
"Connection broken for id 188978561024, my id = 3, error =","Connection broken for id <*>, my id = <*>, error =",Zookeeper,Unseen,"Connection broken for id <*>, my id = <*>, error = <*>",1.2272381782531738
"Connection broken for id 188978561024, my id = 3, error =","Connection broken for id <*>, my id = <*>, error =",Zookeeper,Unseen,"Connection broken for id <*>, my id = <*>, error = <*>",1.2361035346984863
"Connection broken for id 188978561024, my id = 3, error =","Connection broken for id <*>, my id = <*>, error =",Zookeeper,Unseen,"Connection broken for id <*>, my id = <*>, error = <*>",1.2145071029663086
"Connection broken for id 188978561024, my id = 3, error =","Connection broken for id <*>, my id = <*>, error =",Zookeeper,Unseen,"Connection broken for id <*>, my id = <*>, error = <*>",1.2174890041351318
"Connection broken for id 188978561024, my id = 3, error =","Connection broken for id <*>, my id = <*>, error =",Zookeeper,Unseen,"Connection broken for id <*>, my id = <*>, error = <*>",1.209228277206421
"Connection broken for id 188978561024, my id = 3, error =","Connection broken for id <*>, my id = <*>, error =",Zookeeper,Unseen,"Connection broken for id <*>, my id = <*>, error = <*>",1.2156636714935303
"Connection broken for id 188978561024, my id = 3, error =","Connection broken for id <*>, my id = <*>, error =",Zookeeper,Unseen,"Connection broken for id <*>, my id = <*>, error = <*>",1.220641851425171
"Connection broken for id 188978561024, my id = 3, error =","Connection broken for id <*>, my id = <*>, error =",Zookeeper,Unseen,"Connection broken for id <*>, my id = <*>, error = <*>",1.2072789669036865
"Connection broken for id 188978561024, my id = 3, error =","Connection broken for id <*>, my id = <*>, error =",Zookeeper,Unseen,"Connection broken for id <*>, my id = <*>, error = <*>",1.2082996368408203
"Connection broken for id 188978561024, my id = 3, error =","Connection broken for id <*>, my id = <*>, error =",Zookeeper,Unseen,"Connection broken for id <*>, my id = <*>, error = <*>",1.2161672115325928
"Connection broken for id 188978561024, my id = 3, error =","Connection broken for id <*>, my id = <*>, error =",Zookeeper,Unseen,"Connection broken for id <*>, my id = <*>, error = <*>",1.2343592643737793
"Connection broken for id 188978561024, my id = 3, error =","Connection broken for id <*>, my id = <*>, error =",Zookeeper,Unseen,"Connection broken for id <*>, my id = <*>, error = <*>",1.2316477298736572
"Connection broken for id 188978561024, my id = 3, error =","Connection broken for id <*>, my id = <*>, error =",Zookeeper,Unseen,"Connection broken for id <*>, my id = <*>, error = <*>",1.2162551879882812
"Connection broken for id 188978561024, my id = 3, error =","Connection broken for id <*>, my id = <*>, error =",Zookeeper,Unseen,"Connection broken for id <*>, my id = <*>, error = <*>",1.1920442581176758
"Connection broken for id 188978561024, my id = 3, error =","Connection broken for id <*>, my id = <*>, error =",Zookeeper,Unseen,"Connection broken for id <*>, my id = <*>, error = <*>",1.1979477405548096
"Connection broken for id 188978561024, my id = 3, error =","Connection broken for id <*>, my id = <*>, error =",Zookeeper,Unseen,"Connection broken for id <*>, my id = <*>, error = <*>",1.2217991352081299
"Connection broken for id 188978561024, my id = 3, error =","Connection broken for id <*>, my id = <*>, error =",Zookeeper,Unseen,"Connection broken for id <*>, my id = <*>, error = <*>",1.2199013233184814
"Connection broken for id 188978561024, my id = 3, error =","Connection broken for id <*>, my id = <*>, error =",Zookeeper,Unseen,"Connection broken for id <*>, my id = <*>, error = <*>",1.2074856758117676
"Connection broken for id 188978561024, my id = 3, error =","Connection broken for id <*>, my id = <*>, error =",Zookeeper,Unseen,"Connection broken for id <*>, my id = <*>, error = <*>",1.2160513401031494
"Connection broken for id 188978561024, my id = 3, error =","Connection broken for id <*>, my id = <*>, error =",Zookeeper,Unseen,"Connection broken for id <*>, my id = <*>, error = <*>",1.2284023761749268
"Connection broken for id 188978561024, my id = 3, error =","Connection broken for id <*>, my id = <*>, error =",Zookeeper,Unseen,"Connection broken for id <*>, my id = <*>, error = <*>",1.2443761825561523
"Connection broken for id 188978561024, my id = 3, error =","Connection broken for id <*>, my id = <*>, error =",Zookeeper,Unseen,"Connection broken for id <*>, my id = <*>, error = <*>",1.2106258869171143
"Connection broken for id 188978561024, my id = 3, error =","Connection broken for id <*>, my id = <*>, error =",Zookeeper,Unseen,"Connection broken for id <*>, my id = <*>, error = <*>",1.1941149234771729
"Connection broken for id 188978561024, my id = 3, error =","Connection broken for id <*>, my id = <*>, error =",Zookeeper,Unseen,"Connection broken for id <*>, my id = <*>, error = <*>",1.1920170783996582
"Connection broken for id 188978561024, my id = 3, error =","Connection broken for id <*>, my id = <*>, error =",Zookeeper,Unseen,"Connection broken for id <*>, my id = <*>, error = <*>",1.2031221389770508
"Connection broken for id 188978561024, my id = 3, error =","Connection broken for id <*>, my id = <*>, error =",Zookeeper,Unseen,"Connection broken for id <*>, my id = <*>, error = <*>",1.2148003578186035
"Connection broken for id 188978561024, my id = 3, error =","Connection broken for id <*>, my id = <*>, error =",Zookeeper,Unseen,"Connection broken for id <*>, my id = <*>, error = <*>",1.216829776763916
"Connection broken for id 188978561024, my id = 3, error =","Connection broken for id <*>, my id = <*>, error =",Zookeeper,Unseen,"Connection broken for id <*>, my id = <*>, error = <*>",1.1980535984039307
"Connection broken for id 188978561024, my id = 3, error =","Connection broken for id <*>, my id = <*>, error =",Zookeeper,Unseen,"Connection broken for id <*>, my id = <*>, error = <*>",1.2092921733856201
"Connection broken for id 188978561024, my id = 3, error =","Connection broken for id <*>, my id = <*>, error =",Zookeeper,Unseen,"Connection broken for id <*>, my id = <*>, error = <*>",1.2256922721862793
"Connection broken for id 188978561024, my id = 3, error =","Connection broken for id <*>, my id = <*>, error =",Zookeeper,Unseen,"Connection broken for id <*>, my id = <*>, error = <*>",1.2073643207550049
"Connection broken for id 188978561024, my id = 3, error =","Connection broken for id <*>, my id = <*>, error =",Zookeeper,Unseen,"Connection broken for id <*>, my id = <*>, error = <*>",1.2074196338653564
"Connection broken for id 188978561024, my id = 3, error =","Connection broken for id <*>, my id = <*>, error =",Zookeeper,Unseen,"Connection broken for id <*>, my id = <*>, error = <*>",1.2069306373596191
"Connection broken for id 188978561024, my id = 3, error =","Connection broken for id <*>, my id = <*>, error =",Zookeeper,Unseen,"Connection broken for id <*>, my id = <*>, error = <*>",1.2069716453552246
"Connection broken for id 188978561024, my id = 3, error =","Connection broken for id <*>, my id = <*>, error =",Zookeeper,Unseen,"Connection broken for id <*>, my id = <*>, error = <*>",1.2047903537750244
"Connection broken for id 188978561024, my id = 3, error =","Connection broken for id <*>, my id = <*>, error =",Zookeeper,Unseen,"Connection broken for id <*>, my id = <*>, error = <*>",1.2284245491027832
"Connection broken for id 188978561024, my id = 3, error =","Connection broken for id <*>, my id = <*>, error =",Zookeeper,Unseen,"Connection broken for id <*>, my id = <*>, error = <*>",1.2015938758850098
"Connection broken for id 188978561024, my id = 3, error =","Connection broken for id <*>, my id = <*>, error =",Zookeeper,Unseen,"Connection broken for id <*>, my id = <*>, error = <*>",1.2029902935028076
"Connection broken for id 188978561024, my id = 3, error =","Connection broken for id <*>, my id = <*>, error =",Zookeeper,Unseen,"Connection broken for id <*>, my id = <*>, error = <*>",1.2180368900299072
"Connection broken for id 188978561024, my id = 3, error =","Connection broken for id <*>, my id = <*>, error =",Zookeeper,Unseen,"Connection broken for id <*>, my id = <*>, error = <*>",1.2247271537780762
"Connection broken for id 188978561024, my id = 3, error =","Connection broken for id <*>, my id = <*>, error =",Zookeeper,Unseen,"Connection broken for id <*>, my id = <*>, error = <*>",1.212108850479126
"Connection broken for id 188978561024, my id = 3, error =","Connection broken for id <*>, my id = <*>, error =",Zookeeper,Unseen,"Connection broken for id <*>, my id = <*>, error = <*>",1.1936278343200684
"Connection broken for id 188978561024, my id = 3, error =","Connection broken for id <*>, my id = <*>, error =",Zookeeper,Unseen,"Connection broken for id <*>, my id = <*>, error = <*>",1.208711862564087
"Connection broken for id 188978561024, my id = 3, error =","Connection broken for id <*>, my id = <*>, error =",Zookeeper,Unseen,"Connection broken for id <*>, my id = <*>, error = <*>",1.2073345184326172
"Connection broken for id 188978561024, my id = 3, error =","Connection broken for id <*>, my id = <*>, error =",Zookeeper,Unseen,"Connection broken for id <*>, my id = <*>, error = <*>",1.2093403339385986
"Connection broken for id 188978561024, my id = 3, error =","Connection broken for id <*>, my id = <*>, error =",Zookeeper,Unseen,"Connection broken for id <*>, my id = <*>, error = <*>",1.2097690105438232
"Connection broken for id 188978561024, my id = 3, error =","Connection broken for id <*>, my id = <*>, error =",Zookeeper,Unseen,"Connection broken for id <*>, my id = <*>, error = <*>",1.21608304977417
"Connection broken for id 188978561024, my id = 3, error =","Connection broken for id <*>, my id = <*>, error =",Zookeeper,Unseen,"Connection broken for id <*>, my id = <*>, error = <*>",1.2076427936553955
"Connection broken for id 188978561024, my id = 3, error =","Connection broken for id <*>, my id = <*>, error =",Zookeeper,Unseen,"Connection broken for id <*>, my id = <*>, error = <*>",1.2213020324707031
"Connection broken for id 188978561024, my id = 3, error =","Connection broken for id <*>, my id = <*>, error =",Zookeeper,Unseen,"Connection broken for id <*>, my id = <*>, error = <*>",1.2053322792053223
"Connection broken for id 1, my id = 3, error =","Connection broken for id <*>, my id = <*>, error =",Zookeeper,Unseen,"Connection broken for id <*>, my id = <*>, error = <*>",1.1976821422576904
minSessionTimeout set to -1,minSessionTimeout set to <*>,Zookeeper,Unseen,minSessionTimeout set to <*>,0.6023573875427246
Server environment:os.name=Linux,Server environment:<*>,Zookeeper,Unseen,Server environment:os.name=<*>,0.7326641082763672
Server environment:user.name=zookeeper,Server environment:<*>,Zookeeper,Unseen,Server environment:user.name=<*>,0.728888750076294
minSessionTimeout set to -1,minSessionTimeout set to <*>,Zookeeper,Unseen,minSessionTimeout set to <*>,0.6078600883483887
Server environment:java.home=/usr/lib/jvm/java-7-openjdk-amd64/jre,Server environment:<*>,Zookeeper,Unseen,Server environment:java.home=<*>,0.7361211776733398
