Content,EventTemplate,Dataset,Category,Unseen_Mistral_FT_OpenSSH_1,Inference_time_1
Connection closed by 173.234.31.186 [preauth],Connection closed by <*> [preauth],OpenSSH,Unseen,Connection closed by <*> [preauth],0.761493444442749
Connection closed by 212.47.254.145 [preauth],Connection closed by <*> [preauth],OpenSSH,Unseen,Connection closed by <*> [preauth],0.7430567741394043
Received disconnect from 52.80.34.196: 11: Bye Bye [preauth],Received disconnect from <*>: <*>: Bye Bye [preauth],OpenSSH,Unseen,Received disconnect from <*>: <*>: Bye Bye [preauth],1.321087121963501
Connection closed by 173.234.31.186 [preauth],Connection closed by <*> [preauth],OpenSSH,Unseen,Connection closed by <*> [preauth],0.7486732006072998
Received disconnect from 202.100.179.208: 11: Bye Bye [preauth],Received disconnect from <*>: <*>: Bye Bye [preauth],OpenSSH,Unseen,Received disconnect from <*>: <*>: Bye Bye [preauth],1.3230853080749512
Received disconnect from 112.95.230.3: 11: Bye Bye [preauth],Received disconnect from <*>: <*>: Bye Bye [preauth],OpenSSH,Unseen,Received disconnect from <*>: <*>: Bye Bye [preauth],1.321382761001587
Received disconnect from 112.95.230.3: 11: Bye Bye [preauth],Received disconnect from <*>: <*>: Bye Bye [preauth],OpenSSH,Unseen,Received disconnect from <*>: <*>: Bye Bye [preauth],1.323601484298706
Received disconnect from 112.95.230.3: 11: Bye Bye [preauth],Received disconnect from <*>: <*>: Bye Bye [preauth],OpenSSH,Unseen,Received disconnect from <*>: <*>: Bye Bye [preauth],1.3224563598632812
Received disconnect from 112.95.230.3: 11: Bye Bye [preauth],Received disconnect from <*>: <*>: Bye Bye [preauth],OpenSSH,Unseen,Received disconnect from <*>: <*>: Bye Bye [preauth],1.3236854076385498
Received disconnect from 112.95.230.3: 11: Bye Bye [preauth],Received disconnect from <*>: <*>: Bye Bye [preauth],OpenSSH,Unseen,Received disconnect from <*>: <*>: Bye Bye [preauth],1.3341073989868164
Received disconnect from 112.95.230.3: 11: Bye Bye [preauth],Received disconnect from <*>: <*>: Bye Bye [preauth],OpenSSH,Unseen,Received disconnect from <*>: <*>: Bye Bye [preauth],1.310593605041504
Received disconnect from 112.95.230.3: 11: Bye Bye [preauth],Received disconnect from <*>: <*>: Bye Bye [preauth],OpenSSH,Unseen,Received disconnect from <*>: <*>: Bye Bye [preauth],1.3181777000427246
Received disconnect from 112.95.230.3: 11: Bye Bye [preauth],Received disconnect from <*>: <*>: Bye Bye [preauth],OpenSSH,Unseen,Received disconnect from <*>: <*>: Bye Bye [preauth],1.3161532878875732
Received disconnect from 112.95.230.3: 11: Bye Bye [preauth],Received disconnect from <*>: <*>: Bye Bye [preauth],OpenSSH,Unseen,Received disconnect from <*>: <*>: Bye Bye [preauth],1.3092186450958252
Received disconnect from 112.95.230.3: 11: Bye Bye [preauth],Received disconnect from <*>: <*>: Bye Bye [preauth],OpenSSH,Unseen,Received disconnect from <*>: <*>: Bye Bye [preauth],1.3029391765594482
Received disconnect from 112.95.230.3: 11: Bye Bye [preauth],Received disconnect from <*>: <*>: Bye Bye [preauth],OpenSSH,Unseen,Received disconnect from <*>: <*>: Bye Bye [preauth],1.291006088256836
Received disconnect from 112.95.230.3: 11: Bye Bye [preauth],Received disconnect from <*>: <*>: Bye Bye [preauth],OpenSSH,Unseen,Received disconnect from <*>: <*>: Bye Bye [preauth],1.3054516315460205
Received disconnect from 112.95.230.3: 11: Bye Bye [preauth],Received disconnect from <*>: <*>: Bye Bye [preauth],OpenSSH,Unseen,Received disconnect from <*>: <*>: Bye Bye [preauth],1.3132808208465576
Received disconnect from 112.95.230.3: 11: Bye Bye [preauth],Received disconnect from <*>: <*>: Bye Bye [preauth],OpenSSH,Unseen,Received disconnect from <*>: <*>: Bye Bye [preauth],1.326538324356079
Received disconnect from 112.95.230.3: 11: Bye Bye [preauth],Received disconnect from <*>: <*>: Bye Bye [preauth],OpenSSH,Unseen,Received disconnect from <*>: <*>: Bye Bye [preauth],1.311352252960205
Received disconnect from 112.95.230.3: 11: Bye Bye [preauth],Received disconnect from <*>: <*>: Bye Bye [preauth],OpenSSH,Unseen,Received disconnect from <*>: <*>: Bye Bye [preauth],1.3075757026672363
Received disconnect from 112.95.230.3: 11: Bye Bye [preauth],Received disconnect from <*>: <*>: Bye Bye [preauth],OpenSSH,Unseen,Received disconnect from <*>: <*>: Bye Bye [preauth],1.3084468841552734
Received disconnect from 112.95.230.3: 11: Bye Bye [preauth],Received disconnect from <*>: <*>: Bye Bye [preauth],OpenSSH,Unseen,Received disconnect from <*>: <*>: Bye Bye [preauth],1.3042652606964111
Received disconnect from 112.95.230.3: 11: Bye Bye [preauth],Received disconnect from <*>: <*>: Bye Bye [preauth],OpenSSH,Unseen,Received disconnect from <*>: <*>: Bye Bye [preauth],1.303912878036499
Received disconnect from 112.95.230.3: 11: Bye Bye [preauth],Received disconnect from <*>: <*>: Bye Bye [preauth],OpenSSH,Unseen,Received disconnect from <*>: <*>: Bye Bye [preauth],1.3085298538208008
Received disconnect from 112.95.230.3: 11: Bye Bye [preauth],Received disconnect from <*>: <*>: Bye Bye [preauth],OpenSSH,Unseen,Received disconnect from <*>: <*>: Bye Bye [preauth],1.3120267391204834
Received disconnect from 112.95.230.3: 11: Bye Bye [preauth],Received disconnect from <*>: <*>: Bye Bye [preauth],OpenSSH,Unseen,Received disconnect from <*>: <*>: Bye Bye [preauth],1.3141696453094482
Received disconnect from 112.95.230.3: 11: Bye Bye [preauth],Received disconnect from <*>: <*>: Bye Bye [preauth],OpenSSH,Unseen,Received disconnect from <*>: <*>: Bye Bye [preauth],1.2969768047332764
Received disconnect from 112.95.230.3: 11: Bye Bye [preauth],Received disconnect from <*>: <*>: Bye Bye [preauth],OpenSSH,Unseen,Received disconnect from <*>: <*>: Bye Bye [preauth],1.3111600875854492
Received disconnect from 112.95.230.3: 11: Bye Bye [preauth],Received disconnect from <*>: <*>: Bye Bye [preauth],OpenSSH,Unseen,Received disconnect from <*>: <*>: Bye Bye [preauth],1.309044361114502
Received disconnect from 112.95.230.3: 11: Bye Bye [preauth],Received disconnect from <*>: <*>: Bye Bye [preauth],OpenSSH,Unseen,Received disconnect from <*>: <*>: Bye Bye [preauth],1.3122787475585938
Received disconnect from 123.235.32.19: 11: Bye Bye [preauth],Received disconnect from <*>: <*>: Bye Bye [preauth],OpenSSH,Unseen,Received disconnect from <*>: <*>: Bye Bye [preauth],1.3102765083312988
Received disconnect from 123.235.32.19: 11: Bye Bye [preauth],Received disconnect from <*>: <*>: Bye Bye [preauth],OpenSSH,Unseen,Received disconnect from <*>: <*>: Bye Bye [preauth],1.30672025680542
Received disconnect from 123.235.32.19: 11: Bye Bye [preauth],Received disconnect from <*>: <*>: Bye Bye [preauth],OpenSSH,Unseen,Received disconnect from <*>: <*>: Bye Bye [preauth],1.3009705543518066
Received disconnect from 123.235.32.19: 11: Bye Bye [preauth],Received disconnect from <*>: <*>: Bye Bye [preauth],OpenSSH,Unseen,Received disconnect from <*>: <*>: Bye Bye [preauth],1.3104336261749268
Received disconnect from 123.235.32.19: 11: Bye Bye [preauth],Received disconnect from <*>: <*>: Bye Bye [preauth],OpenSSH,Unseen,Received disconnect from <*>: <*>: Bye Bye [preauth],1.3259201049804688
Received disconnect from 123.235.32.19: 11: Bye Bye [preauth],Received disconnect from <*>: <*>: Bye Bye [preauth],OpenSSH,Unseen,Received disconnect from <*>: <*>: Bye Bye [preauth],1.2939562797546387
Received disconnect from 123.235.32.19: 11: Bye Bye [preauth],Received disconnect from <*>: <*>: Bye Bye [preauth],OpenSSH,Unseen,Received disconnect from <*>: <*>: Bye Bye [preauth],1.3089544773101807
Received disconnect from 183.136.162.51: 11: Bye Bye [preauth],Received disconnect from <*>: <*>: Bye Bye [preauth],OpenSSH,Unseen,Received disconnect from <*>: <*>: Bye Bye [preauth],1.3141250610351562
Connection closed by 191.210.223.172 [preauth],Connection closed by <*> [preauth],OpenSSH,Unseen,Connection closed by <*> [preauth],0.7457687854766846
error: Received disconnect from 195.154.37.122: 3: com.jcraft.jsch.JSchException: Auth fail [preauth],error: Received disconnect from <*>: <*>: com.jcraft.jsch.JSchException: Auth fail [preauth],OpenSSH,Unseen,error: Received disconnect from <*>: <*>: com.jcraft.jsch.JSchException: Auth fail [preauth],2.1173884868621826
error: Received disconnect from 195.154.37.122: 3: com.jcraft.jsch.JSchException: Auth fail [preauth],error: Received disconnect from <*>: <*>: com.jcraft.jsch.JSchException: Auth fail [preauth],OpenSSH,Unseen,error: Received disconnect from <*>: <*>: com.jcraft.jsch.JSchException: Auth fail [preauth],2.121492862701416
Connection closed by 194.190.163.22 [preauth],Connection closed by <*> [preauth],OpenSSH,Unseen,Connection closed by <*> [preauth],0.7459173202514648
Received disconnect from 52.80.34.196: 11: Bye Bye [preauth],Received disconnect from <*>: <*>: Bye Bye [preauth],OpenSSH,Unseen,Received disconnect from <*>: <*>: Bye Bye [preauth],1.3240365982055664
Connection closed by 194.190.163.22 [preauth],Connection closed by <*> [preauth],OpenSSH,Unseen,Connection closed by <*> [preauth],0.7580521106719971
Received disconnect from 175.102.13.6: 11: Bye Bye [preauth],Received disconnect from <*>: <*>: Bye Bye [preauth],OpenSSH,Unseen,Received disconnect from <*>: <*>: Bye Bye [preauth],1.3179254531860352
Connection closed by 194.190.163.22 [preauth],Connection closed by <*> [preauth],OpenSSH,Unseen,Connection closed by <*> [preauth],0.7482099533081055
Connection closed by 5.188.10.180 [preauth],Connection closed by <*> [preauth],OpenSSH,Unseen,Connection closed by <*> [preauth],0.7498300075531006
Connection closed by 5.188.10.180 [preauth],Connection closed by <*> [preauth],OpenSSH,Unseen,Connection closed by <*> [preauth],0.7475614547729492
Connection closed by 5.188.10.180 [preauth],Connection closed by <*> [preauth],OpenSSH,Unseen,Connection closed by <*> [preauth],0.7496850490570068
Connection closed by 5.188.10.180 [preauth],Connection closed by <*> [preauth],OpenSSH,Unseen,Connection closed by <*> [preauth],0.7463111877441406
Connection closed by 5.188.10.180 [preauth],Connection closed by <*> [preauth],OpenSSH,Unseen,Connection closed by <*> [preauth],0.7505316734313965
Connection closed by 5.188.10.180 [preauth],Connection closed by <*> [preauth],OpenSSH,Unseen,Connection closed by <*> [preauth],0.7468562126159668
Connection closed by 5.188.10.180 [preauth],Connection closed by <*> [preauth],OpenSSH,Unseen,Connection closed by <*> [preauth],0.7506775856018066
Connection closed by 5.188.10.180 [preauth],Connection closed by <*> [preauth],OpenSSH,Unseen,Connection closed by <*> [preauth],0.7505269050598145
PAM 1 more authentication failure; logname= uid=0 euid=0 tty=ssh ruser= rhost=5.188.10.180,PAM <*> more authentication failure; logname= uid=<*> euid=<*> tty=ssh ruser= rhost=<*>,OpenSSH,Unseen,PAM <*> more authentication failure; logname= uid=<*> euid=<*> tty=ssh ruser= rhost=<*>,2.2489004135131836
Connection closed by 5.188.10.180 [preauth],Connection closed by <*> [preauth],OpenSSH,Unseen,Connection closed by <*> [preauth],0.746645450592041
Connection closed by 5.188.10.180 [preauth],Connection closed by <*> [preauth],OpenSSH,Unseen,Connection closed by <*> [preauth],0.7478122711181641
Connection closed by 5.188.10.180 [preauth],Connection closed by <*> [preauth],OpenSSH,Unseen,Connection closed by <*> [preauth],0.7434418201446533
Connection closed by 194.190.163.22 [preauth],Connection closed by <*> [preauth],OpenSSH,Unseen,Connection closed by <*> [preauth],0.7433393001556396
Received disconnect from 52.80.34.196: 11: Bye Bye [preauth],Received disconnect from <*>: <*>: Bye Bye [preauth],OpenSSH,Unseen,Received disconnect from <*>: <*>: Bye Bye [preauth],1.3190186023712158
Connection closed by 185.190.58.151 [preauth],Connection closed by <*> [preauth],OpenSSH,Unseen,Connection closed by <*> [preauth],0.7482423782348633
Connection closed by 185.190.58.151 [preauth],Connection closed by <*> [preauth],OpenSSH,Unseen,Connection closed by <*> [preauth],0.7455556392669678
Connection closed by 185.190.58.151 [preauth],Connection closed by <*> [preauth],OpenSSH,Unseen,Connection closed by <*> [preauth],0.7467176914215088
Connection closed by 185.190.58.151 [preauth],Connection closed by <*> [preauth],OpenSSH,Unseen,Connection closed by <*> [preauth],0.7430167198181152
Connection closed by 185.190.58.151 [preauth],Connection closed by <*> [preauth],OpenSSH,Unseen,Connection closed by <*> [preauth],0.7393600940704346
Connection closed by 185.190.58.151 [preauth],Connection closed by <*> [preauth],OpenSSH,Unseen,Connection closed by <*> [preauth],0.7418625354766846
PAM 1 more authentication failure; logname= uid=0 euid=0 tty=ssh ruser= rhost=185.190.58.151,PAM <*> more authentication failure; logname= uid=<*> euid=<*> tty=ssh ruser= rhost=<*>,OpenSSH,Unseen,PAM <*> more authentication failure; logname= uid=<*> euid=<*> tty=ssh ruser= rhost=<*>,2.2362680435180664
Received disconnect from 187.141.143.180: 11: Bye Bye [preauth],Received disconnect from <*>: <*>: Bye Bye [preauth],OpenSSH,Unseen,Received disconnect from <*>: <*>: Bye Bye [preauth],1.3295814990997314
Received disconnect from 187.141.143.180: 11: Bye Bye [preauth],Received disconnect from <*>: <*>: Bye Bye [preauth],OpenSSH,Unseen,Received disconnect from <*>: <*>: Bye Bye [preauth],1.3101897239685059
Received disconnect from 187.141.143.180: 11: Bye Bye [preauth],Received disconnect from <*>: <*>: Bye Bye [preauth],OpenSSH,Unseen,Received disconnect from <*>: <*>: Bye Bye [preauth],1.3100297451019287
Connection closed by 185.190.58.151 [preauth],Connection closed by <*> [preauth],OpenSSH,Unseen,Connection closed by <*> [preauth],0.7470250129699707
Received disconnect from 187.141.143.180: 11: Bye Bye [preauth],Received disconnect from <*>: <*>: Bye Bye [preauth],OpenSSH,Unseen,Received disconnect from <*>: <*>: Bye Bye [preauth],1.309908390045166
Received disconnect from 187.141.143.180: 11: Bye Bye [preauth],Received disconnect from <*>: <*>: Bye Bye [preauth],OpenSSH,Unseen,Received disconnect from <*>: <*>: Bye Bye [preauth],1.3091726303100586
Received disconnect from 187.141.143.180: 11: Bye Bye [preauth],Received disconnect from <*>: <*>: Bye Bye [preauth],OpenSSH,Unseen,Received disconnect from <*>: <*>: Bye Bye [preauth],1.312298059463501
Received disconnect from 187.141.143.180: 11: Bye Bye [preauth],Received disconnect from <*>: <*>: Bye Bye [preauth],OpenSSH,Unseen,Received disconnect from <*>: <*>: Bye Bye [preauth],1.3133559226989746
Received disconnect from 187.141.143.180: 11: Bye Bye [preauth],Received disconnect from <*>: <*>: Bye Bye [preauth],OpenSSH,Unseen,Received disconnect from <*>: <*>: Bye Bye [preauth],1.3103649616241455
Received disconnect from 187.141.143.180: 11: Bye Bye [preauth],Received disconnect from <*>: <*>: Bye Bye [preauth],OpenSSH,Unseen,Received disconnect from <*>: <*>: Bye Bye [preauth],1.3179337978363037
Received disconnect from 187.141.143.180: 11: Bye Bye [preauth],Received disconnect from <*>: <*>: Bye Bye [preauth],OpenSSH,Unseen,Received disconnect from <*>: <*>: Bye Bye [preauth],1.304851770401001
Received disconnect from 187.141.143.180: 11: Bye Bye [preauth],Received disconnect from <*>: <*>: Bye Bye [preauth],OpenSSH,Unseen,Received disconnect from <*>: <*>: Bye Bye [preauth],1.3085191249847412
Received disconnect from 187.141.143.180: 11: Bye Bye [preauth],Received disconnect from <*>: <*>: Bye Bye [preauth],OpenSSH,Unseen,Received disconnect from <*>: <*>: Bye Bye [preauth],1.304051399230957
Received disconnect from 187.141.143.180: 11: Bye Bye [preauth],Received disconnect from <*>: <*>: Bye Bye [preauth],OpenSSH,Unseen,Received disconnect from <*>: <*>: Bye Bye [preauth],1.3047778606414795
Received disconnect from 187.141.143.180: 11: Bye Bye [preauth],Received disconnect from <*>: <*>: Bye Bye [preauth],OpenSSH,Unseen,Received disconnect from <*>: <*>: Bye Bye [preauth],1.3087446689605713
Received disconnect from 187.141.143.180: 11: Bye Bye [preauth],Received disconnect from <*>: <*>: Bye Bye [preauth],OpenSSH,Unseen,Received disconnect from <*>: <*>: Bye Bye [preauth],1.2927019596099854
Received disconnect from 187.141.143.180: 11: Bye Bye [preauth],Received disconnect from <*>: <*>: Bye Bye [preauth],OpenSSH,Unseen,Received disconnect from <*>: <*>: Bye Bye [preauth],1.3094191551208496
Received disconnect from 187.141.143.180: 11: Bye Bye [preauth],Received disconnect from <*>: <*>: Bye Bye [preauth],OpenSSH,Unseen,Received disconnect from <*>: <*>: Bye Bye [preauth],1.3049390316009521
Received disconnect from 187.141.143.180: 11: Bye Bye [preauth],Received disconnect from <*>: <*>: Bye Bye [preauth],OpenSSH,Unseen,Received disconnect from <*>: <*>: Bye Bye [preauth],1.313042163848877
Received disconnect from 187.141.143.180: 11: Bye Bye [preauth],Received disconnect from <*>: <*>: Bye Bye [preauth],OpenSSH,Unseen,Received disconnect from <*>: <*>: Bye Bye [preauth],1.2988781929016113
Received disconnect from 187.141.143.180: 11: Bye Bye [preauth],Received disconnect from <*>: <*>: Bye Bye [preauth],OpenSSH,Unseen,Received disconnect from <*>: <*>: Bye Bye [preauth],1.3095710277557373
Received disconnect from 187.141.143.180: 11: Bye Bye [preauth],Received disconnect from <*>: <*>: Bye Bye [preauth],OpenSSH,Unseen,Received disconnect from <*>: <*>: Bye Bye [preauth],1.2973577976226807
Received disconnect from 187.141.143.180: 11: Bye Bye [preauth],Received disconnect from <*>: <*>: Bye Bye [preauth],OpenSSH,Unseen,Received disconnect from <*>: <*>: Bye Bye [preauth],1.3083078861236572
Received disconnect from 187.141.143.180: 11: Bye Bye [preauth],Received disconnect from <*>: <*>: Bye Bye [preauth],OpenSSH,Unseen,Received disconnect from <*>: <*>: Bye Bye [preauth],1.3134183883666992
Received disconnect from 187.141.143.180: 11: Bye Bye [preauth],Received disconnect from <*>: <*>: Bye Bye [preauth],OpenSSH,Unseen,Received disconnect from <*>: <*>: Bye Bye [preauth],1.3087689876556396
Received disconnect from 187.141.143.180: 11: Bye Bye [preauth],Received disconnect from <*>: <*>: Bye Bye [preauth],OpenSSH,Unseen,Received disconnect from <*>: <*>: Bye Bye [preauth],1.3188273906707764
Received disconnect from 187.141.143.180: 11: Bye Bye [preauth],Received disconnect from <*>: <*>: Bye Bye [preauth],OpenSSH,Unseen,Received disconnect from <*>: <*>: Bye Bye [preauth],1.320120096206665
Received disconnect from 187.141.143.180: 11: Bye Bye [preauth],Received disconnect from <*>: <*>: Bye Bye [preauth],OpenSSH,Unseen,Received disconnect from <*>: <*>: Bye Bye [preauth],1.3140082359313965
Received disconnect from 187.141.143.180: 11: Bye Bye [preauth],Received disconnect from <*>: <*>: Bye Bye [preauth],OpenSSH,Unseen,Received disconnect from <*>: <*>: Bye Bye [preauth],1.3055834770202637
Received disconnect from 187.141.143.180: 11: Bye Bye [preauth],Received disconnect from <*>: <*>: Bye Bye [preauth],OpenSSH,Unseen,Received disconnect from <*>: <*>: Bye Bye [preauth],1.3074567317962646
Received disconnect from 187.141.143.180: 11: Bye Bye [preauth],Received disconnect from <*>: <*>: Bye Bye [preauth],OpenSSH,Unseen,Received disconnect from <*>: <*>: Bye Bye [preauth],1.311558485031128
Received disconnect from 187.141.143.180: 11: Bye Bye [preauth],Received disconnect from <*>: <*>: Bye Bye [preauth],OpenSSH,Unseen,Received disconnect from <*>: <*>: Bye Bye [preauth],1.3139910697937012
Received disconnect from 187.141.143.180: 11: Bye Bye [preauth],Received disconnect from <*>: <*>: Bye Bye [preauth],OpenSSH,Unseen,Received disconnect from <*>: <*>: Bye Bye [preauth],1.3122892379760742
Received disconnect from 187.141.143.180: 11: Bye Bye [preauth],Received disconnect from <*>: <*>: Bye Bye [preauth],OpenSSH,Unseen,Received disconnect from <*>: <*>: Bye Bye [preauth],1.3172616958618164
Received disconnect from 187.141.143.180: 11: Bye Bye [preauth],Received disconnect from <*>: <*>: Bye Bye [preauth],OpenSSH,Unseen,Received disconnect from <*>: <*>: Bye Bye [preauth],1.3196301460266113
Received disconnect from 187.141.143.180: 11: Bye Bye [preauth],Received disconnect from <*>: <*>: Bye Bye [preauth],OpenSSH,Unseen,Received disconnect from <*>: <*>: Bye Bye [preauth],1.3224036693572998
Received disconnect from 187.141.143.180: 11: Bye Bye [preauth],Received disconnect from <*>: <*>: Bye Bye [preauth],OpenSSH,Unseen,Received disconnect from <*>: <*>: Bye Bye [preauth],1.320507287979126
Received disconnect from 187.141.143.180: 11: Bye Bye [preauth],Received disconnect from <*>: <*>: Bye Bye [preauth],OpenSSH,Unseen,Received disconnect from <*>: <*>: Bye Bye [preauth],1.3076081275939941
Received disconnect from 187.141.143.180: 11: Bye Bye [preauth],Received disconnect from <*>: <*>: Bye Bye [preauth],OpenSSH,Unseen,Received disconnect from <*>: <*>: Bye Bye [preauth],1.3125786781311035
Received disconnect from 187.141.143.180: 11: Bye Bye [preauth],Received disconnect from <*>: <*>: Bye Bye [preauth],OpenSSH,Unseen,Received disconnect from <*>: <*>: Bye Bye [preauth],1.3024969100952148
Received disconnect from 187.141.143.180: 11: Bye Bye [preauth],Received disconnect from <*>: <*>: Bye Bye [preauth],OpenSSH,Unseen,Received disconnect from <*>: <*>: Bye Bye [preauth],1.3105742931365967
Received disconnect from 187.141.143.180: 11: Bye Bye [preauth],Received disconnect from <*>: <*>: Bye Bye [preauth],OpenSSH,Unseen,Received disconnect from <*>: <*>: Bye Bye [preauth],1.316511869430542
Received disconnect from 187.141.143.180: 11: Bye Bye [preauth],Received disconnect from <*>: <*>: Bye Bye [preauth],OpenSSH,Unseen,Received disconnect from <*>: <*>: Bye Bye [preauth],1.3157503604888916
Received disconnect from 187.141.143.180: 11: Bye Bye [preauth],Received disconnect from <*>: <*>: Bye Bye [preauth],OpenSSH,Unseen,Received disconnect from <*>: <*>: Bye Bye [preauth],1.3157060146331787
Received disconnect from 187.141.143.180: 11: Bye Bye [preauth],Received disconnect from <*>: <*>: Bye Bye [preauth],OpenSSH,Unseen,Received disconnect from <*>: <*>: Bye Bye [preauth],1.3359227180480957
Received disconnect from 187.141.143.180: 11: Bye Bye [preauth],Received disconnect from <*>: <*>: Bye Bye [preauth],OpenSSH,Unseen,Received disconnect from <*>: <*>: Bye Bye [preauth],1.3151113986968994
Received disconnect from 187.141.143.180: 11: Bye Bye [preauth],Received disconnect from <*>: <*>: Bye Bye [preauth],OpenSSH,Unseen,Received disconnect from <*>: <*>: Bye Bye [preauth],1.3105213642120361
Received disconnect from 187.141.143.180: 11: Bye Bye [preauth],Received disconnect from <*>: <*>: Bye Bye [preauth],OpenSSH,Unseen,Received disconnect from <*>: <*>: Bye Bye [preauth],1.3007032871246338
Received disconnect from 187.141.143.180: 11: Bye Bye [preauth],Received disconnect from <*>: <*>: Bye Bye [preauth],OpenSSH,Unseen,Received disconnect from <*>: <*>: Bye Bye [preauth],1.3075108528137207
Received disconnect from 187.141.143.180: 11: Bye Bye [preauth],Received disconnect from <*>: <*>: Bye Bye [preauth],OpenSSH,Unseen,Received disconnect from <*>: <*>: Bye Bye [preauth],1.3114738464355469
Received disconnect from 187.141.143.180: 11: Bye Bye [preauth],Received disconnect from <*>: <*>: Bye Bye [preauth],OpenSSH,Unseen,Received disconnect from <*>: <*>: Bye Bye [preauth],1.3136441707611084
Received disconnect from 187.141.143.180: 11: Bye Bye [preauth],Received disconnect from <*>: <*>: Bye Bye [preauth],OpenSSH,Unseen,Received disconnect from <*>: <*>: Bye Bye [preauth],1.3137843608856201
Received disconnect from 187.141.143.180: 11: Bye Bye [preauth],Received disconnect from <*>: <*>: Bye Bye [preauth],OpenSSH,Unseen,Received disconnect from <*>: <*>: Bye Bye [preauth],1.3114900588989258
Received disconnect from 187.141.143.180: 11: Bye Bye [preauth],Received disconnect from <*>: <*>: Bye Bye [preauth],OpenSSH,Unseen,Received disconnect from <*>: <*>: Bye Bye [preauth],1.3189656734466553
Received disconnect from 187.141.143.180: 11: Bye Bye [preauth],Received disconnect from <*>: <*>: Bye Bye [preauth],OpenSSH,Unseen,Received disconnect from <*>: <*>: Bye Bye [preauth],1.2969937324523926
Received disconnect from 187.141.143.180: 11: Bye Bye [preauth],Received disconnect from <*>: <*>: Bye Bye [preauth],OpenSSH,Unseen,Received disconnect from <*>: <*>: Bye Bye [preauth],1.3138446807861328
Received disconnect from 187.141.143.180: 11: Bye Bye [preauth],Received disconnect from <*>: <*>: Bye Bye [preauth],OpenSSH,Unseen,Received disconnect from <*>: <*>: Bye Bye [preauth],1.3150372505187988
Received disconnect from 187.141.143.180: 11: Bye Bye [preauth],Received disconnect from <*>: <*>: Bye Bye [preauth],OpenSSH,Unseen,Received disconnect from <*>: <*>: Bye Bye [preauth],1.3165948390960693
Received disconnect from 187.141.143.180: 11: Bye Bye [preauth],Received disconnect from <*>: <*>: Bye Bye [preauth],OpenSSH,Unseen,Received disconnect from <*>: <*>: Bye Bye [preauth],1.3144748210906982
Received disconnect from 187.141.143.180: 11: Bye Bye [preauth],Received disconnect from <*>: <*>: Bye Bye [preauth],OpenSSH,Unseen,Received disconnect from <*>: <*>: Bye Bye [preauth],1.3115153312683105
Received disconnect from 187.141.143.180: 11: Bye Bye [preauth],Received disconnect from <*>: <*>: Bye Bye [preauth],OpenSSH,Unseen,Received disconnect from <*>: <*>: Bye Bye [preauth],1.3146958351135254
Received disconnect from 187.141.143.180: 11: Bye Bye [preauth],Received disconnect from <*>: <*>: Bye Bye [preauth],OpenSSH,Unseen,Received disconnect from <*>: <*>: Bye Bye [preauth],1.3287241458892822
Received disconnect from 187.141.143.180: 11: Bye Bye [preauth],Received disconnect from <*>: <*>: Bye Bye [preauth],OpenSSH,Unseen,Received disconnect from <*>: <*>: Bye Bye [preauth],1.3152811527252197
Received disconnect from 187.141.143.180: 11: Bye Bye [preauth],Received disconnect from <*>: <*>: Bye Bye [preauth],OpenSSH,Unseen,Received disconnect from <*>: <*>: Bye Bye [preauth],1.3015410900115967
Received disconnect from 187.141.143.180: 11: Bye Bye [preauth],Received disconnect from <*>: <*>: Bye Bye [preauth],OpenSSH,Unseen,Received disconnect from <*>: <*>: Bye Bye [preauth],1.2994074821472168
Received disconnect from 187.141.143.180: 11: Bye Bye [preauth],Received disconnect from <*>: <*>: Bye Bye [preauth],OpenSSH,Unseen,Received disconnect from <*>: <*>: Bye Bye [preauth],1.3119783401489258
Received disconnect from 187.141.143.180: 11: Bye Bye [preauth],Received disconnect from <*>: <*>: Bye Bye [preauth],OpenSSH,Unseen,Received disconnect from <*>: <*>: Bye Bye [preauth],1.3095424175262451
Received disconnect from 187.141.143.180: 11: Bye Bye [preauth],Received disconnect from <*>: <*>: Bye Bye [preauth],OpenSSH,Unseen,Received disconnect from <*>: <*>: Bye Bye [preauth],1.310845136642456
Received disconnect from 187.141.143.180: 11: Bye Bye [preauth],Received disconnect from <*>: <*>: Bye Bye [preauth],OpenSSH,Unseen,Received disconnect from <*>: <*>: Bye Bye [preauth],1.3131752014160156
Received disconnect from 187.141.143.180: 11: Bye Bye [preauth],Received disconnect from <*>: <*>: Bye Bye [preauth],OpenSSH,Unseen,Received disconnect from <*>: <*>: Bye Bye [preauth],1.303187608718872
Received disconnect from 187.141.143.180: 11: Bye Bye [preauth],Received disconnect from <*>: <*>: Bye Bye [preauth],OpenSSH,Unseen,Received disconnect from <*>: <*>: Bye Bye [preauth],1.3090159893035889
Received disconnect from 187.141.143.180: 11: Bye Bye [preauth],Received disconnect from <*>: <*>: Bye Bye [preauth],OpenSSH,Unseen,Received disconnect from <*>: <*>: Bye Bye [preauth],1.3150324821472168
Received disconnect from 187.141.143.180: 11: Bye Bye [preauth],Received disconnect from <*>: <*>: Bye Bye [preauth],OpenSSH,Unseen,Received disconnect from <*>: <*>: Bye Bye [preauth],1.312821388244629
Received disconnect from 187.141.143.180: 11: Bye Bye [preauth],Received disconnect from <*>: <*>: Bye Bye [preauth],OpenSSH,Unseen,Received disconnect from <*>: <*>: Bye Bye [preauth],1.31172513961792
Received disconnect from 187.141.143.180: 11: Bye Bye [preauth],Received disconnect from <*>: <*>: Bye Bye [preauth],OpenSSH,Unseen,Received disconnect from <*>: <*>: Bye Bye [preauth],1.3112564086914062
Received disconnect from 187.141.143.180: 11: Bye Bye [preauth],Received disconnect from <*>: <*>: Bye Bye [preauth],OpenSSH,Unseen,Received disconnect from <*>: <*>: Bye Bye [preauth],1.3001353740692139
Received disconnect from 187.141.143.180: 11: Bye Bye [preauth],Received disconnect from <*>: <*>: Bye Bye [preauth],OpenSSH,Unseen,Received disconnect from <*>: <*>: Bye Bye [preauth],1.3143904209136963
Received disconnect from 187.141.143.180: 11: Bye Bye [preauth],Received disconnect from <*>: <*>: Bye Bye [preauth],OpenSSH,Unseen,Received disconnect from <*>: <*>: Bye Bye [preauth],1.3146286010742188
Received disconnect from 187.141.143.180: 11: Bye Bye [preauth],Received disconnect from <*>: <*>: Bye Bye [preauth],OpenSSH,Unseen,Received disconnect from <*>: <*>: Bye Bye [preauth],1.3175790309906006
Received disconnect from 187.141.143.180: 11: Bye Bye [preauth],Received disconnect from <*>: <*>: Bye Bye [preauth],OpenSSH,Unseen,Received disconnect from <*>: <*>: Bye Bye [preauth],1.3153409957885742
Received disconnect from 187.141.143.180: 11: Bye Bye [preauth],Received disconnect from <*>: <*>: Bye Bye [preauth],OpenSSH,Unseen,Received disconnect from <*>: <*>: Bye Bye [preauth],1.311920404434204
Received disconnect from 104.192.3.34: 11: Bye Bye [preauth],Received disconnect from <*>: <*>: Bye Bye [preauth],OpenSSH,Unseen,Received disconnect from <*>: <*>: Bye Bye [preauth],1.3107328414916992
Connection closed by 104.192.3.34 [preauth],Connection closed by <*> [preauth],OpenSSH,Unseen,Connection closed by <*> [preauth],0.7460281848907471
pam_unix(sshd:session): session opened for user fztu by (uid=0),pam_unix(sshd:session): session opened for user <*> by (uid=<*>),OpenSSH,Unseen,pam_unix(sshd:session): session opened for user <*> by (uid=<*>),1.7480220794677734
Received disconnect from 52.80.34.196: 11: Bye Bye [preauth],Received disconnect from <*>: <*>: Bye Bye [preauth],OpenSSH,Unseen,Received disconnect from <*>: <*>: Bye Bye [preauth],1.298494577407837
Connection closed by 181.214.87.4 [preauth],Connection closed by <*> [preauth],OpenSSH,Unseen,Connection closed by <*> [preauth],0.7491965293884277
Received disconnect from 60.2.12.12: 11: Bye Bye [preauth],Received disconnect from <*>: <*>: Bye Bye [preauth],OpenSSH,Unseen,Received disconnect from <*>: <*>: Bye Bye [preauth],1.3041884899139404
Received disconnect from 60.2.12.12: 11: Bye Bye [preauth],Received disconnect from <*>: <*>: Bye Bye [preauth],OpenSSH,Unseen,Received disconnect from <*>: <*>: Bye Bye [preauth],1.3066399097442627
Received disconnect from 60.2.12.12: 11: Bye Bye [preauth],Received disconnect from <*>: <*>: Bye Bye [preauth],OpenSSH,Unseen,Received disconnect from <*>: <*>: Bye Bye [preauth],1.314605474472046
Received disconnect from 60.2.12.12: 11: Bye Bye [preauth],Received disconnect from <*>: <*>: Bye Bye [preauth],OpenSSH,Unseen,Received disconnect from <*>: <*>: Bye Bye [preauth],1.3061795234680176
Connection closed by 60.2.12.12 [preauth],Connection closed by <*> [preauth],OpenSSH,Unseen,Connection closed by <*> [preauth],0.743018388748169
Connection closed by 1.237.174.253 [preauth],Connection closed by <*> [preauth],OpenSSH,Unseen,Connection closed by <*> [preauth],0.7366917133331299
Received disconnect from 52.80.34.196: 11: Bye Bye [preauth],Received disconnect from <*>: <*>: Bye Bye [preauth],OpenSSH,Unseen,Received disconnect from <*>: <*>: Bye Bye [preauth],1.3068320751190186
Received disconnect from 183.136.162.51: 11: Bye Bye [preauth],Received disconnect from <*>: <*>: Bye Bye [preauth],OpenSSH,Unseen,Received disconnect from <*>: <*>: Bye Bye [preauth],1.3175935745239258
Connection closed by 1.237.174.253 [preauth],Connection closed by <*> [preauth],OpenSSH,Unseen,Connection closed by <*> [preauth],0.7362668514251709
Connection closed by 88.147.143.242 [preauth],Connection closed by <*> [preauth],OpenSSH,Unseen,Connection closed by <*> [preauth],0.7485909461975098
Connection closed by 1.237.174.253 [preauth],Connection closed by <*> [preauth],OpenSSH,Unseen,Connection closed by <*> [preauth],0.7458868026733398
Received disconnect from 183.62.140.253: 11: Bye Bye [preauth],Received disconnect from <*>: <*>: Bye Bye [preauth],OpenSSH,Unseen,Received disconnect from <*>: <*>: Bye Bye [preauth],1.310030221939087
Received disconnect from 183.62.140.253: 11: Bye Bye [preauth],Received disconnect from <*>: <*>: Bye Bye [preauth],OpenSSH,Unseen,Received disconnect from <*>: <*>: Bye Bye [preauth],1.3195300102233887
Received disconnect from 183.62.140.253: 11: Bye Bye [preauth],Received disconnect from <*>: <*>: Bye Bye [preauth],OpenSSH,Unseen,Received disconnect from <*>: <*>: Bye Bye [preauth],1.326530933380127
Received disconnect from 183.62.140.253: 11: Bye Bye [preauth],Received disconnect from <*>: <*>: Bye Bye [preauth],OpenSSH,Unseen,Received disconnect from <*>: <*>: Bye Bye [preauth],1.3139948844909668
Received disconnect from 183.62.140.253: 11: Bye Bye [preauth],Received disconnect from <*>: <*>: Bye Bye [preauth],OpenSSH,Unseen,Received disconnect from <*>: <*>: Bye Bye [preauth],1.303417444229126
Received disconnect from 183.62.140.253: 11: Bye Bye [preauth],Received disconnect from <*>: <*>: Bye Bye [preauth],OpenSSH,Unseen,Received disconnect from <*>: <*>: Bye Bye [preauth],1.3103530406951904
Received disconnect from 183.62.140.253: 11: Bye Bye [preauth],Received disconnect from <*>: <*>: Bye Bye [preauth],OpenSSH,Unseen,Received disconnect from <*>: <*>: Bye Bye [preauth],1.3128783702850342
Received disconnect from 183.62.140.253: 11: Bye Bye [preauth],Received disconnect from <*>: <*>: Bye Bye [preauth],OpenSSH,Unseen,Received disconnect from <*>: <*>: Bye Bye [preauth],1.3159270286560059
Received disconnect from 183.62.140.253: 11: Bye Bye [preauth],Received disconnect from <*>: <*>: Bye Bye [preauth],OpenSSH,Unseen,Received disconnect from <*>: <*>: Bye Bye [preauth],1.3100290298461914
Received disconnect from 183.62.140.253: 11: Bye Bye [preauth],Received disconnect from <*>: <*>: Bye Bye [preauth],OpenSSH,Unseen,Received disconnect from <*>: <*>: Bye Bye [preauth],1.3100593090057373
Received disconnect from 183.62.140.253: 11: Bye Bye [preauth],Received disconnect from <*>: <*>: Bye Bye [preauth],OpenSSH,Unseen,Received disconnect from <*>: <*>: Bye Bye [preauth],1.3127171993255615
Received disconnect from 183.62.140.253: 11: Bye Bye [preauth],Received disconnect from <*>: <*>: Bye Bye [preauth],OpenSSH,Unseen,Received disconnect from <*>: <*>: Bye Bye [preauth],1.3196957111358643
Received disconnect from 183.62.140.253: 11: Bye Bye [preauth],Received disconnect from <*>: <*>: Bye Bye [preauth],OpenSSH,Unseen,Received disconnect from <*>: <*>: Bye Bye [preauth],1.3112785816192627
Received disconnect from 183.62.140.253: 11: Bye Bye [preauth],Received disconnect from <*>: <*>: Bye Bye [preauth],OpenSSH,Unseen,Received disconnect from <*>: <*>: Bye Bye [preauth],1.3135309219360352
Received disconnect from 183.62.140.253: 11: Bye Bye [preauth],Received disconnect from <*>: <*>: Bye Bye [preauth],OpenSSH,Unseen,Received disconnect from <*>: <*>: Bye Bye [preauth],1.3127117156982422
Received disconnect from 183.62.140.253: 11: Bye Bye [preauth],Received disconnect from <*>: <*>: Bye Bye [preauth],OpenSSH,Unseen,Received disconnect from <*>: <*>: Bye Bye [preauth],1.304053783416748
Received disconnect from 183.62.140.253: 11: Bye Bye [preauth],Received disconnect from <*>: <*>: Bye Bye [preauth],OpenSSH,Unseen,Received disconnect from <*>: <*>: Bye Bye [preauth],1.3011412620544434
Received disconnect from 183.62.140.253: 11: Bye Bye [preauth],Received disconnect from <*>: <*>: Bye Bye [preauth],OpenSSH,Unseen,Received disconnect from <*>: <*>: Bye Bye [preauth],1.3105754852294922
Received disconnect from 183.62.140.253: 11: Bye Bye [preauth],Received disconnect from <*>: <*>: Bye Bye [preauth],OpenSSH,Unseen,Received disconnect from <*>: <*>: Bye Bye [preauth],1.312643051147461
Received disconnect from 183.62.140.253: 11: Bye Bye [preauth],Received disconnect from <*>: <*>: Bye Bye [preauth],OpenSSH,Unseen,Received disconnect from <*>: <*>: Bye Bye [preauth],1.3211243152618408
Received disconnect from 183.62.140.253: 11: Bye Bye [preauth],Received disconnect from <*>: <*>: Bye Bye [preauth],OpenSSH,Unseen,Received disconnect from <*>: <*>: Bye Bye [preauth],1.3199491500854492
Received disconnect from 202.100.179.208: 11: Bye Bye [preauth],Received disconnect from <*>: <*>: Bye Bye [preauth],OpenSSH,Unseen,Received disconnect from <*>: <*>: Bye Bye [preauth],1.3042263984680176
Received disconnect from 183.62.140.253: 11: Bye Bye [preauth],Received disconnect from <*>: <*>: Bye Bye [preauth],OpenSSH,Unseen,Received disconnect from <*>: <*>: Bye Bye [preauth],1.2977044582366943
Received disconnect from 183.62.140.253: 11: Bye Bye [preauth],Received disconnect from <*>: <*>: Bye Bye [preauth],OpenSSH,Unseen,Received disconnect from <*>: <*>: Bye Bye [preauth],1.309065341949463
Received disconnect from 183.62.140.253: 11: Bye Bye [preauth],Received disconnect from <*>: <*>: Bye Bye [preauth],OpenSSH,Unseen,Received disconnect from <*>: <*>: Bye Bye [preauth],1.3193354606628418
Received disconnect from 183.62.140.253: 11: Bye Bye [preauth],Received disconnect from <*>: <*>: Bye Bye [preauth],OpenSSH,Unseen,Received disconnect from <*>: <*>: Bye Bye [preauth],1.3189418315887451
Received disconnect from 183.62.140.253: 11: Bye Bye [preauth],Received disconnect from <*>: <*>: Bye Bye [preauth],OpenSSH,Unseen,Received disconnect from <*>: <*>: Bye Bye [preauth],1.3231992721557617
Received disconnect from 183.62.140.253: 11: Bye Bye [preauth],Received disconnect from <*>: <*>: Bye Bye [preauth],OpenSSH,Unseen,Received disconnect from <*>: <*>: Bye Bye [preauth],1.3133697509765625
Received disconnect from 183.62.140.253: 11: Bye Bye [preauth],Received disconnect from <*>: <*>: Bye Bye [preauth],OpenSSH,Unseen,Received disconnect from <*>: <*>: Bye Bye [preauth],1.320495843887329
Received disconnect from 183.62.140.253: 11: Bye Bye [preauth],Received disconnect from <*>: <*>: Bye Bye [preauth],OpenSSH,Unseen,Received disconnect from <*>: <*>: Bye Bye [preauth],1.3135483264923096
Received disconnect from 183.62.140.253: 11: Bye Bye [preauth],Received disconnect from <*>: <*>: Bye Bye [preauth],OpenSSH,Unseen,Received disconnect from <*>: <*>: Bye Bye [preauth],1.31217360496521
Received disconnect from 183.62.140.253: 11: Bye Bye [preauth],Received disconnect from <*>: <*>: Bye Bye [preauth],OpenSSH,Unseen,Received disconnect from <*>: <*>: Bye Bye [preauth],1.3079020977020264
Received disconnect from 183.62.140.253: 11: Bye Bye [preauth],Received disconnect from <*>: <*>: Bye Bye [preauth],OpenSSH,Unseen,Received disconnect from <*>: <*>: Bye Bye [preauth],1.3063578605651855
Received disconnect from 183.62.140.253: 11: Bye Bye [preauth],Received disconnect from <*>: <*>: Bye Bye [preauth],OpenSSH,Unseen,Received disconnect from <*>: <*>: Bye Bye [preauth],1.3112099170684814
Received disconnect from 183.62.140.253: 11: Bye Bye [preauth],Received disconnect from <*>: <*>: Bye Bye [preauth],OpenSSH,Unseen,Received disconnect from <*>: <*>: Bye Bye [preauth],1.3080811500549316
Received disconnect from 183.62.140.253: 11: Bye Bye [preauth],Received disconnect from <*>: <*>: Bye Bye [preauth],OpenSSH,Unseen,Received disconnect from <*>: <*>: Bye Bye [preauth],1.2969083786010742
Received disconnect from 183.62.140.253: 11: Bye Bye [preauth],Received disconnect from <*>: <*>: Bye Bye [preauth],OpenSSH,Unseen,Received disconnect from <*>: <*>: Bye Bye [preauth],1.3218698501586914
Received disconnect from 183.62.140.253: 11: Bye Bye [preauth],Received disconnect from <*>: <*>: Bye Bye [preauth],OpenSSH,Unseen,Received disconnect from <*>: <*>: Bye Bye [preauth],1.3147175312042236
Received disconnect from 183.62.140.253: 11: Bye Bye [preauth],Received disconnect from <*>: <*>: Bye Bye [preauth],OpenSSH,Unseen,Received disconnect from <*>: <*>: Bye Bye [preauth],1.3127620220184326
Received disconnect from 183.62.140.253: 11: Bye Bye [preauth],Received disconnect from <*>: <*>: Bye Bye [preauth],OpenSSH,Unseen,Received disconnect from <*>: <*>: Bye Bye [preauth],1.3174190521240234
Received disconnect from 183.62.140.253: 11: Bye Bye [preauth],Received disconnect from <*>: <*>: Bye Bye [preauth],OpenSSH,Unseen,Received disconnect from <*>: <*>: Bye Bye [preauth],1.316291332244873
Received disconnect from 183.62.140.253: 11: Bye Bye [preauth],Received disconnect from <*>: <*>: Bye Bye [preauth],OpenSSH,Unseen,Received disconnect from <*>: <*>: Bye Bye [preauth],1.3073482513427734
Received disconnect from 183.62.140.253: 11: Bye Bye [preauth],Received disconnect from <*>: <*>: Bye Bye [preauth],OpenSSH,Unseen,Received disconnect from <*>: <*>: Bye Bye [preauth],1.3110566139221191
Received disconnect from 183.62.140.253: 11: Bye Bye [preauth],Received disconnect from <*>: <*>: Bye Bye [preauth],OpenSSH,Unseen,Received disconnect from <*>: <*>: Bye Bye [preauth],1.309704065322876
Received disconnect from 183.62.140.253: 11: Bye Bye [preauth],Received disconnect from <*>: <*>: Bye Bye [preauth],OpenSSH,Unseen,Received disconnect from <*>: <*>: Bye Bye [preauth],1.3078222274780273
Received disconnect from 183.62.140.253: 11: Bye Bye [preauth],Received disconnect from <*>: <*>: Bye Bye [preauth],OpenSSH,Unseen,Received disconnect from <*>: <*>: Bye Bye [preauth],1.3141019344329834
Received disconnect from 183.62.140.253: 11: Bye Bye [preauth],Received disconnect from <*>: <*>: Bye Bye [preauth],OpenSSH,Unseen,Received disconnect from <*>: <*>: Bye Bye [preauth],1.308525800704956
Received disconnect from 183.62.140.253: 11: Bye Bye [preauth],Received disconnect from <*>: <*>: Bye Bye [preauth],OpenSSH,Unseen,Received disconnect from <*>: <*>: Bye Bye [preauth],1.3067233562469482
Received disconnect from 183.62.140.253: 11: Bye Bye [preauth],Received disconnect from <*>: <*>: Bye Bye [preauth],OpenSSH,Unseen,Received disconnect from <*>: <*>: Bye Bye [preauth],1.3084437847137451
Received disconnect from 183.62.140.253: 11: Bye Bye [preauth],Received disconnect from <*>: <*>: Bye Bye [preauth],OpenSSH,Unseen,Received disconnect from <*>: <*>: Bye Bye [preauth],1.3096156120300293
Received disconnect from 183.62.140.253: 11: Bye Bye [preauth],Received disconnect from <*>: <*>: Bye Bye [preauth],OpenSSH,Unseen,Received disconnect from <*>: <*>: Bye Bye [preauth],1.3068315982818604
Received disconnect from 183.62.140.253: 11: Bye Bye [preauth],Received disconnect from <*>: <*>: Bye Bye [preauth],OpenSSH,Unseen,Received disconnect from <*>: <*>: Bye Bye [preauth],1.3223237991333008
Received disconnect from 183.62.140.253: 11: Bye Bye [preauth],Received disconnect from <*>: <*>: Bye Bye [preauth],OpenSSH,Unseen,Received disconnect from <*>: <*>: Bye Bye [preauth],1.309389591217041
Received disconnect from 183.62.140.253: 11: Bye Bye [preauth],Received disconnect from <*>: <*>: Bye Bye [preauth],OpenSSH,Unseen,Received disconnect from <*>: <*>: Bye Bye [preauth],1.3051021099090576
Received disconnect from 183.62.140.253: 11: Bye Bye [preauth],Received disconnect from <*>: <*>: Bye Bye [preauth],OpenSSH,Unseen,Received disconnect from <*>: <*>: Bye Bye [preauth],1.3137798309326172
Received disconnect from 183.62.140.253: 11: Bye Bye [preauth],Received disconnect from <*>: <*>: Bye Bye [preauth],OpenSSH,Unseen,Received disconnect from <*>: <*>: Bye Bye [preauth],1.3132450580596924
Received disconnect from 183.62.140.253: 11: Bye Bye [preauth],Received disconnect from <*>: <*>: Bye Bye [preauth],OpenSSH,Unseen,Received disconnect from <*>: <*>: Bye Bye [preauth],1.3129522800445557
Received disconnect from 183.62.140.253: 11: Bye Bye [preauth],Received disconnect from <*>: <*>: Bye Bye [preauth],OpenSSH,Unseen,Received disconnect from <*>: <*>: Bye Bye [preauth],1.3048105239868164
Received disconnect from 183.62.140.253: 11: Bye Bye [preauth],Received disconnect from <*>: <*>: Bye Bye [preauth],OpenSSH,Unseen,Received disconnect from <*>: <*>: Bye Bye [preauth],1.3090271949768066
Received disconnect from 183.62.140.253: 11: Bye Bye [preauth],Received disconnect from <*>: <*>: Bye Bye [preauth],OpenSSH,Unseen,Received disconnect from <*>: <*>: Bye Bye [preauth],1.3090934753417969
Received disconnect from 183.62.140.253: 11: Bye Bye [preauth],Received disconnect from <*>: <*>: Bye Bye [preauth],OpenSSH,Unseen,Received disconnect from <*>: <*>: Bye Bye [preauth],1.3081684112548828
Received disconnect from 183.62.140.253: 11: Bye Bye [preauth],Received disconnect from <*>: <*>: Bye Bye [preauth],OpenSSH,Unseen,Received disconnect from <*>: <*>: Bye Bye [preauth],1.3076002597808838
Received disconnect from 183.62.140.253: 11: Bye Bye [preauth],Received disconnect from <*>: <*>: Bye Bye [preauth],OpenSSH,Unseen,Received disconnect from <*>: <*>: Bye Bye [preauth],1.2985796928405762
Received disconnect from 183.62.140.253: 11: Bye Bye [preauth],Received disconnect from <*>: <*>: Bye Bye [preauth],OpenSSH,Unseen,Received disconnect from <*>: <*>: Bye Bye [preauth],1.3038957118988037
Received disconnect from 183.62.140.253: 11: Bye Bye [preauth],Received disconnect from <*>: <*>: Bye Bye [preauth],OpenSSH,Unseen,Received disconnect from <*>: <*>: Bye Bye [preauth],1.305893898010254
Received disconnect from 183.62.140.253: 11: Bye Bye [preauth],Received disconnect from <*>: <*>: Bye Bye [preauth],OpenSSH,Unseen,Received disconnect from <*>: <*>: Bye Bye [preauth],1.3076868057250977
Received disconnect from 183.62.140.253: 11: Bye Bye [preauth],Received disconnect from <*>: <*>: Bye Bye [preauth],OpenSSH,Unseen,Received disconnect from <*>: <*>: Bye Bye [preauth],1.3113524913787842
Received disconnect from 183.62.140.253: 11: Bye Bye [preauth],Received disconnect from <*>: <*>: Bye Bye [preauth],OpenSSH,Unseen,Received disconnect from <*>: <*>: Bye Bye [preauth],1.305222988128662
Received disconnect from 183.62.140.253: 11: Bye Bye [preauth],Received disconnect from <*>: <*>: Bye Bye [preauth],OpenSSH,Unseen,Received disconnect from <*>: <*>: Bye Bye [preauth],1.3099217414855957
Received disconnect from 183.62.140.253: 11: Bye Bye [preauth],Received disconnect from <*>: <*>: Bye Bye [preauth],OpenSSH,Unseen,Received disconnect from <*>: <*>: Bye Bye [preauth],1.3047420978546143
Received disconnect from 183.62.140.253: 11: Bye Bye [preauth],Received disconnect from <*>: <*>: Bye Bye [preauth],OpenSSH,Unseen,Received disconnect from <*>: <*>: Bye Bye [preauth],1.302558183670044
Received disconnect from 183.62.140.253: 11: Bye Bye [preauth],Received disconnect from <*>: <*>: Bye Bye [preauth],OpenSSH,Unseen,Received disconnect from <*>: <*>: Bye Bye [preauth],1.3103084564208984
Received disconnect from 183.62.140.253: 11: Bye Bye [preauth],Received disconnect from <*>: <*>: Bye Bye [preauth],OpenSSH,Unseen,Received disconnect from <*>: <*>: Bye Bye [preauth],1.3131530284881592
Received disconnect from 183.62.140.253: 11: Bye Bye [preauth],Received disconnect from <*>: <*>: Bye Bye [preauth],OpenSSH,Unseen,Received disconnect from <*>: <*>: Bye Bye [preauth],1.3093430995941162
Received disconnect from 183.62.140.253: 11: Bye Bye [preauth],Received disconnect from <*>: <*>: Bye Bye [preauth],OpenSSH,Unseen,Received disconnect from <*>: <*>: Bye Bye [preauth],1.307316780090332
Received disconnect from 183.62.140.253: 11: Bye Bye [preauth],Received disconnect from <*>: <*>: Bye Bye [preauth],OpenSSH,Unseen,Received disconnect from <*>: <*>: Bye Bye [preauth],1.3033084869384766
Received disconnect from 183.62.140.253: 11: Bye Bye [preauth],Received disconnect from <*>: <*>: Bye Bye [preauth],OpenSSH,Unseen,Received disconnect from <*>: <*>: Bye Bye [preauth],1.2988471984863281
Received disconnect from 183.62.140.253: 11: Bye Bye [preauth],Received disconnect from <*>: <*>: Bye Bye [preauth],OpenSSH,Unseen,Received disconnect from <*>: <*>: Bye Bye [preauth],1.3051722049713135
Received disconnect from 183.62.140.253: 11: Bye Bye [preauth],Received disconnect from <*>: <*>: Bye Bye [preauth],OpenSSH,Unseen,Received disconnect from <*>: <*>: Bye Bye [preauth],1.3017618656158447
Received disconnect from 183.62.140.253: 11: Bye Bye [preauth],Received disconnect from <*>: <*>: Bye Bye [preauth],OpenSSH,Unseen,Received disconnect from <*>: <*>: Bye Bye [preauth],1.3093090057373047
Received disconnect from 183.62.140.253: 11: Bye Bye [preauth],Received disconnect from <*>: <*>: Bye Bye [preauth],OpenSSH,Unseen,Received disconnect from <*>: <*>: Bye Bye [preauth],1.3204410076141357
Received disconnect from 183.62.140.253: 11: Bye Bye [preauth],Received disconnect from <*>: <*>: Bye Bye [preauth],OpenSSH,Unseen,Received disconnect from <*>: <*>: Bye Bye [preauth],1.3138720989227295
Received disconnect from 183.62.140.253: 11: Bye Bye [preauth],Received disconnect from <*>: <*>: Bye Bye [preauth],OpenSSH,Unseen,Received disconnect from <*>: <*>: Bye Bye [preauth],1.3046934604644775
Received disconnect from 183.62.140.253: 11: Bye Bye [preauth],Received disconnect from <*>: <*>: Bye Bye [preauth],OpenSSH,Unseen,Received disconnect from <*>: <*>: Bye Bye [preauth],1.3094542026519775
Received disconnect from 183.62.140.253: 11: Bye Bye [preauth],Received disconnect from <*>: <*>: Bye Bye [preauth],OpenSSH,Unseen,Received disconnect from <*>: <*>: Bye Bye [preauth],1.309213399887085
Received disconnect from 183.62.140.253: 11: Bye Bye [preauth],Received disconnect from <*>: <*>: Bye Bye [preauth],OpenSSH,Unseen,Received disconnect from <*>: <*>: Bye Bye [preauth],1.306028127670288
Received disconnect from 183.62.140.253: 11: Bye Bye [preauth],Received disconnect from <*>: <*>: Bye Bye [preauth],OpenSSH,Unseen,Received disconnect from <*>: <*>: Bye Bye [preauth],1.3064541816711426
Received disconnect from 183.62.140.253: 11: Bye Bye [preauth],Received disconnect from <*>: <*>: Bye Bye [preauth],OpenSSH,Unseen,Received disconnect from <*>: <*>: Bye Bye [preauth],1.3032684326171875
Received disconnect from 183.62.140.253: 11: Bye Bye [preauth],Received disconnect from <*>: <*>: Bye Bye [preauth],OpenSSH,Unseen,Received disconnect from <*>: <*>: Bye Bye [preauth],1.3003582954406738
Received disconnect from 183.62.140.253: 11: Bye Bye [preauth],Received disconnect from <*>: <*>: Bye Bye [preauth],OpenSSH,Unseen,Received disconnect from <*>: <*>: Bye Bye [preauth],1.319507122039795
Received disconnect from 183.62.140.253: 11: Bye Bye [preauth],Received disconnect from <*>: <*>: Bye Bye [preauth],OpenSSH,Unseen,Received disconnect from <*>: <*>: Bye Bye [preauth],1.298074722290039
Received disconnect from 183.62.140.253: 11: Bye Bye [preauth],Received disconnect from <*>: <*>: Bye Bye [preauth],OpenSSH,Unseen,Received disconnect from <*>: <*>: Bye Bye [preauth],1.3110721111297607
Received disconnect from 183.62.140.253: 11: Bye Bye [preauth],Received disconnect from <*>: <*>: Bye Bye [preauth],OpenSSH,Unseen,Received disconnect from <*>: <*>: Bye Bye [preauth],1.310819387435913
Received disconnect from 183.62.140.253: 11: Bye Bye [preauth],Received disconnect from <*>: <*>: Bye Bye [preauth],OpenSSH,Unseen,Received disconnect from <*>: <*>: Bye Bye [preauth],1.3074183464050293
Received disconnect from 183.62.140.253: 11: Bye Bye [preauth],Received disconnect from <*>: <*>: Bye Bye [preauth],OpenSSH,Unseen,Received disconnect from <*>: <*>: Bye Bye [preauth],1.3237690925598145
Received disconnect from 183.62.140.253: 11: Bye Bye [preauth],Received disconnect from <*>: <*>: Bye Bye [preauth],OpenSSH,Unseen,Received disconnect from <*>: <*>: Bye Bye [preauth],1.3128409385681152
Received disconnect from 183.62.140.253: 11: Bye Bye [preauth],Received disconnect from <*>: <*>: Bye Bye [preauth],OpenSSH,Unseen,Received disconnect from <*>: <*>: Bye Bye [preauth],1.309929370880127
Received disconnect from 183.62.140.253: 11: Bye Bye [preauth],Received disconnect from <*>: <*>: Bye Bye [preauth],OpenSSH,Unseen,Received disconnect from <*>: <*>: Bye Bye [preauth],1.3061456680297852
Received disconnect from 183.62.140.253: 11: Bye Bye [preauth],Received disconnect from <*>: <*>: Bye Bye [preauth],OpenSSH,Unseen,Received disconnect from <*>: <*>: Bye Bye [preauth],1.320228099822998
Received disconnect from 183.62.140.253: 11: Bye Bye [preauth],Received disconnect from <*>: <*>: Bye Bye [preauth],OpenSSH,Unseen,Received disconnect from <*>: <*>: Bye Bye [preauth],1.302185297012329
Received disconnect from 183.62.140.253: 11: Bye Bye [preauth],Received disconnect from <*>: <*>: Bye Bye [preauth],OpenSSH,Unseen,Received disconnect from <*>: <*>: Bye Bye [preauth],1.3142061233520508
Received disconnect from 183.62.140.253: 11: Bye Bye [preauth],Received disconnect from <*>: <*>: Bye Bye [preauth],OpenSSH,Unseen,Received disconnect from <*>: <*>: Bye Bye [preauth],1.3192782402038574
Received disconnect from 183.62.140.253: 11: Bye Bye [preauth],Received disconnect from <*>: <*>: Bye Bye [preauth],OpenSSH,Unseen,Received disconnect from <*>: <*>: Bye Bye [preauth],1.2978179454803467
Received disconnect from 183.62.140.253: 11: Bye Bye [preauth],Received disconnect from <*>: <*>: Bye Bye [preauth],OpenSSH,Unseen,Received disconnect from <*>: <*>: Bye Bye [preauth],1.3166897296905518
Received disconnect from 183.62.140.253: 11: Bye Bye [preauth],Received disconnect from <*>: <*>: Bye Bye [preauth],OpenSSH,Unseen,Received disconnect from <*>: <*>: Bye Bye [preauth],1.3078351020812988
Received disconnect from 183.62.140.253: 11: Bye Bye [preauth],Received disconnect from <*>: <*>: Bye Bye [preauth],OpenSSH,Unseen,Received disconnect from <*>: <*>: Bye Bye [preauth],1.3136019706726074
Received disconnect from 183.62.140.253: 11: Bye Bye [preauth],Received disconnect from <*>: <*>: Bye Bye [preauth],OpenSSH,Unseen,Received disconnect from <*>: <*>: Bye Bye [preauth],1.325913667678833
Received disconnect from 183.62.140.253: 11: Bye Bye [preauth],Received disconnect from <*>: <*>: Bye Bye [preauth],OpenSSH,Unseen,Received disconnect from <*>: <*>: Bye Bye [preauth],1.3120250701904297
Received disconnect from 183.62.140.253: 11: Bye Bye [preauth],Received disconnect from <*>: <*>: Bye Bye [preauth],OpenSSH,Unseen,Received disconnect from <*>: <*>: Bye Bye [preauth],1.3094778060913086
Received disconnect from 183.62.140.253: 11: Bye Bye [preauth],Received disconnect from <*>: <*>: Bye Bye [preauth],OpenSSH,Unseen,Received disconnect from <*>: <*>: Bye Bye [preauth],1.3080148696899414
Received disconnect from 183.62.140.253: 11: Bye Bye [preauth],Received disconnect from <*>: <*>: Bye Bye [preauth],OpenSSH,Unseen,Received disconnect from <*>: <*>: Bye Bye [preauth],1.302105188369751
Received disconnect from 183.62.140.253: 11: Bye Bye [preauth],Received disconnect from <*>: <*>: Bye Bye [preauth],OpenSSH,Unseen,Received disconnect from <*>: <*>: Bye Bye [preauth],1.289458990097046
Received disconnect from 183.62.140.253: 11: Bye Bye [preauth],Received disconnect from <*>: <*>: Bye Bye [preauth],OpenSSH,Unseen,Received disconnect from <*>: <*>: Bye Bye [preauth],1.301347255706787
Received disconnect from 183.62.140.253: 11: Bye Bye [preauth],Received disconnect from <*>: <*>: Bye Bye [preauth],OpenSSH,Unseen,Received disconnect from <*>: <*>: Bye Bye [preauth],1.2883477210998535
Received disconnect from 183.62.140.253: 11: Bye Bye [preauth],Received disconnect from <*>: <*>: Bye Bye [preauth],OpenSSH,Unseen,Received disconnect from <*>: <*>: Bye Bye [preauth],1.3080222606658936
Received disconnect from 183.62.140.253: 11: Bye Bye [preauth],Received disconnect from <*>: <*>: Bye Bye [preauth],OpenSSH,Unseen,Received disconnect from <*>: <*>: Bye Bye [preauth],1.3239130973815918
Received disconnect from 183.62.140.253: 11: Bye Bye [preauth],Received disconnect from <*>: <*>: Bye Bye [preauth],OpenSSH,Unseen,Received disconnect from <*>: <*>: Bye Bye [preauth],1.3065109252929688
Received disconnect from 183.62.140.253: 11: Bye Bye [preauth],Received disconnect from <*>: <*>: Bye Bye [preauth],OpenSSH,Unseen,Received disconnect from <*>: <*>: Bye Bye [preauth],1.3247730731964111
Received disconnect from 183.62.140.253: 11: Bye Bye [preauth],Received disconnect from <*>: <*>: Bye Bye [preauth],OpenSSH,Unseen,Received disconnect from <*>: <*>: Bye Bye [preauth],1.30967378616333
Received disconnect from 183.62.140.253: 11: Bye Bye [preauth],Received disconnect from <*>: <*>: Bye Bye [preauth],OpenSSH,Unseen,Received disconnect from <*>: <*>: Bye Bye [preauth],1.3128628730773926
Received disconnect from 183.62.140.253: 11: Bye Bye [preauth],Received disconnect from <*>: <*>: Bye Bye [preauth],OpenSSH,Unseen,Received disconnect from <*>: <*>: Bye Bye [preauth],1.3115170001983643
Received disconnect from 183.62.140.253: 11: Bye Bye [preauth],Received disconnect from <*>: <*>: Bye Bye [preauth],OpenSSH,Unseen,Received disconnect from <*>: <*>: Bye Bye [preauth],1.3117854595184326
Received disconnect from 183.62.140.253: 11: Bye Bye [preauth],Received disconnect from <*>: <*>: Bye Bye [preauth],OpenSSH,Unseen,Received disconnect from <*>: <*>: Bye Bye [preauth],1.2988641262054443
Received disconnect from 183.62.140.253: 11: Bye Bye [preauth],Received disconnect from <*>: <*>: Bye Bye [preauth],OpenSSH,Unseen,Received disconnect from <*>: <*>: Bye Bye [preauth],1.315845012664795
Received disconnect from 183.62.140.253: 11: Bye Bye [preauth],Received disconnect from <*>: <*>: Bye Bye [preauth],OpenSSH,Unseen,Received disconnect from <*>: <*>: Bye Bye [preauth],1.3073315620422363
Received disconnect from 183.62.140.253: 11: Bye Bye [preauth],Received disconnect from <*>: <*>: Bye Bye [preauth],OpenSSH,Unseen,Received disconnect from <*>: <*>: Bye Bye [preauth],1.308854103088379
Received disconnect from 183.62.140.253: 11: Bye Bye [preauth],Received disconnect from <*>: <*>: Bye Bye [preauth],OpenSSH,Unseen,Received disconnect from <*>: <*>: Bye Bye [preauth],1.3117196559906006
Received disconnect from 183.62.140.253: 11: Bye Bye [preauth],Received disconnect from <*>: <*>: Bye Bye [preauth],OpenSSH,Unseen,Received disconnect from <*>: <*>: Bye Bye [preauth],1.3111178874969482
Received disconnect from 183.62.140.253: 11: Bye Bye [preauth],Received disconnect from <*>: <*>: Bye Bye [preauth],OpenSSH,Unseen,Received disconnect from <*>: <*>: Bye Bye [preauth],1.3181352615356445
Received disconnect from 183.62.140.253: 11: Bye Bye [preauth],Received disconnect from <*>: <*>: Bye Bye [preauth],OpenSSH,Unseen,Received disconnect from <*>: <*>: Bye Bye [preauth],1.3130035400390625
Received disconnect from 183.62.140.253: 11: Bye Bye [preauth],Received disconnect from <*>: <*>: Bye Bye [preauth],OpenSSH,Unseen,Received disconnect from <*>: <*>: Bye Bye [preauth],1.306664228439331
Received disconnect from 183.62.140.253: 11: Bye Bye [preauth],Received disconnect from <*>: <*>: Bye Bye [preauth],OpenSSH,Unseen,Received disconnect from <*>: <*>: Bye Bye [preauth],1.3015501499176025
Received disconnect from 183.62.140.253: 11: Bye Bye [preauth],Received disconnect from <*>: <*>: Bye Bye [preauth],OpenSSH,Unseen,Received disconnect from <*>: <*>: Bye Bye [preauth],1.3190371990203857
Received disconnect from 183.62.140.253: 11: Bye Bye [preauth],Received disconnect from <*>: <*>: Bye Bye [preauth],OpenSSH,Unseen,Received disconnect from <*>: <*>: Bye Bye [preauth],1.3072874546051025
Received disconnect from 183.62.140.253: 11: Bye Bye [preauth],Received disconnect from <*>: <*>: Bye Bye [preauth],OpenSSH,Unseen,Received disconnect from <*>: <*>: Bye Bye [preauth],1.2972753047943115
Received disconnect from 183.62.140.253: 11: Bye Bye [preauth],Received disconnect from <*>: <*>: Bye Bye [preauth],OpenSSH,Unseen,Received disconnect from <*>: <*>: Bye Bye [preauth],1.3085346221923828
Received disconnect from 183.62.140.253: 11: Bye Bye [preauth],Received disconnect from <*>: <*>: Bye Bye [preauth],OpenSSH,Unseen,Received disconnect from <*>: <*>: Bye Bye [preauth],1.3055994510650635
Received disconnect from 183.62.140.253: 11: Bye Bye [preauth],Received disconnect from <*>: <*>: Bye Bye [preauth],OpenSSH,Unseen,Received disconnect from <*>: <*>: Bye Bye [preauth],1.291494607925415
Received disconnect from 183.62.140.253: 11: Bye Bye [preauth],Received disconnect from <*>: <*>: Bye Bye [preauth],OpenSSH,Unseen,Received disconnect from <*>: <*>: Bye Bye [preauth],1.3020293712615967
Received disconnect from 183.62.140.253: 11: Bye Bye [preauth],Received disconnect from <*>: <*>: Bye Bye [preauth],OpenSSH,Unseen,Received disconnect from <*>: <*>: Bye Bye [preauth],1.2954707145690918
Received disconnect from 183.62.140.253: 11: Bye Bye [preauth],Received disconnect from <*>: <*>: Bye Bye [preauth],OpenSSH,Unseen,Received disconnect from <*>: <*>: Bye Bye [preauth],1.2887182235717773
Received disconnect from 183.62.140.253: 11: Bye Bye [preauth],Received disconnect from <*>: <*>: Bye Bye [preauth],OpenSSH,Unseen,Received disconnect from <*>: <*>: Bye Bye [preauth],1.3116347789764404
Received disconnect from 183.62.140.253: 11: Bye Bye [preauth],Received disconnect from <*>: <*>: Bye Bye [preauth],OpenSSH,Unseen,Received disconnect from <*>: <*>: Bye Bye [preauth],1.2977709770202637
Received disconnect from 183.62.140.253: 11: Bye Bye [preauth],Received disconnect from <*>: <*>: Bye Bye [preauth],OpenSSH,Unseen,Received disconnect from <*>: <*>: Bye Bye [preauth],1.3072118759155273
Received disconnect from 183.62.140.253: 11: Bye Bye [preauth],Received disconnect from <*>: <*>: Bye Bye [preauth],OpenSSH,Unseen,Received disconnect from <*>: <*>: Bye Bye [preauth],1.306795597076416
Received disconnect from 183.62.140.253: 11: Bye Bye [preauth],Received disconnect from <*>: <*>: Bye Bye [preauth],OpenSSH,Unseen,Received disconnect from <*>: <*>: Bye Bye [preauth],1.308617115020752
Received disconnect from 183.62.140.253: 11: Bye Bye [preauth],Received disconnect from <*>: <*>: Bye Bye [preauth],OpenSSH,Unseen,Received disconnect from <*>: <*>: Bye Bye [preauth],1.3106236457824707
Received disconnect from 183.62.140.253: 11: Bye Bye [preauth],Received disconnect from <*>: <*>: Bye Bye [preauth],OpenSSH,Unseen,Received disconnect from <*>: <*>: Bye Bye [preauth],1.31257963180542
Received disconnect from 183.62.140.253: 11: Bye Bye [preauth],Received disconnect from <*>: <*>: Bye Bye [preauth],OpenSSH,Unseen,Received disconnect from <*>: <*>: Bye Bye [preauth],1.3096208572387695
Received disconnect from 183.62.140.253: 11: Bye Bye [preauth],Received disconnect from <*>: <*>: Bye Bye [preauth],OpenSSH,Unseen,Received disconnect from <*>: <*>: Bye Bye [preauth],1.312455177307129
Received disconnect from 183.62.140.253: 11: Bye Bye [preauth],Received disconnect from <*>: <*>: Bye Bye [preauth],OpenSSH,Unseen,Received disconnect from <*>: <*>: Bye Bye [preauth],1.3158977031707764
Received disconnect from 183.62.140.253: 11: Bye Bye [preauth],Received disconnect from <*>: <*>: Bye Bye [preauth],OpenSSH,Unseen,Received disconnect from <*>: <*>: Bye Bye [preauth],1.3123736381530762
Received disconnect from 183.62.140.253: 11: Bye Bye [preauth],Received disconnect from <*>: <*>: Bye Bye [preauth],OpenSSH,Unseen,Received disconnect from <*>: <*>: Bye Bye [preauth],1.3090274333953857
Received disconnect from 183.62.140.253: 11: Bye Bye [preauth],Received disconnect from <*>: <*>: Bye Bye [preauth],OpenSSH,Unseen,Received disconnect from <*>: <*>: Bye Bye [preauth],1.307067632675171
Received disconnect from 183.62.140.253: 11: Bye Bye [preauth],Received disconnect from <*>: <*>: Bye Bye [preauth],OpenSSH,Unseen,Received disconnect from <*>: <*>: Bye Bye [preauth],1.3118476867675781
Received disconnect from 183.62.140.253: 11: Bye Bye [preauth],Received disconnect from <*>: <*>: Bye Bye [preauth],OpenSSH,Unseen,Received disconnect from <*>: <*>: Bye Bye [preauth],1.3123784065246582
Received disconnect from 183.62.140.253: 11: Bye Bye [preauth],Received disconnect from <*>: <*>: Bye Bye [preauth],OpenSSH,Unseen,Received disconnect from <*>: <*>: Bye Bye [preauth],1.2975711822509766
Received disconnect from 183.62.140.253: 11: Bye Bye [preauth],Received disconnect from <*>: <*>: Bye Bye [preauth],OpenSSH,Unseen,Received disconnect from <*>: <*>: Bye Bye [preauth],1.3112049102783203
Received disconnect from 183.62.140.253: 11: Bye Bye [preauth],Received disconnect from <*>: <*>: Bye Bye [preauth],OpenSSH,Unseen,Received disconnect from <*>: <*>: Bye Bye [preauth],1.3124010562896729
Received disconnect from 183.62.140.253: 11: Bye Bye [preauth],Received disconnect from <*>: <*>: Bye Bye [preauth],OpenSSH,Unseen,Received disconnect from <*>: <*>: Bye Bye [preauth],1.3118565082550049
Received disconnect from 183.62.140.253: 11: Bye Bye [preauth],Received disconnect from <*>: <*>: Bye Bye [preauth],OpenSSH,Unseen,Received disconnect from <*>: <*>: Bye Bye [preauth],1.3118541240692139
Received disconnect from 183.62.140.253: 11: Bye Bye [preauth],Received disconnect from <*>: <*>: Bye Bye [preauth],OpenSSH,Unseen,Received disconnect from <*>: <*>: Bye Bye [preauth],1.3046472072601318
Received disconnect from 183.62.140.253: 11: Bye Bye [preauth],Received disconnect from <*>: <*>: Bye Bye [preauth],OpenSSH,Unseen,Received disconnect from <*>: <*>: Bye Bye [preauth],1.30224609375
Received disconnect from 183.62.140.253: 11: Bye Bye [preauth],Received disconnect from <*>: <*>: Bye Bye [preauth],OpenSSH,Unseen,Received disconnect from <*>: <*>: Bye Bye [preauth],1.315014362335205
Received disconnect from 183.62.140.253: 11: Bye Bye [preauth],Received disconnect from <*>: <*>: Bye Bye [preauth],OpenSSH,Unseen,Received disconnect from <*>: <*>: Bye Bye [preauth],1.3166298866271973
Received disconnect from 183.62.140.253: 11: Bye Bye [preauth],Received disconnect from <*>: <*>: Bye Bye [preauth],OpenSSH,Unseen,Received disconnect from <*>: <*>: Bye Bye [preauth],1.321488380432129
Received disconnect from 183.62.140.253: 11: Bye Bye [preauth],Received disconnect from <*>: <*>: Bye Bye [preauth],OpenSSH,Unseen,Received disconnect from <*>: <*>: Bye Bye [preauth],1.3190574645996094
Received disconnect from 183.62.140.253: 11: Bye Bye [preauth],Received disconnect from <*>: <*>: Bye Bye [preauth],OpenSSH,Unseen,Received disconnect from <*>: <*>: Bye Bye [preauth],1.315152883529663
Received disconnect from 183.62.140.253: 11: Bye Bye [preauth],Received disconnect from <*>: <*>: Bye Bye [preauth],OpenSSH,Unseen,Received disconnect from <*>: <*>: Bye Bye [preauth],1.3191883563995361
Received disconnect from 183.62.140.253: 11: Bye Bye [preauth],Received disconnect from <*>: <*>: Bye Bye [preauth],OpenSSH,Unseen,Received disconnect from <*>: <*>: Bye Bye [preauth],1.3096866607666016
Received disconnect from 183.62.140.253: 11: Bye Bye [preauth],Received disconnect from <*>: <*>: Bye Bye [preauth],OpenSSH,Unseen,Received disconnect from <*>: <*>: Bye Bye [preauth],1.3057570457458496
Received disconnect from 183.62.140.253: 11: Bye Bye [preauth],Received disconnect from <*>: <*>: Bye Bye [preauth],OpenSSH,Unseen,Received disconnect from <*>: <*>: Bye Bye [preauth],1.306539535522461
Received disconnect from 183.62.140.253: 11: Bye Bye [preauth],Received disconnect from <*>: <*>: Bye Bye [preauth],OpenSSH,Unseen,Received disconnect from <*>: <*>: Bye Bye [preauth],1.3001940250396729
Received disconnect from 183.62.140.253: 11: Bye Bye [preauth],Received disconnect from <*>: <*>: Bye Bye [preauth],OpenSSH,Unseen,Received disconnect from <*>: <*>: Bye Bye [preauth],1.3176631927490234
Received disconnect from 183.62.140.253: 11: Bye Bye [preauth],Received disconnect from <*>: <*>: Bye Bye [preauth],OpenSSH,Unseen,Received disconnect from <*>: <*>: Bye Bye [preauth],1.313615083694458
Received disconnect from 183.62.140.253: 11: Bye Bye [preauth],Received disconnect from <*>: <*>: Bye Bye [preauth],OpenSSH,Unseen,Received disconnect from <*>: <*>: Bye Bye [preauth],1.3071112632751465
Received disconnect from 183.62.140.253: 11: Bye Bye [preauth],Received disconnect from <*>: <*>: Bye Bye [preauth],OpenSSH,Unseen,Received disconnect from <*>: <*>: Bye Bye [preauth],1.3181500434875488
Received disconnect from 183.62.140.253: 11: Bye Bye [preauth],Received disconnect from <*>: <*>: Bye Bye [preauth],OpenSSH,Unseen,Received disconnect from <*>: <*>: Bye Bye [preauth],1.3164570331573486
Received disconnect from 183.62.140.253: 11: Bye Bye [preauth],Received disconnect from <*>: <*>: Bye Bye [preauth],OpenSSH,Unseen,Received disconnect from <*>: <*>: Bye Bye [preauth],1.3144516944885254
Received disconnect from 183.62.140.253: 11: Bye Bye [preauth],Received disconnect from <*>: <*>: Bye Bye [preauth],OpenSSH,Unseen,Received disconnect from <*>: <*>: Bye Bye [preauth],1.314025640487671
Received disconnect from 183.62.140.253: 11: Bye Bye [preauth],Received disconnect from <*>: <*>: Bye Bye [preauth],OpenSSH,Unseen,Received disconnect from <*>: <*>: Bye Bye [preauth],1.3112192153930664
Received disconnect from 183.62.140.253: 11: Bye Bye [preauth],Received disconnect from <*>: <*>: Bye Bye [preauth],OpenSSH,Unseen,Received disconnect from <*>: <*>: Bye Bye [preauth],1.3168189525604248
Received disconnect from 183.62.140.253: 11: Bye Bye [preauth],Received disconnect from <*>: <*>: Bye Bye [preauth],OpenSSH,Unseen,Received disconnect from <*>: <*>: Bye Bye [preauth],1.311058521270752
Received disconnect from 183.62.140.253: 11: Bye Bye [preauth],Received disconnect from <*>: <*>: Bye Bye [preauth],OpenSSH,Unseen,Received disconnect from <*>: <*>: Bye Bye [preauth],1.3051626682281494
Received disconnect from 183.62.140.253: 11: Bye Bye [preauth],Received disconnect from <*>: <*>: Bye Bye [preauth],OpenSSH,Unseen,Received disconnect from <*>: <*>: Bye Bye [preauth],1.316648244857788
Received disconnect from 183.62.140.253: 11: Bye Bye [preauth],Received disconnect from <*>: <*>: Bye Bye [preauth],OpenSSH,Unseen,Received disconnect from <*>: <*>: Bye Bye [preauth],1.3220078945159912
Received disconnect from 183.62.140.253: 11: Bye Bye [preauth],Received disconnect from <*>: <*>: Bye Bye [preauth],OpenSSH,Unseen,Received disconnect from <*>: <*>: Bye Bye [preauth],1.3156611919403076
Received disconnect from 183.62.140.253: 11: Bye Bye [preauth],Received disconnect from <*>: <*>: Bye Bye [preauth],OpenSSH,Unseen,Received disconnect from <*>: <*>: Bye Bye [preauth],1.3201696872711182
Connection closed by 88.147.143.242 [preauth],Connection closed by <*> [preauth],OpenSSH,Unseen,Connection closed by <*> [preauth],0.7529301643371582
Received disconnect from 183.62.140.253: 11: Bye Bye [preauth],Received disconnect from <*>: <*>: Bye Bye [preauth],OpenSSH,Unseen,Received disconnect from <*>: <*>: Bye Bye [preauth],1.3105337619781494
Received disconnect from 183.62.140.253: 11: Bye Bye [preauth],Received disconnect from <*>: <*>: Bye Bye [preauth],OpenSSH,Unseen,Received disconnect from <*>: <*>: Bye Bye [preauth],1.3187267780303955
Received disconnect from 183.62.140.253: 11: Bye Bye [preauth],Received disconnect from <*>: <*>: Bye Bye [preauth],OpenSSH,Unseen,Received disconnect from <*>: <*>: Bye Bye [preauth],1.3155434131622314
Received disconnect from 183.62.140.253: 11: Bye Bye [preauth],Received disconnect from <*>: <*>: Bye Bye [preauth],OpenSSH,Unseen,Received disconnect from <*>: <*>: Bye Bye [preauth],1.311711072921753
Received disconnect from 183.62.140.253: 11: Bye Bye [preauth],Received disconnect from <*>: <*>: Bye Bye [preauth],OpenSSH,Unseen,Received disconnect from <*>: <*>: Bye Bye [preauth],1.3220765590667725
Received disconnect from 183.62.140.253: 11: Bye Bye [preauth],Received disconnect from <*>: <*>: Bye Bye [preauth],OpenSSH,Unseen,Received disconnect from <*>: <*>: Bye Bye [preauth],1.3267693519592285
Received disconnect from 183.62.140.253: 11: Bye Bye [preauth],Received disconnect from <*>: <*>: Bye Bye [preauth],OpenSSH,Unseen,Received disconnect from <*>: <*>: Bye Bye [preauth],1.3216907978057861
Received disconnect from 183.62.140.253: 11: Bye Bye [preauth],Received disconnect from <*>: <*>: Bye Bye [preauth],OpenSSH,Unseen,Received disconnect from <*>: <*>: Bye Bye [preauth],1.3165621757507324
Received disconnect from 183.62.140.253: 11: Bye Bye [preauth],Received disconnect from <*>: <*>: Bye Bye [preauth],OpenSSH,Unseen,Received disconnect from <*>: <*>: Bye Bye [preauth],1.3203563690185547
Received disconnect from 183.62.140.253: 11: Bye Bye [preauth],Received disconnect from <*>: <*>: Bye Bye [preauth],OpenSSH,Unseen,Received disconnect from <*>: <*>: Bye Bye [preauth],1.3197300434112549
Received disconnect from 183.62.140.253: 11: Bye Bye [preauth],Received disconnect from <*>: <*>: Bye Bye [preauth],OpenSSH,Unseen,Received disconnect from <*>: <*>: Bye Bye [preauth],1.3162856101989746
Received disconnect from 183.62.140.253: 11: Bye Bye [preauth],Received disconnect from <*>: <*>: Bye Bye [preauth],OpenSSH,Unseen,Received disconnect from <*>: <*>: Bye Bye [preauth],1.3190014362335205
Received disconnect from 183.62.140.253: 11: Bye Bye [preauth],Received disconnect from <*>: <*>: Bye Bye [preauth],OpenSSH,Unseen,Received disconnect from <*>: <*>: Bye Bye [preauth],1.3157126903533936
Received disconnect from 183.62.140.253: 11: Bye Bye [preauth],Received disconnect from <*>: <*>: Bye Bye [preauth],OpenSSH,Unseen,Received disconnect from <*>: <*>: Bye Bye [preauth],1.3117752075195312
Received disconnect from 183.62.140.253: 11: Bye Bye [preauth],Received disconnect from <*>: <*>: Bye Bye [preauth],OpenSSH,Unseen,Received disconnect from <*>: <*>: Bye Bye [preauth],1.299773931503296
Received disconnect from 183.62.140.253: 11: Bye Bye [preauth],Received disconnect from <*>: <*>: Bye Bye [preauth],OpenSSH,Unseen,Received disconnect from <*>: <*>: Bye Bye [preauth],1.313488245010376
Received disconnect from 183.62.140.253: 11: Bye Bye [preauth],Received disconnect from <*>: <*>: Bye Bye [preauth],OpenSSH,Unseen,Received disconnect from <*>: <*>: Bye Bye [preauth],1.3149566650390625
Received disconnect from 183.62.140.253: 11: Bye Bye [preauth],Received disconnect from <*>: <*>: Bye Bye [preauth],OpenSSH,Unseen,Received disconnect from <*>: <*>: Bye Bye [preauth],1.3093478679656982
Received disconnect from 183.62.140.253: 11: Bye Bye [preauth],Received disconnect from <*>: <*>: Bye Bye [preauth],OpenSSH,Unseen,Received disconnect from <*>: <*>: Bye Bye [preauth],1.3182458877563477
Received disconnect from 183.62.140.253: 11: Bye Bye [preauth],Received disconnect from <*>: <*>: Bye Bye [preauth],OpenSSH,Unseen,Received disconnect from <*>: <*>: Bye Bye [preauth],1.3005807399749756
Received disconnect from 183.62.140.253: 11: Bye Bye [preauth],Received disconnect from <*>: <*>: Bye Bye [preauth],OpenSSH,Unseen,Received disconnect from <*>: <*>: Bye Bye [preauth],1.323507308959961
Received disconnect from 183.62.140.253: 11: Bye Bye [preauth],Received disconnect from <*>: <*>: Bye Bye [preauth],OpenSSH,Unseen,Received disconnect from <*>: <*>: Bye Bye [preauth],1.3133089542388916
Received disconnect from 183.62.140.253: 11: Bye Bye [preauth],Received disconnect from <*>: <*>: Bye Bye [preauth],OpenSSH,Unseen,Received disconnect from <*>: <*>: Bye Bye [preauth],1.3134737014770508
Received disconnect from 183.62.140.253: 11: Bye Bye [preauth],Received disconnect from <*>: <*>: Bye Bye [preauth],OpenSSH,Unseen,Received disconnect from <*>: <*>: Bye Bye [preauth],1.309394121170044
Received disconnect from 183.62.140.253: 11: Bye Bye [preauth],Received disconnect from <*>: <*>: Bye Bye [preauth],OpenSSH,Unseen,Received disconnect from <*>: <*>: Bye Bye [preauth],1.3161253929138184
Received disconnect from 183.62.140.253: 11: Bye Bye [preauth],Received disconnect from <*>: <*>: Bye Bye [preauth],OpenSSH,Unseen,Received disconnect from <*>: <*>: Bye Bye [preauth],1.3138978481292725
Received disconnect from 183.62.140.253: 11: Bye Bye [preauth],Received disconnect from <*>: <*>: Bye Bye [preauth],OpenSSH,Unseen,Received disconnect from <*>: <*>: Bye Bye [preauth],1.3084371089935303
Received disconnect from 183.62.140.253: 11: Bye Bye [preauth],Received disconnect from <*>: <*>: Bye Bye [preauth],OpenSSH,Unseen,Received disconnect from <*>: <*>: Bye Bye [preauth],1.3140194416046143
Received disconnect from 183.62.140.253: 11: Bye Bye [preauth],Received disconnect from <*>: <*>: Bye Bye [preauth],OpenSSH,Unseen,Received disconnect from <*>: <*>: Bye Bye [preauth],1.31142258644104
Received disconnect from 183.62.140.253: 11: Bye Bye [preauth],Received disconnect from <*>: <*>: Bye Bye [preauth],OpenSSH,Unseen,Received disconnect from <*>: <*>: Bye Bye [preauth],1.3147542476654053
Received disconnect from 183.62.140.253: 11: Bye Bye [preauth],Received disconnect from <*>: <*>: Bye Bye [preauth],OpenSSH,Unseen,Received disconnect from <*>: <*>: Bye Bye [preauth],1.3112614154815674
Received disconnect from 183.62.140.253: 11: Bye Bye [preauth],Received disconnect from <*>: <*>: Bye Bye [preauth],OpenSSH,Unseen,Received disconnect from <*>: <*>: Bye Bye [preauth],1.324763536453247
Received disconnect from 183.62.140.253: 11: Bye Bye [preauth],Received disconnect from <*>: <*>: Bye Bye [preauth],OpenSSH,Unseen,Received disconnect from <*>: <*>: Bye Bye [preauth],1.3188927173614502
Received disconnect from 183.62.140.253: 11: Bye Bye [preauth],Received disconnect from <*>: <*>: Bye Bye [preauth],OpenSSH,Unseen,Received disconnect from <*>: <*>: Bye Bye [preauth],1.3178415298461914
Received disconnect from 183.62.140.253: 11: Bye Bye [preauth],Received disconnect from <*>: <*>: Bye Bye [preauth],OpenSSH,Unseen,Received disconnect from <*>: <*>: Bye Bye [preauth],1.3141796588897705
Received disconnect from 183.62.140.253: 11: Bye Bye [preauth],Received disconnect from <*>: <*>: Bye Bye [preauth],OpenSSH,Unseen,Received disconnect from <*>: <*>: Bye Bye [preauth],1.318676471710205
Received disconnect from 183.62.140.253: 11: Bye Bye [preauth],Received disconnect from <*>: <*>: Bye Bye [preauth],OpenSSH,Unseen,Received disconnect from <*>: <*>: Bye Bye [preauth],1.3230888843536377
Received disconnect from 183.62.140.253: 11: Bye Bye [preauth],Received disconnect from <*>: <*>: Bye Bye [preauth],OpenSSH,Unseen,Received disconnect from <*>: <*>: Bye Bye [preauth],1.3135886192321777
Received disconnect from 183.62.140.253: 11: Bye Bye [preauth],Received disconnect from <*>: <*>: Bye Bye [preauth],OpenSSH,Unseen,Received disconnect from <*>: <*>: Bye Bye [preauth],1.311253309249878
Received disconnect from 183.62.140.253: 11: Bye Bye [preauth],Received disconnect from <*>: <*>: Bye Bye [preauth],OpenSSH,Unseen,Received disconnect from <*>: <*>: Bye Bye [preauth],1.325683832168579
Received disconnect from 183.62.140.253: 11: Bye Bye [preauth],Received disconnect from <*>: <*>: Bye Bye [preauth],OpenSSH,Unseen,Received disconnect from <*>: <*>: Bye Bye [preauth],1.3127162456512451
Received disconnect from 183.62.140.253: 11: Bye Bye [preauth],Received disconnect from <*>: <*>: Bye Bye [preauth],OpenSSH,Unseen,Received disconnect from <*>: <*>: Bye Bye [preauth],1.3143517971038818
Received disconnect from 183.62.140.253: 11: Bye Bye [preauth],Received disconnect from <*>: <*>: Bye Bye [preauth],OpenSSH,Unseen,Received disconnect from <*>: <*>: Bye Bye [preauth],1.3175086975097656
Received disconnect from 183.62.140.253: 11: Bye Bye [preauth],Received disconnect from <*>: <*>: Bye Bye [preauth],OpenSSH,Unseen,Received disconnect from <*>: <*>: Bye Bye [preauth],1.3059594631195068
Received disconnect from 183.62.140.253: 11: Bye Bye [preauth],Received disconnect from <*>: <*>: Bye Bye [preauth],OpenSSH,Unseen,Received disconnect from <*>: <*>: Bye Bye [preauth],1.2971479892730713
Received disconnect from 183.62.140.253: 11: Bye Bye [preauth],Received disconnect from <*>: <*>: Bye Bye [preauth],OpenSSH,Unseen,Received disconnect from <*>: <*>: Bye Bye [preauth],1.3106176853179932
Received disconnect from 183.62.140.253: 11: Bye Bye [preauth],Received disconnect from <*>: <*>: Bye Bye [preauth],OpenSSH,Unseen,Received disconnect from <*>: <*>: Bye Bye [preauth],1.3048055171966553
Received disconnect from 183.62.140.253: 11: Bye Bye [preauth],Received disconnect from <*>: <*>: Bye Bye [preauth],OpenSSH,Unseen,Received disconnect from <*>: <*>: Bye Bye [preauth],1.3022689819335938
Received disconnect from 183.62.140.253: 11: Bye Bye [preauth],Received disconnect from <*>: <*>: Bye Bye [preauth],OpenSSH,Unseen,Received disconnect from <*>: <*>: Bye Bye [preauth],1.3247261047363281
Received disconnect from 183.62.140.253: 11: Bye Bye [preauth],Received disconnect from <*>: <*>: Bye Bye [preauth],OpenSSH,Unseen,Received disconnect from <*>: <*>: Bye Bye [preauth],1.3008806705474854
Received disconnect from 183.62.140.253: 11: Bye Bye [preauth],Received disconnect from <*>: <*>: Bye Bye [preauth],OpenSSH,Unseen,Received disconnect from <*>: <*>: Bye Bye [preauth],1.3151614665985107
Received disconnect from 183.62.140.253: 11: Bye Bye [preauth],Received disconnect from <*>: <*>: Bye Bye [preauth],OpenSSH,Unseen,Received disconnect from <*>: <*>: Bye Bye [preauth],1.3092639446258545
Received disconnect from 183.62.140.253: 11: Bye Bye [preauth],Received disconnect from <*>: <*>: Bye Bye [preauth],OpenSSH,Unseen,Received disconnect from <*>: <*>: Bye Bye [preauth],1.312208890914917
Received disconnect from 183.62.140.253: 11: Bye Bye [preauth],Received disconnect from <*>: <*>: Bye Bye [preauth],OpenSSH,Unseen,Received disconnect from <*>: <*>: Bye Bye [preauth],1.3151578903198242
Received disconnect from 183.62.140.253: 11: Bye Bye [preauth],Received disconnect from <*>: <*>: Bye Bye [preauth],OpenSSH,Unseen,Received disconnect from <*>: <*>: Bye Bye [preauth],1.3157663345336914
Received disconnect from 183.62.140.253: 11: Bye Bye [preauth],Received disconnect from <*>: <*>: Bye Bye [preauth],OpenSSH,Unseen,Received disconnect from <*>: <*>: Bye Bye [preauth],1.3154749870300293
Received disconnect from 183.62.140.253: 11: Bye Bye [preauth],Received disconnect from <*>: <*>: Bye Bye [preauth],OpenSSH,Unseen,Received disconnect from <*>: <*>: Bye Bye [preauth],1.3138585090637207
Received disconnect from 183.62.140.253: 11: Bye Bye [preauth],Received disconnect from <*>: <*>: Bye Bye [preauth],OpenSSH,Unseen,Received disconnect from <*>: <*>: Bye Bye [preauth],1.309589147567749
Received disconnect from 183.62.140.253: 11: Bye Bye [preauth],Received disconnect from <*>: <*>: Bye Bye [preauth],OpenSSH,Unseen,Received disconnect from <*>: <*>: Bye Bye [preauth],1.309140920639038
Received disconnect from 183.62.140.253: 11: Bye Bye [preauth],Received disconnect from <*>: <*>: Bye Bye [preauth],OpenSSH,Unseen,Received disconnect from <*>: <*>: Bye Bye [preauth],1.3157861232757568
Received disconnect from 183.62.140.253: 11: Bye Bye [preauth],Received disconnect from <*>: <*>: Bye Bye [preauth],OpenSSH,Unseen,Received disconnect from <*>: <*>: Bye Bye [preauth],1.3128976821899414
Received disconnect from 183.62.140.253: 11: Bye Bye [preauth],Received disconnect from <*>: <*>: Bye Bye [preauth],OpenSSH,Unseen,Received disconnect from <*>: <*>: Bye Bye [preauth],1.3183846473693848
Received disconnect from 183.62.140.253: 11: Bye Bye [preauth],Received disconnect from <*>: <*>: Bye Bye [preauth],OpenSSH,Unseen,Received disconnect from <*>: <*>: Bye Bye [preauth],1.3091483116149902
Received disconnect from 183.62.140.253: 11: Bye Bye [preauth],Received disconnect from <*>: <*>: Bye Bye [preauth],OpenSSH,Unseen,Received disconnect from <*>: <*>: Bye Bye [preauth],1.3033947944641113
Received disconnect from 183.62.140.253: 11: Bye Bye [preauth],Received disconnect from <*>: <*>: Bye Bye [preauth],OpenSSH,Unseen,Received disconnect from <*>: <*>: Bye Bye [preauth],1.301196575164795
Received disconnect from 183.62.140.253: 11: Bye Bye [preauth],Received disconnect from <*>: <*>: Bye Bye [preauth],OpenSSH,Unseen,Received disconnect from <*>: <*>: Bye Bye [preauth],1.3138227462768555
Received disconnect from 183.62.140.253: 11: Bye Bye [preauth],Received disconnect from <*>: <*>: Bye Bye [preauth],OpenSSH,Unseen,Received disconnect from <*>: <*>: Bye Bye [preauth],1.3251376152038574
Received disconnect from 183.62.140.253: 11: Bye Bye [preauth],Received disconnect from <*>: <*>: Bye Bye [preauth],OpenSSH,Unseen,Received disconnect from <*>: <*>: Bye Bye [preauth],1.319573163986206
Received disconnect from 183.62.140.253: 11: Bye Bye [preauth],Received disconnect from <*>: <*>: Bye Bye [preauth],OpenSSH,Unseen,Received disconnect from <*>: <*>: Bye Bye [preauth],1.3247265815734863
Received disconnect from 183.62.140.253: 11: Bye Bye [preauth],Received disconnect from <*>: <*>: Bye Bye [preauth],OpenSSH,Unseen,Received disconnect from <*>: <*>: Bye Bye [preauth],1.3021130561828613
Received disconnect from 183.62.140.253: 11: Bye Bye [preauth],Received disconnect from <*>: <*>: Bye Bye [preauth],OpenSSH,Unseen,Received disconnect from <*>: <*>: Bye Bye [preauth],1.3113431930541992
Received disconnect from 183.62.140.253: 11: Bye Bye [preauth],Received disconnect from <*>: <*>: Bye Bye [preauth],OpenSSH,Unseen,Received disconnect from <*>: <*>: Bye Bye [preauth],1.3196191787719727
Received disconnect from 183.62.140.253: 11: Bye Bye [preauth],Received disconnect from <*>: <*>: Bye Bye [preauth],OpenSSH,Unseen,Received disconnect from <*>: <*>: Bye Bye [preauth],1.3155674934387207
Received disconnect from 183.62.140.253: 11: Bye Bye [preauth],Received disconnect from <*>: <*>: Bye Bye [preauth],OpenSSH,Unseen,Received disconnect from <*>: <*>: Bye Bye [preauth],1.3057663440704346
Received disconnect from 183.62.140.253: 11: Bye Bye [preauth],Received disconnect from <*>: <*>: Bye Bye [preauth],OpenSSH,Unseen,Received disconnect from <*>: <*>: Bye Bye [preauth],1.3146107196807861
Received disconnect from 183.62.140.253: 11: Bye Bye [preauth],Received disconnect from <*>: <*>: Bye Bye [preauth],OpenSSH,Unseen,Received disconnect from <*>: <*>: Bye Bye [preauth],1.3162126541137695
Received disconnect from 183.62.140.253: 11: Bye Bye [preauth],Received disconnect from <*>: <*>: Bye Bye [preauth],OpenSSH,Unseen,Received disconnect from <*>: <*>: Bye Bye [preauth],1.3152692317962646
Received disconnect from 183.62.140.253: 11: Bye Bye [preauth],Received disconnect from <*>: <*>: Bye Bye [preauth],OpenSSH,Unseen,Received disconnect from <*>: <*>: Bye Bye [preauth],1.3141803741455078
Received disconnect from 183.62.140.253: 11: Bye Bye [preauth],Received disconnect from <*>: <*>: Bye Bye [preauth],OpenSSH,Unseen,Received disconnect from <*>: <*>: Bye Bye [preauth],1.307771921157837
Received disconnect from 183.62.140.253: 11: Bye Bye [preauth],Received disconnect from <*>: <*>: Bye Bye [preauth],OpenSSH,Unseen,Received disconnect from <*>: <*>: Bye Bye [preauth],1.311380386352539
Received disconnect from 183.62.140.253: 11: Bye Bye [preauth],Received disconnect from <*>: <*>: Bye Bye [preauth],OpenSSH,Unseen,Received disconnect from <*>: <*>: Bye Bye [preauth],1.3050568103790283
Received disconnect from 183.62.140.253: 11: Bye Bye [preauth],Received disconnect from <*>: <*>: Bye Bye [preauth],OpenSSH,Unseen,Received disconnect from <*>: <*>: Bye Bye [preauth],1.313673496246338
Received disconnect from 183.62.140.253: 11: Bye Bye [preauth],Received disconnect from <*>: <*>: Bye Bye [preauth],OpenSSH,Unseen,Received disconnect from <*>: <*>: Bye Bye [preauth],1.3104743957519531
Received disconnect from 183.62.140.253: 11: Bye Bye [preauth],Received disconnect from <*>: <*>: Bye Bye [preauth],OpenSSH,Unseen,Received disconnect from <*>: <*>: Bye Bye [preauth],1.326190710067749
Received disconnect from 183.62.140.253: 11: Bye Bye [preauth],Received disconnect from <*>: <*>: Bye Bye [preauth],OpenSSH,Unseen,Received disconnect from <*>: <*>: Bye Bye [preauth],1.3214104175567627
Received disconnect from 183.62.140.253: 11: Bye Bye [preauth],Received disconnect from <*>: <*>: Bye Bye [preauth],OpenSSH,Unseen,Received disconnect from <*>: <*>: Bye Bye [preauth],1.3180780410766602
Received disconnect from 183.62.140.253: 11: Bye Bye [preauth],Received disconnect from <*>: <*>: Bye Bye [preauth],OpenSSH,Unseen,Received disconnect from <*>: <*>: Bye Bye [preauth],1.3176600933074951
Received disconnect from 183.62.140.253: 11: Bye Bye [preauth],Received disconnect from <*>: <*>: Bye Bye [preauth],OpenSSH,Unseen,Received disconnect from <*>: <*>: Bye Bye [preauth],1.3154003620147705
Received disconnect from 183.62.140.253: 11: Bye Bye [preauth],Received disconnect from <*>: <*>: Bye Bye [preauth],OpenSSH,Unseen,Received disconnect from <*>: <*>: Bye Bye [preauth],1.3133337497711182
Received disconnect from 183.62.140.253: 11: Bye Bye [preauth],Received disconnect from <*>: <*>: Bye Bye [preauth],OpenSSH,Unseen,Received disconnect from <*>: <*>: Bye Bye [preauth],1.318782091140747
Received disconnect from 183.62.140.253: 11: Bye Bye [preauth],Received disconnect from <*>: <*>: Bye Bye [preauth],OpenSSH,Unseen,Received disconnect from <*>: <*>: Bye Bye [preauth],1.3253529071807861
Received disconnect from 183.62.140.253: 11: Bye Bye [preauth],Received disconnect from <*>: <*>: Bye Bye [preauth],OpenSSH,Unseen,Received disconnect from <*>: <*>: Bye Bye [preauth],1.3062424659729004
Received disconnect from 183.62.140.253: 11: Bye Bye [preauth],Received disconnect from <*>: <*>: Bye Bye [preauth],OpenSSH,Unseen,Received disconnect from <*>: <*>: Bye Bye [preauth],1.3162314891815186
Received disconnect from 183.62.140.253: 11: Bye Bye [preauth],Received disconnect from <*>: <*>: Bye Bye [preauth],OpenSSH,Unseen,Received disconnect from <*>: <*>: Bye Bye [preauth],1.3126132488250732
Received disconnect from 183.62.140.253: 11: Bye Bye [preauth],Received disconnect from <*>: <*>: Bye Bye [preauth],OpenSSH,Unseen,Received disconnect from <*>: <*>: Bye Bye [preauth],1.305483102798462
Received disconnect from 183.62.140.253: 11: Bye Bye [preauth],Received disconnect from <*>: <*>: Bye Bye [preauth],OpenSSH,Unseen,Received disconnect from <*>: <*>: Bye Bye [preauth],1.29058837890625
Received disconnect from 183.62.140.253: 11: Bye Bye [preauth],Received disconnect from <*>: <*>: Bye Bye [preauth],OpenSSH,Unseen,Received disconnect from <*>: <*>: Bye Bye [preauth],1.3068110942840576
Received disconnect from 183.62.140.253: 11: Bye Bye [preauth],Received disconnect from <*>: <*>: Bye Bye [preauth],OpenSSH,Unseen,Received disconnect from <*>: <*>: Bye Bye [preauth],1.309732437133789
