Content,EventTemplate,Dataset,Category,Unseen_Mistral_FT_Mac_1,Inference_time_1
"ARPT: 620896.311264: wl0: MDNS: 0 SRV Recs, 0 TXT Recs","ARPT: <*>: wl0: MDNS: <*> SRV Recs, <*> TXT Recs",Mac,Unseen,"ARPT: <*>: wl0: MDNS: <*> SRV Recs, <*> TXT Recs",1.8283748626708984
[09:21:58.929] <<<< CRABS >>>> crabsFlumeHostAvailable: [0x7f961cf08cf0] Byte flume reports host available again.,[<*>:<*>:<*>] <<<< CRABS >>>> crabsFlumeHostAvailable: [<*>] Byte flume reports host available again.,Mac,Unseen,[<*>:<*>:<*>] <<<< CRABS >>>> crabsFlumeHostAvailable: [<*>] Byte flume reports host available again.,2.36128306388855
"network_reachability_changed : network is not reachable, netbiosd is shutting down","network_reachability_changed : network is not reachable, netbiosd is shutting down",Mac,Unseen,"network_reachability_changed : network is not reachable, netbiosd is shutting down",1.5063130855560303
AppleThunderboltNHIType2::waitForOk2Go2Sx - intel_rp = 1 dlla_reporting_supported = 0,<*>::<*> - intel_rp = <*> dlla_reporting_supported = <*>,Mac,Unseen,AppleThunderboltNHIType2::waitForOk2Go2Sx - intel_rp = <*> dlla_reporting_supported = <*>,2.4563682079315186
AppleCamIn::wakeEventHandlerThread,AppleCamIn::wakeEventHandlerThread,Mac,Unseen,AppleCamIn::wakeEventHandlerThread,0.6867411136627197
"SOSAccountThisDeviceCanSyncWithCircle sync with device failure: Error Domain=com.apple.security.sos.error Code=1035 ""Account identity not set"" UserInfo={NSDescription=Account identity not set}","SOSAccountThisDeviceCanSyncWithCircle sync with device failure: Error Domain=com.apple.security.sos.error Code=<*> ""Account identity not set"" UserInfo={NSDescription=Account identity not set}",Mac,Unseen,"SOSAccountThisDeviceCanSyncWithCircle sync with device failure: Error Domain=com.apple.security.sos.error Code=<*> ""Account identity not set"" UserInfo={NSDescription=<*>}",3.1564855575561523
"ARPT: 626126.086205: wl0: setup_keepalive: interval 900, retry_interval 30, retry_count 10","ARPT: <*>: wl0: setup_keepalive: interval <*>, retry_interval <*>, retry_count <*>",Mac,Unseen,"ARPT: <*>: wl0: setup_keepalive: interval <*>, retry_interval <*>, retry_count <*>",2.1260263919830322
__42-[NETClientConnection evaluateCrazyIvan46]_block_invoke CI46 - Hit by torpedo! QQ.10018 tc19060 125.39.133.143:14000,<*>-[NETClientConnection <*>]_block_invoke CI46 - Hit by torpedo! <*> <*> <*>:<*>,Mac,Unseen,__<*>-[NETClientConnection evaluateCrazyIvan46]_block_invoke CI46 - Hit by torpedo! QQ.<*> tc<*> <*>:<*>,2.8888978958129883
CCXPCService::setStreamEventHandler Registered for notification callback.,CCXPCService::setStreamEventHandler Registered for notification callback.,Mac,Unseen,CCXPCService::setStreamEventHandler Registered for notification callback.,1.0640671253204346
"SOSAccountThisDeviceCanSyncWithCircle sync with device failure: Error Domain=com.apple.security.sos.error Code=1035 ""Account identity not set"" UserInfo={NSDescription=Account identity not set}","SOSAccountThisDeviceCanSyncWithCircle sync with device failure: Error Domain=com.apple.security.sos.error Code=<*> ""Account identity not set"" UserInfo={NSDescription=Account identity not set}",Mac,Unseen,"SOSAccountThisDeviceCanSyncWithCircle sync with device failure: Error Domain=com.apple.security.sos.error Code=<*> ""Account identity not set"" UserInfo={NSDescription=<*>}",3.2146825790405273
AppleCamIn::wakeEventHandlerThread,AppleCamIn::wakeEventHandlerThread,Mac,Unseen,AppleCamIn::wakeEventHandlerThread,0.6776599884033203
"ARPT: 626908.045241: wl0: setup_keepalive: interval 900, retry_interval 30, retry_count 10","ARPT: <*>: wl0: setup_keepalive: interval <*>, retry_interval <*>, retry_count <*>",Mac,Unseen,"ARPT: <*>: wl0: setup_keepalive: interval <*>, retry_interval <*>, retry_count <*>",2.1271615028381348
RTC: PowerByCalendarDate setting ignored,RTC: PowerByCalendarDate setting ignored,Mac,Unseen,RTC: PowerByCalendarDate setting ignored,0.7458896636962891
Location icon should now be in state 'Active',Location icon should now be in state 'Active',Mac,Unseen,Location icon should now be in state 'Active',0.8148963451385498
PMStats: Hibernate read took 197 ms,PMStats: Hibernate read took <*> ms,Mac,Unseen,PMStats: Hibernate read took <*> ms,0.8792762756347656
"SOSAccountThisDeviceCanSyncWithCircle sync with device failure: Error Domain=com.apple.security.sos.error Code=1035 ""Account identity not set"" UserInfo={NSDescription=Account identity not set}","SOSAccountThisDeviceCanSyncWithCircle sync with device failure: Error Domain=com.apple.security.sos.error Code=<*> ""Account identity not set"" UserInfo={NSDescription=Account identity not set}",Mac,Unseen,"SOSAccountThisDeviceCanSyncWithCircle sync with device failure: Error Domain=com.apple.security.sos.error Code=<*> ""Account identity not set"" UserInfo={NSDescription=<*>}",3.168006420135498
[com.apple.calendar.store.log.caldav.coredav] [Refusing to parse response to PROPPATCH because of content-type: [text/html; charset=UTF-8].],[com.apple.calendar.store.log.caldav.coredav] [Refusing to parse response to PROPPATCH because of content-type: [text/html; charset=UTF-<*>].],Mac,Unseen,[com.apple.calendar.store.log.caldav.coredav] [Refusing to parse response to PROPPATCH because of content-type: [<*>].],2.7192001342773438
"NETWORK: requery, 0, 0, 0, 0, 250, items, fQueryRetries, 0, fLastRetryTimestamp, 520665636.6","NETWORK: requery, <*>, <*>, <*>, <*>, <*>, items, fQueryRetries, <*>, fLastRetryTimestamp, <*>",Mac,Unseen,"NETWORK: requery, <*>, <*>, <*>, <*>, <*>, items, fQueryRetries, <*>, fLastRetryTimestamp, <*>",2.589200973510742
Wake reason: RTC (Alarm),Wake reason: RTC (Alarm),Mac,Unseen,Wake reason: RTC (Alarm),0.8133924007415771
"NETWORK: requery, 0, 0, 0, 0, 250, items, fQueryRetries, 0, fLastRetryTimestamp, 520708962.7","NETWORK: requery, <*>, <*>, <*>, <*>, <*>, items, fQueryRetries, <*>, fLastRetryTimestamp, <*>",Mac,Unseen,"NETWORK: requery, <*>, <*>, <*>, <*>, <*>, items, fQueryRetries, <*>, fLastRetryTimestamp, <*>",2.5754945278167725
"ARPT: 645791.413780: IOPMPowerSource Information: onSleep,  SleepType: Normal Sleep,  'ExternalConnected': No, 'TimeRemaining': 156,","ARPT: <*>: IOPMPowerSource Information: onSleep, SleepType: Normal Sleep, 'ExternalConnected': No, 'TimeRemaining': <*>,",Mac,Unseen,"ARPT: <*>: IOPMPowerSource Information: onSleep, SleepType: Normal Sleep, 'ExternalConnected': No, 'TimeRemaining': <*>,",2.575369119644165
Captive: CNPluginHandler en0: Authenticated,Captive: CNPluginHandler en0: Authenticated,Mac,Unseen,Captive: CNPluginHandler en0: Authenticated,0.9897425174713135
Location icon should now be in state 'Active',Location icon should now be in state 'Active',Mac,Unseen,Location icon should now be in state 'Active',0.8172416687011719
"ARPT: 646292.668059: wl0: MDNS: 0 SRV Recs, 0 TXT Recs","ARPT: <*>: wl0: MDNS: <*> SRV Recs, <*> TXT Recs",Mac,Unseen,"ARPT: <*>: wl0: MDNS: <*> SRV Recs, <*> TXT Recs",1.8264951705932617
Location icon should now be in state 'Active',Location icon should now be in state 'Active',Mac,Unseen,Location icon should now be in state 'Active',0.8140749931335449
Location icon should now be in state 'Active',Location icon should now be in state 'Active',Mac,Unseen,Location icon should now be in state 'Active',0.814241886138916
"SOSAccountThisDeviceCanSyncWithCircle sync with device failure: Error Domain=com.apple.security.sos.error Code=1035 ""Account identity not set"" UserInfo={NSDescription=Account identity not set}","SOSAccountThisDeviceCanSyncWithCircle sync with device failure: Error Domain=com.apple.security.sos.error Code=<*> ""Account identity not set"" UserInfo={NSDescription=Account identity not set}",Mac,Unseen,"SOSAccountThisDeviceCanSyncWithCircle sync with device failure: Error Domain=com.apple.security.sos.error Code=<*> ""Account identity not set"" UserInfo={NSDescription=<*>}",3.2228212356567383
2017-07-02 15:46:41.445 ksfetch[32435/0x7fff79824000] [lvl=2] main() ksfetch fetching URL (<NSMutableURLRequest: 0x1005110b0> { URL: https://tools.google.com/service/update2?cup2hreq=53f725cf03f511fab16f19e789ce64aa1eed72395fc246e9f1100748325002f4&cup2key=7:1132320327 }) to folder:/tmp/KSOutOfProcessFetcher.YH2CjY1tnx/download,<*>-<*>-<*> <*>:<*>:<*> ksfetch[<*>/<*>] [lvl=<*>] main() ksfetch fetching URL (<NSMutableURLRequest: <*> { URL: <*> }) to folder:<*>,Mac,Unseen,<*>-<*>-<*> <*>:<*>:<*> ksfetch[<*>/<*>] [lvl=<*>] main() ksfetch fetching URL (<NSMutableURLRequest: <*> { URL: <*> }) to folder:<*>,4.052701950073242
Location icon should now be in state 'Active',Location icon should now be in state 'Active',Mac,Unseen,Location icon should now be in state 'Active',0.8134479522705078
Location icon should now be in state 'Active',Location icon should now be in state 'Active',Mac,Unseen,Location icon should now be in state 'Active',0.8249342441558838
AppleThunderboltNHIType2::waitForOk2Go2Sx - intel_rp = 1 dlla_reporting_supported = 0,<*>::<*> - intel_rp = <*> dlla_reporting_supported = <*>,Mac,Unseen,AppleThunderboltNHIType2::waitForOk2Go2Sx - intel_rp = <*> dlla_reporting_supported = <*>,2.427157163619995
CCXPCService::setStreamEventHandler Registered for notification callback.,CCXPCService::setStreamEventHandler Registered for notification callback.,Mac,Unseen,CCXPCService::setStreamEventHandler Registered for notification callback.,1.0637600421905518
"ARPT: 661856.313502: wl0: MDNS: 0 SRV Recs, 0 TXT Recs","ARPT: <*>: wl0: MDNS: <*> SRV Recs, <*> TXT Recs",Mac,Unseen,"ARPT: <*>: wl0: MDNS: <*> SRV Recs, <*> TXT Recs",1.8292326927185059
AppleThunderboltNHIType2::waitForOk2Go2Sx - intel_rp = 1 dlla_reporting_supported = 0,<*>::<*> - intel_rp = <*> dlla_reporting_supported = <*>,Mac,Unseen,AppleThunderboltNHIType2::waitForOk2Go2Sx - intel_rp = <*> dlla_reporting_supported = <*>,2.442521095275879
AppleCamIn::wakeEventHandlerThread,AppleCamIn::wakeEventHandlerThread,Mac,Unseen,AppleCamIn::wakeEventHandlerThread,0.6886084079742432
Location icon should now be in state 'Active',Location icon should now be in state 'Active',Mac,Unseen,Location icon should now be in state 'Active',0.8067948818206787
"PBRequester failed with Error Error Domain=NSURLErrorDomain Code=-1009 ""The Internet connection appears to be offline."" UserInfo={NSUnderlyingError=0x7fe13512cf70 {Error Domain=kCFErrorDomainCFNetwork Code=-1009 ""The Internet connection appears to be offline."" UserInfo={NSErrorFailingURLStringKey=https://gsp-ssl.ls.apple.com/dispatcher.arpc, NSErrorFailingURLKey=https://gsp-ssl.ls.apple.com/dispatcher.arpc, _kCFStreamErrorCodeKey=8, _kCFStreamErrorDomainKey=12, NSLocalizedDescription=The Internet connection appears to be offline.}}, NSErrorFailingURLStringKey=https://gsp-ssl.ls.apple.com/dispatcher.arpc, NSErrorFailingURLKey=https://gsp-ssl.ls.apple.com/dispatcher.arpc, _kCFStreamErrorDomainKey=12, _kCFStreamErrorCodeKey=8, NSLocalizedDescription=The Internet connection appears to be offline.}","PBRequester failed with Error Error Domain=NSURLErrorDomain Code=<*> ""The Internet connection appears to be offline."" UserInfo={NSUnderlyingError=<*> {Error Domain=kCFErrorDomainCFNetwork Code=<*> ""The Internet connection appears to be offline."" UserInfo={NSErrorFailingURLStringKey=<*>, NSErrorFailingURLKey=<*>, _kCFStreamErrorCodeKey=<*>, _kCFStreamErrorDomainKey=<*>, NSLocalizedDescription=The Internet connection appears to be offline.}}, NSErrorFailingURLStringKey=<*>, NSErrorFailingURLKey=<*>, _kCFStreamErrorDomainKey=<*>, _kCFStreamErrorCodeKey=<*>, NSLocalizedDescription=The Internet connection appears to be offline.}",Mac,Unseen,,7.647153615951538
Location icon should now be in state 'Active',Location icon should now be in state 'Active',Mac,Unseen,Location icon should now be in state 'Active',0.8075973987579346
"SOSAccountThisDeviceCanSyncWithCircle sync with device failure: Error Domain=com.apple.security.sos.error Code=1035 ""Account identity not set"" UserInfo={NSDescription=Account identity not set}","SOSAccountThisDeviceCanSyncWithCircle sync with device failure: Error Domain=com.apple.security.sos.error Code=<*> ""Account identity not set"" UserInfo={NSDescription=Account identity not set}",Mac,Unseen,"SOSAccountThisDeviceCanSyncWithCircle sync with device failure: Error Domain=com.apple.security.sos.error Code=<*> ""Account identity not set"" UserInfo={NSDescription=<*>}",3.179067611694336
"Configuration Notice: ASL Module ""com.apple.performance"" claims selected messages. Those messages may not appear in standard system log files or in the ASL database.","Configuration Notice: ASL Module ""<*>"" claims selected messages. Those messages may not appear in standard system log files or in the ASL database.",Mac,Unseen,"Configuration Notice: ASL Module ""com.apple.performance"" claims selected messages. Those messages may not appear in standard system log files or in the ASL database.",2.3709044456481934
"ARPT: 671856.784669: IOPMPowerSource Information: onSleep,  SleepType: Normal Sleep,  'ExternalConnected': No, 'TimeRemaining': 18011,","ARPT: <*>: IOPMPowerSource Information: onSleep, SleepType: Normal Sleep, 'ExternalConnected': No, 'TimeRemaining': <*>,",Mac,Unseen,"ARPT: <*>: IOPMPowerSource Information: onSleep, SleepType: Normal Sleep, 'ExternalConnected': No, 'TimeRemaining': <*>,",2.5660126209259033
"ARPT: 672041.595629: wl0: setup_keepalive: interval 258, retry_interval 30, retry_count 10","ARPT: <*>: wl0: setup_keepalive: interval <*>, retry_interval <*>, retry_count <*>",Mac,Unseen,"ARPT: <*>: wl0: setup_keepalive: interval <*>, retry_interval <*>, retry_count <*>",2.129075765609741
"ARPT: 672113.005012: wl0: setup_keepalive: interval 258, retry_interval 30, retry_count 10","ARPT: <*>: wl0: setup_keepalive: interval <*>, retry_interval <*>, retry_count <*>",Mac,Unseen,"ARPT: <*>: wl0: setup_keepalive: interval <*>, retry_interval <*>, retry_count <*>",2.1356041431427
AppleCamIn::wakeEventHandlerThread,AppleCamIn::wakeEventHandlerThread,Mac,Unseen,AppleCamIn::wakeEventHandlerThread,0.6755120754241943
"NETWORK: requery, 0, 0, 0, 0, 252, items, fQueryRetries, 0, fLastRetryTimestamp, 520765684.9","NETWORK: requery, <*>, <*>, <*>, <*>, <*>, items, fQueryRetries, <*>, fLastRetryTimestamp, <*>",Mac,Unseen,"NETWORK: requery, <*>, <*>, <*>, <*>, <*>, items, fQueryRetries, <*>, fLastRetryTimestamp, <*>",2.5684993267059326
AppleCamIn::wakeEventHandlerThread,AppleCamIn::wakeEventHandlerThread,Mac,Unseen,AppleCamIn::wakeEventHandlerThread,0.6824934482574463
RTC: PowerByCalendarDate setting ignored,RTC: PowerByCalendarDate setting ignored,Mac,Unseen,RTC: PowerByCalendarDate setting ignored,0.7546260356903076
"ARPT: 672922.026642: wl0: MDNS: 0 SRV Recs, 0 TXT Recs","ARPT: <*>: wl0: MDNS: <*> SRV Recs, <*> TXT Recs",Mac,Unseen,"ARPT: <*>: wl0: MDNS: <*> SRV Recs, <*> TXT Recs",1.812229871749878
"NETWORK: requery, 0, 0, 0, 0, 252, items, fQueryRetries, 0, fLastRetryTimestamp, 520783088.4","NETWORK: requery, <*>, <*>, <*>, <*>, <*>, items, fQueryRetries, <*>, fLastRetryTimestamp, <*>",Mac,Unseen,"NETWORK: requery, <*>, <*>, <*>, <*>, <*>, items, fQueryRetries, <*>, fLastRetryTimestamp, <*>",2.554769515991211
"ARPT: 673399.580233: IOPMPowerSource Information: onSleep,  SleepType: Normal Sleep,  'ExternalConnected': No, 'TimeRemaining': 13027,","ARPT: <*>: IOPMPowerSource Information: onSleep, SleepType: Normal Sleep, 'ExternalConnected': No, 'TimeRemaining': <*>,",Mac,Unseen,"ARPT: <*>: IOPMPowerSource Information: onSleep, SleepType: Normal Sleep, 'ExternalConnected': No, 'TimeRemaining': <*>,",2.5401573181152344
"ARPT: 673493.721766: wl0: MDNS: 0 SRV Recs, 0 TXT Recs","ARPT: <*>: wl0: MDNS: <*> SRV Recs, <*> TXT Recs",Mac,Unseen,"ARPT: <*>: wl0: MDNS: <*> SRV Recs, <*> TXT Recs",1.8017892837524414
AppleCamIn::wakeEventHandlerThread,AppleCamIn::wakeEventHandlerThread,Mac,Unseen,AppleCamIn::wakeEventHandlerThread,0.6820993423461914
[11:31:49.593] itemasync_CopyProperty signalled err=-12785 (kFigBaseObjectError_Invalidated) (invalidated) at /Library/Caches/com.apple.xbs/Sources/CoreMedia/CoreMedia-1731.15.207/Prototypes/Player/FigPlayer_Async.c line 2092,[<*>:<*>:<*>] itemasync_CopyProperty signalled err=<*> (kFigBaseObjectError_Invalidated) (invalidated) at <*> line <*>,Mac,Unseen,[<*>:<*>:<*>] itemasync_CopyProperty signalled err=<*> (kFigBaseObjectError_Invalidated) (invalidated) at <*> line <*>,2.7266182899475098
[11:34:44.290] itemasync_CopyProperty signalled err=-12785 (kFigBaseObjectError_Invalidated) (invalidated) at /Library/Caches/com.apple.xbs/Sources/CoreMedia/CoreMedia-1731.15.207/Prototypes/Player/FigPlayer_Async.c line 2092,[<*>:<*>:<*>] itemasync_CopyProperty signalled err=<*> (kFigBaseObjectError_Invalidated) (invalidated) at <*> line <*>,Mac,Unseen,[<*>:<*>:<*>] itemasync_CopyProperty signalled err=<*> (kFigBaseObjectError_Invalidated) (invalidated) at <*> line <*>,2.6951591968536377
[11:58:36.563] itemasync_CopyProperty signalled err=-12785 (kFigBaseObjectError_Invalidated) (invalidated) at /Library/Caches/com.apple.xbs/Sources/CoreMedia/CoreMedia-1731.15.207/Prototypes/Player/FigPlayer_Async.c line 2092,[<*>:<*>:<*>] itemasync_CopyProperty signalled err=<*> (kFigBaseObjectError_Invalidated) (invalidated) at <*> line <*>,Mac,Unseen,[<*>:<*>:<*>] itemasync_CopyProperty signalled err=<*> (kFigBaseObjectError_Invalidated) (invalidated) at <*> line <*>,2.692811965942383
[12:11:47.043] itemasync_CopyProperty signalled err=-12785 (kFigBaseObjectError_Invalidated) (invalidated) at /Library/Caches/com.apple.xbs/Sources/CoreMedia/CoreMedia-1731.15.207/Prototypes/Player/FigPlayer_Async.c line 2092,[<*>:<*>:<*>] itemasync_CopyProperty signalled err=<*> (kFigBaseObjectError_Invalidated) (invalidated) at <*> line <*>,Mac,Unseen,[<*>:<*>:<*>] itemasync_CopyProperty signalled err=<*> (kFigBaseObjectError_Invalidated) (invalidated) at <*> line <*>,2.6941049098968506
"Unexpected payload found for message 9, dataLen 0","Unexpected payload found for message <*>, dataLen <*>",Mac,Unseen,"Unexpected payload found for message <*>, dataLen <*>",0.9393153190612793
Internal name did not resolve to internal address!,Internal name did not resolve to internal address!,Mac,Unseen,Internal name did not resolve to internal address!,0.7562847137451172
__42-[NETClientConnection evaluateCrazyIvan46]_block_invoke CI46 - Hit by torpedo! QQ.10018 tc20795 14.17.42.14:14000,<*>-[NETClientConnection <*>]_block_invoke CI46 - Hit by torpedo! <*> <*> <*>:<*>,Mac,Unseen,__<*>-[NETClientConnection evaluateCrazyIvan46]_block_invoke CI46 - Hit by torpedo! QQ.<*> tc<*> <*>:<*>,2.8877923488616943
"CCFile::copyFile fileName is [2017-07-03_13,48,39.308188]-io80211Family-002.pcapng, source path:/var/log/CoreCapture/com.apple.iokit.IO80211Family/IO80211AWDLPeerManager//[2017-07-03_13,48,39.308188]-io80211Family-002.pcapng, dest path:/Library/Logs/CrashReporter/CoreCapture/com.apple.iokit.IO80211Family/[2017-07-03_13,50,14.954481]=AssocFail:sts:2_rsn:0/IO80211AWDLPeerManager//[2017-07-03_13,48,39.308188]-io80211Family-002.pcapng","CCFile::copyFile fileName is [<*>-<*>-<*>,<*>,<*>]-<*>, source path:<*>, dest path:<*>",Mac,Unseen,"CCFile::copyFile fileName is <*>, source path:<*>, dest path:<*>",1.5268006324768066
"SOSAccountThisDeviceCanSyncWithCircle sync with device failure: Error Domain=com.apple.security.sos.error Code=1035 ""Account identity not set"" UserInfo={NSDescription=Account identity not set}","SOSAccountThisDeviceCanSyncWithCircle sync with device failure: Error Domain=com.apple.security.sos.error Code=<*> ""Account identity not set"" UserInfo={NSDescription=Account identity not set}",Mac,Unseen,"SOSAccountThisDeviceCanSyncWithCircle sync with device failure: Error Domain=com.apple.security.sos.error Code=<*> ""Account identity not set"" UserInfo={NSDescription=<*>}",3.175938367843628
"<<<< FigByteStream >>>> FigByteStreamStatsLogOneRead: ByteStream read of 4812 bytes @ 358800 took 1.053312 secs. to complete, 5 reads >= 1 sec.","<<<< FigByteStream >>>> FigByteStreamStatsLogOneRead: ByteStream read of <*> bytes @ <*> took <*> <*> to complete, <*> reads >= <*> sec.",Mac,Unseen,"<<<< FigByteStream >>>> FigByteStreamStatsLogOneRead: ByteStream read of <*> bytes @ <*> took <*> secs. to complete, <*> reads >= 1 sec.",2.7053370475769043
AppleThunderboltNHIType2::waitForOk2Go2Sx - intel_rp = 1 dlla_reporting_supported = 0,<*>::<*> - intel_rp = <*> dlla_reporting_supported = <*>,Mac,Unseen,AppleThunderboltNHIType2::waitForOk2Go2Sx - intel_rp = <*> dlla_reporting_supported = <*>,2.5074357986450195
AppleCamIn::wakeEventHandlerThread,AppleCamIn::wakeEventHandlerThread,Mac,Unseen,AppleCamIn::wakeEventHandlerThread,0.6806576251983643
"CCFile::copyFile fileName is [2017-07-03_15,47,15.246620]-AirPortBrcm4360_Logs-007.txt, source path:/var/log/CoreCapture/com.apple.driver.AirPort.Brcm4360.0/DriverLogs//[2017-07-03_15,47,15.246620]-AirPortBrcm4360_Logs-007.txt, dest path:/Library/Logs/CrashReporter/CoreCapture/com.apple.driver.AirPort.Brcm4360.0/[2017-07-03_15,47,15.349129]=AuthFail:sts:5_rsn:0/DriverLogs//[2017-07-03_15,47,15.246620]-AirPortBrcm4360_Logs-007.txt","CCFile::copyFile fileName is [<*>-<*>-<*>,<*>,<*>]-<*>, source path:<*>, dest path:<*>",Mac,Unseen,"CCFile::copyFile fileName is <*>, source path:<*>, dest path:<*>",1.5366084575653076
"<<<< FigByteStream >>>> FigByteStreamStatsLogOneRead: ByteStream read of 4321 bytes @ 48 took 0.607292 sec. to complete, 7 reads >= 0.5 sec.","<<<< FigByteStream >>>> FigByteStreamStatsLogOneRead: ByteStream read of <*> bytes @ <*> took <*> <*> to complete, <*> reads >= <*> sec.",Mac,Unseen,"<<<< FigByteStream >>>> FigByteStreamStatsLogOneRead: ByteStream read of <*> bytes @ <*> took <*> sec. to complete, <*> reads >= <*> sec.",2.686448097229004
AppleCamIn::wakeEventHandlerThread,AppleCamIn::wakeEventHandlerThread,Mac,Unseen,AppleCamIn::wakeEventHandlerThread,0.6767404079437256
"CCFile::copyFile fileName is [2017-07-03_16,06,19.861073]-CCIOReporter-008.xml, source path:/var/log/CoreCapture/com.apple.iokit.IO80211Family/OneStats//[2017-07-03_16,06,19.861073]-CCIOReporter-008.xml, dest path:/Library/Logs/CrashReporter/CoreCapture/com.apple.iokit.IO80211Family/[2017-07-03_16,07,33.914349]=AuthFail:sts:5_rsn:0/OneStats//[2017-07-03_16,06,19.861073]-CCIOReporter-008.xml","CCFile::copyFile fileName is [<*>-<*>-<*>,<*>,<*>]-<*>, source path:<*>, dest path:<*>",Mac,Unseen,"CCFile::copyFile fileName is <*>, source path:<*>, dest path:<*>",1.5374188423156738
"CCFile::copyFile fileName is [2017-07-03_16,07,38.954579]-io80211Family-016.pcapng, source path:/var/log/CoreCapture/com.apple.iokit.IO80211Family/IO80211AWDLPeerManager//[2017-07-03_16,07,38.954579]-io80211Family-016.pcapng, dest path:/Library/Logs/CrashReporter/CoreCapture/com.apple.iokit.IO80211Family/[2017-07-03_16,07,39.094895]=AuthFail:sts:5_rsn:0/IO80211AWDLPeerManager//[2017-07-03_16,07,38.954579]-io80211Family-016.pcapng","CCFile::copyFile fileName is [<*>-<*>-<*>,<*>,<*>]-<*>, source path:<*>, dest path:<*>",Mac,Unseen,"CCFile::copyFile fileName is <*>, source path:<*>, dest path:<*>",1.5323681831359863
"CCFile::copyFile fileName is [2017-07-03_16,07,39.096792]-CCIOReporter-017.xml, source path:/var/log/CoreCapture/com.apple.iokit.IO80211Family/OneStats//[2017-07-03_16,07,39.096792]-CCIOReporter-017.xml, dest path:/Library/Logs/CrashReporter/CoreCapture/com.apple.iokit.IO80211Family/[2017-07-03_16,07,39.171995]=AuthFail:sts:5_rsn:0/OneStats//[2017-07-03_16,07,39.096792]-CCIOReporter-017.xml","CCFile::copyFile fileName is [<*>-<*>-<*>,<*>,<*>]-<*>, source path:<*>, dest path:<*>",Mac,Unseen,"CCFile::copyFile fileName is <*>, source path:<*>, dest path:<*>",1.5363044738769531
ARPT: 682834.192587: wlc_dump_aggfifo:,ARPT: <*>: wlc_dump_aggfifo:,Mac,Unseen,ARPT: <*>: wlc_dump_aggfifo:,1.12748122215271
"CCFile::copyFile fileName is [2017-07-03_16,07,46.105103]-CCIOReporter-032.xml, source path:/var/log/CoreCapture/com.apple.iokit.IO80211Family/OneStats//[2017-07-03_16,07,46.105103]-CCIOReporter-032.xml, dest path:/Library/Logs/CrashReporter/CoreCapture/com.apple.iokit.IO80211Family/[2017-07-03_16,07,46.298508]=AuthFail:sts:5_rsn:0/OneStats//[2017-07-03_16,07,46.105103]-CCIOReporter-032.xml","CCFile::copyFile fileName is [<*>-<*>-<*>,<*>,<*>]-<*>, source path:<*>, dest path:<*>",Mac,Unseen,"CCFile::copyFile fileName is <*>, source path:<*>, dest path:<*>",1.5218133926391602
"CCFile::copyFile fileName is [2017-07-03_16,27,04.995982]-io80211Family-040.pcapng, source path:/var/log/CoreCapture/com.apple.iokit.IO80211Family/IO80211AWDLPeerManager//[2017-07-03_16,27,04.995982]-io80211Family-040.pcapng, dest path:/Library/Logs/CrashReporter/CoreCapture/com.apple.iokit.IO80211Family/[2017-07-03_16,27,05.123034]=AuthFail:sts:5_rsn:0/IO80211AWDLPeerManager//[2017-07-03_16,27,04.995982]-io80211Family-040.pcapng","CCFile::copyFile fileName is [<*>-<*>-<*>,<*>,<*>]-<*>, source path:<*>, dest path:<*>",Mac,Unseen,"CCFile::copyFile fileName is <*>, source path:<*>, dest path:<*>",1.542015790939331
ARPT: 682977.654133: wlc_dump_aggfifo:,ARPT: <*>: wlc_dump_aggfifo:,Mac,Unseen,ARPT: <*>: wlc_dump_aggfifo:,1.1225786209106445
"CCFile::copyFile fileName is [2017-07-03_16,27,09.910337]-AirPortBrcm4360_Logs-047.txt, source path:/var/log/CoreCapture/com.apple.driver.AirPort.Brcm4360.0/DriverLogs//[2017-07-03_16,27,09.910337]-AirPortBrcm4360_Logs-047.txt, dest path:/Library/Logs/CrashReporter/CoreCapture/com.apple.driver.AirPort.Brcm4360.0/[2017-07-03_16,27,10.162319]=AuthFail:sts:5_rsn:0/DriverLogs//[2017-07-03_16,27,09.910337]-AirPortBrcm4360_Logs-047.txt","CCFile::copyFile fileName is [<*>-<*>-<*>,<*>,<*>]-<*>, source path:<*>, dest path:<*>",Mac,Unseen,"CCFile::copyFile fileName is <*>, source path:<*>, dest path:<*>",1.545576810836792
Captive: CNPluginHandler en0: Authenticated,Captive: CNPluginHandler en0: Authenticated,Mac,Unseen,Captive: CNPluginHandler en0: Authenticated,0.9961099624633789
__42-[NETClientConnection evaluateCrazyIvan46]_block_invoke CI46 - Hit by torpedo! NeteaseMusic.17988 tc9008 103.251.128.144:80,<*>-[NETClientConnection <*>]_block_invoke CI46 - Hit by torpedo! <*> <*> <*>:<*>,Mac,Unseen,__<*>-[NETClientConnection evaluateCrazyIvan46]_block_invoke CI46 - Hit by torpedo! NeteaseMusic.<*> tc<*> <*>:<*>,2.998666524887085
"ARPT: 683239.026135: wl0: MDNS: 0 SRV Recs, 0 TXT Recs","ARPT: <*>: wl0: MDNS: <*> SRV Recs, <*> TXT Recs",Mac,Unseen,"ARPT: <*>: wl0: MDNS: <*> SRV Recs, <*> TXT Recs",1.8275692462921143
hibernate_flush_memory: buffer_cache_gc freed up 13202 wired pages,hibernate_flush_memory: buffer_cache_gc freed up <*> wired pages,Mac,Unseen,hibernate_flush_memory: buffer_cache_gc freed up <*> wired pages,1.4208400249481201
hibernate_machine_init reading,hibernate_machine_init reading,Mac,Unseen,hibernate_machine_init reading,0.6893982887268066
hibernate_flush_memory: buffer_cache_gc freed up 3349 wired pages,hibernate_flush_memory: buffer_cache_gc freed up <*> wired pages,Mac,Unseen,hibernate_flush_memory: buffer_cache_gc freed up <*> wired pages,1.4313206672668457
hciControllerOnline; HID devices? 0,hciControllerOnline; HID devices? <*>,Mac,Unseen,hciControllerOnline; HID devices? <*>,0.8708062171936035
"polled file major 1, minor 0, blocksize 4096, pollers 5","polled file major <*>, minor <*>, blocksize <*>, pollers <*>",Mac,Unseen,"polled file major <*>, minor <*>, blocksize <*>, pollers <*>",1.4288301467895508
"SOSAccountThisDeviceCanSyncWithCircle sync with device failure: Error Domain=com.apple.security.sos.error Code=1035 ""Account identity not set"" UserInfo={NSDescription=Account identity not set}","SOSAccountThisDeviceCanSyncWithCircle sync with device failure: Error Domain=com.apple.security.sos.error Code=<*> ""Account identity not set"" UserInfo={NSDescription=Account identity not set}",Mac,Unseen,"SOSAccountThisDeviceCanSyncWithCircle sync with device failure: Error Domain=com.apple.security.sos.error Code=<*> ""Account identity not set"" UserInfo={NSDescription=<*>}",3.188655376434326
__42-[NETClientConnection evaluateCrazyIvan46]_block_invoke CI46 - Hit by torpedo! QQ.10018 tc21242 119.81.102.227:80,<*>-[NETClientConnection <*>]_block_invoke CI46 - Hit by torpedo! <*> <*> <*>:<*>,Mac,Unseen,__<*>-[NETClientConnection evaluateCrazyIvan46]_block_invoke CI46 - Hit by torpedo! QQ.<*> tc<*> <*>:<*>,2.880624771118164
Wake reason: ARPT (Network),Wake reason: ARPT (Network),Mac,Unseen,Wake reason: ARPT (Network),0.7454473972320557
"CCFile::copyFile fileName is [2017-07-03_19,04,57.722196]-io80211Family-018.pcapng, source path:/var/log/CoreCapture/com.apple.iokit.IO80211Family/IO80211AWDLPeerManager//[2017-07-03_19,04,57.722196]-io80211Family-018.pcapng, dest path:/Library/Logs/CrashReporter/CoreCapture/com.apple.iokit.IO80211Family/[2017-07-03_19,05,37.535347]=AuthFail:sts:2_rsn:0/IO80211AWDLPeerManager//[2017-07-03_19,04,57.722196]-io80211Family-018.pcapng","CCFile::copyFile fileName is [<*>-<*>-<*>,<*>,<*>]-<*>, source path:<*>, dest path:<*>",Mac,Unseen,"CCFile::copyFile fileName is <*>, source path:<*>, dest path:<*>",1.5251970291137695
RTC: PowerByCalendarDate setting ignored,RTC: PowerByCalendarDate setting ignored,Mac,Unseen,RTC: PowerByCalendarDate setting ignored,0.7471520900726318
BuildActDeviceEntry enter,BuildActDeviceEntry enter,Mac,Unseen,BuildActDeviceEntry enter,0.49212217330932617
Captive: CNPluginHandler en0: Authenticated,Captive: CNPluginHandler en0: Authenticated,Mac,Unseen,Captive: CNPluginHandler en0: Authenticated,0.9848542213439941
KeychainGetICDPStatus: status: off,KeychainGetICDPStatus: status: off,Mac,Unseen,KeychainGetICDPStatus: status: off,0.8170948028564453
"CCFile::copyFile fileName is [2017-07-03_21,30,41.859869]-CCIOReporter-002.xml, source path:/var/log/CoreCapture/com.apple.iokit.IO80211Family/OneStats//[2017-07-03_21,30,41.859869]-CCIOReporter-002.xml, dest path:/Library/Logs/CrashReporter/CoreCapture/com.apple.iokit.IO80211Family/[2017-07-03_21,30,40.703152]=AuthFail:sts:5_rsn:0/OneStats//[2017-07-03_21,30,41.859869]-CCIOReporter-002.xml","CCFile::copyFile fileName is [<*>-<*>-<*>,<*>,<*>]-<*>, source path:<*>, dest path:<*>",Mac,Unseen,"CCFile::copyFile fileName is <*>, source path:<*>, dest path:<*>",1.5286083221435547
__42-[NETClientConnection evaluateCrazyIvan46]_block_invoke CI46 - Hit by torpedo! QQ.10018 tc21519 184.105.67.74:443,<*>-[NETClientConnection <*>]_block_invoke CI46 - Hit by torpedo! <*> <*> <*>:<*>,Mac,Unseen,__<*>-[NETClientConnection evaluateCrazyIvan46]_block_invoke CI46 - Hit by torpedo! QQ.<*> tc<*> <*>:<*>,2.8748128414154053
"NETWORK: requery, 0, 0, 0, 0, 320, items, fQueryRetries, 1, fLastRetryTimestamp, 520841203.7","NETWORK: requery, <*>, <*>, <*>, <*>, <*>, items, fQueryRetries, <*>, fLastRetryTimestamp, <*>",Mac,Unseen,"NETWORK: requery, <*>, <*>, <*>, <*>, <*>, items, fQueryRetries, <*>, fLastRetryTimestamp, <*>",2.572336435317993
Location icon should now be in state 'Active',Location icon should now be in state 'Active',Mac,Unseen,Location icon should now be in state 'Active',0.8094611167907715
KeychainGetICDPStatus: status: off,KeychainGetICDPStatus: status: off,Mac,Unseen,KeychainGetICDPStatus: status: off,0.8075540065765381
tcp_connection_tls_session_error_callback_imp 2210 tcp_connection_tls_session_handle_read_error.790 error 60,tcp_connection_tls_session_error_callback_imp <*> tcp_connection_tls_session_handle_read_error.<*> error <*>,Mac,Unseen,tcp_connection_tls_session_error_callback_imp <*> tcp_connection_tls_session_handle_read_error.<*> error <*>,2.257704973220825
RTC: PowerByCalendarDate setting ignored,RTC: PowerByCalendarDate setting ignored,Mac,Unseen,RTC: PowerByCalendarDate setting ignored,0.7503139972686768
AppleThunderboltNHIType2::waitForOk2Go2Sx - intel_rp = 1 dlla_reporting_supported = 0,<*>::<*> - intel_rp = <*> dlla_reporting_supported = <*>,Mac,Unseen,AppleThunderboltNHIType2::waitForOk2Go2Sx - intel_rp = <*> dlla_reporting_supported = <*>,2.43514347076416
AppleCamIn::wakeEventHandlerThread,AppleCamIn::wakeEventHandlerThread,Mac,Unseen,AppleCamIn::wakeEventHandlerThread,0.6843605041503906
"NETWORK: requery, 0, 0, 0, 0, 320, items, fQueryRetries, 1, fLastRetryTimestamp, 520871064.1","NETWORK: requery, <*>, <*>, <*>, <*>, <*>, items, fQueryRetries, <*>, fLastRetryTimestamp, <*>",Mac,Unseen,"NETWORK: requery, <*>, <*>, <*>, <*>, <*>, items, fQueryRetries, <*>, fLastRetryTimestamp, <*>",2.5963222980499268
Captive: CNPluginHandler en0: Authenticated,Captive: CNPluginHandler en0: Authenticated,Mac,Unseen,Captive: CNPluginHandler en0: Authenticated,0.9977800846099854
AppleCamIn::wakeEventHandlerThread,AppleCamIn::wakeEventHandlerThread,Mac,Unseen,AppleCamIn::wakeEventHandlerThread,0.6775140762329102
"ARPT: 700311.376459: wl0: MDNS: 0 SRV Recs, 0 TXT Recs","ARPT: <*>: wl0: MDNS: <*> SRV Recs, <*> TXT Recs",Mac,Unseen,"ARPT: <*>: wl0: MDNS: <*> SRV Recs, <*> TXT Recs",1.8317937850952148
[10:13:05.044] <<<< CRABS >>>> crabsFlumeHostAvailable: [0x7f961cf08cf0] Byte flume reports host available again.,[<*>:<*>:<*>] <<<< CRABS >>>> crabsFlumeHostAvailable: [<*>] Byte flume reports host available again.,Mac,Unseen,[<*>:<*>:<*>] <<<< CRABS >>>> crabsFlumeHostAvailable: [<*>] Byte flume reports host available again.,2.365567684173584
AppleCamIn::wakeEventHandlerThread,AppleCamIn::wakeEventHandlerThread,Mac,Unseen,AppleCamIn::wakeEventHandlerThread,0.6848173141479492
"CCFile::captureLog Received Capture notice id: 1499192921.020010, reason = AssocFail:sts:5_rsn:0","CCFile::captureLog Received Capture notice id: <*>, reason = AssocFail:sts:<NUM>_rsn:<NUM>",Mac,Unseen,"CCFile::captureLog Received Capture notice id: <*>, reason = AssocFail:sts:<*>_rsn:<*>",2.1212692260742188
"ARPT: 702351.279867: wl0: setup_keepalive: interval 900, retry_interval 30, retry_count 10","ARPT: <*>: wl0: setup_keepalive: interval <*>, retry_interval <*>, retry_count <*>",Mac,Unseen,"ARPT: <*>: wl0: setup_keepalive: interval <*>, retry_interval <*>, retry_count <*>",2.127192497253418
AppleCamIn::wakeEventHandlerThread,AppleCamIn::wakeEventHandlerThread,Mac,Unseen,AppleCamIn::wakeEventHandlerThread,0.6919326782226562
RTC: PowerByCalendarDate setting ignored,RTC: PowerByCalendarDate setting ignored,Mac,Unseen,RTC: PowerByCalendarDate setting ignored,0.7495570182800293
"[Accounts] Failed to update account with identifier 76FE6715-3D27-4F21-AA35-C88C1EA820E8, error: Error Domain=ABAddressBookErrorDomain Code=1002 ""(null)""","[Accounts] Failed to update account with identifier <*>-<*>-<*>-<*>-<*>, error: Error Domain=ABAddressBookErrorDomain Code=<*> ""(<*>)""",Mac,Unseen,"[Accounts] Failed to update account with identifier <*>, error: Error Domain=ABAddressBookErrorDomain Code=<*> ""(null)""",2.1966419219970703
Location icon should now be in state 'Active',Location icon should now be in state 'Active',Mac,Unseen,Location icon should now be in state 'Active',0.8115289211273193
"2017-07-04 15:03:53.270 GoogleSoftwareUpdateAgent[35018/0x7000002a0000] [lvl=2] -[KSOutOfProcessFetcher(PrivateMethods) helperDidTerminate:] KSOutOfProcessFetcher fetch ended for URL: ""https://tools.google.com/service/update2?cup2hreq=a70d6372a4e45a6cbba61cd7f057c79bf73c79db1b1951dc17c605e870f0419b&cup2key=7:934679018""","<*>-<*>-<*> <*>:<*>:<*> GoogleSoftwareUpdateAgent[<*>/<*>] [lvl=<*>] -[KSOutOfProcessFetcher(PrivateMethods) helperDidTerminate:] KSOutOfProcessFetcher fetch ended for URL: ""<*>""",Mac,Unseen,"<*>-<*>-<*> <*>:<*>:<*> GoogleSoftwareUpdateAgent[<*>/<*>] [lvl=<*>] -[KSOutOfProcessFetcher(PrivateMethods) helperDidTerminate:] KSOutOfProcessFetcher fetch ended for URL: ""https://tools.google.com/service/update2?cup2hreq=<*>&cup2key=<*>:<*>""",6.199512958526611
"NETWORK: requery, 0, 0, 0, 0, 300, items, fQueryRetries, 0, fLastRetryTimestamp, 520899307.1","NETWORK: requery, <*>, <*>, <*>, <*>, <*>, items, fQueryRetries, <*>, fLastRetryTimestamp, <*>",Mac,Unseen,"NETWORK: requery, <*>, <*>, <*>, <*>, <*>, items, fQueryRetries, <*>, fLastRetryTimestamp, <*>",2.599153757095337
"ARPT: 711979.641310: wl0: setup_keepalive: interval 900, retry_interval 30, retry_count 10","ARPT: <*>: wl0: setup_keepalive: interval <*>, retry_interval <*>, retry_count <*>",Mac,Unseen,"ARPT: <*>: wl0: setup_keepalive: interval <*>, retry_interval <*>, retry_count <*>",2.1435420513153076
AppleCamIn::wakeEventHandlerThread,AppleCamIn::wakeEventHandlerThread,Mac,Unseen,AppleCamIn::wakeEventHandlerThread,0.6780025959014893
"SOSAccountThisDeviceCanSyncWithCircle sync with device failure: Error Domain=com.apple.security.sos.error Code=1035 ""Account identity not set"" UserInfo={NSDescription=Account identity not set}","SOSAccountThisDeviceCanSyncWithCircle sync with device failure: Error Domain=com.apple.security.sos.error Code=<*> ""Account identity not set"" UserInfo={NSDescription=Account identity not set}",Mac,Unseen,"SOSAccountThisDeviceCanSyncWithCircle sync with device failure: Error Domain=com.apple.security.sos.error Code=<*> ""Account identity not set"" UserInfo={NSDescription=<*>}",3.1829280853271484
"ARPT: 712526.783763: wl0: setup_keepalive: interval 900, retry_interval 30, retry_count 10","ARPT: <*>: wl0: setup_keepalive: interval <*>, retry_interval <*>, retry_count <*>",Mac,Unseen,"ARPT: <*>: wl0: setup_keepalive: interval <*>, retry_interval <*>, retry_count <*>",2.1239097118377686
"SOSAccountThisDeviceCanSyncWithCircle sync with device failure: Error Domain=com.apple.security.sos.error Code=1035 ""Account identity not set"" UserInfo={NSDescription=Account identity not set}","SOSAccountThisDeviceCanSyncWithCircle sync with device failure: Error Domain=com.apple.security.sos.error Code=<*> ""Account identity not set"" UserInfo={NSDescription=Account identity not set}",Mac,Unseen,"SOSAccountThisDeviceCanSyncWithCircle sync with device failure: Error Domain=com.apple.security.sos.error Code=<*> ""Account identity not set"" UserInfo={NSDescription=<*>}",3.229158878326416
Wake reason: RTC (Alarm),Wake reason: RTC (Alarm),Mac,Unseen,Wake reason: RTC (Alarm),0.8041963577270508
__42-[NETClientConnection evaluateCrazyIvan46]_block_invoke CI46 - Hit by torpedo! QQ.10018 tc22491 203.205.142.158:8080,<*>-[NETClientConnection <*>]_block_invoke CI46 - Hit by torpedo! <*> <*> <*>:<*>,Mac,Unseen,__<*>-[NETClientConnection evaluateCrazyIvan46]_block_invoke CI46 - Hit by torpedo! QQ.<*> tc<*> <*>:<*>,2.843724250793457
[com.apple.calendar.store.log.caldav.coredav] [Refusing to parse response to PROPPATCH because of content-type: [text/html; charset=UTF-8].],[com.apple.calendar.store.log.caldav.coredav] [Refusing to parse response to PROPPATCH because of content-type: [text/html; charset=UTF-<*>].],Mac,Unseen,[com.apple.calendar.store.log.caldav.coredav] [Refusing to parse response to PROPPATCH because of content-type: [<*>].],2.693847894668579
KeychainGetICDPStatus: status: off,KeychainGetICDPStatus: status: off,Mac,Unseen,KeychainGetICDPStatus: status: off,0.8087565898895264
objc[35448]: Class TSUCustomFormatData is implemented in both /Library/QuickLook/iWork.qlgenerator/Contents/MacOS/iWork and /System/Library/PrivateFrameworks/OfficeImport.framework/Versions/A/OfficeImport. One of the two will be used. Which one is undefined.,objc[<*>]: Class TSUCustomFormatData is implemented in both <*> and <*> One of the two will be used. Which one is undefined.,Mac,Unseen,objc[<*>: Class TSUCustomFormatData is implemented in both <*> and <*>. One of the two will be used. Which one is undefined.,2.330413579940796
"SOSAccountThisDeviceCanSyncWithCircle sync with device failure: Error Domain=com.apple.security.sos.error Code=1035 ""Account identity not set"" UserInfo={NSDescription=Account identity not set}","SOSAccountThisDeviceCanSyncWithCircle sync with device failure: Error Domain=com.apple.security.sos.error Code=<*> ""Account identity not set"" UserInfo={NSDescription=Account identity not set}",Mac,Unseen,"SOSAccountThisDeviceCanSyncWithCircle sync with device failure: Error Domain=com.apple.security.sos.error Code=<*> ""Account identity not set"" UserInfo={NSDescription=<*>}",3.2009668350219727
[com.apple.calendar.store.log.caldav.coredav] [Refusing to parse response to PROPPATCH because of content-type: [text/html; charset=UTF-8].],[com.apple.calendar.store.log.caldav.coredav] [Refusing to parse response to PROPPATCH because of content-type: [text/html; charset=UTF-<*>].],Mac,Unseen,[com.apple.calendar.store.log.caldav.coredav] [Refusing to parse response to PROPPATCH because of content-type: [<*>].],2.69339656829834
"<<<< FigByteStream >>>> FigByteStreamStatsLogOneRead: ByteStream read of 21335 bytes @ 5481561 took 0.501237 sec. to complete, 16 reads >= 0.5 sec.","<<<< FigByteStream >>>> FigByteStreamStatsLogOneRead: ByteStream read of <*> bytes @ <*> took <*> <*> to complete, <*> reads >= <*> sec.",Mac,Unseen,"<<<< FigByteStream >>>> FigByteStreamStatsLogOneRead: ByteStream read of <*> bytes @ <*> took <*> sec. to complete, <*> reads >= <*> sec.",2.709810972213745
-deviceDeltaY is deprecated for NSScrollWheel. Please use -scrollingDeltaY.,<*>-deviceDeltaY is deprecated for NSScrollWheel. Please use -scrollingDeltaY.,Mac,Unseen,-deviceDeltaY is deprecated for NSScrollWheel. Please use -scrollingDeltaY.,1.619786262512207
[00:28:42.167] (Fig) signalled err=-12871,[<*>:<*>:<*>] (Fig) signalled err=<*>,Mac,Unseen,[<*>:<*>:<*>] (Fig) signalled err=<*>,1.317479133605957
"Configuration Notice: ASL Module ""com.apple.corecdp.osx.asl"" claims selected messages. Those messages may not appear in standard system log files or in the ASL database.","Configuration Notice: ASL Module ""<*>"" claims selected messages. Those messages may not appear in standard system log files or in the ASL database.",Mac,Unseen,"Configuration Notice: ASL Module ""<*>"" claims selected messages. Those messages may not appear in standard system log files or in the ASL database.",2.0492947101593018
"NETWORK: requery, 0, 0, 0, 0, 284, items, fQueryRetries, 0, fLastRetryTimestamp, 520934130.6","NETWORK: requery, <*>, <*>, <*>, <*>, <*>, items, fQueryRetries, <*>, fLastRetryTimestamp, <*>",Mac,Unseen,"NETWORK: requery, <*>, <*>, <*>, <*>, <*>, items, fQueryRetries, <*>, fLastRetryTimestamp, <*>",2.5589792728424072
AppleCamIn::wakeEventHandlerThread,AppleCamIn::wakeEventHandlerThread,Mac,Unseen,AppleCamIn::wakeEventHandlerThread,0.6839444637298584
RTC: PowerByCalendarDate setting ignored,RTC: PowerByCalendarDate setting ignored,Mac,Unseen,RTC: PowerByCalendarDate setting ignored,0.750030517578125
Wake reason: RTC (Alarm),Wake reason: RTC (Alarm),Mac,Unseen,Wake reason: RTC (Alarm),0.8113818168640137
**** [BroadcomBluetoothHostControllerUSBTransport][start] -- Completed (matched on Device) -- 0x6000 ****,**** [BroadcomBluetoothHostControllerUSBTransport][start] -- Completed (matched on Device) -- <*> ****,Mac,Unseen,**** [BroadcomBluetoothHostControllerUSBTransport][start] -- Completed (matched on Device) -- <*> ****,1.821864366531372
"hibernate_newruntime_map time: 0 ms, IOPolledFilePollersOpen(), ml_get_interrupts_enabled 0","hibernate_newruntime_map time: <*> ms, IOPolledFilePollersOpen(), ml_get_interrupts_enabled <*>",Mac,Unseen,"hibernate_newruntime_map time: <*> ms, IOPolledFilePollersOpen(), ml_get_interrupts_enabled <*>",2.3289642333984375
Location icon should now be in state 'Active',Location icon should now be in state 'Active',Mac,Unseen,Location icon should now be in state 'Active',0.811748743057251
"2017-07-05 10:52:15.982 GoogleSoftwareUpdateAgent[35861/0x700000323000] [lvl=2] -[KSOutOfProcessFetcher(PrivateMethods) helperDidTerminate:] KSOutOfProcessFetcher fetch ended for URL: ""https://tools.google.com/service/update2?cup2hreq=d297a7e5b56d6bd4faa75860fff6e485c301bf4e943a561afff6c8b3707ce948&cup2key=7:2988503627""","<*>-<*>-<*> <*>:<*>:<*> GoogleSoftwareUpdateAgent[<*>/<*>] [lvl=<*>] -[KSOutOfProcessFetcher(PrivateMethods) helperDidTerminate:] KSOutOfProcessFetcher fetch ended for URL: ""<*>""",Mac,Unseen,,7.643635272979736
2017-07-05 10:52:16.977 GoogleSoftwareUpdateAgent[35861/0x700000323000] [lvl=2] -[KSPrefetchAction performAction] KSPrefetchAction no updates to prefetch.,<*>-<*>-<*> <*>:<*>:<*> GoogleSoftwareUpdateAgent[<*>/<*>] [lvl=<*>] -[KSPrefetchAction performAction] KSPrefetchAction no updates to prefetch.,Mac,Unseen,<*>-<*>-<*> <*>:<*>:<*> GoogleSoftwareUpdateAgent[<*>/<*>] [lvl=<*>] -[KSPrefetchAction performAction] KSPrefetchAction no updates to prefetch.,3.644627332687378
KeychainGetICDPStatus: status: off,KeychainGetICDPStatus: status: off,Mac,Unseen,KeychainGetICDPStatus: status: off,0.8180100917816162
"CCFile::copyFile fileName is [2017-07-05_11,39,39.743225]-CCIOReporter-001.xml, source path:/var/log/CoreCapture/com.apple.iokit.IO80211Family/OneStats//[2017-07-05_11,39,39.743225]-CCIOReporter-001.xml, dest path:/Library/Logs/CrashReporter/CoreCapture/com.apple.iokit.IO80211Family/[2017-07-05_11,39,38.739976]=AuthFail:sts:5_rsn:0/OneStats//[2017-07-05_11,39,39.743225]-CCIOReporter-001.xml","CCFile::copyFile fileName is [<*>-<*>-<*>,<*>,<*>]-<*>, source path:<*>, dest path:<*>",Mac,Unseen,"CCFile::copyFile fileName is <*>, source path:<*>, dest path:<*>",1.53810715675354
<IMMacNotificationCenterManager: 0x7ff1b2d17980>:   DND Enabled: NO,<IMMacNotificationCenterManager: <*>: DND Enabled: NO,Mac,Unseen,<IMMacNotificationCenterManager: <*>: DND Enabled: NO,1.1956501007080078
<IMMacNotificationCenterManager: 0x7ff1b2e00ba0>:   DND Enabled: NO,<IMMacNotificationCenterManager: <*>: DND Enabled: NO,Mac,Unseen,<IMMacNotificationCenterManager: <*>: DND Enabled: NO,1.1716563701629639
__42-[NETClientConnection evaluateCrazyIvan46]_block_invoke CI46 - Hit by torpedo! QQ.10018 tc22930 125.39.240.34:14000,<*>-[NETClientConnection <*>]_block_invoke CI46 - Hit by torpedo! <*> <*> <*>:<*>,Mac,Unseen,__<*>-[NETClientConnection evaluateCrazyIvan46]_block_invoke CI46 - Hit by torpedo! QQ.<*> tc<*> <*>:<*>,2.874147891998291
"CCFile::copyFile fileName is [2017-07-05_14,04,19.163834]-AirPortBrcm4360_Logs-025.txt, source path:/var/log/CoreCapture/com.apple.driver.AirPort.Brcm4360.0/DriverLogs//[2017-07-05_14,04,19.163834]-AirPortBrcm4360_Logs-025.txt, dest path:/Library/Logs/CrashReporter/CoreCapture/com.apple.driver.AirPort.Brcm4360.0/[2017-07-05_14,04,19.222771]=AuthFail:sts:5_rsn:0/DriverLogs//[2017-07-05_14,04,19.163834]-AirPortBrcm4360_Logs-025.txt","CCFile::copyFile fileName is [<*>-<*>-<*>,<*>,<*>]-<*>, source path:<*>, dest path:<*>",Mac,Unseen,"CCFile::copyFile fileName is <*>, source path:<*>, dest path:<*>",1.5451157093048096
"CCFile::copyFile fileName is [2017-07-05_14,04,25.705173]-CCIOReporter-044.xml, source path:/var/log/CoreCapture/com.apple.iokit.IO80211Family/OneStats//[2017-07-05_14,04,25.705173]-CCIOReporter-044.xml, dest path:/Library/Logs/CrashReporter/CoreCapture/com.apple.iokit.IO80211Family/[2017-07-05_14,04,25.777317]=AuthFail:sts:5_rsn:0/OneStats//[2017-07-05_14,04,25.705173]-CCIOReporter-044.xml","CCFile::copyFile fileName is [<*>-<*>-<*>,<*>,<*>]-<*>, source path:<*>, dest path:<*>",Mac,Unseen,"CCFile::copyFile fileName is <*>, source path:<*>, dest path:<*>",1.5459530353546143
"CCFile::copyFile fileName is [2017-07-05_14,04,32.840703]-io80211Family-056.pcapng, source path:/var/log/CoreCapture/com.apple.iokit.IO80211Family/IO80211AWDLPeerManager//[2017-07-05_14,04,32.840703]-io80211Family-056.pcapng, dest path:/Library/Logs/CrashReporter/CoreCapture/com.apple.iokit.IO80211Family/[2017-07-05_14,04,32.969558]=AuthFail:sts:5_rsn:0/IO80211AWDLPeerManager//[2017-07-05_14,04,32.840703]-io80211Family-056.pcapng","CCFile::copyFile fileName is [<*>-<*>-<*>,<*>,<*>]-<*>, source path:<*>, dest path:<*>",Mac,Unseen,"CCFile::copyFile fileName is <*>, source path:<*>, dest path:<*>",1.5507709980010986
"CCFile::copyFile fileName is [2017-07-05_14,04,33.660387]-io80211Family-063.pcapng, source path:/var/log/CoreCapture/com.apple.iokit.IO80211Family/IO80211AWDLPeerManager//[2017-07-05_14,04,33.660387]-io80211Family-063.pcapng, dest path:/Library/Logs/CrashReporter/CoreCapture/com.apple.iokit.IO80211Family/[2017-07-05_14,04,33.736169]=AuthFail:sts:5_rsn:0/IO80211AWDLPeerManager//[2017-07-05_14,04,33.660387]-io80211Family-063.pcapng","CCFile::copyFile fileName is [<*>-<*>-<*>,<*>,<*>]-<*>, source path:<*>, dest path:<*>",Mac,Unseen,"CCFile::copyFile fileName is <*>, source path:<*>, dest path:<*>",1.5446269512176514
hibernate_rebuild completed - took 10042450943433 msecs,hibernate_rebuild completed - took <*> msecs,Mac,Unseen,hibernate_rebuild completed - took <*> msecs,1.0534071922302246
AppleActuatorDevice::stop Entered,AppleActuatorDevice::stop Entered,Mac,Unseen,AppleActuatorDevice::stop Entered,0.8022451400756836
"NETWORK: requery, 0, 0, 0, 0, 252, items, fQueryRetries, 0, fLastRetryTimestamp, 520989480.3","NETWORK: requery, <*>, <*>, <*>, <*>, <*>, items, fQueryRetries, <*>, fLastRetryTimestamp, <*>",Mac,Unseen,"NETWORK: requery, <*>, <*>, <*>, <*>, <*>, items, fQueryRetries, <*>, fLastRetryTimestamp, <*>",2.561732530593872
KeychainGetICDPStatus: status: off,KeychainGetICDPStatus: status: off,Mac,Unseen,KeychainGetICDPStatus: status: off,0.8090870380401611
Location icon should now be in state 'Active',Location icon should now be in state 'Active',Mac,Unseen,Location icon should now be in state 'Active',0.8078091144561768
"ARPT: 728173.580097: wl0: setup_keepalive: interval 900, retry_interval 30, retry_count 10","ARPT: <*>: wl0: setup_keepalive: interval <*>, retry_interval <*>, retry_count <*>",Mac,Unseen,"ARPT: <*>: wl0: setup_keepalive: interval <*>, retry_interval <*>, retry_count <*>",2.124650239944458
[17:22:36.133] <<<< CRABS >>>> crabsFlumeHostAvailable: [0x7f961cf08cf0] Byte flume reports host available again.,[<*>:<*>:<*>] <<<< CRABS >>>> crabsFlumeHostAvailable: [<*>] Byte flume reports host available again.,Mac,Unseen,[<*>:<*>:<*>] <<<< CRABS >>>> crabsFlumeHostAvailable: [<*>] Byte flume reports host available again.,2.4193646907806396
"PBRequester failed with Error Error Domain=NSURLErrorDomain Code=-1009 ""The Internet connection appears to be offline."" UserInfo={NSUnderlyingError=0x7fe13530fc60 {Error Domain=kCFErrorDomainCFNetwork Code=-1009 ""The Internet connection appears to be offline."" UserInfo={NSErrorFailingURLStringKey=https://gsp-ssl.ls.apple.com/dispatcher.arpc, NSErrorFailingURLKey=https://gsp-ssl.ls.apple.com/dispatcher.arpc, _kCFStreamErrorCodeKey=8, _kCFStreamErrorDomainKey=12, NSLocalizedDescription=The Internet connection appears to be offline.}}, NSErrorFailingURLStringKey=https://gsp-ssl.ls.apple.com/dispatcher.arpc, NSErrorFailingURLKey=https://gsp-ssl.ls.apple.com/dispatcher.arpc, _kCFStreamErrorDomainKey=12, _kCFStreamErrorCodeKey=8, NSLocalizedDescription=The Internet connection appears to be offline.}","PBRequester failed with Error Error Domain=NSURLErrorDomain Code=<*> ""The Internet connection appears to be offline."" UserInfo={NSUnderlyingError=<*> {Error Domain=kCFErrorDomainCFNetwork Code=<*> ""The Internet connection appears to be offline."" UserInfo={NSErrorFailingURLStringKey=<*>, NSErrorFailingURLKey=<*>, _kCFStreamErrorCodeKey=<*>, _kCFStreamErrorDomainKey=<*>, NSLocalizedDescription=The Internet connection appears to be offline.}}, NSErrorFailingURLStringKey=<*>, NSErrorFailingURLKey=<*>, _kCFStreamErrorDomainKey=<*>, _kCFStreamErrorCodeKey=<*>, NSLocalizedDescription=The Internet connection appears to be offline.}",Mac,Unseen,,7.580751419067383
"Unexpected payload found for message 9, dataLen 0","Unexpected payload found for message <*>, dataLen <*>",Mac,Unseen,"Unexpected payload found for message <*>, dataLen <*>",0.9292168617248535
"ARPT: 728563.210777: IOPMPowerSource Information: onSleep,  SleepType: Normal Sleep,  'ExternalConnected': No, 'TimeRemaining': 3174,","ARPT: <*>: IOPMPowerSource Information: onSleep, SleepType: Normal Sleep, 'ExternalConnected': No, 'TimeRemaining': <*>,",Mac,Unseen,"ARPT: <*>: IOPMPowerSource Information: onSleep, SleepType: Normal Sleep, 'ExternalConnected': No, 'TimeRemaining': <*>,",2.6096081733703613
"ARPT: 728620.515604: wl0: MDNS: 0 SRV Recs, 0 TXT Recs","ARPT: <*>: wl0: MDNS: <*> SRV Recs, <*> TXT Recs",Mac,Unseen,"ARPT: <*>: wl0: MDNS: <*> SRV Recs, <*> TXT Recs",1.8209190368652344
"booter start at 1251 ms smc 0 ms, [18, 0, 0] total 367 ms, dsply 0, 0 ms, tramp 1080 ms","booter start at <*> ms smc <*> ms, [<*>, <*>, <*>] total <*> ms, dsply <*>, <*> ms, tramp <*> ms",Mac,Unseen,"booter start at <*> ms smc <*> ms, [<*>, <*>, <*>] total <*> ms, dsply <*>, <*> ms, tramp <*> ms",2.8803164958953857
"hibernate_newruntime_map time: 0 ms, IOPolledFilePollersOpen(), ml_get_interrupts_enabled 0","hibernate_newruntime_map time: <*> ms, IOPolledFilePollersOpen(), ml_get_interrupts_enabled <*>",Mac,Unseen,"hibernate_newruntime_map time: <*> ms, IOPolledFilePollersOpen(), ml_get_interrupts_enabled <*>",2.3097269535064697
Wake reason: ARPT (Network),Wake reason: ARPT (Network),Mac,Unseen,Wake reason: ARPT (Network),0.7517819404602051
"NETWORK: requery, 0, 0, 0, 0, 299, items, fQueryRetries, 0, fLastRetryTimestamp, 521006902.2","NETWORK: requery, <*>, <*>, <*>, <*>, <*>, items, fQueryRetries, <*>, fLastRetryTimestamp, <*>",Mac,Unseen,"NETWORK: requery, <*>, <*>, <*>, <*>, <*>, items, fQueryRetries, <*>, fLastRetryTimestamp, <*>",2.595853567123413
"polled file major 1, minor 0, blocksize 4096, pollers 5","polled file major <*>, minor <*>, blocksize <*>, pollers <*>",Mac,Unseen,"polled file major <*>, minor <*>, blocksize <*>, pollers <*>",1.4411354064941406
BuildActDeviceEntry enter,BuildActDeviceEntry enter,Mac,Unseen,BuildActDeviceEntry enter,0.49909138679504395
IOPolledFilePollersOpen(0) 6 ms,IOPolledFilePollersOpen(<*>) <*> ms,Mac,Unseen,IOPolledFilePollersOpen(<*>) <*> ms,1.1871685981750488
"polled file major 1, minor 0, blocksize 4096, pollers 5","polled file major <*>, minor <*>, blocksize <*>, pollers <*>",Mac,Unseen,"polled file major <*>, minor <*>, blocksize <*>, pollers <*>",1.437978744506836
AppleActuatorDeviceUserClient::stop Entered,AppleActuatorDeviceUserClient::stop Entered,Mac,Unseen,AppleActuatorDeviceUserClient::stop Entered,0.9335706233978271
"[CardDAVPlugin-ERROR] -getPrincipalInfo:[_controller supportsRequestCompressionAtURL:https://13957525385%40163.com@p28-contacts.icloud.com/874161398/principal/] Error Domain=NSURLErrorDomain Code=-1009 ""The Internet connection appears to be offline."" UserInfo={NSUnderlyingError=0x7f8de0c0dc70 {Error Domain=kCFErrorDomainCFNetwork Code=-1009 ""The Internet connection appears to be offline."" UserInfo={NSErrorFailingURLStringKey=https://13957525385%40163.com@p28-contacts.icloud.com/874161398/principal/, NSErrorFailingURLKey=https://13957525385%40163.com@p28-contacts.icloud.com/874161398/principal/, _kCFStreamErrorCodeKey=8, _kCFStreamErrorDomainKey=12, NSLocalizedDescription=The Internet connection appears to be offline.}}, NSErrorFailingURLStringKey=https://13957525385%40163.com@p28-contacts.icloud.com/874161398/principal/, NSErrorFailingURLKey=https://13957525385%40163.com@p28-contacts.icloud.com/874161398/principal/, _kCFStreamErrorDomainKey=12, _kCFStreamErrorCodeKey=8, NSLocalizedDescription=The Internet connection appears to be offline.}","[CardDAVPlugin-ERROR] -getPrincipalInfo:[_controller supportsRequestCompressionAtURL:<*>] Error Domain=NSURLErrorDomain Code=<*> ""The Internet connection appears to be offline."" UserInfo={NSUnderlyingError=<*> {Error Domain=kCFErrorDomainCFNetwork Code=<*> ""The Internet connection appears to be offline."" UserInfo={NSErrorFailingURLStringKey=<*>, NSErrorFailingURLKey=<*>, _kCFStreamErrorCodeKey=<*>, _kCFStreamErrorDomainKey=<*>, NSLocalizedDescription=The Internet connection appears to be offline.}}, NSErrorFailingURLStringKey=<*>, NSErrorFailingURLKey=<*>, _kCFStreamErrorDomainKey=<*>, _kCFStreamErrorCodeKey=<*>, NSLocalizedDescription=The Internet connection appears to be offline.}",Mac,Unseen,,7.762996196746826
Unable to start NetBIOS name service:,Unable to start NetBIOS name service:,Mac,Unseen,Unable to start NetBIOS name service:,0.7473132610321045
"[Accounts] Failed to update account with identifier 76FE6715-3D27-4F21-AA35-C88C1EA820E8, error: Error Domain=ABAddressBookErrorDomain Code=1002 ""(null)""","[Accounts] Failed to update account with identifier <*>-<*>-<*>-<*>-<*>, error: Error Domain=ABAddressBookErrorDomain Code=<*> ""(<*>)""",Mac,Unseen,"[Accounts] Failed to update account with identifier <*>, error: Error Domain=ABAddressBookErrorDomain Code=<*> ""(null)""",2.194546699523926
"NETWORK: requery, 0, 0, 0, 0, 302, items, fQueryRetries, 0, fLastRetryTimestamp, 521048292.6","NETWORK: requery, <*>, <*>, <*>, <*>, <*>, items, fQueryRetries, <*>, fLastRetryTimestamp, <*>",Mac,Unseen,"NETWORK: requery, <*>, <*>, <*>, <*>, <*>, items, fQueryRetries, <*>, fLastRetryTimestamp, <*>",2.577394723892212
"NETWORK: requery, 0, 0, 0, 0, 291, items, fQueryRetries, 0, fLastRetryTimestamp, 521048893.3","NETWORK: requery, <*>, <*>, <*>, <*>, <*>, items, fQueryRetries, <*>, fLastRetryTimestamp, <*>",Mac,Unseen,"NETWORK: requery, <*>, <*>, <*>, <*>, <*>, items, fQueryRetries, <*>, fLastRetryTimestamp, <*>",2.557182550430298
2017-07-06 09:24:14.417 ksfetch[36728/0x7fff79824000] [lvl=2] main() ksfetch fetching URL (<NSMutableURLRequest: 0x100602220> { URL: https://tools.google.com/service/update2?cup2hreq=f5e83ec64ff3fc5533a3c206134a6517e274f9e1cb53df857e15049b6e4c9f8e&cup2key=7:1721929288 }) to folder:/tmp/KSOutOfProcessFetcher.aPWod5QMh1/download,<*>-<*>-<*> <*>:<*>:<*> ksfetch[<*>/<*>] [lvl=<*>] main() ksfetch fetching URL (<NSMutableURLRequest: <*> { URL: <*> }) to folder:<*>,Mac,Unseen,<*>-<*>-<*> <*>:<*>:<*> ksfetch[<*>/<*>] [lvl=<*>] main() ksfetch fetching URL (<NSMutableURLRequest: <*> { URL: <*> }) to folder:<*>,4.02324104309082
Location icon should now be in state 'Active',Location icon should now be in state 'Active',Mac,Unseen,Location icon should now be in state 'Active',0.8103578090667725
ARPT: 739157.867474: wlc_dump_aggfifo:,ARPT: <*>: wlc_dump_aggfifo:,Mac,Unseen,ARPT: <*>: wlc_dump_aggfifo:,1.1215298175811768
__42-[NETClientConnection evaluateCrazyIvan46]_block_invoke CI46 - Hit by torpedo! QQ.10018 tc24039 112.90.78.169:8080,<*>-[NETClientConnection <*>]_block_invoke CI46 - Hit by torpedo! <*> <*> <*>:<*>,Mac,Unseen,__<*>-[NETClientConnection evaluateCrazyIvan46]_block_invoke CI46 - Hit by torpedo! QQ.<*> tc<*> <*>:<*>,2.8666043281555176
ARPT: 739253.582611: wlc_dump_aggfifo:,ARPT: <*>: wlc_dump_aggfifo:,Mac,Unseen,ARPT: <*>: wlc_dump_aggfifo:,1.1188743114471436
"ARPT: 740034.911245: wl0: setup_keepalive: interval 900, retry_interval 30, retry_count 10","ARPT: <*>: wl0: setup_keepalive: interval <*>, retry_interval <*>, retry_count <*>",Mac,Unseen,"ARPT: <*>: wl0: setup_keepalive: interval <*>, retry_interval <*>, retry_count <*>",2.1208109855651855
"2017-07-06 14:57:16.661 GoogleSoftwareUpdateAgent[37059/0x7000002a0000] [lvl=2] -[KSOutOfProcessFetcher(PrivateMethods) helperDidTerminate:] KSOutOfProcessFetcher fetch ended for URL: ""https://tools.google.com/service/update2?cup2hreq=37fbcb7ab6829be04567976e3212d7a67627aef11546f8b7013d4cffaf51f739&cup2key=7:4200177539""","<*>-<*>-<*> <*>:<*>:<*> GoogleSoftwareUpdateAgent[<*>/<*>] [lvl=<*>] -[KSOutOfProcessFetcher(PrivateMethods) helperDidTerminate:] KSOutOfProcessFetcher fetch ended for URL: ""<*>""",Mac,Unseen,,7.597225666046143
"ARPT: 740174.102665: wl0: MDNS: 0 SRV Recs, 0 TXT Recs","ARPT: <*>: wl0: MDNS: <*> SRV Recs, <*> TXT Recs",Mac,Unseen,"ARPT: <*>: wl0: MDNS: <*> SRV Recs, <*> TXT Recs",1.799985408782959
AppleCamIn::wakeEventHandlerThread,AppleCamIn::wakeEventHandlerThread,Mac,Unseen,AppleCamIn::wakeEventHandlerThread,0.6855993270874023
RTC: PowerByCalendarDate setting ignored,RTC: PowerByCalendarDate setting ignored,Mac,Unseen,RTC: PowerByCalendarDate setting ignored,0.7514007091522217
__42-[NETClientConnection evaluateCrazyIvan46]_block_invoke CI46 - Hit by torpedo! QQ.10018 tc24283 119.81.102.227:80,<*>-[NETClientConnection <*>]_block_invoke CI46 - Hit by torpedo! <*> <*> <*>:<*>,Mac,Unseen,__<*>-[NETClientConnection evaluateCrazyIvan46]_block_invoke CI46 - Hit by torpedo! QQ.<*> tc<*> <*>:<*>,2.93314528465271
"NETWORK: requery, 0, 0, 0, 0, 302, items, fQueryRetries, 0, fLastRetryTimestamp, 521080983.6","NETWORK: requery, <*>, <*>, <*>, <*>, <*>, items, fQueryRetries, <*>, fLastRetryTimestamp, <*>",Mac,Unseen,"NETWORK: requery, <*>, <*>, <*>, <*>, <*>, items, fQueryRetries, <*>, fLastRetryTimestamp, <*>",2.5729737281799316
"NETWORK: requery, 0, 0, 0, 0, 300, items, fQueryRetries, 0, fLastRetryTimestamp, 521081581.2","NETWORK: requery, <*>, <*>, <*>, <*>, <*>, items, fQueryRetries, <*>, fLastRetryTimestamp, <*>",Mac,Unseen,"NETWORK: requery, <*>, <*>, <*>, <*>, <*>, items, fQueryRetries, <*>, fLastRetryTimestamp, <*>",2.559224843978882
Sandbox: com.apple.WebKit(9854) deny(1) file-read-data /private/etc/hosts,Sandbox: <*>(<*>) deny(<*>) file-read-data <*>,Mac,Unseen,Sandbox: <*>(<*>) deny(<*>) file-read-data <*>,1.506335973739624
2017-07-06 06:22:57.163367 PM [AirPlayUIAgent] BecomingInactive: NSWorkspaceWillSleepNotification,<*>-<*>-<*> <*>:<*>:<*> PM [AirPlayUIAgent] BecomingInactive: NSWorkspaceWillSleepNotification,Mac,Unseen,<*>-<*>-<*> <*>:<*>:<*> PM [AirPlayUIAgent] BecomingInactive: NSWorkspaceWillSleepNotification,2.31453275680542
full wake request (reason 2) 30914 ms,full wake request (reason <*>) <*> ms,Mac,Unseen,full wake request (reason <*>) <*> ms,0.8737215995788574
Wake reason: RTC (Alarm),Wake reason: RTC (Alarm),Mac,Unseen,Wake reason: RTC (Alarm),0.8065805435180664
RTC: PowerByCalendarDate setting ignored,RTC: PowerByCalendarDate setting ignored,Mac,Unseen,RTC: PowerByCalendarDate setting ignored,0.7535321712493896
"SOSAccountThisDeviceCanSyncWithCircle sync with device failure: Error Domain=com.apple.security.sos.error Code=1035 ""Account identity not set"" UserInfo={NSDescription=Account identity not set}","SOSAccountThisDeviceCanSyncWithCircle sync with device failure: Error Domain=com.apple.security.sos.error Code=<*> ""Account identity not set"" UserInfo={NSDescription=Account identity not set}",Mac,Unseen,"SOSAccountThisDeviceCanSyncWithCircle sync with device failure: Error Domain=com.apple.security.sos.error Code=<*> ""Account identity not set"" UserInfo={NSDescription=<*>}",3.1592321395874023
KeychainGetICDPStatus: status: off,KeychainGetICDPStatus: status: off,Mac,Unseen,KeychainGetICDPStatus: status: off,0.8050994873046875
Location icon should now be in state 'Active',Location icon should now be in state 'Active',Mac,Unseen,Location icon should now be in state 'Active',0.8081724643707275
"2017-07-06 20:46:03.869 GoogleSoftwareUpdateAgent[37316/0x7000002a0000] [lvl=2] -[KSOutOfProcessFetcher beginFetchWithDelegate:] KSOutOfProcessFetcher start fetch from URL: ""https://tools.google.com/service/update2?cup2hreq=5e15fbe422c816bef7c133cfffdb516e16923579b9be2dfae4d7d8d211b25017&cup2key=7:780377214""","<*>-<*>-<*> <*>:<*>:<*> GoogleSoftwareUpdateAgent[<*>/<*>] [lvl=<*>] -[KSOutOfProcessFetcher beginFetchWithDelegate:] KSOutOfProcessFetcher start fetch from URL: ""<*>""",Mac,Unseen,,7.624865531921387
"NETWORK: requery, 0, 0, 0, 0, 291, items, fQueryRetries, 0, fLastRetryTimestamp, 521092126.3","NETWORK: requery, <*>, <*>, <*>, <*>, <*>, items, fQueryRetries, <*>, fLastRetryTimestamp, <*>",Mac,Unseen,"NETWORK: requery, <*>, <*>, <*>, <*>, <*>, items, fQueryRetries, <*>, fLastRetryTimestamp, <*>",2.536268711090088
"Page bounds {{0, 0}, {400, 400}}","Page bounds {{<*>, <*>}, {<*>, <*>}}",Mac,Unseen,"Page bounds {{<*>, <*>}, {<*>, <*>}}",1.1839816570281982
[com.apple.calendar.store.log.caldav.queue] [Account xpc_ben@163.com@https://caldav.163.com/caldav/principals/users/xpc_ben%40163.com/ timed out when executing operation: <CalDAVAccountRefreshQueueableOperation: 0x7fa11f9f2290; Sequence: 0>],[com.apple.calendar.store.log.caldav.queue] [Account <*> timed out when executing operation: <CalDAVAccountRefreshQueueableOperation: <*>; Sequence: <*>],Mac,Unseen,[com.apple.calendar.store.log.caldav.queue] [Account <*>@<*> timed out when executing operation: <CalDAVAccountRefreshQueueableOperation: <*>; Sequence: <*>],3.3705766201019287
"[com.apple.calendar.store.log.caldav.queue] [Account refresh failed with error: Error Domain=CoreDAVHTTPStatusErrorDomain Code=502 ""(null)"" UserInfo={AccountName=163, CalDAVErrFromRefresh=YES, CoreDAVHTTPHeaders=<CFBasicHash 0x7fa11fe7a810 [0x7fff7abc1440]>{type = immutable dict, count = 5, entries => 0 : Connection = <CFString 0x7fff7ab1aea0 [0x7fff7abc1440]>{contents = ""keep-alive""} 3 : Content-Type = text/html 4 : Content-Length = 166 5 : Server = nginx 6 : Date = <CFString 0x7fa11ac2ab80 [0x7fff7abc1440]>{contents = ""Fri, 07 Jul 2017 05:32:43 GMT""} } }]","[com.apple.calendar.store.log.caldav.queue] [Account refresh failed with error: Error Domain=CoreDAVHTTPStatusErrorDomain Code=<*> ""(<*>)"" UserInfo={AccountName=<*>, CalDAVErrFromRefresh=YES, CoreDAVHTTPHeaders=<CFBasicHash <*> [<*>]>{type = immutable dict, count = <*>, entries => <*> : Connection = <CFString <*> [<*>]>{contents = ""keep-alive""} <*> : Content-Type = text/html <*> : Content-Length = <*> <*> : Server = nginx <*> : Date = <CFString <*> [<*>]>{contents = ""<*> <*> <*>:<*>:<*> GMT""} } }]",Mac,Unseen,,7.642338752746582
"Page bounds {{0, 0}, {400, 400}}","Page bounds {{<*>, <*>}, {<*>, <*>}}",Mac,Unseen,"Page bounds {{<*>, <*>}, {<*>, <*>}}",1.185424566268921
tcp_connection_destination_handle_tls_close_notify 111 closing socket due to TLS CLOSE_NOTIFY alert,tcp_connection_destination_handle_tls_close_notify <*> closing socket due to TLS CLOSE_NOTIFY alert,Mac,Unseen,tcp_connection_destination_handle_tls_close_notify <*> closing socket due to TLS CLOSE_NOTIFY alert,1.9350042343139648
"CCFile::copyFile fileName is [2017-07-07_00,52,55.450817]-CCIOReporter-001.xml, source path:/var/log/CoreCapture/com.apple.iokit.IO80211Family/OneStats//[2017-07-07_00,52,55.450817]-CCIOReporter-001.xml, dest path:/Library/Logs/CrashReporter/CoreCapture/com.apple.iokit.IO80211Family/[2017-07-07_00,52,54.449889]=AuthFail:sts:5_rsn:0/OneStats//[2017-07-07_00,52,55.450817]-CCIOReporter-001.xml","CCFile::copyFile fileName is [<*>-<*>-<*>,<*>,<*>]-<*>, source path:<*>, dest path:<*>",Mac,Unseen,"CCFile::copyFile fileName is <*>, source path:<*>, dest path:<*>",1.521754503250122
"2017-07-07 01:47:40.090 GoogleSoftwareUpdateAgent[37644/0x7000002a0000] [lvl=2] -[KSOutOfProcessFetcher beginFetchWithDelegate:] KSOutOfProcessFetcher start fetch from URL: ""https://tools.google.com/service/update2?cup2hreq=c30943ccd5e0a03e93b6be3e2b7e2127989f08f1bde99263ffee091de8b8bc39&cup2key=7:1039900771""","<*>-<*>-<*> <*>:<*>:<*> GoogleSoftwareUpdateAgent[<*>/<*>] [lvl=<*>] -[KSOutOfProcessFetcher beginFetchWithDelegate:] KSOutOfProcessFetcher start fetch from URL: ""<*>""",Mac,Unseen,"<*>-<*>-<*> <*>:<*>:<*> GoogleSoftwareUpdateAgent[<*>/<*>] [lvl=<*>] -[KSOutOfProcessFetcher beginFetchWithDelegate:] KSOutOfProcessFetcher start fetch from URL: ""<*>https://tools.google.com/service/update2?cup2hreq=<*>&cup2key=<*>:<*>""",5.980955362319946
RTC: PowerByCalendarDate setting ignored,RTC: PowerByCalendarDate setting ignored,Mac,Unseen,RTC: PowerByCalendarDate setting ignored,0.7448122501373291
AppleCamIn::wakeEventHandlerThread,AppleCamIn::wakeEventHandlerThread,Mac,Unseen,AppleCamIn::wakeEventHandlerThread,0.6854777336120605
AppleCamIn::wakeEventHandlerThread,AppleCamIn::wakeEventHandlerThread,Mac,Unseen,AppleCamIn::wakeEventHandlerThread,0.6826062202453613
Location icon should now be in state 'Active',Location icon should now be in state 'Active',Mac,Unseen,Location icon should now be in state 'Active',0.8194289207458496
AppleCamIn::wakeEventHandlerThread,AppleCamIn::wakeEventHandlerThread,Mac,Unseen,AppleCamIn::wakeEventHandlerThread,0.6829118728637695
"CCDataTap::profileRemoved, Owner: com.apple.driver.AirPort.Brcm4360.0, Name: StateSnapshots","CCDataTap::profileRemoved, Owner: <*>, Name: <*>",Mac,Unseen,"CCDataTap::profileRemoved, Owner: <*>, Name: StateSnapshots",1.5063259601593018
RTC: PowerByCalendarDate setting ignored,RTC: PowerByCalendarDate setting ignored,Mac,Unseen,RTC: PowerByCalendarDate setting ignored,0.7501199245452881
Could not get event name for stream/token: com.apple.xpc.activity/4505: 132: Request for stale data,Could not get event name for stream/token: com.apple.xpc.activity/<*>: <*>: Request for stale data,Mac,Unseen,Could not get event name for stream/token: com.apple.xpc.activity/<*>: <*>: Request for stale data,2.0875003337860107
"NETWORK: requery, 0, 0, 0, 0, 294, items, fQueryRetries, 0, fLastRetryTimestamp, 521144227.4","NETWORK: requery, <*>, <*>, <*>, <*>, <*>, items, fQueryRetries, <*>, fLastRetryTimestamp, <*>",Mac,Unseen,"NETWORK: requery, <*>, <*>, <*>, <*>, <*>, items, fQueryRetries, <*>, fLastRetryTimestamp, <*>",2.5577690601348877
Error in CoreDragRemoveTrackingHandler: -1856,Error in CoreDragRemoveTrackingHandler: <*>,Mac,Unseen,Error in CoreDragRemoveTrackingHandler: <*>,0.8763961791992188
Location icon should now be in state 'Active',Location icon should now be in state 'Active',Mac,Unseen,Location icon should now be in state 'Active',0.8089830875396729
Location icon should now be in state 'Active',Location icon should now be in state 'Active',Mac,Unseen,Location icon should now be in state 'Active',0.8076977729797363
"CCFile::copyFile fileName is [2017-07-07_12,24,25.108710]-io80211Family-007.pcapng, source path:/var/log/CoreCapture/com.apple.iokit.IO80211Family/IO80211AWDLPeerManager//[2017-07-07_12,24,25.108710]-io80211Family-007.pcapng, dest path:/Library/Logs/CrashReporter/CoreCapture/com.apple.iokit.IO80211Family/[2017-07-07_12,24,29.298901]=AuthFail:sts:5_rsn:0/IO80211AWDLPeerManager//[2017-07-07_12,24,25.108710]-io80211Family-007.pcapng","CCFile::copyFile fileName is [<*>-<*>-<*>,<*>,<*>]-<*>, source path:<*>, dest path:<*>",Mac,Unseen,"CCFile::copyFile fileName is [<*>], source path:<*>, dest path:<*>",1.5945007801055908
"CCFile::copyFile fileName is [2017-07-07_13,40,37.052249]-io80211Family-031.pcapng, source path:/var/log/CoreCapture/com.apple.iokit.IO80211Family/IO80211AWDLPeerManager//[2017-07-07_13,40,37.052249]-io80211Family-031.pcapng, dest path:/Library/Logs/CrashReporter/CoreCapture/com.apple.iokit.IO80211Family/[2017-07-07_13,40,37.192896]=AuthFail:sts:5_rsn:0/IO80211AWDLPeerManager//[2017-07-07_13,40,37.052249]-io80211Family-031.pcapng","CCFile::copyFile fileName is [<*>-<*>-<*>,<*>,<*>]-<*>, source path:<*>, dest path:<*>",Mac,Unseen,"CCFile::copyFile fileName is <*>, source path:<*>, dest path:<*>",1.5311617851257324
Captive: CNPluginHandler en0: Authenticated,Captive: CNPluginHandler en0: Authenticated,Mac,Unseen,Captive: CNPluginHandler en0: Authenticated,0.9978153705596924
ARPT: 770802.879782: wlc_dump_aggfifo:,ARPT: <*>: wlc_dump_aggfifo:,Mac,Unseen,ARPT: <*>: wlc_dump_aggfifo:,1.1315348148345947
"ARPT: 771388.849884: wl0: setup_keepalive: interval 900, retry_interval 30, retry_count 10","ARPT: <*>: wl0: setup_keepalive: interval <*>, retry_interval <*>, retry_count <*>",Mac,Unseen,"ARPT: <*>: wl0: setup_keepalive: interval <*>, retry_interval <*>, retry_count <*>",2.1203017234802246
"ARPT: 771631.938256: IOPMPowerSource Information: onSleep,  SleepType: Normal Sleep,  'ExternalConnected': No, 'TimeRemaining': 9235,","ARPT: <*>: IOPMPowerSource Information: onSleep, SleepType: Normal Sleep, 'ExternalConnected': No, 'TimeRemaining': <*>,",Mac,Unseen,"ARPT: <*>: IOPMPowerSource Information: onSleep, SleepType: Normal Sleep, 'ExternalConnected': No, 'TimeRemaining': <*>,",2.528839588165283
AppleCamIn::wakeEventHandlerThread,AppleCamIn::wakeEventHandlerThread,Mac,Unseen,AppleCamIn::wakeEventHandlerThread,0.680262565612793
Unable to start NetBIOS name service:,Unable to start NetBIOS name service:,Mac,Unseen,Unable to start NetBIOS name service:,0.7380199432373047
"PBRequester failed with Error Error Domain=NSURLErrorDomain Code=-1009 ""The Internet connection appears to be offline."" UserInfo={NSUnderlyingError=0x7fb7f0035dc0 {Error Domain=kCFErrorDomainCFNetwork Code=-1009 ""The Internet connection appears to be offline."" UserInfo={NSErrorFailingURLStringKey=https://gs-loc.apple.com/clls/wloc, NSErrorFailingURLKey=https://gs-loc.apple.com/clls/wloc, _kCFStreamErrorCodeKey=8, _kCFStreamErrorDomainKey=12, NSLocalizedDescription=The Internet connection appears to be offline.}}, NSErrorFailingURLStringKey=https://gs-loc.apple.com/clls/wloc, NSErrorFailingURLKey=https://gs-loc.apple.com/clls/wloc, _kCFStreamErrorDomainKey=12, _kCFStreamErrorCodeKey=8, NSLocalizedDescription=The Internet connection appears to be offline.}","PBRequester failed with Error Error Domain=NSURLErrorDomain Code=<*> ""The Internet connection appears to be offline."" UserInfo={NSUnderlyingError=<*> {Error Domain=kCFErrorDomainCFNetwork Code=<*> ""The Internet connection appears to be offline."" UserInfo={NSErrorFailingURLStringKey=<*>, NSErrorFailingURLKey=<*>, _kCFStreamErrorCodeKey=<*>, _kCFStreamErrorDomainKey=<*>, NSLocalizedDescription=The Internet connection appears to be offline.}}, NSErrorFailingURLStringKey=<*>, NSErrorFailingURLKey=<*>, _kCFStreamErrorDomainKey=<*>, _kCFStreamErrorCodeKey=<*>, NSLocalizedDescription=The Internet connection appears to be offline.}",Mac,Unseen,,7.59240460395813
"CCFile::copyFile fileName is [2017-07-07_16,24,11.442212]-AirPortBrcm4360_Logs-001.txt, source path:/var/log/CoreCapture/com.apple.driver.AirPort.Brcm4360.0/DriverLogs//[2017-07-07_16,24,11.442212]-AirPortBrcm4360_Logs-001.txt, dest path:/Library/Logs/CrashReporter/CoreCapture/com.apple.driver.AirPort.Brcm4360.0/[2017-07-07_16,24,11.124183]=AssocFail:sts:2_rsn:0/DriverLogs//[2017-07-07_16,24,11.442212]-AirPortBrcm4360_Logs-001.txt","CCFile::copyFile fileName is [<*>-<*>-<*>,<*>,<*>]-<*>, source path:<*>, dest path:<*>",Mac,Unseen,"CCFile::copyFile fileName is <*>, source path:<*>, dest path:<*>",1.5416569709777832
"CCFile::captureLog Received Capture notice id: 1499469856.145137, reason = AssocFail:sts:2_rsn:0","CCFile::captureLog Received Capture notice id: <*>, reason = AssocFail:sts:<NUM>_rsn:<NUM>",Mac,Unseen,"CCFile::captureLog Received Capture notice id: <*>, reason = AssocFail:sts:<*>_rsn:<*>",2.1287941932678223
KeychainGetICDPStatus: status: off,KeychainGetICDPStatus: status: off,Mac,Unseen,KeychainGetICDPStatus: status: off,0.7963674068450928
RTC: PowerByCalendarDate setting ignored,RTC: PowerByCalendarDate setting ignored,Mac,Unseen,RTC: PowerByCalendarDate setting ignored,0.7323567867279053
[com.apple.calendar.store.log.caldav.coredav] [Refusing to parse response to PROPPATCH because of content-type: [text/html; charset=UTF-8].],[com.apple.calendar.store.log.caldav.coredav] [Refusing to parse response to PROPPATCH because of content-type: [text/html; charset=UTF-<*>].],Mac,Unseen,[com.apple.calendar.store.log.caldav.coredav] [Refusing to parse response to PROPPATCH because of content-type: [<*>].],2.6753954887390137
"NETWORK: requery, 0, 0, 0, 0, 328, items, fQueryRetries, 0, fLastRetryTimestamp, 521177334.4","NETWORK: requery, <*>, <*>, <*>, <*>, <*>, items, fQueryRetries, <*>, fLastRetryTimestamp, <*>",Mac,Unseen,"NETWORK: requery, <*>, <*>, <*>, <*>, <*>, items, fQueryRetries, <*>, fLastRetryTimestamp, <*>",2.557030439376831
"NSURLSession/NSURLConnection HTTP load failed (kCFStreamErrorDomainSSL, -9806)","NSURLSession/NSURLConnection HTTP load failed (kCFStreamErrorDomainSSL, <*>)",Mac,Unseen,"NSURLSession/NSURLConnection HTTP load failed (kCFStreamErrorDomainSSL, <*>)",1.4935290813446045
"schedule invalidation <DYTransport 0x7f89e8c00520, error: lost transport connection (31)>","schedule invalidation <DYTransport <*>, error: lost transport connection (<*>)>",Mac,Unseen,"schedule invalidation <DYTransport <*>, error: lost transport connection (<*>)>",1.3771650791168213
KeychainGetICDPStatus: status: off,KeychainGetICDPStatus: status: off,Mac,Unseen,KeychainGetICDPStatus: status: off,0.810333251953125
<<<< MediaValidator >>>> mv_ValidateRFC4281CodecId: Unrecognized codec 1.(null). Failed codec specific check.,<<<< MediaValidator >>>> <*>: Unrecognized codec <*>.(<*>). Failed codec specific check.,Mac,Unseen,<<<< MediaValidator >>>> mv_ValidateRFC4281CodecId: Unrecognized codec <*>. Failed codec specific check.,2.2320070266723633
"ARPT: 783991.995027: wl0: setup_keepalive: interval 900, retry_interval 30, retry_count 10","ARPT: <*>: wl0: setup_keepalive: interval <*>, retry_interval <*>, retry_count <*>",Mac,Unseen,"ARPT: <*>: wl0: setup_keepalive: interval <*>, retry_interval <*>, retry_count <*>",2.1204261779785156
"ARPT: 784055.560270: IOPMPowerSource Information: onSleep,  SleepType: Normal Sleep,  'ExternalConnected': No, 'TimeRemaining': 5600,","ARPT: <*>: IOPMPowerSource Information: onSleep, SleepType: Normal Sleep, 'ExternalConnected': No, 'TimeRemaining': <*>,",Mac,Unseen,"ARPT: <*>: IOPMPowerSource Information: onSleep, SleepType: Normal Sleep, 'ExternalConnected': No, 'TimeRemaining': <*>,",2.566777229309082
AppleThunderboltNHIType2::waitForOk2Go2Sx - intel_rp = 1 dlla_reporting_supported = 0,<*>::<*> - intel_rp = <*> dlla_reporting_supported = <*>,Mac,Unseen,AppleThunderboltNHIType2::waitForOk2Go2Sx - intel_rp = <*> dlla_reporting_supported = <*>,2.4277098178863525
ARPT: 784486.498066: wlc_dump_aggfifo:,ARPT: <*>: wlc_dump_aggfifo:,Mac,Unseen,ARPT: <*>: wlc_dump_aggfifo:,1.1003608703613281
**** [BroadcomBluetoothHostControllerUSBTransport][start] -- Completed (matched on Device) -- 0x3800 ****,**** [BroadcomBluetoothHostControllerUSBTransport][start] -- Completed (matched on Device) -- <*> ****,Mac,Unseen,**** [BroadcomBluetoothHostControllerUSBTransport][start] -- Completed (matched on Device) -- <*> ****,1.7889609336853027
"CCFile::copyFile fileName is [2017-07-08_02,32,47.528554]-CCIOReporter-003.xml, source path:/var/log/CoreCapture/com.apple.iokit.IO80211Family/OneStats//[2017-07-08_02,32,47.528554]-CCIOReporter-003.xml, dest path:/Library/Logs/CrashReporter/CoreCapture/com.apple.iokit.IO80211Family/[2017-07-08_02,32,46.517498]=AssocFail:sts:2_rsn:0/OneStats//[2017-07-08_02,32,47.528554]-CCIOReporter-003.xml","CCFile::copyFile fileName is [<*>-<*>-<*>,<*>,<*>]-<*>, source path:<*>, dest path:<*>",Mac,Unseen,"CCFile::copyFile fileName is <*>, source path:<*>, dest path:<*>",1.5280001163482666
did discard act 12083 inact 17640 purgeable 20264 spec 28635 cleaned 0,did discard act <*> inact <*> purgeable <*> spec <*> cleaned <*>,Mac,Unseen,did discard act <*> inact <*> purgeable <*> spec <*> cleaned <*>,1.4951677322387695
"CCDataTap::profileRemoved, Owner: com.apple.iokit.IO80211Family, Name: AssociationEventHistory","CCDataTap::profileRemoved, Owner: <*>, Name: <*>",Mac,Unseen,"CCDataTap::profileRemoved, Owner: com.apple.iokit.IO<*>, Name: AssociationEventHistory",2.0006632804870605
**** [BroadcomBluetoothHostControllerUSBTransport][start] -- Completed (matched on Device) -- 0x8800 ****,**** [BroadcomBluetoothHostControllerUSBTransport][start] -- Completed (matched on Device) -- <*> ****,Mac,Unseen,**** [BroadcomBluetoothHostControllerUSBTransport][start] -- Completed (matched on Device) -- <*> ****,1.8172740936279297
Wake reason: ARPT (Network),Wake reason: ARPT (Network),Mac,Unseen,Wake reason: ARPT (Network),0.7366924285888672
Captive: CNPluginHandler en0: Authenticated,Captive: CNPluginHandler en0: Authenticated,Mac,Unseen,Captive: CNPluginHandler en0: Authenticated,0.9918620586395264
__42-[NETClientConnection evaluateCrazyIvan46]_block_invoke CI46 - Hit by torpedo! QQ.10018 tc25995 121.51.36.148:443,<*>-[NETClientConnection <*>]_block_invoke CI46 - Hit by torpedo! <*> <*> <*>:<*>,Mac,Unseen,__<*>-[NETClientConnection evaluateCrazyIvan46]_block_invoke CI46 - Hit by torpedo! QQ.<*> tc<*> <*>:<*>,2.857290029525757
hibernate_machine_init reading,hibernate_machine_init reading,Mac,Unseen,hibernate_machine_init reading,0.6802258491516113
vm_compressor_fastwake_warmup completed - took 12461 msecs,vm_compressor_fastwake_warmup completed - took <*> msecs,Mac,Unseen,vm_compressor_fastwake_warmup completed - took <*> msecs,1.3569352626800537
"CCFile::captureLog Received Capture notice id: 1499518522.558304, reason = AssocFail:sts:2_rsn:0","CCFile::captureLog Received Capture notice id: <*>, reason = AssocFail:sts:<NUM>_rsn:<NUM>",Mac,Unseen,"CCFile::captureLog Received Capture notice id: <*>, reason = AssocFail:sts:<*>_rsn:<*>",2.103226661682129
"CCFile::copyFile fileName is [2017-07-08_05,55,23.694116]-io80211Family-002.pcapng, source path:/var/log/CoreCapture/com.apple.iokit.IO80211Family/IO80211AWDLPeerManager//[2017-07-08_05,55,23.694116]-io80211Family-002.pcapng, dest path:/Library/Logs/CrashReporter/CoreCapture/com.apple.iokit.IO80211Family/[2017-07-08_05,56,40.163377]=AssocFail:sts:2_rsn:0/IO80211AWDLPeerManager//[2017-07-08_05,55,23.694116]-io80211Family-002.pcapng","CCFile::copyFile fileName is [<*>-<*>-<*>,<*>,<*>]-<*>, source path:<*>, dest path:<*>",Mac,Unseen,"CCFile::copyFile fileName is <*>, source path:<*>, dest path:<*>",1.5197131633758545
Captive: CNPluginHandler en0: Authenticated,Captive: CNPluginHandler en0: Authenticated,Mac,Unseen,Captive: CNPluginHandler en0: Authenticated,0.9972867965698242
"Unable to simultaneously satisfy constraints: ( ""<NSAutoresizingMaskLayoutConstraint:0x7f9d574e5370 h=-&- v=-&- V:[NSScrollView:0x7f9d64abe480]-(11)-|   (Names: '|':NSView:0x7f9d6a9cc340 )>"", ""<NSAutoresizingMaskLayoutConstraint:0x7f9d7561a270 h=-&- v=-&- V:|-(45)-[NSScrollView:0x7f9d64abe480]   (Names: '|':NSView:0x7f9d6a9cc340 )>"", ""<NSAutoresizingMaskLayoutConstraint:0x7f9d6aa2cf10 h=-&- v=--& V:[NSView:0x7f9d53160e30(0)]>"", ""<NSAutoresizingMaskLayoutConstraint:0x7f9d75652870 h=-&- v=-&- V:|-(0)-[NSView:0x7f9d6a9cc340]   (Names: '|':NSView:0x7f9d53160e30 )>"", ""<NSAutoresizingMaskLayoutConstraint:0x7f9d77ef8f50 h=-&- v=-&- V:[NSView:0x7f9d6a9cc340]-(0)-|   (Names: '|':NSView:0x7f9d53160e30 )>"" )  Will attempt to recover by breaking constraint <NSAutoresizingMaskLayoutConstraint:0x7f9d7561a270 h=-&- v=-&- V:|-(45)-[NSScrollView:0x7f9d64abe480]   (Names: '|':NSView:0x7f9d6a9cc340 )>  Set the NSUserDefault NSConstraintBasedLayoutVisualizeMutuallyExclusiveConstraints to YES to have -[NSWindow visualizeConstraints:] automatically called when this happens.  And/or, break on objc_exception_throw to catch this in the debugger.","Unable to simultaneously satisfy constraints: ( ""<NSAutoresizingMaskLayoutConstraint:<*> h=-&- v=-&- V:[NSScrollView:<*>]-(<*>)-| (Names: '|':NSView:<*> )>"", ""<NSAutoresizingMaskLayoutConstraint:<*> h=-&- v=-&- V:|-(<*>)-[NSScrollView:<*>] (Names: '|':NSView:<*> )>"", ""<NSAutoresizingMaskLayoutConstraint:<*> h=-&- v=--& V:[NSView:<*>(<*>)]>"", ""<NSAutoresizingMaskLayoutConstraint:<*> h=-&- v=-&- V:|-(<*>)-[NSView:<*>] (Names: '|':NSView:<*> )>"", ""<NSAutoresizingMaskLayoutConstraint:<*> h=-&- v=-&- V:[NSView:<*>]-(<*>)-| (Names: '|':NSView:<*> )>"" ) Will attempt to recover by breaking constraint <NSAutoresizingMaskLayoutConstraint:<*> h=-&- v=-&- V:|-(<*>)-[NSScrollView:<*>] (Names: '|':NSView:<*> )> Set the NSUserDefault NSConstraintBasedLayoutVisualizeMutuallyExclusiveConstraints to YES to have -[NSWindow visualizeConstraints:] automatically called when this happens. And/or, break on objc_exception_throw to catch this in the debugger.",Mac,Unseen,,7.647412061691284
[com.apple.calendar.store.log.caldav.coredav] [Refusing to parse response to PROPPATCH because of content-type: [text/html; charset=UTF-8].],[com.apple.calendar.store.log.caldav.coredav] [Refusing to parse response to PROPPATCH because of content-type: [text/html; charset=UTF-<*>].],Mac,Unseen,[com.apple.calendar.store.log.caldav.coredav] [Refusing to parse response to PROPPATCH because of content-type: [<*>].],2.664379358291626
"SOSAccountThisDeviceCanSyncWithCircle sync with device failure: Error Domain=com.apple.security.sos.error Code=1035 ""Account identity not set"" UserInfo={NSDescription=Account identity not set}","SOSAccountThisDeviceCanSyncWithCircle sync with device failure: Error Domain=com.apple.security.sos.error Code=<*> ""Account identity not set"" UserInfo={NSDescription=Account identity not set}",Mac,Unseen,"SOSAccountThisDeviceCanSyncWithCircle sync with device failure: Error Domain=com.apple.security.sos.error Code=<*> ""Account identity not set"" UserInfo={NSDescription=<*>}",3.2018778324127197
Wake reason: RTC (Alarm),Wake reason: RTC (Alarm),Mac,Unseen,Wake reason: RTC (Alarm),0.8070366382598877
AppleCamIn::wakeEventHandlerThread,AppleCamIn::wakeEventHandlerThread,Mac,Unseen,AppleCamIn::wakeEventHandlerThread,0.6828417778015137
