Content,EventTemplate,Dataset,Category,Unseen_Mistral_FT_Thunderbird_5,Inference_time_5
session opened for user root by (uid=0),session opened for user <*> by (uid=<*>),Thunderbird,Unseen,session opened for user <*> by (uid=<*>),4.045674800872803
session opened for user root by (uid=0),session opened for user <*> by (uid=<*>),Thunderbird,Unseen,session opened for user <*> by (uid=<*>),0.9933297634124756
session opened for user root by (uid=0),session opened for user <*> by (uid=<*>),Thunderbird,Unseen,session opened for user <*> by (uid=<*>),0.9774770736694336
session opened for user root by (uid=0),session opened for user <*> by (uid=<*>),Thunderbird,Unseen,session opened for user <*> by (uid=<*>),0.9822378158569336
session opened for user root by (uid=0),session opened for user <*> by (uid=<*>),Thunderbird,Unseen,session opened for user <*> by (uid=<*>),1.0136899948120117
session opened for user root by (uid=0),session opened for user <*> by (uid=<*>),Thunderbird,Unseen,session opened for user <*> by (uid=<*>),1.0000076293945312
session opened for user root by (uid=0),session opened for user <*> by (uid=<*>),Thunderbird,Unseen,session opened for user <*> by (uid=<*>),0.9862217903137207
session opened for user root by (uid=0),session opened for user <*> by (uid=<*>),Thunderbird,Unseen,session opened for user <*> by (uid=<*>),0.987095832824707
session opened for user root by (uid=0),session opened for user <*> by (uid=<*>),Thunderbird,Unseen,session opened for user <*> by (uid=<*>),0.9858007431030273
session opened for user root by (uid=0),session opened for user <*> by (uid=<*>),Thunderbird,Unseen,session opened for user <*> by (uid=<*>),1.0122418403625488
session opened for user root by (uid=0),session opened for user <*> by (uid=<*>),Thunderbird,Unseen,session opened for user <*> by (uid=<*>),0.9856441020965576
session opened for user root by (uid=0),session opened for user <*> by (uid=<*>),Thunderbird,Unseen,session opened for user <*> by (uid=<*>),0.9865021705627441
session opened for user root by (uid=0),session opened for user <*> by (uid=<*>),Thunderbird,Unseen,session opened for user <*> by (uid=<*>),0.981006383895874
session opened for user root by (uid=0),session opened for user <*> by (uid=<*>),Thunderbird,Unseen,session opened for user <*> by (uid=<*>),0.9857642650604248
"synchronized to 10.100.20.250, stratum 3","synchronized to <*>, stratum <*>",Thunderbird,Unseen,"synchronized to <*>, stratum <*>",0.8606646060943604
"synchronized to 10.100.28.250, stratum 3","synchronized to <*>, stratum <*>",Thunderbird,Unseen,"synchronized to <*>, stratum <*>",0.8714187145233154
"synchronized to 10.100.24.250, stratum 3","synchronized to <*>, stratum <*>",Thunderbird,Unseen,"synchronized to <*>, stratum <*>",0.8579347133636475
"synchronized to 10.100.16.250, stratum 3","synchronized to <*>, stratum <*>",Thunderbird,Unseen,"synchronized to <*>, stratum <*>",0.8792636394500732
"synchronized to 10.100.18.250, stratum 3","synchronized to <*>, stratum <*>",Thunderbird,Unseen,"synchronized to <*>, stratum <*>",0.8812856674194336
"synchronized to 10.100.20.250, stratum 3","synchronized to <*>, stratum <*>",Thunderbird,Unseen,"synchronized to <*>, stratum <*>",0.8765172958374023
"synchronized to 10.100.26.250, stratum 3","synchronized to <*>, stratum <*>",Thunderbird,Unseen,"synchronized to <*>, stratum <*>",0.8674898147583008
"synchronized to 10.100.18.250, stratum 3","synchronized to <*>, stratum <*>",Thunderbird,Unseen,"synchronized to <*>, stratum <*>",0.8729763031005859
"synchronized to 10.100.20.250, stratum 3","synchronized to <*>, stratum <*>",Thunderbird,Unseen,"synchronized to <*>, stratum <*>",0.876591682434082
"synchronized to 10.100.22.250, stratum 3","synchronized to <*>, stratum <*>",Thunderbird,Unseen,"synchronized to <*>, stratum <*>",0.8652026653289795
"synchronized to 10.100.18.250, stratum 3","synchronized to <*>, stratum <*>",Thunderbird,Unseen,"synchronized to <*>, stratum <*>",0.875119686126709
"synchronized to 10.100.22.250, stratum 3","synchronized to <*>, stratum <*>",Thunderbird,Unseen,"synchronized to <*>, stratum <*>",0.8697824478149414
"synchronized to 10.100.28.250, stratum 3","synchronized to <*>, stratum <*>",Thunderbird,Unseen,"synchronized to <*>, stratum <*>",0.8807034492492676
"synchronized to 10.100.20.250, stratum 3","synchronized to <*>, stratum <*>",Thunderbird,Unseen,"synchronized to <*>, stratum <*>",0.8651618957519531
"synchronized to 10.100.24.250, stratum 3","synchronized to <*>, stratum <*>",Thunderbird,Unseen,"synchronized to <*>, stratum <*>",0.8667540550231934
"synchronized to 10.100.20.250, stratum 3","synchronized to <*>, stratum <*>",Thunderbird,Unseen,"synchronized to <*>, stratum <*>",0.8721976280212402
"synchronized to 10.100.26.250, stratum 3","synchronized to <*>, stratum <*>",Thunderbird,Unseen,"synchronized to <*>, stratum <*>",0.8654656410217285
"synchronized to 10.100.26.250, stratum 3","synchronized to <*>, stratum <*>",Thunderbird,Unseen,"synchronized to <*>, stratum <*>",0.8638668060302734
"synchronized to 10.100.16.250, stratum 3","synchronized to <*>, stratum <*>",Thunderbird,Unseen,"synchronized to <*>, stratum <*>",0.8624303340911865
"synchronized to 10.100.22.250, stratum 3","synchronized to <*>, stratum <*>",Thunderbird,Unseen,"synchronized to <*>, stratum <*>",0.8662981986999512
"synchronized to 10.100.20.250, stratum 3","synchronized to <*>, stratum <*>",Thunderbird,Unseen,"synchronized to <*>, stratum <*>",0.8606486320495605
"synchronized to 10.100.20.250, stratum 3","synchronized to <*>, stratum <*>",Thunderbird,Unseen,"synchronized to <*>, stratum <*>",0.8786196708679199
"synchronized to 10.100.20.250, stratum 3","synchronized to <*>, stratum <*>",Thunderbird,Unseen,"synchronized to <*>, stratum <*>",0.8777120113372803
DHCPDISCOVER from 00:11:43:e3:ba:c3 via eth1,DHCPDISCOVER from <*> via eth1,Thunderbird,Unseen,DHCPDISCOVER from <*> via eth1,0.9290034770965576
"synchronized to 10.100.18.250, stratum 3","synchronized to <*>, stratum <*>",Thunderbird,Unseen,"synchronized to <*>, stratum <*>",0.859429121017456
"synchronized to 10.100.30.250, stratum 3","synchronized to <*>, stratum <*>",Thunderbird,Unseen,"synchronized to <*>, stratum <*>",0.8675854206085205
"synchronized to 10.100.20.250, stratum 3","synchronized to <*>, stratum <*>",Thunderbird,Unseen,"synchronized to <*>, stratum <*>",0.8619978427886963
"synchronized to 10.100.30.250, stratum 3","synchronized to <*>, stratum <*>",Thunderbird,Unseen,"synchronized to <*>, stratum <*>",0.8593959808349609
"synchronized to 10.100.20.250, stratum 3","synchronized to <*>, stratum <*>",Thunderbird,Unseen,"synchronized to <*>, stratum <*>",0.8640611171722412
"synchronized to 10.100.20.250, stratum 3","synchronized to <*>, stratum <*>",Thunderbird,Unseen,"synchronized to <*>, stratum <*>",0.8844020366668701
"synchronized to 10.100.18.250, stratum 3","synchronized to <*>, stratum <*>",Thunderbird,Unseen,"synchronized to <*>, stratum <*>",0.8968133926391602
"synchronized to 10.100.18.250, stratum 3","synchronized to <*>, stratum <*>",Thunderbird,Unseen,"synchronized to <*>, stratum <*>",0.8812992572784424
"synchronized to 10.100.22.250, stratum 3","synchronized to <*>, stratum <*>",Thunderbird,Unseen,"synchronized to <*>, stratum <*>",0.8571503162384033
"synchronized to 10.100.16.250, stratum 3","synchronized to <*>, stratum <*>",Thunderbird,Unseen,"synchronized to <*>, stratum <*>",0.8805887699127197
"synchronized to 10.100.22.250, stratum 3","synchronized to <*>, stratum <*>",Thunderbird,Unseen,"synchronized to <*>, stratum <*>",0.8604187965393066
"synchronized to 10.100.18.250, stratum 3","synchronized to <*>, stratum <*>",Thunderbird,Unseen,"synchronized to <*>, stratum <*>",0.8717150688171387
"synchronized to 10.100.28.250, stratum 3","synchronized to <*>, stratum <*>",Thunderbird,Unseen,"synchronized to <*>, stratum <*>",0.8625104427337646
"synchronized to 10.100.16.250, stratum 3","synchronized to <*>, stratum <*>",Thunderbird,Unseen,"synchronized to <*>, stratum <*>",0.8689658641815186
"synchronized to 10.100.22.250, stratum 3","synchronized to <*>, stratum <*>",Thunderbird,Unseen,"synchronized to <*>, stratum <*>",0.8632221221923828
"synchronized to 10.100.22.250, stratum 3","synchronized to <*>, stratum <*>",Thunderbird,Unseen,"synchronized to <*>, stratum <*>",0.8602054119110107
"synchronized to 10.100.24.250, stratum 3","synchronized to <*>, stratum <*>",Thunderbird,Unseen,"synchronized to <*>, stratum <*>",0.8604180812835693
DHCPDISCOVER from 00:11:43:e3:ba:c3 via eth1,DHCPDISCOVER from <*> via eth1,Thunderbird,Unseen,DHCPDISCOVER from <*> via eth1,0.9250843524932861
DHCPDISCOVER from 00:11:43:e3:ba:c3 via eth1,DHCPDISCOVER from <*> via eth1,Thunderbird,Unseen,DHCPDISCOVER from <*> via eth1,0.9309930801391602
"synchronized to 10.100.20.250, stratum 3","synchronized to <*>, stratum <*>",Thunderbird,Unseen,"synchronized to <*>, stratum <*>",0.8626110553741455
DHCPDISCOVER from 00:11:43:e3:ba:c3 via eth1,DHCPDISCOVER from <*> via eth1,Thunderbird,Unseen,DHCPDISCOVER from <*> via eth1,0.9225149154663086
DHCPDISCOVER from 00:11:43:e3:ba:c3 via eth1,DHCPDISCOVER from <*> via eth1,Thunderbird,Unseen,DHCPDISCOVER from <*> via eth1,0.9324913024902344
"synchronized to 10.100.20.250, stratum 3","synchronized to <*>, stratum <*>",Thunderbird,Unseen,"synchronized to <*>, stratum <*>",0.8630397319793701
"synchronized to 10.100.30.250, stratum 3","synchronized to <*>, stratum <*>",Thunderbird,Unseen,"synchronized to <*>, stratum <*>",0.882016658782959
"synchronized to 10.100.18.250, stratum 3","synchronized to <*>, stratum <*>",Thunderbird,Unseen,"synchronized to <*>, stratum <*>",0.8501856327056885
"synchronized to 10.100.20.250, stratum 3","synchronized to <*>, stratum <*>",Thunderbird,Unseen,"synchronized to <*>, stratum <*>",0.8531787395477295
"synchronized to 10.100.22.250, stratum 3","synchronized to <*>, stratum <*>",Thunderbird,Unseen,"synchronized to <*>, stratum <*>",0.8625805377960205
"synchronized to 10.100.22.250, stratum 3","synchronized to <*>, stratum <*>",Thunderbird,Unseen,"synchronized to <*>, stratum <*>",0.8725807666778564
"synchronized to 10.100.20.250, stratum 3","synchronized to <*>, stratum <*>",Thunderbird,Unseen,"synchronized to <*>, stratum <*>",0.8625571727752686
"synchronized to 10.100.30.250, stratum 3","synchronized to <*>, stratum <*>",Thunderbird,Unseen,"synchronized to <*>, stratum <*>",0.873183012008667
"synchronized to 10.100.20.250, stratum 3","synchronized to <*>, stratum <*>",Thunderbird,Unseen,"synchronized to <*>, stratum <*>",0.8599526882171631
"synchronized to 10.100.18.250, stratum 3","synchronized to <*>, stratum <*>",Thunderbird,Unseen,"synchronized to <*>, stratum <*>",0.8796617984771729
"synchronized to 10.100.20.250, stratum 3","synchronized to <*>, stratum <*>",Thunderbird,Unseen,"synchronized to <*>, stratum <*>",0.8556838035583496
"synchronized to 10.100.20.250, stratum 3","synchronized to <*>, stratum <*>",Thunderbird,Unseen,"synchronized to <*>, stratum <*>",0.8820211887359619
"synchronized to 10.100.20.250, stratum 3","synchronized to <*>, stratum <*>",Thunderbird,Unseen,"synchronized to <*>, stratum <*>",0.8714504241943359
"synchronized to 10.100.28.250, stratum 3","synchronized to <*>, stratum <*>",Thunderbird,Unseen,"synchronized to <*>, stratum <*>",0.8633556365966797
"synchronized to 10.100.20.250, stratum 3","synchronized to <*>, stratum <*>",Thunderbird,Unseen,"synchronized to <*>, stratum <*>",0.8956687450408936
"synchronized to 10.100.20.250, stratum 3","synchronized to <*>, stratum <*>",Thunderbird,Unseen,"synchronized to <*>, stratum <*>",0.8689310550689697
"synchronized to 10.100.20.250, stratum 3","synchronized to <*>, stratum <*>",Thunderbird,Unseen,"synchronized to <*>, stratum <*>",0.8707377910614014
"synchronized to 10.100.16.250, stratum 3","synchronized to <*>, stratum <*>",Thunderbird,Unseen,"synchronized to <*>, stratum <*>",0.8914084434509277
"synchronized to 10.100.20.250, stratum 3","synchronized to <*>, stratum <*>",Thunderbird,Unseen,"synchronized to <*>, stratum <*>",0.8764309883117676
"synchronized to 10.100.22.250, stratum 3","synchronized to <*>, stratum <*>",Thunderbird,Unseen,"synchronized to <*>, stratum <*>",0.859943151473999
"synchronized to 10.100.20.250, stratum 3","synchronized to <*>, stratum <*>",Thunderbird,Unseen,"synchronized to <*>, stratum <*>",0.8639194965362549
"synchronized to 10.100.20.250, stratum 3","synchronized to <*>, stratum <*>",Thunderbird,Unseen,"synchronized to <*>, stratum <*>",0.8678262233734131
"synchronized to 10.100.22.250, stratum 3","synchronized to <*>, stratum <*>",Thunderbird,Unseen,"synchronized to <*>, stratum <*>",0.8711419105529785
"synchronized to 10.100.16.250, stratum 3","synchronized to <*>, stratum <*>",Thunderbird,Unseen,"synchronized to <*>, stratum <*>",0.8670053482055664
"synchronized to 10.100.16.250, stratum 3","synchronized to <*>, stratum <*>",Thunderbird,Unseen,"synchronized to <*>, stratum <*>",0.8662290573120117
"synchronized to 10.100.22.250, stratum 3","synchronized to <*>, stratum <*>",Thunderbird,Unseen,"synchronized to <*>, stratum <*>",0.8682303428649902
"synchronized to 10.100.20.250, stratum 3","synchronized to <*>, stratum <*>",Thunderbird,Unseen,"synchronized to <*>, stratum <*>",0.874408483505249
"synchronized to 10.100.22.250, stratum 3","synchronized to <*>, stratum <*>",Thunderbird,Unseen,"synchronized to <*>, stratum <*>",0.8723390102386475
"synchronized to 10.100.18.250, stratum 3","synchronized to <*>, stratum <*>",Thunderbird,Unseen,"synchronized to <*>, stratum <*>",0.8724827766418457
"synchronized to 10.100.20.250, stratum 3","synchronized to <*>, stratum <*>",Thunderbird,Unseen,"synchronized to <*>, stratum <*>",0.8612539768218994
"synchronized to 10.100.16.250, stratum 3","synchronized to <*>, stratum <*>",Thunderbird,Unseen,"synchronized to <*>, stratum <*>",0.8660483360290527
"synchronized to 10.100.20.250, stratum 3","synchronized to <*>, stratum <*>",Thunderbird,Unseen,"synchronized to <*>, stratum <*>",0.8602311611175537
"synchronized to 10.100.20.250, stratum 3","synchronized to <*>, stratum <*>",Thunderbird,Unseen,"synchronized to <*>, stratum <*>",0.8749086856842041
"synchronized to 10.100.20.250, stratum 3","synchronized to <*>, stratum <*>",Thunderbird,Unseen,"synchronized to <*>, stratum <*>",0.867732048034668
"synchronized to 10.100.14.250, stratum 3","synchronized to <*>, stratum <*>",Thunderbird,Unseen,"synchronized to <*>, stratum <*>",0.8612051010131836
"synchronized to 10.100.20.250, stratum 3","synchronized to <*>, stratum <*>",Thunderbird,Unseen,"synchronized to <*>, stratum <*>",0.8628454208374023
"synchronized to 10.100.20.250, stratum 3","synchronized to <*>, stratum <*>",Thunderbird,Unseen,"synchronized to <*>, stratum <*>",0.8680002689361572
"synchronized to 10.100.22.250, stratum 3","synchronized to <*>, stratum <*>",Thunderbird,Unseen,"synchronized to <*>, stratum <*>",0.8820393085479736
"synchronized to 10.100.18.250, stratum 3","synchronized to <*>, stratum <*>",Thunderbird,Unseen,"synchronized to <*>, stratum <*>",0.8709638118743896
"synchronized to 10.100.20.250, stratum 3","synchronized to <*>, stratum <*>",Thunderbird,Unseen,"synchronized to <*>, stratum <*>",0.865492582321167
"synchronized to 10.100.18.250, stratum 3","synchronized to <*>, stratum <*>",Thunderbird,Unseen,"synchronized to <*>, stratum <*>",0.8779654502868652
"synchronized to 10.100.20.250, stratum 3","synchronized to <*>, stratum <*>",Thunderbird,Unseen,"synchronized to <*>, stratum <*>",0.8597252368927002
"synchronized to 10.100.22.250, stratum 3","synchronized to <*>, stratum <*>",Thunderbird,Unseen,"synchronized to <*>, stratum <*>",0.8592503070831299
"synchronized to 10.100.18.250, stratum 3","synchronized to <*>, stratum <*>",Thunderbird,Unseen,"synchronized to <*>, stratum <*>",0.8624019622802734
"synchronized to 10.100.22.250, stratum 3","synchronized to <*>, stratum <*>",Thunderbird,Unseen,"synchronized to <*>, stratum <*>",0.8491668701171875
"synchronized to 10.100.24.250, stratum 3","synchronized to <*>, stratum <*>",Thunderbird,Unseen,"synchronized to <*>, stratum <*>",0.8669235706329346
"synchronized to 10.100.28.250, stratum 3","synchronized to <*>, stratum <*>",Thunderbird,Unseen,"synchronized to <*>, stratum <*>",0.8761637210845947
"synchronized to 10.100.20.250, stratum 3","synchronized to <*>, stratum <*>",Thunderbird,Unseen,"synchronized to <*>, stratum <*>",0.8606200218200684
"synchronized to 10.100.20.250, stratum 3","synchronized to <*>, stratum <*>",Thunderbird,Unseen,"synchronized to <*>, stratum <*>",0.8665304183959961
"synchronized to 10.100.12.250, stratum 3","synchronized to <*>, stratum <*>",Thunderbird,Unseen,"synchronized to <*>, stratum <*>",0.8559713363647461
"synchronized to 10.100.22.250, stratum 3","synchronized to <*>, stratum <*>",Thunderbird,Unseen,"synchronized to <*>, stratum <*>",0.8900527954101562
"synchronized to 10.100.20.250, stratum 3","synchronized to <*>, stratum <*>",Thunderbird,Unseen,"synchronized to <*>, stratum <*>",0.870678186416626
"synchronized to 10.100.18.250, stratum 3","synchronized to <*>, stratum <*>",Thunderbird,Unseen,"synchronized to <*>, stratum <*>",0.8612062931060791
"synchronized to 10.100.28.250, stratum 3","synchronized to <*>, stratum <*>",Thunderbird,Unseen,"synchronized to <*>, stratum <*>",0.8833403587341309
"synchronized to 10.100.18.250, stratum 3","synchronized to <*>, stratum <*>",Thunderbird,Unseen,"synchronized to <*>, stratum <*>",0.8840301036834717
"synchronized to 10.100.22.250, stratum 3","synchronized to <*>, stratum <*>",Thunderbird,Unseen,"synchronized to <*>, stratum <*>",0.8708202838897705
"synchronized to 10.100.22.250, stratum 3","synchronized to <*>, stratum <*>",Thunderbird,Unseen,"synchronized to <*>, stratum <*>",0.8583331108093262
"synchronized to 10.100.14.250, stratum 3","synchronized to <*>, stratum <*>",Thunderbird,Unseen,"synchronized to <*>, stratum <*>",0.8602066040039062
"synchronized to 10.100.18.250, stratum 3","synchronized to <*>, stratum <*>",Thunderbird,Unseen,"synchronized to <*>, stratum <*>",0.8789198398590088
"synchronized to 10.100.22.250, stratum 3","synchronized to <*>, stratum <*>",Thunderbird,Unseen,"synchronized to <*>, stratum <*>",0.8633921146392822
"synchronized to 10.100.20.250, stratum 3","synchronized to <*>, stratum <*>",Thunderbird,Unseen,"synchronized to <*>, stratum <*>",0.8579545021057129
"synchronized to 10.100.18.250, stratum 3","synchronized to <*>, stratum <*>",Thunderbird,Unseen,"synchronized to <*>, stratum <*>",0.8667054176330566
"synchronized to 10.100.22.250, stratum 3","synchronized to <*>, stratum <*>",Thunderbird,Unseen,"synchronized to <*>, stratum <*>",0.8769886493682861
"synchronized to 10.100.18.250, stratum 3","synchronized to <*>, stratum <*>",Thunderbird,Unseen,"synchronized to <*>, stratum <*>",0.8727602958679199
"synchronized to 10.100.18.250, stratum 3","synchronized to <*>, stratum <*>",Thunderbird,Unseen,"synchronized to <*>, stratum <*>",0.8987889289855957
"synchronized to 10.100.22.250, stratum 3","synchronized to <*>, stratum <*>",Thunderbird,Unseen,"synchronized to <*>, stratum <*>",0.8673853874206543
"synchronized to 10.100.30.250, stratum 3","synchronized to <*>, stratum <*>",Thunderbird,Unseen,"synchronized to <*>, stratum <*>",0.8615856170654297
"synchronized to 10.100.22.250, stratum 3","synchronized to <*>, stratum <*>",Thunderbird,Unseen,"synchronized to <*>, stratum <*>",0.8949785232543945
"synchronized to 10.100.20.250, stratum 3","synchronized to <*>, stratum <*>",Thunderbird,Unseen,"synchronized to <*>, stratum <*>",0.8785035610198975
"synchronized to 10.100.16.250, stratum 3","synchronized to <*>, stratum <*>",Thunderbird,Unseen,"synchronized to <*>, stratum <*>",0.865260124206543
"synchronized to 10.100.18.250, stratum 3","synchronized to <*>, stratum <*>",Thunderbird,Unseen,"synchronized to <*>, stratum <*>",0.8567719459533691
"synchronized to 10.100.28.250, stratum 3","synchronized to <*>, stratum <*>",Thunderbird,Unseen,"synchronized to <*>, stratum <*>",0.8986878395080566
"synchronized to 10.100.20.250, stratum 3","synchronized to <*>, stratum <*>",Thunderbird,Unseen,"synchronized to <*>, stratum <*>",0.8571593761444092
"synchronized to 10.100.20.250, stratum 3","synchronized to <*>, stratum <*>",Thunderbird,Unseen,"synchronized to <*>, stratum <*>",0.8596532344818115
"synchronized to 10.100.16.250, stratum 3","synchronized to <*>, stratum <*>",Thunderbird,Unseen,"synchronized to <*>, stratum <*>",0.8804137706756592
"synchronized to 10.100.16.250, stratum 3","synchronized to <*>, stratum <*>",Thunderbird,Unseen,"synchronized to <*>, stratum <*>",0.8677933216094971
"synchronized to 10.100.28.250, stratum 3","synchronized to <*>, stratum <*>",Thunderbird,Unseen,"synchronized to <*>, stratum <*>",0.8811564445495605
"synchronized to 10.100.22.250, stratum 3","synchronized to <*>, stratum <*>",Thunderbird,Unseen,"synchronized to <*>, stratum <*>",0.8713319301605225
"synchronized to 10.100.18.250, stratum 3","synchronized to <*>, stratum <*>",Thunderbird,Unseen,"synchronized to <*>, stratum <*>",0.8477118015289307
"synchronized to 10.100.20.250, stratum 3","synchronized to <*>, stratum <*>",Thunderbird,Unseen,"synchronized to <*>, stratum <*>",0.8580033779144287
"synchronized to 10.100.20.250, stratum 3","synchronized to <*>, stratum <*>",Thunderbird,Unseen,"synchronized to <*>, stratum <*>",0.8474857807159424
"synchronized to 10.100.16.250, stratum 3","synchronized to <*>, stratum <*>",Thunderbird,Unseen,"synchronized to <*>, stratum <*>",0.84989333152771
"synchronized to 10.100.18.250, stratum 3","synchronized to <*>, stratum <*>",Thunderbird,Unseen,"synchronized to <*>, stratum <*>",0.8571648597717285
"synchronized to 10.100.20.250, stratum 3","synchronized to <*>, stratum <*>",Thunderbird,Unseen,"synchronized to <*>, stratum <*>",0.8620164394378662
"synchronized to 10.100.18.250, stratum 3","synchronized to <*>, stratum <*>",Thunderbird,Unseen,"synchronized to <*>, stratum <*>",0.8631792068481445
"synchronized to 10.100.26.250, stratum 3","synchronized to <*>, stratum <*>",Thunderbird,Unseen,"synchronized to <*>, stratum <*>",0.8577070236206055
"synchronized to 10.100.22.250, stratum 3","synchronized to <*>, stratum <*>",Thunderbird,Unseen,"synchronized to <*>, stratum <*>",0.8754870891571045
"synchronized to 10.100.22.250, stratum 3","synchronized to <*>, stratum <*>",Thunderbird,Unseen,"synchronized to <*>, stratum <*>",0.8693230152130127
"synchronized to 10.100.20.250, stratum 3","synchronized to <*>, stratum <*>",Thunderbird,Unseen,"synchronized to <*>, stratum <*>",0.8634023666381836
"synchronized to 10.100.18.250, stratum 3","synchronized to <*>, stratum <*>",Thunderbird,Unseen,"synchronized to <*>, stratum <*>",0.8632025718688965
"synchronized to 10.100.22.250, stratum 3","synchronized to <*>, stratum <*>",Thunderbird,Unseen,"synchronized to <*>, stratum <*>",0.8554916381835938
"synchronized to 10.100.18.250, stratum 3","synchronized to <*>, stratum <*>",Thunderbird,Unseen,"synchronized to <*>, stratum <*>",0.8663878440856934
"synchronized to 10.100.16.250, stratum 3","synchronized to <*>, stratum <*>",Thunderbird,Unseen,"synchronized to <*>, stratum <*>",0.8648107051849365
"synchronized to 10.100.20.250, stratum 3","synchronized to <*>, stratum <*>",Thunderbird,Unseen,"synchronized to <*>, stratum <*>",0.8626596927642822
"synchronized to 10.100.22.250, stratum 3","synchronized to <*>, stratum <*>",Thunderbird,Unseen,"synchronized to <*>, stratum <*>",0.8550112247467041
"synchronized to 10.100.18.250, stratum 3","synchronized to <*>, stratum <*>",Thunderbird,Unseen,"synchronized to <*>, stratum <*>",0.861569881439209
"synchronized to 10.100.18.250, stratum 3","synchronized to <*>, stratum <*>",Thunderbird,Unseen,"synchronized to <*>, stratum <*>",0.8621985912322998
"synchronized to 10.100.16.250, stratum 3","synchronized to <*>, stratum <*>",Thunderbird,Unseen,"synchronized to <*>, stratum <*>",0.8632872104644775
"synchronized to 10.100.22.250, stratum 3","synchronized to <*>, stratum <*>",Thunderbird,Unseen,"synchronized to <*>, stratum <*>",0.9095182418823242
"synchronized to 10.100.22.250, stratum 3","synchronized to <*>, stratum <*>",Thunderbird,Unseen,"synchronized to <*>, stratum <*>",0.8749861717224121
"synchronized to 10.100.22.250, stratum 3","synchronized to <*>, stratum <*>",Thunderbird,Unseen,"synchronized to <*>, stratum <*>",0.8677754402160645
"synchronized to 10.100.14.250, stratum 3","synchronized to <*>, stratum <*>",Thunderbird,Unseen,"synchronized to <*>, stratum <*>",0.8624453544616699
"synchronized to 10.100.20.250, stratum 3","synchronized to <*>, stratum <*>",Thunderbird,Unseen,"synchronized to <*>, stratum <*>",0.8838887214660645
"synchronized to 10.100.16.250, stratum 3","synchronized to <*>, stratum <*>",Thunderbird,Unseen,"synchronized to <*>, stratum <*>",0.8724048137664795
"synchronized to 10.100.20.250, stratum 3","synchronized to <*>, stratum <*>",Thunderbird,Unseen,"synchronized to <*>, stratum <*>",0.8522899150848389
"synchronized to 10.100.20.250, stratum 3","synchronized to <*>, stratum <*>",Thunderbird,Unseen,"synchronized to <*>, stratum <*>",0.866213321685791
"synchronized to 10.100.16.250, stratum 3","synchronized to <*>, stratum <*>",Thunderbird,Unseen,"synchronized to <*>, stratum <*>",0.8570201396942139
"synchronized to 10.100.22.250, stratum 3","synchronized to <*>, stratum <*>",Thunderbird,Unseen,"synchronized to <*>, stratum <*>",0.858447790145874
"synchronized to 10.100.20.250, stratum 3","synchronized to <*>, stratum <*>",Thunderbird,Unseen,"synchronized to <*>, stratum <*>",0.8722310066223145
"synchronized to 10.100.28.250, stratum 3","synchronized to <*>, stratum <*>",Thunderbird,Unseen,"synchronized to <*>, stratum <*>",0.8568570613861084
"synchronized to 10.100.20.250, stratum 3","synchronized to <*>, stratum <*>",Thunderbird,Unseen,"synchronized to <*>, stratum <*>",0.865497350692749
"synchronized to 10.100.16.250, stratum 3","synchronized to <*>, stratum <*>",Thunderbird,Unseen,"synchronized to <*>, stratum <*>",0.8566441535949707
"synchronized to 10.100.16.250, stratum 3","synchronized to <*>, stratum <*>",Thunderbird,Unseen,"synchronized to <*>, stratum <*>",0.8612041473388672
"synchronized to 10.100.22.250, stratum 3","synchronized to <*>, stratum <*>",Thunderbird,Unseen,"synchronized to <*>, stratum <*>",0.8634212017059326
"synchronized to 10.100.22.250, stratum 3","synchronized to <*>, stratum <*>",Thunderbird,Unseen,"synchronized to <*>, stratum <*>",0.8613154888153076
"synchronized to 10.100.22.250, stratum 3","synchronized to <*>, stratum <*>",Thunderbird,Unseen,"synchronized to <*>, stratum <*>",0.8782732486724854
"synchronized to 10.100.22.250, stratum 3","synchronized to <*>, stratum <*>",Thunderbird,Unseen,"synchronized to <*>, stratum <*>",0.8747982978820801
"synchronized to 10.100.18.250, stratum 3","synchronized to <*>, stratum <*>",Thunderbird,Unseen,"synchronized to <*>, stratum <*>",0.868870735168457
"synchronized to 10.100.20.250, stratum 3","synchronized to <*>, stratum <*>",Thunderbird,Unseen,"synchronized to <*>, stratum <*>",0.8802940845489502
"synchronized to 10.100.20.250, stratum 3","synchronized to <*>, stratum <*>",Thunderbird,Unseen,"synchronized to <*>, stratum <*>",0.8657746315002441
"synchronized to 10.100.28.250, stratum 3","synchronized to <*>, stratum <*>",Thunderbird,Unseen,"synchronized to <*>, stratum <*>",0.8578567504882812
"synchronized to 10.100.22.250, stratum 3","synchronized to <*>, stratum <*>",Thunderbird,Unseen,"synchronized to <*>, stratum <*>",0.8648808002471924
"synchronized to 10.100.24.250, stratum 3","synchronized to <*>, stratum <*>",Thunderbird,Unseen,"synchronized to <*>, stratum <*>",0.8598651885986328
"synchronized to 10.100.20.250, stratum 3","synchronized to <*>, stratum <*>",Thunderbird,Unseen,"synchronized to <*>, stratum <*>",0.8600482940673828
"synchronized to 10.100.20.250, stratum 3","synchronized to <*>, stratum <*>",Thunderbird,Unseen,"synchronized to <*>, stratum <*>",0.8606364727020264
"synchronized to 10.100.18.250, stratum 3","synchronized to <*>, stratum <*>",Thunderbird,Unseen,"synchronized to <*>, stratum <*>",0.8693604469299316
"synchronized to 10.100.22.250, stratum 3","synchronized to <*>, stratum <*>",Thunderbird,Unseen,"synchronized to <*>, stratum <*>",0.8631813526153564
"synchronized to 10.100.18.250, stratum 3","synchronized to <*>, stratum <*>",Thunderbird,Unseen,"synchronized to <*>, stratum <*>",0.8601124286651611
"synchronized to 10.100.20.250, stratum 3","synchronized to <*>, stratum <*>",Thunderbird,Unseen,"synchronized to <*>, stratum <*>",0.8911192417144775
"synchronized to 10.100.16.250, stratum 3","synchronized to <*>, stratum <*>",Thunderbird,Unseen,"synchronized to <*>, stratum <*>",0.8674716949462891
"synchronized to 10.100.20.250, stratum 3","synchronized to <*>, stratum <*>",Thunderbird,Unseen,"synchronized to <*>, stratum <*>",0.8875536918640137
"synchronized to 10.100.16.250, stratum 3","synchronized to <*>, stratum <*>",Thunderbird,Unseen,"synchronized to <*>, stratum <*>",0.8670530319213867
Received SNMP packet(s) from #34#,Received SNMP packet(s) from #<*>#,Thunderbird,Unseen,Received SNMP packet(s) from <*>,0.8052577972412109
"synchronized to 10.100.30.250, stratum 3","synchronized to <*>, stratum <*>",Thunderbird,Unseen,"synchronized to <*>, stratum <*>",0.892336368560791
"synchronized to 10.100.20.250, stratum 3","synchronized to <*>, stratum <*>",Thunderbird,Unseen,"synchronized to <*>, stratum <*>",0.8639070987701416
"synchronized to 10.100.28.250, stratum 3","synchronized to <*>, stratum <*>",Thunderbird,Unseen,"synchronized to <*>, stratum <*>",0.8648626804351807
"synchronized to 10.100.22.250, stratum 3","synchronized to <*>, stratum <*>",Thunderbird,Unseen,"synchronized to <*>, stratum <*>",0.8917922973632812
"synchronized to 10.100.18.250, stratum 3","synchronized to <*>, stratum <*>",Thunderbird,Unseen,"synchronized to <*>, stratum <*>",0.9178552627563477
"synchronized to 10.100.28.250, stratum 3","synchronized to <*>, stratum <*>",Thunderbird,Unseen,"synchronized to <*>, stratum <*>",0.8828744888305664
"synchronized to 10.100.20.250, stratum 3","synchronized to <*>, stratum <*>",Thunderbird,Unseen,"synchronized to <*>, stratum <*>",0.8847718238830566
"synchronized to 10.100.20.250, stratum 3","synchronized to <*>, stratum <*>",Thunderbird,Unseen,"synchronized to <*>, stratum <*>",0.8588969707489014
"synchronized to 10.100.22.250, stratum 3","synchronized to <*>, stratum <*>",Thunderbird,Unseen,"synchronized to <*>, stratum <*>",0.883258581161499
"synchronized to 10.100.20.250, stratum 3","synchronized to <*>, stratum <*>",Thunderbird,Unseen,"synchronized to <*>, stratum <*>",0.8556106090545654
"synchronized to 10.100.20.250, stratum 3","synchronized to <*>, stratum <*>",Thunderbird,Unseen,"synchronized to <*>, stratum <*>",0.8662045001983643
"synchronized to 10.100.22.250, stratum 3","synchronized to <*>, stratum <*>",Thunderbird,Unseen,"synchronized to <*>, stratum <*>",0.8538808822631836
"synchronized to 10.100.28.250, stratum 3","synchronized to <*>, stratum <*>",Thunderbird,Unseen,"synchronized to <*>, stratum <*>",0.8584251403808594
"synchronized to 10.100.18.250, stratum 3","synchronized to <*>, stratum <*>",Thunderbird,Unseen,"synchronized to <*>, stratum <*>",0.8634190559387207
"synchronized to 10.100.20.250, stratum 3","synchronized to <*>, stratum <*>",Thunderbird,Unseen,"synchronized to <*>, stratum <*>",0.85184645652771
"synchronized to 10.100.20.250, stratum 3","synchronized to <*>, stratum <*>",Thunderbird,Unseen,"synchronized to <*>, stratum <*>",0.8697059154510498
"synchronized to 10.100.22.250, stratum 3","synchronized to <*>, stratum <*>",Thunderbird,Unseen,"synchronized to <*>, stratum <*>",0.856757640838623
"synchronized to 10.100.20.250, stratum 3","synchronized to <*>, stratum <*>",Thunderbird,Unseen,"synchronized to <*>, stratum <*>",0.8571860790252686
"synchronized to 10.100.28.250, stratum 3","synchronized to <*>, stratum <*>",Thunderbird,Unseen,"synchronized to <*>, stratum <*>",0.8512635231018066
"synchronized to 10.100.12.250, stratum 3","synchronized to <*>, stratum <*>",Thunderbird,Unseen,"synchronized to <*>, stratum <*>",0.8734114170074463
"synchronized to 10.100.18.250, stratum 3","synchronized to <*>, stratum <*>",Thunderbird,Unseen,"synchronized to <*>, stratum <*>",0.8616852760314941
"synchronized to 10.100.28.250, stratum 3","synchronized to <*>, stratum <*>",Thunderbird,Unseen,"synchronized to <*>, stratum <*>",0.8566703796386719
"synchronized to 10.100.20.250, stratum 3","synchronized to <*>, stratum <*>",Thunderbird,Unseen,"synchronized to <*>, stratum <*>",0.864142656326294
"synchronized to 10.100.20.250, stratum 3","synchronized to <*>, stratum <*>",Thunderbird,Unseen,"synchronized to <*>, stratum <*>",0.8827171325683594
"synchronized to 10.100.28.250, stratum 3","synchronized to <*>, stratum <*>",Thunderbird,Unseen,"synchronized to <*>, stratum <*>",0.8593614101409912
"synchronized to 10.100.20.250, stratum 3","synchronized to <*>, stratum <*>",Thunderbird,Unseen,"synchronized to <*>, stratum <*>",0.8512670993804932
"synchronized to 10.100.22.250, stratum 3","synchronized to <*>, stratum <*>",Thunderbird,Unseen,"synchronized to <*>, stratum <*>",0.8825321197509766
"synchronized to 10.100.22.250, stratum 3","synchronized to <*>, stratum <*>",Thunderbird,Unseen,"synchronized to <*>, stratum <*>",0.861980676651001
"synchronized to 10.100.20.250, stratum 3","synchronized to <*>, stratum <*>",Thunderbird,Unseen,"synchronized to <*>, stratum <*>",0.8595554828643799
"synchronized to 10.100.22.250, stratum 3","synchronized to <*>, stratum <*>",Thunderbird,Unseen,"synchronized to <*>, stratum <*>",0.861253023147583
"synchronized to 10.100.16.250, stratum 3","synchronized to <*>, stratum <*>",Thunderbird,Unseen,"synchronized to <*>, stratum <*>",0.8595807552337646
"synchronized to 10.100.18.250, stratum 3","synchronized to <*>, stratum <*>",Thunderbird,Unseen,"synchronized to <*>, stratum <*>",0.8576076030731201
"synchronized to 10.100.20.250, stratum 3","synchronized to <*>, stratum <*>",Thunderbird,Unseen,"synchronized to <*>, stratum <*>",0.8749563694000244
"synchronized to 10.100.18.250, stratum 3","synchronized to <*>, stratum <*>",Thunderbird,Unseen,"synchronized to <*>, stratum <*>",0.8601081371307373
"synchronized to 10.100.16.250, stratum 3","synchronized to <*>, stratum <*>",Thunderbird,Unseen,"synchronized to <*>, stratum <*>",0.8641879558563232
"synchronized to 10.100.20.250, stratum 3","synchronized to <*>, stratum <*>",Thunderbird,Unseen,"synchronized to <*>, stratum <*>",0.8697388172149658
"synchronized to 10.100.16.250, stratum 3","synchronized to <*>, stratum <*>",Thunderbird,Unseen,"synchronized to <*>, stratum <*>",0.8653783798217773
"synchronized to 10.100.20.250, stratum 3","synchronized to <*>, stratum <*>",Thunderbird,Unseen,"synchronized to <*>, stratum <*>",0.8674759864807129
"synchronized to 10.100.20.250, stratum 3","synchronized to <*>, stratum <*>",Thunderbird,Unseen,"synchronized to <*>, stratum <*>",0.8742952346801758
"synchronized to 10.100.26.250, stratum 3","synchronized to <*>, stratum <*>",Thunderbird,Unseen,"synchronized to <*>, stratum <*>",0.8579485416412354
"synchronized to 10.100.22.250, stratum 3","synchronized to <*>, stratum <*>",Thunderbird,Unseen,"synchronized to <*>, stratum <*>",0.8581559658050537
"synchronized to 10.100.18.250, stratum 3","synchronized to <*>, stratum <*>",Thunderbird,Unseen,"synchronized to <*>, stratum <*>",0.8779964447021484
"synchronized to 10.100.20.250, stratum 3","synchronized to <*>, stratum <*>",Thunderbird,Unseen,"synchronized to <*>, stratum <*>",0.8604400157928467
"synchronized to 10.100.20.250, stratum 3","synchronized to <*>, stratum <*>",Thunderbird,Unseen,"synchronized to <*>, stratum <*>",0.8625762462615967
"synchronized to 10.100.20.250, stratum 3","synchronized to <*>, stratum <*>",Thunderbird,Unseen,"synchronized to <*>, stratum <*>",0.8583922386169434
"synchronized to 10.100.20.250, stratum 3","synchronized to <*>, stratum <*>",Thunderbird,Unseen,"synchronized to <*>, stratum <*>",0.8561482429504395
"synchronized to 10.100.16.250, stratum 3","synchronized to <*>, stratum <*>",Thunderbird,Unseen,"synchronized to <*>, stratum <*>",0.8637712001800537
"synchronized to 10.100.20.250, stratum 3","synchronized to <*>, stratum <*>",Thunderbird,Unseen,"synchronized to <*>, stratum <*>",0.8591117858886719
"synchronized to 10.100.16.250, stratum 3","synchronized to <*>, stratum <*>",Thunderbird,Unseen,"synchronized to <*>, stratum <*>",0.8651223182678223
"synchronized to 10.100.18.250, stratum 3","synchronized to <*>, stratum <*>",Thunderbird,Unseen,"synchronized to <*>, stratum <*>",0.8683760166168213
"synchronized to 10.100.26.250, stratum 3","synchronized to <*>, stratum <*>",Thunderbird,Unseen,"synchronized to <*>, stratum <*>",0.8884916305541992
"synchronized to 10.100.22.250, stratum 3","synchronized to <*>, stratum <*>",Thunderbird,Unseen,"synchronized to <*>, stratum <*>",0.8662979602813721
"synchronized to 10.100.24.250, stratum 3","synchronized to <*>, stratum <*>",Thunderbird,Unseen,"synchronized to <*>, stratum <*>",0.8584718704223633
"synchronized to 10.100.20.250, stratum 3","synchronized to <*>, stratum <*>",Thunderbird,Unseen,"synchronized to <*>, stratum <*>",0.8597593307495117
"synchronized to 10.100.20.250, stratum 3","synchronized to <*>, stratum <*>",Thunderbird,Unseen,"synchronized to <*>, stratum <*>",0.8614299297332764
"synchronized to 10.100.22.250, stratum 3","synchronized to <*>, stratum <*>",Thunderbird,Unseen,"synchronized to <*>, stratum <*>",0.8549497127532959
"synchronized to 10.100.22.250, stratum 3","synchronized to <*>, stratum <*>",Thunderbird,Unseen,"synchronized to <*>, stratum <*>",0.8555071353912354
"synchronized to 10.100.22.250, stratum 3","synchronized to <*>, stratum <*>",Thunderbird,Unseen,"synchronized to <*>, stratum <*>",0.8586368560791016
"synchronized to 10.100.12.250, stratum 3","synchronized to <*>, stratum <*>",Thunderbird,Unseen,"synchronized to <*>, stratum <*>",0.8492898941040039
"synchronized to 10.100.16.250, stratum 3","synchronized to <*>, stratum <*>",Thunderbird,Unseen,"synchronized to <*>, stratum <*>",0.8428685665130615
"synchronized to 10.100.22.250, stratum 3","synchronized to <*>, stratum <*>",Thunderbird,Unseen,"synchronized to <*>, stratum <*>",0.8572511672973633
"synchronized to 10.100.22.250, stratum 3","synchronized to <*>, stratum <*>",Thunderbird,Unseen,"synchronized to <*>, stratum <*>",0.872443675994873
"synchronized to 10.100.20.250, stratum 3","synchronized to <*>, stratum <*>",Thunderbird,Unseen,"synchronized to <*>, stratum <*>",0.8765499591827393
"synchronized to 10.100.20.250, stratum 3","synchronized to <*>, stratum <*>",Thunderbird,Unseen,"synchronized to <*>, stratum <*>",0.8808596134185791
"synchronized to 10.100.24.250, stratum 3","synchronized to <*>, stratum <*>",Thunderbird,Unseen,"synchronized to <*>, stratum <*>",0.8653500080108643
"synchronized to 10.100.18.250, stratum 3","synchronized to <*>, stratum <*>",Thunderbird,Unseen,"synchronized to <*>, stratum <*>",0.8685526847839355
"synchronized to 10.100.20.250, stratum 3","synchronized to <*>, stratum <*>",Thunderbird,Unseen,"synchronized to <*>, stratum <*>",0.8577530384063721
"synchronized to 10.100.20.250, stratum 3","synchronized to <*>, stratum <*>",Thunderbird,Unseen,"synchronized to <*>, stratum <*>",0.8611929416656494
"synchronized to 10.100.16.250, stratum 3","synchronized to <*>, stratum <*>",Thunderbird,Unseen,"synchronized to <*>, stratum <*>",0.8602516651153564
"synchronized to 10.100.18.250, stratum 3","synchronized to <*>, stratum <*>",Thunderbird,Unseen,"synchronized to <*>, stratum <*>",0.8703956604003906
"synchronized to 10.100.14.250, stratum 3","synchronized to <*>, stratum <*>",Thunderbird,Unseen,"synchronized to <*>, stratum <*>",0.861708402633667
"synchronized to 10.100.20.250, stratum 3","synchronized to <*>, stratum <*>",Thunderbird,Unseen,"synchronized to <*>, stratum <*>",0.8888795375823975
"synchronized to 10.100.20.250, stratum 3","synchronized to <*>, stratum <*>",Thunderbird,Unseen,"synchronized to <*>, stratum <*>",0.862729549407959
"synchronized to 10.100.20.250, stratum 3","synchronized to <*>, stratum <*>",Thunderbird,Unseen,"synchronized to <*>, stratum <*>",0.8635632991790771
"synchronized to 10.100.12.250, stratum 3","synchronized to <*>, stratum <*>",Thunderbird,Unseen,"synchronized to <*>, stratum <*>",0.8554847240447998
"synchronized to 10.100.22.250, stratum 3","synchronized to <*>, stratum <*>",Thunderbird,Unseen,"synchronized to <*>, stratum <*>",0.8607044219970703
"synchronized to 10.100.20.250, stratum 3","synchronized to <*>, stratum <*>",Thunderbird,Unseen,"synchronized to <*>, stratum <*>",0.8664889335632324
"synchronized to 10.100.20.250, stratum 3","synchronized to <*>, stratum <*>",Thunderbird,Unseen,"synchronized to <*>, stratum <*>",0.863386869430542
"synchronized to 10.100.22.250, stratum 3","synchronized to <*>, stratum <*>",Thunderbird,Unseen,"synchronized to <*>, stratum <*>",0.8922338485717773
"synchronized to 10.100.20.250, stratum 3","synchronized to <*>, stratum <*>",Thunderbird,Unseen,"synchronized to <*>, stratum <*>",0.85516357421875
"synchronized to 10.100.18.250, stratum 3","synchronized to <*>, stratum <*>",Thunderbird,Unseen,"synchronized to <*>, stratum <*>",0.8579425811767578
"synchronized to 10.100.18.250, stratum 3","synchronized to <*>, stratum <*>",Thunderbird,Unseen,"synchronized to <*>, stratum <*>",0.8638331890106201
"synchronized to 10.100.22.250, stratum 3","synchronized to <*>, stratum <*>",Thunderbird,Unseen,"synchronized to <*>, stratum <*>",0.8563885688781738
"synchronized to 10.100.10.250, stratum 3","synchronized to <*>, stratum <*>",Thunderbird,Unseen,"synchronized to <*>, stratum <*>",0.8716766834259033
"synchronized to 10.100.18.250, stratum 3","synchronized to <*>, stratum <*>",Thunderbird,Unseen,"synchronized to <*>, stratum <*>",0.8606469631195068
"synchronized to 10.100.20.250, stratum 3","synchronized to <*>, stratum <*>",Thunderbird,Unseen,"synchronized to <*>, stratum <*>",0.8581411838531494
"synchronized to 10.100.18.250, stratum 3","synchronized to <*>, stratum <*>",Thunderbird,Unseen,"synchronized to <*>, stratum <*>",0.866438627243042
"synchronized to 10.100.22.250, stratum 3","synchronized to <*>, stratum <*>",Thunderbird,Unseen,"synchronized to <*>, stratum <*>",0.8592863082885742
"synchronized to 10.100.20.250, stratum 3","synchronized to <*>, stratum <*>",Thunderbird,Unseen,"synchronized to <*>, stratum <*>",0.8742251396179199
"synchronized to 10.100.22.250, stratum 3","synchronized to <*>, stratum <*>",Thunderbird,Unseen,"synchronized to <*>, stratum <*>",0.8633651733398438
"synchronized to 10.100.16.250, stratum 3","synchronized to <*>, stratum <*>",Thunderbird,Unseen,"synchronized to <*>, stratum <*>",0.8464741706848145
"synchronized to 10.100.20.250, stratum 3","synchronized to <*>, stratum <*>",Thunderbird,Unseen,"synchronized to <*>, stratum <*>",0.8525769710540771
"synchronized to 10.100.22.250, stratum 3","synchronized to <*>, stratum <*>",Thunderbird,Unseen,"synchronized to <*>, stratum <*>",0.8595004081726074
"synchronized to 10.100.22.250, stratum 3","synchronized to <*>, stratum <*>",Thunderbird,Unseen,"synchronized to <*>, stratum <*>",0.858898401260376
"synchronized to 10.100.20.250, stratum 3","synchronized to <*>, stratum <*>",Thunderbird,Unseen,"synchronized to <*>, stratum <*>",0.8592529296875
"synchronized to 10.100.20.250, stratum 3","synchronized to <*>, stratum <*>",Thunderbird,Unseen,"synchronized to <*>, stratum <*>",0.8758034706115723
"synchronized to 10.100.26.250, stratum 3","synchronized to <*>, stratum <*>",Thunderbird,Unseen,"synchronized to <*>, stratum <*>",0.8531484603881836
"synchronized to 10.100.22.250, stratum 3","synchronized to <*>, stratum <*>",Thunderbird,Unseen,"synchronized to <*>, stratum <*>",0.8747310638427734
"synchronized to 10.100.22.250, stratum 3","synchronized to <*>, stratum <*>",Thunderbird,Unseen,"synchronized to <*>, stratum <*>",0.8559131622314453
"synchronized to 10.100.18.250, stratum 3","synchronized to <*>, stratum <*>",Thunderbird,Unseen,"synchronized to <*>, stratum <*>",0.8621716499328613
"synchronized to 10.100.16.250, stratum 3","synchronized to <*>, stratum <*>",Thunderbird,Unseen,"synchronized to <*>, stratum <*>",0.8532371520996094
"synchronized to 10.100.22.250, stratum 3","synchronized to <*>, stratum <*>",Thunderbird,Unseen,"synchronized to <*>, stratum <*>",0.8639640808105469
"synchronized to 10.100.22.250, stratum 3","synchronized to <*>, stratum <*>",Thunderbird,Unseen,"synchronized to <*>, stratum <*>",0.8628983497619629
"synchronized to 10.100.10.250, stratum 3","synchronized to <*>, stratum <*>",Thunderbird,Unseen,"synchronized to <*>, stratum <*>",0.8500471115112305
"synchronized to 10.100.18.250, stratum 3","synchronized to <*>, stratum <*>",Thunderbird,Unseen,"synchronized to <*>, stratum <*>",0.8613245487213135
"synchronized to 10.100.20.250, stratum 3","synchronized to <*>, stratum <*>",Thunderbird,Unseen,"synchronized to <*>, stratum <*>",0.8473184108734131
"synchronized to 10.100.22.250, stratum 3","synchronized to <*>, stratum <*>",Thunderbird,Unseen,"synchronized to <*>, stratum <*>",0.8625340461730957
"synchronized to 10.100.20.250, stratum 3","synchronized to <*>, stratum <*>",Thunderbird,Unseen,"synchronized to <*>, stratum <*>",0.8588016033172607
"synchronized to 10.100.20.250, stratum 3","synchronized to <*>, stratum <*>",Thunderbird,Unseen,"synchronized to <*>, stratum <*>",0.8589961528778076
"synchronized to 10.100.20.250, stratum 3","synchronized to <*>, stratum <*>",Thunderbird,Unseen,"synchronized to <*>, stratum <*>",0.8562145233154297
"synchronized to 10.100.26.250, stratum 3","synchronized to <*>, stratum <*>",Thunderbird,Unseen,"synchronized to <*>, stratum <*>",0.8593895435333252
"synchronized to 10.100.20.250, stratum 3","synchronized to <*>, stratum <*>",Thunderbird,Unseen,"synchronized to <*>, stratum <*>",0.8579950332641602
"synchronized to 10.100.20.250, stratum 3","synchronized to <*>, stratum <*>",Thunderbird,Unseen,"synchronized to <*>, stratum <*>",0.8573517799377441
"synchronized to 10.100.20.250, stratum 3","synchronized to <*>, stratum <*>",Thunderbird,Unseen,"synchronized to <*>, stratum <*>",0.9041759967803955
"synchronized to 10.100.22.250, stratum 3","synchronized to <*>, stratum <*>",Thunderbird,Unseen,"synchronized to <*>, stratum <*>",0.871666431427002
"synchronized to 10.100.18.250, stratum 3","synchronized to <*>, stratum <*>",Thunderbird,Unseen,"synchronized to <*>, stratum <*>",0.8634846210479736
"synchronized to 10.100.20.250, stratum 3","synchronized to <*>, stratum <*>",Thunderbird,Unseen,"synchronized to <*>, stratum <*>",0.8733546733856201
"synchronized to 10.100.18.250, stratum 3","synchronized to <*>, stratum <*>",Thunderbird,Unseen,"synchronized to <*>, stratum <*>",0.872227668762207
"synchronized to 10.100.16.250, stratum 3","synchronized to <*>, stratum <*>",Thunderbird,Unseen,"synchronized to <*>, stratum <*>",0.8574259281158447
"synchronized to 10.100.16.250, stratum 3","synchronized to <*>, stratum <*>",Thunderbird,Unseen,"synchronized to <*>, stratum <*>",0.8654823303222656
"synchronized to 10.100.18.250, stratum 3","synchronized to <*>, stratum <*>",Thunderbird,Unseen,"synchronized to <*>, stratum <*>",0.861910343170166
"synchronized to 10.100.28.250, stratum 3","synchronized to <*>, stratum <*>",Thunderbird,Unseen,"synchronized to <*>, stratum <*>",0.8572163581848145
"synchronized to 10.100.18.250, stratum 3","synchronized to <*>, stratum <*>",Thunderbird,Unseen,"synchronized to <*>, stratum <*>",0.8580377101898193
"synchronized to 10.100.22.250, stratum 3","synchronized to <*>, stratum <*>",Thunderbird,Unseen,"synchronized to <*>, stratum <*>",0.8595075607299805
"synchronized to 10.100.16.250, stratum 3","synchronized to <*>, stratum <*>",Thunderbird,Unseen,"synchronized to <*>, stratum <*>",0.8535802364349365
"synchronized to 10.100.20.250, stratum 3","synchronized to <*>, stratum <*>",Thunderbird,Unseen,"synchronized to <*>, stratum <*>",0.8670883178710938
"synchronized to 10.100.22.250, stratum 3","synchronized to <*>, stratum <*>",Thunderbird,Unseen,"synchronized to <*>, stratum <*>",0.854865312576294
"synchronized to 10.100.16.250, stratum 3","synchronized to <*>, stratum <*>",Thunderbird,Unseen,"synchronized to <*>, stratum <*>",0.8609492778778076
"synchronized to 10.100.14.250, stratum 3","synchronized to <*>, stratum <*>",Thunderbird,Unseen,"synchronized to <*>, stratum <*>",0.859825849533081
"synchronized to 10.100.18.250, stratum 3","synchronized to <*>, stratum <*>",Thunderbird,Unseen,"synchronized to <*>, stratum <*>",0.9007301330566406
"synchronized to 10.100.20.250, stratum 3","synchronized to <*>, stratum <*>",Thunderbird,Unseen,"synchronized to <*>, stratum <*>",0.8678774833679199
"synchronized to 10.100.18.250, stratum 3","synchronized to <*>, stratum <*>",Thunderbird,Unseen,"synchronized to <*>, stratum <*>",0.8591210842132568
"synchronized to 10.100.24.250, stratum 3","synchronized to <*>, stratum <*>",Thunderbird,Unseen,"synchronized to <*>, stratum <*>",0.8630738258361816
"synchronized to 10.100.16.250, stratum 3","synchronized to <*>, stratum <*>",Thunderbird,Unseen,"synchronized to <*>, stratum <*>",0.8892223834991455
"synchronized to 10.100.28.250, stratum 3","synchronized to <*>, stratum <*>",Thunderbird,Unseen,"synchronized to <*>, stratum <*>",0.863882303237915
"synchronized to 10.100.18.250, stratum 3","synchronized to <*>, stratum <*>",Thunderbird,Unseen,"synchronized to <*>, stratum <*>",0.859412431716919
"synchronized to 10.100.22.250, stratum 3","synchronized to <*>, stratum <*>",Thunderbird,Unseen,"synchronized to <*>, stratum <*>",0.8869328498840332
"synchronized to 10.100.16.250, stratum 3","synchronized to <*>, stratum <*>",Thunderbird,Unseen,"synchronized to <*>, stratum <*>",0.8784246444702148
"synchronized to 10.100.20.250, stratum 3","synchronized to <*>, stratum <*>",Thunderbird,Unseen,"synchronized to <*>, stratum <*>",0.8537628650665283
"synchronized to 10.100.22.250, stratum 3","synchronized to <*>, stratum <*>",Thunderbird,Unseen,"synchronized to <*>, stratum <*>",0.8758289813995361
"synchronized to 10.100.20.250, stratum 3","synchronized to <*>, stratum <*>",Thunderbird,Unseen,"synchronized to <*>, stratum <*>",0.8659994602203369
"synchronized to 10.100.22.250, stratum 3","synchronized to <*>, stratum <*>",Thunderbird,Unseen,"synchronized to <*>, stratum <*>",0.86822509765625
"synchronized to 10.100.20.250, stratum 3","synchronized to <*>, stratum <*>",Thunderbird,Unseen,"synchronized to <*>, stratum <*>",0.8818874359130859
"synchronized to 10.100.16.250, stratum 3","synchronized to <*>, stratum <*>",Thunderbird,Unseen,"synchronized to <*>, stratum <*>",0.8769996166229248
"synchronized to 10.100.18.250, stratum 3","synchronized to <*>, stratum <*>",Thunderbird,Unseen,"synchronized to <*>, stratum <*>",0.8513035774230957
"synchronized to 10.100.22.250, stratum 3","synchronized to <*>, stratum <*>",Thunderbird,Unseen,"synchronized to <*>, stratum <*>",0.866023063659668
"synchronized to LOCAL(0), stratum 10","synchronized to <*>, stratum <*>",Thunderbird,Unseen,"synchronized to LOCAL(<*>), stratum <*>",1.0427639484405518
"synchronized to 10.100.18.250, stratum 3","synchronized to <*>, stratum <*>",Thunderbird,Unseen,"synchronized to <*>, stratum <*>",0.8812079429626465
"synchronized to #3#, stratum 1","synchronized to <*>, stratum <*>",Thunderbird,Unseen,"synchronized to <*>, stratum <*>",0.863074541091919
"synchronized to 10.100.16.250, stratum 3","synchronized to <*>, stratum <*>",Thunderbird,Unseen,"synchronized to <*>, stratum <*>",0.870030403137207
"synchronized to 10.100.20.250, stratum 3","synchronized to <*>, stratum <*>",Thunderbird,Unseen,"synchronized to <*>, stratum <*>",0.868619441986084
"synchronized to 10.100.20.250, stratum 3","synchronized to <*>, stratum <*>",Thunderbird,Unseen,"synchronized to <*>, stratum <*>",0.8609824180603027
"synchronized to 10.100.20.250, stratum 3","synchronized to <*>, stratum <*>",Thunderbird,Unseen,"synchronized to <*>, stratum <*>",0.857231855392456
"synchronized to 10.100.18.250, stratum 3","synchronized to <*>, stratum <*>",Thunderbird,Unseen,"synchronized to <*>, stratum <*>",0.8627715110778809
"synchronized to 10.100.26.250, stratum 3","synchronized to <*>, stratum <*>",Thunderbird,Unseen,"synchronized to <*>, stratum <*>",0.8713493347167969
"synchronized to 10.100.18.250, stratum 3","synchronized to <*>, stratum <*>",Thunderbird,Unseen,"synchronized to <*>, stratum <*>",0.8716528415679932
"synchronized to 10.100.28.250, stratum 3","synchronized to <*>, stratum <*>",Thunderbird,Unseen,"synchronized to <*>, stratum <*>",0.8645155429840088
"synchronized to 10.100.22.250, stratum 3","synchronized to <*>, stratum <*>",Thunderbird,Unseen,"synchronized to <*>, stratum <*>",0.8611769676208496
"synchronized to 10.100.22.250, stratum 3","synchronized to <*>, stratum <*>",Thunderbird,Unseen,"synchronized to <*>, stratum <*>",0.8646144866943359
"synchronized to 10.100.20.250, stratum 3","synchronized to <*>, stratum <*>",Thunderbird,Unseen,"synchronized to <*>, stratum <*>",0.8816878795623779
"synchronized to 10.100.20.250, stratum 3","synchronized to <*>, stratum <*>",Thunderbird,Unseen,"synchronized to <*>, stratum <*>",0.8641214370727539
"synchronized to 10.100.24.250, stratum 3","synchronized to <*>, stratum <*>",Thunderbird,Unseen,"synchronized to <*>, stratum <*>",0.8655297756195068
"synchronized to 10.100.20.250, stratum 3","synchronized to <*>, stratum <*>",Thunderbird,Unseen,"synchronized to <*>, stratum <*>",0.8674685955047607
"synchronized to 10.100.16.250, stratum 3","synchronized to <*>, stratum <*>",Thunderbird,Unseen,"synchronized to <*>, stratum <*>",0.8662276268005371
"synchronized to 10.100.20.250, stratum 3","synchronized to <*>, stratum <*>",Thunderbird,Unseen,"synchronized to <*>, stratum <*>",0.8558754920959473
"synchronized to 10.100.20.250, stratum 3","synchronized to <*>, stratum <*>",Thunderbird,Unseen,"synchronized to <*>, stratum <*>",0.8480932712554932
"synchronized to 10.100.20.250, stratum 3","synchronized to <*>, stratum <*>",Thunderbird,Unseen,"synchronized to <*>, stratum <*>",0.8619089126586914
"synchronized to 10.100.20.250, stratum 3","synchronized to <*>, stratum <*>",Thunderbird,Unseen,"synchronized to <*>, stratum <*>",0.8737304210662842
"synchronized to 10.100.18.250, stratum 3","synchronized to <*>, stratum <*>",Thunderbird,Unseen,"synchronized to <*>, stratum <*>",0.8604161739349365
"synchronized to 10.100.20.250, stratum 3","synchronized to <*>, stratum <*>",Thunderbird,Unseen,"synchronized to <*>, stratum <*>",0.8994748592376709
"synchronized to 10.100.10.250, stratum 3","synchronized to <*>, stratum <*>",Thunderbird,Unseen,"synchronized to <*>, stratum <*>",0.8753576278686523
"synchronized to 10.100.20.250, stratum 3","synchronized to <*>, stratum <*>",Thunderbird,Unseen,"synchronized to <*>, stratum <*>",0.8673326969146729
"synchronized to 10.100.18.250, stratum 3","synchronized to <*>, stratum <*>",Thunderbird,Unseen,"synchronized to <*>, stratum <*>",0.8578083515167236
"synchronized to 10.100.26.250, stratum 3","synchronized to <*>, stratum <*>",Thunderbird,Unseen,"synchronized to <*>, stratum <*>",0.8577876091003418
"synchronized to 10.100.20.250, stratum 3","synchronized to <*>, stratum <*>",Thunderbird,Unseen,"synchronized to <*>, stratum <*>",0.8679840564727783
"synchronized to 10.100.16.250, stratum 3","synchronized to <*>, stratum <*>",Thunderbird,Unseen,"synchronized to <*>, stratum <*>",0.8733992576599121
"synchronized to 10.100.20.250, stratum 3","synchronized to <*>, stratum <*>",Thunderbird,Unseen,"synchronized to <*>, stratum <*>",0.8647787570953369
"synchronized to 10.100.10.250, stratum 3","synchronized to <*>, stratum <*>",Thunderbird,Unseen,"synchronized to <*>, stratum <*>",0.8712353706359863
"synchronized to 10.100.16.250, stratum 3","synchronized to <*>, stratum <*>",Thunderbird,Unseen,"synchronized to <*>, stratum <*>",0.8612029552459717
"synchronized to 10.100.20.250, stratum 3","synchronized to <*>, stratum <*>",Thunderbird,Unseen,"synchronized to <*>, stratum <*>",0.8615667819976807
"synchronized to 10.100.28.250, stratum 3","synchronized to <*>, stratum <*>",Thunderbird,Unseen,"synchronized to <*>, stratum <*>",0.8659853935241699
"synchronized to 10.100.28.250, stratum 3","synchronized to <*>, stratum <*>",Thunderbird,Unseen,"synchronized to <*>, stratum <*>",0.8607673645019531
"synchronized to 10.100.26.250, stratum 3","synchronized to <*>, stratum <*>",Thunderbird,Unseen,"synchronized to <*>, stratum <*>",0.8666656017303467
"synchronized to 10.100.16.250, stratum 3","synchronized to <*>, stratum <*>",Thunderbird,Unseen,"synchronized to <*>, stratum <*>",0.8531343936920166
"synchronized to 10.100.20.250, stratum 3","synchronized to <*>, stratum <*>",Thunderbird,Unseen,"synchronized to <*>, stratum <*>",0.880234956741333
"synchronized to 10.100.26.250, stratum 3","synchronized to <*>, stratum <*>",Thunderbird,Unseen,"synchronized to <*>, stratum <*>",0.8601508140563965
"synchronized to 10.100.20.250, stratum 3","synchronized to <*>, stratum <*>",Thunderbird,Unseen,"synchronized to <*>, stratum <*>",0.8599624633789062
"synchronized to 10.100.16.250, stratum 3","synchronized to <*>, stratum <*>",Thunderbird,Unseen,"synchronized to <*>, stratum <*>",0.8662559986114502
"synchronized to 10.100.16.250, stratum 3","synchronized to <*>, stratum <*>",Thunderbird,Unseen,"synchronized to <*>, stratum <*>",0.8618156909942627
"synchronized to 10.100.20.250, stratum 3","synchronized to <*>, stratum <*>",Thunderbird,Unseen,"synchronized to <*>, stratum <*>",0.8769674301147461
"synchronized to 10.100.20.250, stratum 3","synchronized to <*>, stratum <*>",Thunderbird,Unseen,"synchronized to <*>, stratum <*>",0.8545711040496826
"synchronized to 10.100.28.250, stratum 3","synchronized to <*>, stratum <*>",Thunderbird,Unseen,"synchronized to <*>, stratum <*>",0.8719990253448486
"synchronized to 10.100.20.250, stratum 3","synchronized to <*>, stratum <*>",Thunderbird,Unseen,"synchronized to <*>, stratum <*>",0.8663029670715332
"synchronized to 10.100.24.250, stratum 3","synchronized to <*>, stratum <*>",Thunderbird,Unseen,"synchronized to <*>, stratum <*>",0.8585138320922852
"synchronized to 10.100.14.250, stratum 3","synchronized to <*>, stratum <*>",Thunderbird,Unseen,"synchronized to <*>, stratum <*>",0.8578264713287354
"synchronized to 10.100.18.250, stratum 3","synchronized to <*>, stratum <*>",Thunderbird,Unseen,"synchronized to <*>, stratum <*>",0.87152099609375
"synchronized to 10.100.22.250, stratum 3","synchronized to <*>, stratum <*>",Thunderbird,Unseen,"synchronized to <*>, stratum <*>",0.8608016967773438
"synchronized to 10.100.10.250, stratum 3","synchronized to <*>, stratum <*>",Thunderbird,Unseen,"synchronized to <*>, stratum <*>",0.8747236728668213
"synchronized to 10.100.18.250, stratum 3","synchronized to <*>, stratum <*>",Thunderbird,Unseen,"synchronized to <*>, stratum <*>",0.868260383605957
"synchronized to 10.100.18.250, stratum 3","synchronized to <*>, stratum <*>",Thunderbird,Unseen,"synchronized to <*>, stratum <*>",0.8596501350402832
"synchronized to 10.100.16.250, stratum 3","synchronized to <*>, stratum <*>",Thunderbird,Unseen,"synchronized to <*>, stratum <*>",0.8630900382995605
"synchronized to 10.100.18.250, stratum 3","synchronized to <*>, stratum <*>",Thunderbird,Unseen,"synchronized to <*>, stratum <*>",0.8646762371063232
session opened for user root by (uid=0),session opened for user <*> by (uid=<*>),Thunderbird,Unseen,session opened for user <*> by (uid=<*>),0.9840583801269531
session opened for user root by (uid=0),session opened for user <*> by (uid=<*>),Thunderbird,Unseen,session opened for user <*> by (uid=<*>),0.9840226173400879
session opened for user root by (uid=0),session opened for user <*> by (uid=<*>),Thunderbird,Unseen,session opened for user <*> by (uid=<*>),0.9865479469299316
session opened for user root by (uid=0),session opened for user <*> by (uid=<*>),Thunderbird,Unseen,session opened for user <*> by (uid=<*>),0.9786219596862793
session opened for user root by (uid=0),session opened for user <*> by (uid=<*>),Thunderbird,Unseen,session opened for user <*> by (uid=<*>),0.9849145412445068
"synchronized to 10.100.16.250, stratum 3","synchronized to <*>, stratum <*>",Thunderbird,Unseen,"synchronized to <*>, stratum <*>",0.8743414878845215
"synchronized to 10.100.28.250, stratum 3","synchronized to <*>, stratum <*>",Thunderbird,Unseen,"synchronized to <*>, stratum <*>",0.8656737804412842
"synchronized to 10.100.20.250, stratum 3","synchronized to <*>, stratum <*>",Thunderbird,Unseen,"synchronized to <*>, stratum <*>",0.8869109153747559
"synchronized to 10.100.16.250, stratum 3","synchronized to <*>, stratum <*>",Thunderbird,Unseen,"synchronized to <*>, stratum <*>",0.8709084987640381
"synchronized to 10.100.20.250, stratum 3","synchronized to <*>, stratum <*>",Thunderbird,Unseen,"synchronized to <*>, stratum <*>",0.8924708366394043
"synchronized to 10.100.22.250, stratum 3","synchronized to <*>, stratum <*>",Thunderbird,Unseen,"synchronized to <*>, stratum <*>",0.8613467216491699
"synchronized to 10.100.20.250, stratum 3","synchronized to <*>, stratum <*>",Thunderbird,Unseen,"synchronized to <*>, stratum <*>",0.863776445388794
"synchronized to 10.100.16.250, stratum 3","synchronized to <*>, stratum <*>",Thunderbird,Unseen,"synchronized to <*>, stratum <*>",0.8575892448425293
"synchronized to 10.100.18.250, stratum 3","synchronized to <*>, stratum <*>",Thunderbird,Unseen,"synchronized to <*>, stratum <*>",0.8568224906921387
"synchronized to 10.100.20.250, stratum 3","synchronized to <*>, stratum <*>",Thunderbird,Unseen,"synchronized to <*>, stratum <*>",0.8609340190887451
"synchronized to 10.100.20.250, stratum 3","synchronized to <*>, stratum <*>",Thunderbird,Unseen,"synchronized to <*>, stratum <*>",0.872328519821167
"synchronized to 10.100.22.250, stratum 3","synchronized to <*>, stratum <*>",Thunderbird,Unseen,"synchronized to <*>, stratum <*>",0.857551097869873
"synchronized to 10.100.18.250, stratum 3","synchronized to <*>, stratum <*>",Thunderbird,Unseen,"synchronized to <*>, stratum <*>",0.8879575729370117
"synchronized to 10.100.16.250, stratum 3","synchronized to <*>, stratum <*>",Thunderbird,Unseen,"synchronized to <*>, stratum <*>",0.8893022537231445
"synchronized to 10.100.18.250, stratum 3","synchronized to <*>, stratum <*>",Thunderbird,Unseen,"synchronized to <*>, stratum <*>",0.8714902400970459
"synchronized to 10.100.18.250, stratum 3","synchronized to <*>, stratum <*>",Thunderbird,Unseen,"synchronized to <*>, stratum <*>",0.8610756397247314
"synchronized to 10.100.22.250, stratum 3","synchronized to <*>, stratum <*>",Thunderbird,Unseen,"synchronized to <*>, stratum <*>",0.8623557090759277
"synchronized to 10.100.24.250, stratum 3","synchronized to <*>, stratum <*>",Thunderbird,Unseen,"synchronized to <*>, stratum <*>",0.8601109981536865
My unqualified host name (eadmin1) unknown; sleeping for retry,My unqualified host name (<*>) unknown; sleeping for retry,Thunderbird,Unseen,My unqualified host name (<*>) unknown; sleeping for retry,1.111882209777832
My unqualified host name (aadmin1) unknown; sleeping for retry,My unqualified host name (<*>) unknown; sleeping for retry,Thunderbird,Unseen,My unqualified host name (<*>) unknown; sleeping for retry,1.1035106182098389
My unqualified host name (badmin1) unknown; sleeping for retry,My unqualified host name (<*>) unknown; sleeping for retry,Thunderbird,Unseen,My unqualified host name (<*>) unknown; sleeping for retry,1.101470708847046
"synchronized to 10.100.24.250, stratum 3","synchronized to <*>, stratum <*>",Thunderbird,Unseen,"synchronized to <*>, stratum <*>",0.8589491844177246
My unqualified host name (cadmin1) unknown; sleeping for retry,My unqualified host name (<*>) unknown; sleeping for retry,Thunderbird,Unseen,My unqualified host name (<*>) unknown; sleeping for retry,1.1008117198944092
"synchronized to 10.100.18.250, stratum 3","synchronized to <*>, stratum <*>",Thunderbird,Unseen,"synchronized to <*>, stratum <*>",0.8500018119812012
My unqualified host name (dadmin1) unknown; sleeping for retry,My unqualified host name (<*>) unknown; sleeping for retry,Thunderbird,Unseen,My unqualified host name (<*>) unknown; sleeping for retry,1.1233689785003662
"synchronized to 10.100.24.250, stratum 3","synchronized to <*>, stratum <*>",Thunderbird,Unseen,"synchronized to <*>, stratum <*>",0.8689301013946533
"synchronized to 10.100.20.250, stratum 3","synchronized to <*>, stratum <*>",Thunderbird,Unseen,"synchronized to <*>, stratum <*>",0.8658745288848877
"synchronized to 10.100.20.250, stratum 3","synchronized to <*>, stratum <*>",Thunderbird,Unseen,"synchronized to <*>, stratum <*>",0.8635668754577637
Interpreter enabled,Interpreter enabled,Thunderbird,Unseen,Interpreter enabled,0.37860536575317383
PCI Interrupt Link [LNKB] (IRQs 3 4 5 6 7 10 *11 12),PCI Interrupt Link [<*>] (IRQs <*> <*> <*> <*> <*> <*> <*> <*>),Thunderbird,Unseen,PCI Interrupt Link [LNKB] (IRQs <*> <*> <*> <*> <*> <*> <*> <*>),2.052746057510376
PCI Root Bridge [PCI0] (00:00),PCI <*> Bridge [PCI0] (<*>:<*>),Thunderbird,Unseen,PCI Root Bridge [<*>] (<*>),0.8619222640991211
"PCI interrupt 0000:00:02.0[A] -> GSI 16 (level, low) -> IRQ 169","PCI interrupt <*> -> GSI <*> (level, low) -> IRQ <*>",Thunderbird,Unseen,"PCI interrupt <*>[A] -> GSI <*> (level, low) -> IRQ <*>",1.5540902614593506
"PCI interrupt 0000:00:04.0[A] -> GSI 16 (level, low) -> IRQ 169","PCI interrupt <*> -> GSI <*> (level, low) -> IRQ <*>",Thunderbird,Unseen,"PCI interrupt <*>[A] -> GSI <*> (level, low) -> IRQ <*>",1.5384016036987305
"PCI interrupt 0000:00:05.0[A] -> GSI 16 (level, low) -> IRQ 169","PCI interrupt <*> -> GSI <*> (level, low) -> IRQ <*>",Thunderbird,Unseen,"PCI interrupt <*>[A] -> GSI <*> (level, low) -> IRQ <*>",1.5278353691101074
"PCI interrupt 0000:00:06.0[A] -> GSI 16 (level, low) -> IRQ 169","PCI interrupt <*> -> GSI <*> (level, low) -> IRQ <*>",Thunderbird,Unseen,"PCI interrupt <*>[A] -> GSI <*> (level, low) -> IRQ <*>",1.5846805572509766
"PCI interrupt 0000:02:0e.0[A] -> GSI 46 (level, low) -> IRQ 177","PCI interrupt <*> -> GSI <*> (level, low) -> IRQ <*>",Thunderbird,Unseen,"PCI interrupt <*>[A] -> GSI <*> (level, low) -> IRQ <*>",1.5616044998168945
"PCI interrupt 0000:02:0e.0[A] -> GSI 46 (level, low) -> IRQ 177","PCI interrupt <*> -> GSI <*> (level, low) -> IRQ <*>",Thunderbird,Unseen,"PCI interrupt <*>[A] -> GSI <*> (level, low) -> IRQ <*>",1.5609924793243408
"PCI interrupt 0000:06:07.0[A] -> GSI 64 (level, low) -> IRQ 185","PCI interrupt <*> -> GSI <*> (level, low) -> IRQ <*>",Thunderbird,Unseen,"PCI interrupt <*>[A] -> GSI <*> (level, low) -> IRQ <*>",1.5449907779693604
"PCI interrupt 0000:06:07.0[A] -> GSI 64 (level, low) -> IRQ 185","PCI interrupt <*> -> GSI <*> (level, low) -> IRQ <*>",Thunderbird,Unseen,"PCI interrupt <*>[A] -> GSI <*> (level, low) -> IRQ <*>",1.5644440650939941
"PCI interrupt 0000:07:08.0[A] -> GSI 65 (level, low) -> IRQ 193","PCI interrupt <*> -> GSI <*> (level, low) -> IRQ <*>",Thunderbird,Unseen,"PCI interrupt <*>[A] -> GSI <*> (level, low) -> IRQ <*>",1.5508067607879639
"PCI interrupt 0000:07:08.0[A] -> GSI 65 (level, low) -> IRQ 193","PCI interrupt <*> -> GSI <*> (level, low) -> IRQ <*>",Thunderbird,Unseen,"PCI interrupt <*>[A] -> GSI <*> (level, low) -> IRQ <*>",1.5472371578216553
"PCI interrupt 0000:09:0d.0[A] -> GSI 18 (level, low) -> IRQ 201","PCI interrupt <*> -> GSI <*> (level, low) -> IRQ <*>",Thunderbird,Unseen,"PCI interrupt <*>[A] -> GSI <*> (level, low) -> IRQ <*>",1.5632429122924805
"Trace cache: 12K uops, L1 D cache: 16K","Trace cache: <*> uops, L1 D cache: <*>",Thunderbird,Unseen,"Trace cache: <*> uops, L1 D cache: <*>",1.110905408859253
"Trace cache: 12K uops, L1 D cache: 16K","Trace cache: <*> uops, L1 D cache: <*>",Thunderbird,Unseen,"Trace cache: <*> uops, L1 D cache: <*>",1.1198465824127197
"Trace cache: 12K uops, L1 D cache: 16K","Trace cache: <*> uops, L1 D cache: <*>",Thunderbird,Unseen,"Trace cache: <*> uops, L1 D cache: <*>",1.1127748489379883
"Trace cache: 12K uops, L1 D cache: 16K","Trace cache: <*> uops, L1 D cache: <*>",Thunderbird,Unseen,"Trace cache: <*> uops, L1 D cache: <*>",1.1114399433135986
"Trace cache: 12K uops, L1 D cache: 16K","Trace cache: <*> uops, L1 D cache: <*>",Thunderbird,Unseen,"Trace cache: <*> uops, L1 D cache: <*>",1.1243317127227783
colour VGA+ 80x25,colour VGA+ <*>,Thunderbird,Unseen,colour VGA+ <*>,0.6162972450256348
"apic_id 8, version 32, address 0xfec00000, GSI 0-23","apic_id <*>, version <*>, address <*>, GSI <*>",Thunderbird,Unseen,"apic_id <*>, version <*>, address <*>, GSI <*>-<*>",1.5412919521331787
"apic_id 9, version 32, address 0xfec80000, GSI 32-55","apic_id <*>, version <*>, address <*>, GSI <*>",Thunderbird,Unseen,"apic_id <*>, version <*>, address <*>, GSI <*>-<*>",1.5588328838348389
"apic_id 10, version 32, address 0xfec83000, GSI 64-87","apic_id <*>, version <*>, address <*>, GSI <*>",Thunderbird,Unseen,"apic_id <*>, version <*>, address <*>, GSI <*>-<*>",1.5848400592803955
Using software bounce buffering for IO (SWIOTLB),Using software bounce buffering for IO (SWIOTLB),Thunderbird,Unseen,Using software bounce buffering for IO (SWIOTLB),1.1238713264465332
Transparent bridge - 0000:00:1e.0,Transparent bridge - <*>,Thunderbird,Unseen,Transparent bridge - <*>,0.5620937347412109
Disabled at runtime.,Disabled at runtime.,Thunderbird,Unseen,Disabled at runtime.,0.43709683418273926
4.1.0-ioctl (2003-12-10) initialised: #36#@#37#,<*>-ioctl (<*>) initialised: #<*>#@#<*>#,Thunderbird,Unseen,<*>(<*>) initialised: <*><*><*>,1.1309056282043457
eth0: e1000_probe: Intel(R) PRO/1000 Network Connection,<*>: <*>: Intel(R) PRO/<*> Network Connection,Thunderbird,Unseen,eth0: e1000_probe: Intel(R) PRO/<*> Network Connection,1.4762263298034668
eth1: e1000_probe: Intel(R) PRO/1000 Network Connection,<*>: <*>: Intel(R) PRO/<*> Network Connection,Thunderbird,Unseen,eth1: e1000_probe: Intel(R) PRO/<*> Network Connection,1.465219497680664
(C) 2000-2002 Netfilter core team,(C) <*>-<*> Netfilter core team,Thunderbird,Unseen,(C) <*>,0.49462318420410156
(C) 2000-2002 Netfilter core team,(C) <*>-<*> Netfilter core team,Thunderbird,Unseen,(C) <*>,0.4931352138519287
(C) 2000-2002 Netfilter core team,(C) <*>-<*> Netfilter core team,Thunderbird,Unseen,(C) <*>,0.5073821544647217
(C) 2000-2002 Netfilter core team,(C) <*>-<*> Netfilter core team,Thunderbird,Unseen,(C) <*>,0.4867362976074219
Installing public key data,Installing public key data,Thunderbird,Unseen,Installing public key data,0.4840068817138672
... autorun DONE.,... autorun DONE.,Thunderbird,Unseen,... autorun DONE.,0.5483248233795166
... autorun DONE.,... autorun DONE.,Thunderbird,Unseen,... autorun DONE.,0.5525600910186768
#38#-rh1 (Release Date: Fri Dec 10 19:02:14 EST 2004),<*> (Release Date: <*> <*>),Thunderbird,Unseen,#<*> (Release Date: Fri Dec <*> <*>:<*>:<*> EST <*>),1.7392313480377197
#39# (Release Date: Mon Sep 27 22:15:07 EDT 2004),<*> (Release Date: <*> <*>),Thunderbird,Unseen,#<*> (Release Date: <*>),0.8192501068115234
LSI Logic MegaRAID driver,LSI Logic MegaRAID driver,Thunderbird,Unseen,LSI Logic MegaRAID driver,0.7441096305847168
Registering secondary module capability,Registering secondary module capability,Thunderbird,Unseen,Registering secondary module capability,0.49051475524902344
Using HPET based timekeeping.,Using HPET based timekeeping.,Thunderbird,Unseen,Using HPET based timekeeping.,0.6700873374938965
"synchronized to 10.100.22.250, stratum 3","synchronized to <*>, stratum <*>",Thunderbird,Unseen,"synchronized to <*>, stratum <*>",0.8682730197906494
"synchronized to 10.100.18.250, stratum 3","synchronized to <*>, stratum <*>",Thunderbird,Unseen,"synchronized to <*>, stratum <*>",0.8641786575317383
"synchronized to 10.100.24.250, stratum 3","synchronized to <*>, stratum <*>",Thunderbird,Unseen,"synchronized to <*>, stratum <*>",0.860877275466919
"synchronized to 10.100.28.250, stratum 3","synchronized to <*>, stratum <*>",Thunderbird,Unseen,"synchronized to <*>, stratum <*>",0.8664047718048096
"synchronized to 10.100.20.250, stratum 3","synchronized to <*>, stratum <*>",Thunderbird,Unseen,"synchronized to <*>, stratum <*>",0.8700881004333496
"synchronized to 10.100.16.250, stratum 3","synchronized to <*>, stratum <*>",Thunderbird,Unseen,"synchronized to <*>, stratum <*>",0.8604733943939209
Warning: we failed to resolve trusted host name dadmin3 dadmin4,Warning: we failed to resolve trusted host name <*>,Thunderbird,Unseen,Warning: we failed to resolve trusted host name <*> <*>,0.9690735340118408
"synchronized to 10.100.10.250, stratum 3","synchronized to <*>, stratum <*>",Thunderbird,Unseen,"synchronized to <*>, stratum <*>",0.8537263870239258
"synchronized to 10.100.20.250, stratum 3","synchronized to <*>, stratum <*>",Thunderbird,Unseen,"synchronized to <*>, stratum <*>",0.8608064651489258
error: Bind to port 22 on 0.0.0.0 failed: Address already in use.,error: Bind to port <*> on <*> failed: Address already in use.,Thunderbird,Unseen,error: Bind to port <*> on <*> failed: Address already in use.,1.3099942207336426
"synchronized to 10.100.22.250, stratum 3","synchronized to <*>, stratum <*>",Thunderbird,Unseen,"synchronized to <*>, stratum <*>",0.8624734878540039
Changing permissions on special file /dev/logsurfer,Changing permissions on special file <*>,Thunderbird,Unseen,Changing permissions on special file <*>,0.6789078712463379
"synchronized to 10.100.16.250, stratum 3","synchronized to <*>, stratum <*>",Thunderbird,Unseen,"synchronized to <*>, stratum <*>",0.8644483089447021
"synchronized to 10.100.16.250, stratum 3","synchronized to <*>, stratum <*>",Thunderbird,Unseen,"synchronized to <*>, stratum <*>",0.8612871170043945
"synchronized to 10.100.30.250, stratum 3","synchronized to <*>, stratum <*>",Thunderbird,Unseen,"synchronized to <*>, stratum <*>",0.862525463104248
"synchronized to 10.100.20.250, stratum 3","synchronized to <*>, stratum <*>",Thunderbird,Unseen,"synchronized to <*>, stratum <*>",0.8612589836120605
xinetd startup succeeded,xinetd startup succeeded,Thunderbird,Unseen,xinetd startup succeeded,0.49187207221984863
Started working: 1 available service,Started working: <*> available service,Thunderbird,Unseen,Started working: <*> available service,0.6841216087341309
"synchronized to 10.100.18.250, stratum 3","synchronized to <*>, stratum <*>",Thunderbird,Unseen,"synchronized to <*>, stratum <*>",0.8522515296936035
"synchronized to 10.100.18.250, stratum 3","synchronized to <*>, stratum <*>",Thunderbird,Unseen,"synchronized to <*>, stratum <*>",0.8634152412414551
"synchronized to 10.100.22.250, stratum 3","synchronized to <*>, stratum <*>",Thunderbird,Unseen,"synchronized to <*>, stratum <*>",0.8548488616943359
"synchronized to 10.100.18.250, stratum 3","synchronized to <*>, stratum <*>",Thunderbird,Unseen,"synchronized to <*>, stratum <*>",0.8543944358825684
"synchronized to 10.100.22.250, stratum 3","synchronized to <*>, stratum <*>",Thunderbird,Unseen,"synchronized to <*>, stratum <*>",0.8670330047607422
"synchronized to 10.100.20.250, stratum 3","synchronized to <*>, stratum <*>",Thunderbird,Unseen,"synchronized to <*>, stratum <*>",0.8893227577209473
"synchronized to 10.100.26.250, stratum 3","synchronized to <*>, stratum <*>",Thunderbird,Unseen,"synchronized to <*>, stratum <*>",0.8804130554199219
"synchronized to 10.100.18.250, stratum 3","synchronized to <*>, stratum <*>",Thunderbird,Unseen,"synchronized to <*>, stratum <*>",0.8723647594451904
"synchronized to 10.100.20.250, stratum 3","synchronized to <*>, stratum <*>",Thunderbird,Unseen,"synchronized to <*>, stratum <*>",0.8714714050292969
"synchronized to 10.100.10.250, stratum 3","synchronized to <*>, stratum <*>",Thunderbird,Unseen,"synchronized to <*>, stratum <*>",0.8681459426879883
"synchronized to 10.100.8.250, stratum 3","synchronized to <*>, stratum <*>",Thunderbird,Unseen,"synchronized to <*>, stratum <*>",0.86663818359375
"synchronized to 10.100.16.250, stratum 3","synchronized to <*>, stratum <*>",Thunderbird,Unseen,"synchronized to <*>, stratum <*>",0.8573284149169922
"synchronized to 10.100.22.250, stratum 3","synchronized to <*>, stratum <*>",Thunderbird,Unseen,"synchronized to <*>, stratum <*>",0.8531627655029297
"synchronized to 10.100.20.250, stratum 3","synchronized to <*>, stratum <*>",Thunderbird,Unseen,"synchronized to <*>, stratum <*>",0.8587696552276611
"synchronized to 10.100.16.250, stratum 3","synchronized to <*>, stratum <*>",Thunderbird,Unseen,"synchronized to <*>, stratum <*>",0.8759291172027588
"synchronized to 10.100.20.250, stratum 3","synchronized to <*>, stratum <*>",Thunderbird,Unseen,"synchronized to <*>, stratum <*>",0.8696212768554688
"synchronized to 10.100.20.250, stratum 3","synchronized to <*>, stratum <*>",Thunderbird,Unseen,"synchronized to <*>, stratum <*>",0.855994462966919
"synchronized to 10.100.20.250, stratum 3","synchronized to <*>, stratum <*>",Thunderbird,Unseen,"synchronized to <*>, stratum <*>",0.8833799362182617
"synchronized to 10.100.20.250, stratum 3","synchronized to <*>, stratum <*>",Thunderbird,Unseen,"synchronized to <*>, stratum <*>",0.8647396564483643
"synchronized to 10.100.16.250, stratum 3","synchronized to <*>, stratum <*>",Thunderbird,Unseen,"synchronized to <*>, stratum <*>",0.8710944652557373
"synchronized to 10.100.28.250, stratum 3","synchronized to <*>, stratum <*>",Thunderbird,Unseen,"synchronized to <*>, stratum <*>",0.8777039051055908
"synchronized to 10.100.20.250, stratum 3","synchronized to <*>, stratum <*>",Thunderbird,Unseen,"synchronized to <*>, stratum <*>",0.8752145767211914
"synchronized to 10.100.22.250, stratum 3","synchronized to <*>, stratum <*>",Thunderbird,Unseen,"synchronized to <*>, stratum <*>",0.8789091110229492
"synchronized to 10.100.22.250, stratum 3","synchronized to <*>, stratum <*>",Thunderbird,Unseen,"synchronized to <*>, stratum <*>",0.8600547313690186
"synchronized to 10.100.16.250, stratum 3","synchronized to <*>, stratum <*>",Thunderbird,Unseen,"synchronized to <*>, stratum <*>",0.8752288818359375
"synchronized to 10.100.26.250, stratum 3","synchronized to <*>, stratum <*>",Thunderbird,Unseen,"synchronized to <*>, stratum <*>",0.8619287014007568
"synchronized to 10.100.16.250, stratum 3","synchronized to <*>, stratum <*>",Thunderbird,Unseen,"synchronized to <*>, stratum <*>",0.8675370216369629
"synchronized to 10.100.28.250, stratum 3","synchronized to <*>, stratum <*>",Thunderbird,Unseen,"synchronized to <*>, stratum <*>",0.8618454933166504
"synchronized to 10.100.28.250, stratum 3","synchronized to <*>, stratum <*>",Thunderbird,Unseen,"synchronized to <*>, stratum <*>",0.8656761646270752
"synchronized to 10.100.18.250, stratum 3","synchronized to <*>, stratum <*>",Thunderbird,Unseen,"synchronized to <*>, stratum <*>",0.8544039726257324
"synchronized to 10.100.26.250, stratum 3","synchronized to <*>, stratum <*>",Thunderbird,Unseen,"synchronized to <*>, stratum <*>",0.856480598449707
"synchronized to 10.100.8.250, stratum 3","synchronized to <*>, stratum <*>",Thunderbird,Unseen,"synchronized to <*>, stratum <*>",0.8577792644500732
"synchronized to 10.100.22.250, stratum 3","synchronized to <*>, stratum <*>",Thunderbird,Unseen,"synchronized to <*>, stratum <*>",0.8963806629180908
"synchronized to 10.100.20.250, stratum 3","synchronized to <*>, stratum <*>",Thunderbird,Unseen,"synchronized to <*>, stratum <*>",0.8699893951416016
"synchronized to 10.100.20.250, stratum 3","synchronized to <*>, stratum <*>",Thunderbird,Unseen,"synchronized to <*>, stratum <*>",0.8591570854187012
"synchronized to 10.100.22.250, stratum 3","synchronized to <*>, stratum <*>",Thunderbird,Unseen,"synchronized to <*>, stratum <*>",0.8785173892974854
"synchronized to 10.100.20.250, stratum 3","synchronized to <*>, stratum <*>",Thunderbird,Unseen,"synchronized to <*>, stratum <*>",0.855355978012085
"synchronized to 10.100.20.250, stratum 3","synchronized to <*>, stratum <*>",Thunderbird,Unseen,"synchronized to <*>, stratum <*>",0.8599789142608643
"synchronized to 10.100.20.250, stratum 3","synchronized to <*>, stratum <*>",Thunderbird,Unseen,"synchronized to <*>, stratum <*>",0.8849270343780518
"synchronized to 10.100.12.250, stratum 3","synchronized to <*>, stratum <*>",Thunderbird,Unseen,"synchronized to <*>, stratum <*>",0.8718209266662598
"synchronized to 10.100.28.250, stratum 3","synchronized to <*>, stratum <*>",Thunderbird,Unseen,"synchronized to <*>, stratum <*>",0.8707022666931152
"synchronized to 10.100.20.250, stratum 3","synchronized to <*>, stratum <*>",Thunderbird,Unseen,"synchronized to <*>, stratum <*>",0.8618743419647217
"synchronized to 10.100.18.250, stratum 3","synchronized to <*>, stratum <*>",Thunderbird,Unseen,"synchronized to <*>, stratum <*>",0.8501219749450684
"synchronized to 10.100.16.250, stratum 3","synchronized to <*>, stratum <*>",Thunderbird,Unseen,"synchronized to <*>, stratum <*>",0.8517923355102539
"synchronized to 10.100.20.250, stratum 3","synchronized to <*>, stratum <*>",Thunderbird,Unseen,"synchronized to <*>, stratum <*>",0.8601601123809814
"synchronized to 10.100.22.250, stratum 3","synchronized to <*>, stratum <*>",Thunderbird,Unseen,"synchronized to <*>, stratum <*>",0.8670477867126465
"synchronized to 10.100.20.250, stratum 3","synchronized to <*>, stratum <*>",Thunderbird,Unseen,"synchronized to <*>, stratum <*>",0.8632457256317139
"synchronized to 10.100.28.250, stratum 3","synchronized to <*>, stratum <*>",Thunderbird,Unseen,"synchronized to <*>, stratum <*>",0.8647453784942627
"synchronized to 10.100.14.250, stratum 3","synchronized to <*>, stratum <*>",Thunderbird,Unseen,"synchronized to <*>, stratum <*>",0.8620257377624512
"synchronized to 10.100.24.250, stratum 3","synchronized to <*>, stratum <*>",Thunderbird,Unseen,"synchronized to <*>, stratum <*>",0.8509740829467773
"synchronized to 10.100.18.250, stratum 3","synchronized to <*>, stratum <*>",Thunderbird,Unseen,"synchronized to <*>, stratum <*>",0.8881258964538574
"synchronized to 10.100.28.250, stratum 3","synchronized to <*>, stratum <*>",Thunderbird,Unseen,"synchronized to <*>, stratum <*>",0.8620977401733398
"synchronized to 10.100.16.250, stratum 3","synchronized to <*>, stratum <*>",Thunderbird,Unseen,"synchronized to <*>, stratum <*>",0.8587949275970459
"synchronized to 10.100.16.250, stratum 3","synchronized to <*>, stratum <*>",Thunderbird,Unseen,"synchronized to <*>, stratum <*>",0.8738234043121338
"synchronized to 10.100.16.250, stratum 3","synchronized to <*>, stratum <*>",Thunderbird,Unseen,"synchronized to <*>, stratum <*>",0.8641262054443359
"synchronized to 10.100.20.250, stratum 3","synchronized to <*>, stratum <*>",Thunderbird,Unseen,"synchronized to <*>, stratum <*>",0.8637218475341797
"synchronized to 10.100.22.250, stratum 3","synchronized to <*>, stratum <*>",Thunderbird,Unseen,"synchronized to <*>, stratum <*>",0.8733353614807129
"synchronized to 10.100.18.250, stratum 3","synchronized to <*>, stratum <*>",Thunderbird,Unseen,"synchronized to <*>, stratum <*>",0.8699760437011719
"synchronized to 10.100.20.250, stratum 3","synchronized to <*>, stratum <*>",Thunderbird,Unseen,"synchronized to <*>, stratum <*>",0.8917467594146729
"synchronized to 10.100.22.250, stratum 3","synchronized to <*>, stratum <*>",Thunderbird,Unseen,"synchronized to <*>, stratum <*>",0.8643054962158203
"synchronized to 10.100.18.250, stratum 3","synchronized to <*>, stratum <*>",Thunderbird,Unseen,"synchronized to <*>, stratum <*>",0.861135721206665
"synchronized to 10.100.20.250, stratum 3","synchronized to <*>, stratum <*>",Thunderbird,Unseen,"synchronized to <*>, stratum <*>",0.8538603782653809
"synchronized to 10.100.20.250, stratum 3","synchronized to <*>, stratum <*>",Thunderbird,Unseen,"synchronized to <*>, stratum <*>",0.8525211811065674
"synchronized to 10.100.20.250, stratum 3","synchronized to <*>, stratum <*>",Thunderbird,Unseen,"synchronized to <*>, stratum <*>",0.8592712879180908
"synchronized to 10.100.16.250, stratum 3","synchronized to <*>, stratum <*>",Thunderbird,Unseen,"synchronized to <*>, stratum <*>",0.8599557876586914
"synchronized to 10.100.16.250, stratum 3","synchronized to <*>, stratum <*>",Thunderbird,Unseen,"synchronized to <*>, stratum <*>",0.8745827674865723
"synchronized to 10.100.16.250, stratum 3","synchronized to <*>, stratum <*>",Thunderbird,Unseen,"synchronized to <*>, stratum <*>",0.8640244007110596
"synchronized to 10.100.22.250, stratum 3","synchronized to <*>, stratum <*>",Thunderbird,Unseen,"synchronized to <*>, stratum <*>",0.8593733310699463
"synchronized to 10.100.16.250, stratum 3","synchronized to <*>, stratum <*>",Thunderbird,Unseen,"synchronized to <*>, stratum <*>",0.890573263168335
"synchronized to 10.100.20.250, stratum 3","synchronized to <*>, stratum <*>",Thunderbird,Unseen,"synchronized to <*>, stratum <*>",0.883979320526123
"synchronized to 10.100.30.250, stratum 3","synchronized to <*>, stratum <*>",Thunderbird,Unseen,"synchronized to <*>, stratum <*>",0.8600611686706543
"synchronized to 10.100.16.250, stratum 3","synchronized to <*>, stratum <*>",Thunderbird,Unseen,"synchronized to <*>, stratum <*>",0.8805747032165527
"synchronized to 10.100.16.250, stratum 3","synchronized to <*>, stratum <*>",Thunderbird,Unseen,"synchronized to <*>, stratum <*>",0.8609817028045654
"synchronized to 10.100.20.250, stratum 3","synchronized to <*>, stratum <*>",Thunderbird,Unseen,"synchronized to <*>, stratum <*>",0.8770616054534912
"synchronized to 10.100.22.250, stratum 3","synchronized to <*>, stratum <*>",Thunderbird,Unseen,"synchronized to <*>, stratum <*>",0.890871524810791
"synchronized to 10.100.18.250, stratum 3","synchronized to <*>, stratum <*>",Thunderbird,Unseen,"synchronized to <*>, stratum <*>",0.8632090091705322
"synchronized to 10.100.20.250, stratum 3","synchronized to <*>, stratum <*>",Thunderbird,Unseen,"synchronized to <*>, stratum <*>",0.8808653354644775
"synchronized to 10.100.16.250, stratum 3","synchronized to <*>, stratum <*>",Thunderbird,Unseen,"synchronized to <*>, stratum <*>",0.8803174495697021
"synchronized to 10.100.20.250, stratum 3","synchronized to <*>, stratum <*>",Thunderbird,Unseen,"synchronized to <*>, stratum <*>",0.8728761672973633
"synchronized to 10.100.20.250, stratum 3","synchronized to <*>, stratum <*>",Thunderbird,Unseen,"synchronized to <*>, stratum <*>",0.8647689819335938
"synchronized to 10.100.20.250, stratum 3","synchronized to <*>, stratum <*>",Thunderbird,Unseen,"synchronized to <*>, stratum <*>",0.8720240592956543
"synchronized to 10.100.20.250, stratum 3","synchronized to <*>, stratum <*>",Thunderbird,Unseen,"synchronized to <*>, stratum <*>",0.8722670078277588
"synchronized to 10.100.20.250, stratum 3","synchronized to <*>, stratum <*>",Thunderbird,Unseen,"synchronized to <*>, stratum <*>",0.8537774085998535
"synchronized to 10.100.16.250, stratum 3","synchronized to <*>, stratum <*>",Thunderbird,Unseen,"synchronized to <*>, stratum <*>",0.8736248016357422
"synchronized to 10.100.20.250, stratum 3","synchronized to <*>, stratum <*>",Thunderbird,Unseen,"synchronized to <*>, stratum <*>",0.8632264137268066
"synchronized to 10.100.22.250, stratum 3","synchronized to <*>, stratum <*>",Thunderbird,Unseen,"synchronized to <*>, stratum <*>",0.9096250534057617
"synchronized to 10.100.20.250, stratum 3","synchronized to <*>, stratum <*>",Thunderbird,Unseen,"synchronized to <*>, stratum <*>",0.9127302169799805
"synchronized to 10.100.28.250, stratum 3","synchronized to <*>, stratum <*>",Thunderbird,Unseen,"synchronized to <*>, stratum <*>",0.8634142875671387
"synchronized to 10.100.16.250, stratum 3","synchronized to <*>, stratum <*>",Thunderbird,Unseen,"synchronized to <*>, stratum <*>",0.8631706237792969
"synchronized to 10.100.16.250, stratum 3","synchronized to <*>, stratum <*>",Thunderbird,Unseen,"synchronized to <*>, stratum <*>",0.8774857521057129
"synchronized to 10.100.20.250, stratum 3","synchronized to <*>, stratum <*>",Thunderbird,Unseen,"synchronized to <*>, stratum <*>",0.8769476413726807
"synchronized to 10.100.16.250, stratum 3","synchronized to <*>, stratum <*>",Thunderbird,Unseen,"synchronized to <*>, stratum <*>",0.8540563583374023
"synchronized to 10.100.18.250, stratum 3","synchronized to <*>, stratum <*>",Thunderbird,Unseen,"synchronized to <*>, stratum <*>",0.87310791015625
"synchronized to 10.100.28.250, stratum 3","synchronized to <*>, stratum <*>",Thunderbird,Unseen,"synchronized to <*>, stratum <*>",0.8521754741668701
"synchronized to 10.100.16.250, stratum 3","synchronized to <*>, stratum <*>",Thunderbird,Unseen,"synchronized to <*>, stratum <*>",0.8616962432861328
"synchronized to 10.100.16.250, stratum 3","synchronized to <*>, stratum <*>",Thunderbird,Unseen,"synchronized to <*>, stratum <*>",0.8528554439544678
"synchronized to 10.100.24.250, stratum 3","synchronized to <*>, stratum <*>",Thunderbird,Unseen,"synchronized to <*>, stratum <*>",0.8951830863952637
"synchronized to 10.100.20.250, stratum 3","synchronized to <*>, stratum <*>",Thunderbird,Unseen,"synchronized to <*>, stratum <*>",0.8742690086364746
"synchronized to 10.100.26.250, stratum 3","synchronized to <*>, stratum <*>",Thunderbird,Unseen,"synchronized to <*>, stratum <*>",0.8677022457122803
"synchronized to 10.100.20.250, stratum 3","synchronized to <*>, stratum <*>",Thunderbird,Unseen,"synchronized to <*>, stratum <*>",0.8729710578918457
"synchronized to 10.100.26.250, stratum 3","synchronized to <*>, stratum <*>",Thunderbird,Unseen,"synchronized to <*>, stratum <*>",0.8758766651153564
"synchronized to 10.100.20.250, stratum 3","synchronized to <*>, stratum <*>",Thunderbird,Unseen,"synchronized to <*>, stratum <*>",0.8576505184173584
"synchronized to 10.100.12.250, stratum 3","synchronized to <*>, stratum <*>",Thunderbird,Unseen,"synchronized to <*>, stratum <*>",0.8659911155700684
"synchronized to 10.100.24.250, stratum 3","synchronized to <*>, stratum <*>",Thunderbird,Unseen,"synchronized to <*>, stratum <*>",0.8618695735931396
"synchronized to 10.100.16.250, stratum 3","synchronized to <*>, stratum <*>",Thunderbird,Unseen,"synchronized to <*>, stratum <*>",0.8603503704071045
"synchronized to 10.100.20.250, stratum 3","synchronized to <*>, stratum <*>",Thunderbird,Unseen,"synchronized to <*>, stratum <*>",0.8541553020477295
"synchronized to 10.100.20.250, stratum 3","synchronized to <*>, stratum <*>",Thunderbird,Unseen,"synchronized to <*>, stratum <*>",0.8540403842926025
"synchronized to 10.100.20.250, stratum 3","synchronized to <*>, stratum <*>",Thunderbird,Unseen,"synchronized to <*>, stratum <*>",0.862750768661499
"synchronized to 10.100.22.250, stratum 3","synchronized to <*>, stratum <*>",Thunderbird,Unseen,"synchronized to <*>, stratum <*>",0.8660473823547363
"synchronized to 10.100.20.250, stratum 3","synchronized to <*>, stratum <*>",Thunderbird,Unseen,"synchronized to <*>, stratum <*>",0.8607234954833984
"synchronized to 10.100.28.250, stratum 3","synchronized to <*>, stratum <*>",Thunderbird,Unseen,"synchronized to <*>, stratum <*>",0.868798017501831
"synchronized to 10.100.16.250, stratum 3","synchronized to <*>, stratum <*>",Thunderbird,Unseen,"synchronized to <*>, stratum <*>",0.8841323852539062
"synchronized to 10.100.18.250, stratum 3","synchronized to <*>, stratum <*>",Thunderbird,Unseen,"synchronized to <*>, stratum <*>",0.865257740020752
"synchronized to 10.100.16.250, stratum 3","synchronized to <*>, stratum <*>",Thunderbird,Unseen,"synchronized to <*>, stratum <*>",0.8820459842681885
"synchronized to 10.100.18.250, stratum 3","synchronized to <*>, stratum <*>",Thunderbird,Unseen,"synchronized to <*>, stratum <*>",0.866572380065918
"synchronized to 10.100.20.250, stratum 3","synchronized to <*>, stratum <*>",Thunderbird,Unseen,"synchronized to <*>, stratum <*>",0.857811689376831
"synchronized to 10.100.28.250, stratum 3","synchronized to <*>, stratum <*>",Thunderbird,Unseen,"synchronized to <*>, stratum <*>",0.8541913032531738
"synchronized to 10.100.28.250, stratum 3","synchronized to <*>, stratum <*>",Thunderbird,Unseen,"synchronized to <*>, stratum <*>",0.8688604831695557
"synchronized to 10.100.20.250, stratum 3","synchronized to <*>, stratum <*>",Thunderbird,Unseen,"synchronized to <*>, stratum <*>",0.8681509494781494
"synchronized to 10.100.22.250, stratum 3","synchronized to <*>, stratum <*>",Thunderbird,Unseen,"synchronized to <*>, stratum <*>",0.8635222911834717
"synchronized to 10.100.26.250, stratum 3","synchronized to <*>, stratum <*>",Thunderbird,Unseen,"synchronized to <*>, stratum <*>",0.8626298904418945
"synchronized to 10.100.16.250, stratum 3","synchronized to <*>, stratum <*>",Thunderbird,Unseen,"synchronized to <*>, stratum <*>",0.8805997371673584
"synchronized to 10.100.20.250, stratum 3","synchronized to <*>, stratum <*>",Thunderbird,Unseen,"synchronized to <*>, stratum <*>",0.8741991519927979
"synchronized to 10.100.26.250, stratum 3","synchronized to <*>, stratum <*>",Thunderbird,Unseen,"synchronized to <*>, stratum <*>",0.8761043548583984
"synchronized to 10.100.26.250, stratum 3","synchronized to <*>, stratum <*>",Thunderbird,Unseen,"synchronized to <*>, stratum <*>",0.865264892578125
"synchronized to 10.100.26.250, stratum 3","synchronized to <*>, stratum <*>",Thunderbird,Unseen,"synchronized to <*>, stratum <*>",0.8592226505279541
"synchronized to 10.100.18.250, stratum 3","synchronized to <*>, stratum <*>",Thunderbird,Unseen,"synchronized to <*>, stratum <*>",0.8683316707611084
"synchronized to 10.100.22.250, stratum 3","synchronized to <*>, stratum <*>",Thunderbird,Unseen,"synchronized to <*>, stratum <*>",0.8785886764526367
"synchronized to 10.100.20.250, stratum 3","synchronized to <*>, stratum <*>",Thunderbird,Unseen,"synchronized to <*>, stratum <*>",0.8783552646636963
"synchronized to 10.100.18.250, stratum 3","synchronized to <*>, stratum <*>",Thunderbird,Unseen,"synchronized to <*>, stratum <*>",0.8803253173828125
"synchronized to 10.100.22.250, stratum 3","synchronized to <*>, stratum <*>",Thunderbird,Unseen,"synchronized to <*>, stratum <*>",0.8839919567108154
"synchronized to 10.100.30.250, stratum 3","synchronized to <*>, stratum <*>",Thunderbird,Unseen,"synchronized to <*>, stratum <*>",0.8632433414459229
"synchronized to 10.100.20.250, stratum 3","synchronized to <*>, stratum <*>",Thunderbird,Unseen,"synchronized to <*>, stratum <*>",0.8564085960388184
"synchronized to 10.100.10.250, stratum 3","synchronized to <*>, stratum <*>",Thunderbird,Unseen,"synchronized to <*>, stratum <*>",0.8633992671966553
"synchronized to 10.100.18.250, stratum 3","synchronized to <*>, stratum <*>",Thunderbird,Unseen,"synchronized to <*>, stratum <*>",0.8647003173828125
"synchronized to 10.100.16.250, stratum 3","synchronized to <*>, stratum <*>",Thunderbird,Unseen,"synchronized to <*>, stratum <*>",0.8700895309448242
"synchronized to 10.100.16.250, stratum 3","synchronized to <*>, stratum <*>",Thunderbird,Unseen,"synchronized to <*>, stratum <*>",0.8658971786499023
"synchronized to 10.100.16.250, stratum 3","synchronized to <*>, stratum <*>",Thunderbird,Unseen,"synchronized to <*>, stratum <*>",0.8684823513031006
"synchronized to 10.100.22.250, stratum 3","synchronized to <*>, stratum <*>",Thunderbird,Unseen,"synchronized to <*>, stratum <*>",0.86576247215271
"synchronized to 10.100.18.250, stratum 3","synchronized to <*>, stratum <*>",Thunderbird,Unseen,"synchronized to <*>, stratum <*>",0.8717844486236572
"synchronized to 10.100.20.250, stratum 3","synchronized to <*>, stratum <*>",Thunderbird,Unseen,"synchronized to <*>, stratum <*>",0.8655905723571777
"synchronized to 10.100.20.250, stratum 3","synchronized to <*>, stratum <*>",Thunderbird,Unseen,"synchronized to <*>, stratum <*>",0.861577033996582
"synchronized to 10.100.16.250, stratum 3","synchronized to <*>, stratum <*>",Thunderbird,Unseen,"synchronized to <*>, stratum <*>",0.8830413818359375
"synchronized to 10.100.22.250, stratum 3","synchronized to <*>, stratum <*>",Thunderbird,Unseen,"synchronized to <*>, stratum <*>",0.8686873912811279
"synchronized to 10.100.18.250, stratum 3","synchronized to <*>, stratum <*>",Thunderbird,Unseen,"synchronized to <*>, stratum <*>",0.8800029754638672
"synchronized to 10.100.20.250, stratum 3","synchronized to <*>, stratum <*>",Thunderbird,Unseen,"synchronized to <*>, stratum <*>",0.869516134262085
"synchronized to 10.100.16.250, stratum 3","synchronized to <*>, stratum <*>",Thunderbird,Unseen,"synchronized to <*>, stratum <*>",0.8688066005706787
"synchronized to 10.100.20.250, stratum 3","synchronized to <*>, stratum <*>",Thunderbird,Unseen,"synchronized to <*>, stratum <*>",0.858900785446167
"synchronized to 10.100.24.250, stratum 3","synchronized to <*>, stratum <*>",Thunderbird,Unseen,"synchronized to <*>, stratum <*>",0.8652293682098389
"synchronized to 10.100.30.250, stratum 3","synchronized to <*>, stratum <*>",Thunderbird,Unseen,"synchronized to <*>, stratum <*>",0.8736772537231445
"synchronized to 10.100.12.250, stratum 3","synchronized to <*>, stratum <*>",Thunderbird,Unseen,"synchronized to <*>, stratum <*>",0.8712635040283203
"synchronized to 10.100.20.250, stratum 3","synchronized to <*>, stratum <*>",Thunderbird,Unseen,"synchronized to <*>, stratum <*>",0.8595046997070312
"synchronized to 10.100.16.250, stratum 3","synchronized to <*>, stratum <*>",Thunderbird,Unseen,"synchronized to <*>, stratum <*>",0.8963062763214111
"synchronized to 10.100.22.250, stratum 3","synchronized to <*>, stratum <*>",Thunderbird,Unseen,"synchronized to <*>, stratum <*>",0.8678245544433594
"synchronized to 10.100.16.250, stratum 3","synchronized to <*>, stratum <*>",Thunderbird,Unseen,"synchronized to <*>, stratum <*>",0.903339147567749
"synchronized to 10.100.22.250, stratum 3","synchronized to <*>, stratum <*>",Thunderbird,Unseen,"synchronized to <*>, stratum <*>",0.8662569522857666
"synchronized to 10.100.20.250, stratum 3","synchronized to <*>, stratum <*>",Thunderbird,Unseen,"synchronized to <*>, stratum <*>",0.8602344989776611
