Content,EventTemplate,Dataset,Category,GPT_Temp_3,GPT_Time_3,GPT_In_Tokens_3,GPT_Out_Tokens_3
"Connection broken for id 188978561024, my id = 1, error =","Connection broken for id <*>, my id = <*>, error =",Zookeeper,Unseen,"Connection broken for id <*>, my id = <*>, error =",0.991915225982666,359,19
"Connection broken for id 188978561024, my id = 1, error =","Connection broken for id <*>, my id = <*>, error =",Zookeeper,Unseen,"Connection broken for id <*>, my id = <*>, error =",1.6305577754974365,359,19
"Connection broken for id 188978561024, my id = 1, error =","Connection broken for id <*>, my id = <*>, error =",Zookeeper,Unseen,"Connection broken for id <*>, my id = <*>, error =",0.8292901515960693,359,19
"Connection broken for id 188978561024, my id = 1, error =","Connection broken for id <*>, my id = <*>, error =",Zookeeper,Unseen,"Connection broken for id <*>, my id = <*>, error =",1.2211847305297852,359,19
"Connection broken for id 188978561024, my id = 1, error =","Connection broken for id <*>, my id = <*>, error =",Zookeeper,Unseen,"Connection broken for id <*>, my id = <*>, error =",1.1007802486419678,359,19
"Connection broken for id 188978561024, my id = 1, error =","Connection broken for id <*>, my id = <*>, error =",Zookeeper,Unseen,"Connection broken for id <*>, my id = <*>, error =",0.8242776393890381,359,19
"Connection broken for id 188978561024, my id = 1, error =","Connection broken for id <*>, my id = <*>, error =",Zookeeper,Unseen,"Connection broken for id <*>, my id = <*>, error =",1.7252757549285889,359,19
"Connection broken for id 188978561024, my id = 1, error =","Connection broken for id <*>, my id = <*>, error =",Zookeeper,Unseen,"Connection broken for id <*>, my id = <*>, error =",1.0668671131134033,359,19
"Connection broken for id 188978561024, my id = 1, error =","Connection broken for id <*>, my id = <*>, error =",Zookeeper,Unseen,"Connection broken for id <*>, my id = <*>, error =",0.9960556030273438,359,19
"Connection broken for id 188978561024, my id = 1, error =","Connection broken for id <*>, my id = <*>, error =",Zookeeper,Unseen,"Connection broken for id <*>, my id = <*>, error =",1.0315759181976318,359,19
"Connection broken for id 188978561024, my id = 1, error =","Connection broken for id <*>, my id = <*>, error =",Zookeeper,Unseen,"Connection broken for id <*>, my id = <*>, error =",1.6215710639953613,359,19
"Connection broken for id 188978561024, my id = 1, error =","Connection broken for id <*>, my id = <*>, error =",Zookeeper,Unseen,"Connection broken for id <*>, my id = <*>, error =",1.057814598083496,359,19
"Connection broken for id 188978561024, my id = 1, error =","Connection broken for id <*>, my id = <*>, error =",Zookeeper,Unseen,"Connection broken for id <*>, my id = <*>, error =",1.5840485095977783,359,19
"Connection broken for id 188978561024, my id = 1, error =","Connection broken for id <*>, my id = <*>, error =",Zookeeper,Unseen,"Connection broken for id <*>, my id = <*>, error =",1.0370173454284668,359,19
"Connection broken for id 188978561024, my id = 1, error =","Connection broken for id <*>, my id = <*>, error =",Zookeeper,Unseen,"Connection broken for id <*>, my id = <*>, error =",1.1362674236297607,359,19
"Connection broken for id 188978561024, my id = 1, error =","Connection broken for id <*>, my id = <*>, error =",Zookeeper,Unseen,"Connection broken for id <*>, my id = <*>, error =",1.878889560699463,359,19
"Connection broken for id 188978561024, my id = 1, error =","Connection broken for id <*>, my id = <*>, error =",Zookeeper,Unseen,"Connection broken for id <*>, my id = <*>, error =",0.7935817241668701,359,19
"Connection broken for id 188978561024, my id = 1, error =","Connection broken for id <*>, my id = <*>, error =",Zookeeper,Unseen,"Connection broken for id <*>, my id = <*>, error =",1.6784536838531494,359,19
"Connection broken for id 188978561024, my id = 1, error =","Connection broken for id <*>, my id = <*>, error =",Zookeeper,Unseen,"Connection broken for id <*>, my id = <*>, error =",2.31130051612854,359,19
"Connection broken for id 188978561024, my id = 1, error =","Connection broken for id <*>, my id = <*>, error =",Zookeeper,Unseen,"Connection broken for id <*>, my id = <*>, error =",1.040327548980713,359,19
"Connection broken for id 188978561024, my id = 1, error =","Connection broken for id <*>, my id = <*>, error =",Zookeeper,Unseen,"Connection broken for id <*>, my id = <*>, error =",1.9378371238708496,359,19
"Connection broken for id 188978561024, my id = 1, error =","Connection broken for id <*>, my id = <*>, error =",Zookeeper,Unseen,"Connection broken for id <*>, my id = <*>, error =",3.180119514465332,359,19
"Connection broken for id 188978561024, my id = 1, error =","Connection broken for id <*>, my id = <*>, error =",Zookeeper,Unseen,"Connection broken for id <*>, my id = <*>, error =",0.760129451751709,359,19
"Connection broken for id 188978561024, my id = 1, error =","Connection broken for id <*>, my id = <*>, error =",Zookeeper,Unseen,"Connection broken for id <*>, my id = <*>, error =",1.7340178489685059,359,19
"Connection broken for id 188978561024, my id = 1, error =","Connection broken for id <*>, my id = <*>, error =",Zookeeper,Unseen,"Connection broken for id <*>, my id = <*>, error =",1.6895108222961426,359,19
"Connection broken for id 188978561024, my id = 1, error =","Connection broken for id <*>, my id = <*>, error =",Zookeeper,Unseen,"Connection broken for id <*>, my id = <*>, error =",1.7008702754974365,359,19
"Connection broken for id 188978561024, my id = 1, error =","Connection broken for id <*>, my id = <*>, error =",Zookeeper,Unseen,"Connection broken for id <*>, my id = <*>, error =",1.0711634159088135,359,19
"Connection broken for id 188978561024, my id = 1, error =","Connection broken for id <*>, my id = <*>, error =",Zookeeper,Unseen,"Connection broken for id <*>, my id = <*>, error =",1.8638129234313965,359,19
"Connection broken for id 188978561024, my id = 1, error =","Connection broken for id <*>, my id = <*>, error =",Zookeeper,Unseen,"Connection broken for id <*>, my id = <*>, error =",1.6254045963287354,359,19
"Connection broken for id 188978561024, my id = 1, error =","Connection broken for id <*>, my id = <*>, error =",Zookeeper,Unseen,"Connection broken for id <*>, my id = <*>, error =",1.162447214126587,359,19
"Connection broken for id 188978561024, my id = 1, error =","Connection broken for id <*>, my id = <*>, error =",Zookeeper,Unseen,"Connection broken for id <*>, my id = <*>, error =",8.096168041229248,359,19
"Connection broken for id 188978561024, my id = 1, error =","Connection broken for id <*>, my id = <*>, error =",Zookeeper,Unseen,"Connection broken for id <*>, my id = <*>, error =",1.0685889720916748,359,19
"Connection broken for id 188978561024, my id = 1, error =","Connection broken for id <*>, my id = <*>, error =",Zookeeper,Unseen,"Connection broken for id <*>, my id = <*>, error =",1.1872360706329346,359,19
"Connection broken for id 188978561024, my id = 1, error =","Connection broken for id <*>, my id = <*>, error =",Zookeeper,Unseen,"Connection broken for id <*>, my id = <*>, error =",1.2461936473846436,359,19
"Connection broken for id 188978561024, my id = 1, error =","Connection broken for id <*>, my id = <*>, error =",Zookeeper,Unseen,"Connection broken for id <*>, my id = <*>, error =",0.7996673583984375,359,19
"Connection broken for id 188978561024, my id = 1, error =","Connection broken for id <*>, my id = <*>, error =",Zookeeper,Unseen,"Connection broken for id <*>, my id = <*>, error =",0.9698560237884521,359,19
"Connection broken for id 188978561024, my id = 1, error =","Connection broken for id <*>, my id = <*>, error =",Zookeeper,Unseen,"Connection broken for id <*>, my id = <*>, error =",1.1850125789642334,359,19
"Connection broken for id 188978561024, my id = 1, error =","Connection broken for id <*>, my id = <*>, error =",Zookeeper,Unseen,"Connection broken for id <*>, my id = <*>, error =",0.6343879699707031,359,19
"Connection broken for id 188978561024, my id = 1, error =","Connection broken for id <*>, my id = <*>, error =",Zookeeper,Unseen,"Connection broken for id <*>, my id = <*>, error =",1.0232067108154297,359,19
"Connection broken for id 188978561024, my id = 1, error =","Connection broken for id <*>, my id = <*>, error =",Zookeeper,Unseen,"Connection broken for id <*>, my id = <*>, error =",1.3689978122711182,359,19
"Connection broken for id 188978561024, my id = 1, error =","Connection broken for id <*>, my id = <*>, error =",Zookeeper,Unseen,"Connection broken for id <*>, my id = <*>, error =",1.7282209396362305,359,19
"Connection broken for id 188978561024, my id = 1, error =","Connection broken for id <*>, my id = <*>, error =",Zookeeper,Unseen,"Connection broken for id <*>, my id = <*>, error =",0.9276201725006104,359,19
"Connection broken for id 188978561024, my id = 1, error =","Connection broken for id <*>, my id = <*>, error =",Zookeeper,Unseen,"Connection broken for id <*>, my id = <*>, error =",1.6031169891357422,359,19
"Connection broken for id 188978561024, my id = 1, error =","Connection broken for id <*>, my id = <*>, error =",Zookeeper,Unseen,"Connection broken for id <*>, my id = <*>, error =",0.9915716648101807,359,19
"Connection broken for id 188978561024, my id = 1, error =","Connection broken for id <*>, my id = <*>, error =",Zookeeper,Unseen,"Connection broken for id <*>, my id = <*>, error =",1.043045997619629,359,19
"Connection broken for id 188978561024, my id = 1, error =","Connection broken for id <*>, my id = <*>, error =",Zookeeper,Unseen,"Connection broken for id <*>, my id = <*>, error =",4.594937086105347,359,19
"Connection broken for id 188978561024, my id = 1, error =","Connection broken for id <*>, my id = <*>, error =",Zookeeper,Unseen,"Connection broken for id <*>, my id = <*>, error =",1.027663230895996,359,19
"Connection broken for id 188978561024, my id = 1, error =","Connection broken for id <*>, my id = <*>, error =",Zookeeper,Unseen,"Connection broken for id <*>, my id = <*>, error =",0.6652073860168457,359,19
"Connection broken for id 188978561024, my id = 1, error =","Connection broken for id <*>, my id = <*>, error =",Zookeeper,Unseen,"Connection broken for id <*>, my id = <*>, error =",1.0848572254180908,359,19
"Connection broken for id 188978561024, my id = 1, error =","Connection broken for id <*>, my id = <*>, error =",Zookeeper,Unseen,"Connection broken for id <*>, my id = <*>, error =",1.0671792030334473,359,19
"Connection broken for id 188978561024, my id = 1, error =","Connection broken for id <*>, my id = <*>, error =",Zookeeper,Unseen,"Connection broken for id <*>, my id = <*>, error =",1.6989257335662842,359,19
"Connection broken for id 188978561024, my id = 1, error =","Connection broken for id <*>, my id = <*>, error =",Zookeeper,Unseen,"Connection broken for id <*>, my id = <*>, error =",1.1391711235046387,359,19
"Connection broken for id 188978561024, my id = 1, error =","Connection broken for id <*>, my id = <*>, error =",Zookeeper,Unseen,"Connection broken for id <*>, my id = <*>, error =",1.0420808792114258,359,19
"Connection broken for id 188978561024, my id = 1, error =","Connection broken for id <*>, my id = <*>, error =",Zookeeper,Unseen,"Connection broken for id <*>, my id = <*>, error =",1.7015478610992432,359,19
"Connection broken for id 188978561024, my id = 1, error =","Connection broken for id <*>, my id = <*>, error =",Zookeeper,Unseen,"Connection broken for id <*>, my id = <*>, error =",1.374171257019043,359,19
"Connection broken for id 188978561024, my id = 1, error =","Connection broken for id <*>, my id = <*>, error =",Zookeeper,Unseen,"Connection broken for id <*>, my id = <*>, error =",1.158811330795288,359,19
"Connection broken for id 188978561024, my id = 1, error =","Connection broken for id <*>, my id = <*>, error =",Zookeeper,Unseen,"Connection broken for id <*>, my id = <*>, error =",0.847388505935669,359,19
"Connection broken for id 188978561024, my id = 1, error =","Connection broken for id <*>, my id = <*>, error =",Zookeeper,Unseen,"Connection broken for id <*>, my id = <*>, error =",1.6553568840026855,359,19
"Connection broken for id 188978561024, my id = 1, error =","Connection broken for id <*>, my id = <*>, error =",Zookeeper,Unseen,"Connection broken for id <*>, my id = <*>, error =",1.075829267501831,359,19
"Connection broken for id 188978561024, my id = 1, error =","Connection broken for id <*>, my id = <*>, error =",Zookeeper,Unseen,"Connection broken for id <*>, my id = <*>, error =",0.8333191871643066,359,19
"Connection broken for id 188978561024, my id = 1, error =","Connection broken for id <*>, my id = <*>, error =",Zookeeper,Unseen,"Connection broken for id <*>, my id = <*>, error =",1.0970978736877441,359,19
"Connection broken for id 188978561024, my id = 1, error =","Connection broken for id <*>, my id = <*>, error =",Zookeeper,Unseen,"Connection broken for id <*>, my id = <*>, error =",1.2570266723632812,359,19
"Connection broken for id 188978561024, my id = 1, error =","Connection broken for id <*>, my id = <*>, error =",Zookeeper,Unseen,"Connection broken for id <*>, my id = <*>, error =",1.6868116855621338,359,19
"Connection broken for id 188978561024, my id = 1, error =","Connection broken for id <*>, my id = <*>, error =",Zookeeper,Unseen,"Connection broken for id <*>, my id = <*>, error =",1.0734341144561768,359,19
"Connection broken for id 188978561024, my id = 1, error =","Connection broken for id <*>, my id = <*>, error =",Zookeeper,Unseen,"Connection broken for id <*>, my id = <*>, error =",1.6192660331726074,359,19
"Connection broken for id 188978561024, my id = 1, error =","Connection broken for id <*>, my id = <*>, error =",Zookeeper,Unseen,"Connection broken for id <*>, my id = <*>, error =",0.9382381439208984,359,19
"Connection broken for id 188978561024, my id = 1, error =","Connection broken for id <*>, my id = <*>, error =",Zookeeper,Unseen,"Connection broken for id <*>, my id = <*>, error =",1.68611478805542,359,19
"Connection broken for id 188978561024, my id = 1, error =","Connection broken for id <*>, my id = <*>, error =",Zookeeper,Unseen,"Connection broken for id <*>, my id = <*>, error =",1.065002202987671,359,19
"Connection broken for id 188978561024, my id = 1, error =","Connection broken for id <*>, my id = <*>, error =",Zookeeper,Unseen,"Connection broken for id <*>, my id = <*>, error =",1.1250839233398438,359,19
"Connection broken for id 188978561024, my id = 1, error =","Connection broken for id <*>, my id = <*>, error =",Zookeeper,Unseen,"Connection broken for id <*>, my id = <*>, error =",1.7113378047943115,359,19
"Connection broken for id 188978561024, my id = 1, error =","Connection broken for id <*>, my id = <*>, error =",Zookeeper,Unseen,"Connection broken for id <*>, my id = <*>, error =",10.957800388336182,359,19
"Connection broken for id 188978561024, my id = 1, error =","Connection broken for id <*>, my id = <*>, error =",Zookeeper,Unseen,"Connection broken for id <*>, my id = <*>, error =",1.5970163345336914,359,19
"Connection broken for id 188978561024, my id = 1, error =","Connection broken for id <*>, my id = <*>, error =",Zookeeper,Unseen,"Connection broken for id <*>, my id = <*>, error =",1.7575173377990723,359,19
"Connection broken for id 188978561024, my id = 1, error =","Connection broken for id <*>, my id = <*>, error =",Zookeeper,Unseen,"Connection broken for id <*>, my id = <*>, error =",1.2512402534484863,359,19
"Connection broken for id 188978561024, my id = 1, error =","Connection broken for id <*>, my id = <*>, error =",Zookeeper,Unseen,"Connection broken for id <*>, my id = <*>, error =",2.4025931358337402,359,19
"Connection broken for id 188978561024, my id = 1, error =","Connection broken for id <*>, my id = <*>, error =",Zookeeper,Unseen,"Connection broken for id <*>, my id = <*>, error =",1.0028679370880127,359,19
"Connection broken for id 188978561024, my id = 1, error =","Connection broken for id <*>, my id = <*>, error =",Zookeeper,Unseen,"Connection broken for id <*>, my id = <*>, error = <*>",1.1310555934906006,359,20
"Connection broken for id 188978561024, my id = 1, error =","Connection broken for id <*>, my id = <*>, error =",Zookeeper,Unseen,"Connection broken for id <*>, my id = <*>, error =",1.3718276023864746,359,19
"Connection broken for id 188978561024, my id = 1, error =","Connection broken for id <*>, my id = <*>, error =",Zookeeper,Unseen,"Connection broken for id <*>, my id = <*>, error =",1.0037178993225098,359,19
"Connection broken for id 188978561024, my id = 1, error =","Connection broken for id <*>, my id = <*>, error =",Zookeeper,Unseen,"Connection broken for id <*>, my id = <*>, error =",8.086684942245483,359,19
"Connection broken for id 188978561024, my id = 1, error =","Connection broken for id <*>, my id = <*>, error =",Zookeeper,Unseen,"Connection broken for id <*>, my id = <*>, error =",0.8968291282653809,359,19
"Connection broken for id 188978561024, my id = 1, error =","Connection broken for id <*>, my id = <*>, error =",Zookeeper,Unseen,"Connection broken for id <*>, my id = <*>, error =",1.384140968322754,359,19
"Connection broken for id 188978561024, my id = 1, error =","Connection broken for id <*>, my id = <*>, error =",Zookeeper,Unseen,"Connection broken for id <*>, my id = <*>, error =",1.6074297428131104,359,19
"Connection broken for id 188978561024, my id = 1, error =","Connection broken for id <*>, my id = <*>, error =",Zookeeper,Unseen,"Connection broken for id <*>, my id = <*>, error =",1.107456922531128,359,19
"Connection broken for id 188978561024, my id = 1, error =","Connection broken for id <*>, my id = <*>, error =",Zookeeper,Unseen,"Connection broken for id <*>, my id = <*>, error =",0.8765566349029541,359,19
"Connection broken for id 188978561024, my id = 1, error =","Connection broken for id <*>, my id = <*>, error =",Zookeeper,Unseen,"Connection broken for id <*>, my id = <*>, error =",1.1240360736846924,359,19
"Connection broken for id 188978561024, my id = 1, error =","Connection broken for id <*>, my id = <*>, error =",Zookeeper,Unseen,"Connection broken for id <*>, my id = <*>, error =",1.0569663047790527,359,19
"Connection broken for id 188978561024, my id = 1, error =","Connection broken for id <*>, my id = <*>, error =",Zookeeper,Unseen,"Connection broken for id <*>, my id = <*>, error =",1.267181158065796,359,19
"Connection broken for id 188978561024, my id = 1, error =","Connection broken for id <*>, my id = <*>, error =",Zookeeper,Unseen,"Connection broken for id <*>, my id = <*>, error =",0.6645050048828125,359,19
"Connection broken for id 188978561024, my id = 1, error =","Connection broken for id <*>, my id = <*>, error =",Zookeeper,Unseen,"Connection broken for id <*>, my id = <*>, error =",1.2094180583953857,359,19
"Connection broken for id 188978561024, my id = 1, error =","Connection broken for id <*>, my id = <*>, error =",Zookeeper,Unseen,"Connection broken for id <*>, my id = <*>, error =",1.2063477039337158,359,19
"Connection broken for id 188978561024, my id = 1, error =","Connection broken for id <*>, my id = <*>, error =",Zookeeper,Unseen,"Connection broken for id <*>, my id = <*>, error =",1.0549724102020264,359,19
"Connection broken for id 188978561024, my id = 1, error =","Connection broken for id <*>, my id = <*>, error =",Zookeeper,Unseen,"Connection broken for id <*>, my id = <*>, error =",1.6704106330871582,359,19
"Connection broken for id 188978561024, my id = 1, error =","Connection broken for id <*>, my id = <*>, error =",Zookeeper,Unseen,"Connection broken for id <*>, my id = <*>, error =",1.150216817855835,359,19
Server environment:user.dir=/,Server environment:<*>,Zookeeper,Unseen,Server environment:user.dir=<*>,1.0192506313323975,346,10
******* GOODBYE /10.10.34.12:35276 ********,******* GOODBYE <*>:<*> ********,Zookeeper,Unseen,******* GOODBYE <*>:<*> ********,0.9974215030670166,357,12
"Have smaller server identifier, so dropping the connection: (2, 1)","Have smaller server identifier, so dropping the connection: (<*>, <*>)",Zookeeper,Unseen,"Have smaller server identifier, so dropping the connection: (<*>, <*>)",0.8329458236694336,356,20
FOLLOWING,FOLLOWING,Zookeeper,Unseen,FOLLOWING,1.453862190246582,343,6
Server environment:host.name=mesos-master-1,Server environment:<*>,Zookeeper,Unseen,Server environment:host.name=<*>,0.6539855003356934,352,11
Server environment:java.vendor=Oracle Corporation,Server environment:<*>,Zookeeper,Unseen,Server environment:java.vendor=<*>,0.5795934200286865,349,11
"Server environment:zookeeper.version=3.4.5--1, built on 06/10/2013 17:26 GMT",Server environment:<*>,Zookeeper,Unseen,"Server environment:zookeeper.version=<*>, built on <*> <*>",1.369682788848877,369,16
Server environment:user.name=zookeeper,Server environment:<*>,Zookeeper,Unseen,Server environment:user.name=<*>,0.6032698154449463,347,10
Server environment:os.name=Linux,Server environment:<*>,Zookeeper,Unseen,Server environment:os.name=<*>,0.731147289276123,348,11
Exception causing close of session 0x0 due to java.io.IOException: ZooKeeperServer not running,Exception causing close of session <*> due to java.io.IOException: ZooKeeperServer not running,Zookeeper,Unseen,Exception causing close of session <*> due to java.io.IOException: ZooKeeperServer not running,1.2050795555114746,361,21
"Notification: 3 (n.leader), 0xb0000007b (n.zxid), 0x2 (n.round), LOOKING (n.state), 3 (n.sid), 0xb (n.peerEPoch), FOLLOWING (my state)","Notification: <*> (n.leader), <*> (n.zxid), <*> (n.round), LOOKING (n.state), <*> (n.sid), <*> (n.peerEPoch), FOLLOWING (my state)",Zookeeper,Unseen,"Notification: <*> (n.leader), <*> (n.zxid), <*> (n.round), <*> (n.state), <*> (n.sid), <*> (n.peerEPoch), <*> (my state)",1.7596666812896729,397,46
"Connection broken for id 3, my id = 1, error =","Connection broken for id <*>, my id = <*>, error =",Zookeeper,Unseen,"Connection broken for id <*>, my id = <*>, error =",1.1876120567321777,356,19
Server environment:java.vendor=Oracle Corporation,Server environment:<*>,Zookeeper,Unseen,Server environment:java.vendor=<*>,1.7770278453826904,349,11
******* GOODBYE /10.10.34.11:52264 ********,******* GOODBYE <*>:<*> ********,Zookeeper,Unseen,******* GOODBYE <*>:<*> ********,0.6541097164154053,357,12
******* GOODBYE /10.10.34.11:52308 ********,******* GOODBYE <*>:<*> ********,Zookeeper,Unseen,******* GOODBYE <*>:<*> ********,0.8072390556335449,357,12
******* GOODBYE /10.10.34.12:59060 ********,******* GOODBYE <*>:<*> ********,Zookeeper,Unseen,******* GOODBYE <*>:<*> ********,2.453826904296875,357,12
******* GOODBYE /10.10.34.12:59103 ********,******* GOODBYE <*>:<*> ********,Zookeeper,Unseen,******* GOODBYE <*>:<*> ********,1.0176382064819336,357,12
******* GOODBYE /10.10.34.13:57247 ********,******* GOODBYE <*>:<*> ********,Zookeeper,Unseen,******* GOODBYE <*>:<*> ********,0.9412364959716797,357,12
******* GOODBYE /10.10.34.13:57319 ********,******* GOODBYE <*>:<*> ********,Zookeeper,Unseen,******* GOODBYE <*>:<*> ********,1.4994442462921143,357,12
******* GOODBYE /10.10.34.11:52476 ********,******* GOODBYE <*>:<*> ********,Zookeeper,Unseen,******* GOODBYE <*>:<*> ********,1.1290438175201416,357,12
******* GOODBYE /10.10.34.12:59203 ********,******* GOODBYE <*>:<*> ********,Zookeeper,Unseen,******* GOODBYE <*>:<*> ********,1.539029598236084,357,12
******* GOODBYE /10.10.34.12:59211 ********,******* GOODBYE <*>:<*> ********,Zookeeper,Unseen,******* GOODBYE <*>:<*> ********,1.6167089939117432,357,12
******* GOODBYE /10.10.34.11:52502 ********,******* GOODBYE <*>:<*> ********,Zookeeper,Unseen,******* GOODBYE <*>:<*> ********,1.1385321617126465,357,12
******* GOODBYE /10.10.34.13:57458 ********,******* GOODBYE <*>:<*> ********,Zookeeper,Unseen,******* GOODBYE <*>:<*> ********,1.00462007522583,357,12
******* GOODBYE /10.10.34.13:57502 ********,******* GOODBYE <*>:<*> ********,Zookeeper,Unseen,******* GOODBYE <*>:<*> ********,0.9185411930084229,357,12
******* GOODBYE /10.10.34.11:52703 ********,******* GOODBYE <*>:<*> ********,Zookeeper,Unseen,******* GOODBYE <*>:<*> ********,1.5808074474334717,357,12
******* GOODBYE /10.10.34.12:59406 ********,******* GOODBYE <*>:<*> ********,Zookeeper,Unseen,******* GOODBYE <*>:<*> ********,1.0574536323547363,357,12
******* GOODBYE /10.10.34.13:57580 ********,******* GOODBYE <*>:<*> ********,Zookeeper,Unseen,******* GOODBYE <*>:<*> ********,1.1311755180358887,357,12
******* GOODBYE /10.10.34.11:52818 ********,******* GOODBYE <*>:<*> ********,Zookeeper,Unseen,******* GOODBYE <*>:<*> ********,1.6056900024414062,357,12
******* GOODBYE /10.10.34.11:52844 ********,******* GOODBYE <*>:<*> ********,Zookeeper,Unseen,******* GOODBYE <*>:<*> ********,1.452139139175415,357,12
******* GOODBYE /10.10.34.13:57653 ********,******* GOODBYE <*>:<*> ********,Zookeeper,Unseen,******* GOODBYE <*>:<*> ********,0.9806177616119385,357,12
"Connection broken for id 188978561024, my id = 2, error =","Connection broken for id <*>, my id = <*>, error =",Zookeeper,Unseen,"Connection broken for id <*>, my id = <*>, error =",1.2310678958892822,359,19
"Connection broken for id 188978561024, my id = 2, error =","Connection broken for id <*>, my id = <*>, error =",Zookeeper,Unseen,"Connection broken for id <*>, my id = <*>, error =",1.1901354789733887,359,19
"Connection broken for id 188978561024, my id = 2, error =","Connection broken for id <*>, my id = <*>, error =",Zookeeper,Unseen,"Connection broken for id <*>, my id = <*>, error =",1.858588457107544,359,19
"Connection broken for id 188978561024, my id = 2, error =","Connection broken for id <*>, my id = <*>, error =",Zookeeper,Unseen,"Connection broken for id <*>, my id = <*>, error =",1.6395459175109863,359,19
"Connection broken for id 188978561024, my id = 2, error =","Connection broken for id <*>, my id = <*>, error =",Zookeeper,Unseen,"Connection broken for id <*>, my id = <*>, error =",0.7675938606262207,359,19
"Connection broken for id 188978561024, my id = 2, error =","Connection broken for id <*>, my id = <*>, error =",Zookeeper,Unseen,"Connection broken for id <*>, my id = <*>, error =",0.5801007747650146,359,19
"Connection broken for id 188978561024, my id = 2, error =","Connection broken for id <*>, my id = <*>, error =",Zookeeper,Unseen,"Connection broken for id <*>, my id = <*>, error =",1.9291322231292725,359,19
"Connection broken for id 188978561024, my id = 2, error =","Connection broken for id <*>, my id = <*>, error =",Zookeeper,Unseen,"Connection broken for id <*>, my id = <*>, error =",0.8059360980987549,359,19
"Connection broken for id 188978561024, my id = 2, error =","Connection broken for id <*>, my id = <*>, error =",Zookeeper,Unseen,"Connection broken for id <*>, my id = <*>, error =",0.9272310733795166,359,19
"Connection broken for id 188978561024, my id = 2, error =","Connection broken for id <*>, my id = <*>, error =",Zookeeper,Unseen,"Connection broken for id <*>, my id = <*>, error =",1.4363982677459717,359,19
"Connection broken for id 188978561024, my id = 2, error =","Connection broken for id <*>, my id = <*>, error =",Zookeeper,Unseen,"Connection broken for id <*>, my id = <*>, error =",1.1916236877441406,359,19
"Connection broken for id 188978561024, my id = 2, error =","Connection broken for id <*>, my id = <*>, error =",Zookeeper,Unseen,"Connection broken for id <*>, my id = <*>, error =",1.5672974586486816,359,19
"Connection broken for id 188978561024, my id = 2, error =","Connection broken for id <*>, my id = <*>, error =",Zookeeper,Unseen,"Connection broken for id <*>, my id = <*>, error =",1.644249439239502,359,19
"Connection broken for id 188978561024, my id = 2, error =","Connection broken for id <*>, my id = <*>, error =",Zookeeper,Unseen,"Connection broken for id <*>, my id = <*>, error =",1.2107341289520264,359,19
"Connection broken for id 188978561024, my id = 2, error =","Connection broken for id <*>, my id = <*>, error =",Zookeeper,Unseen,"Connection broken for id <*>, my id = <*>, error =",0.9480159282684326,359,19
"Connection broken for id 188978561024, my id = 2, error =","Connection broken for id <*>, my id = <*>, error =",Zookeeper,Unseen,"Connection broken for id <*>, my id = <*>, error =",1.2822823524475098,359,19
"Connection broken for id 188978561024, my id = 2, error =","Connection broken for id <*>, my id = <*>, error =",Zookeeper,Unseen,"Connection broken for id <*>, my id = <*>, error =",0.8675408363342285,359,19
"Connection broken for id 188978561024, my id = 2, error =","Connection broken for id <*>, my id = <*>, error =",Zookeeper,Unseen,"Connection broken for id <*>, my id = <*>, error =",0.8503239154815674,359,19
"Connection broken for id 188978561024, my id = 2, error =","Connection broken for id <*>, my id = <*>, error =",Zookeeper,Unseen,"Connection broken for id <*>, my id = <*>, error =",0.8703644275665283,359,19
"Connection broken for id 188978561024, my id = 2, error =","Connection broken for id <*>, my id = <*>, error =",Zookeeper,Unseen,"Connection broken for id <*>, my id = <*>, error =",0.8566536903381348,359,19
"Connection broken for id 188978561024, my id = 2, error =","Connection broken for id <*>, my id = <*>, error =",Zookeeper,Unseen,"Connection broken for id <*>, my id = <*>, error =",0.9432523250579834,359,19
"Connection broken for id 188978561024, my id = 2, error =","Connection broken for id <*>, my id = <*>, error =",Zookeeper,Unseen,"Connection broken for id <*>, my id = <*>, error =",1.3469078540802002,359,19
"Connection broken for id 188978561024, my id = 2, error =","Connection broken for id <*>, my id = <*>, error =",Zookeeper,Unseen,"Connection broken for id <*>, my id = <*>, error =",1.0153896808624268,359,19
"Connection broken for id 188978561024, my id = 2, error =","Connection broken for id <*>, my id = <*>, error =",Zookeeper,Unseen,"Connection broken for id <*>, my id = <*>, error =",1.0014088153839111,359,19
"Connection broken for id 188978561024, my id = 2, error =","Connection broken for id <*>, my id = <*>, error =",Zookeeper,Unseen,"Connection broken for id <*>, my id = <*>, error =",1.6207261085510254,359,19
"Connection broken for id 188978561024, my id = 2, error =","Connection broken for id <*>, my id = <*>, error =",Zookeeper,Unseen,"Connection broken for id <*>, my id = <*>, error =",1.1939668655395508,359,19
"Connection broken for id 188978561024, my id = 2, error =","Connection broken for id <*>, my id = <*>, error =",Zookeeper,Unseen,"Connection broken for id <*>, my id = <*>, error =",1.781764030456543,359,19
"Connection broken for id 188978561024, my id = 2, error =","Connection broken for id <*>, my id = <*>, error =",Zookeeper,Unseen,"Connection broken for id <*>, my id = <*>, error =",1.0274035930633545,359,19
"Connection broken for id 188978561024, my id = 2, error =","Connection broken for id <*>, my id = <*>, error =",Zookeeper,Unseen,"Connection broken for id <*>, my id = <*>, error =",1.8465547561645508,359,19
"Connection broken for id 188978561024, my id = 2, error =","Connection broken for id <*>, my id = <*>, error =",Zookeeper,Unseen,"Connection broken for id <*>, my id = <*>, error =",1.048217535018921,359,19
"Connection broken for id 188978561024, my id = 2, error =","Connection broken for id <*>, my id = <*>, error =",Zookeeper,Unseen,"Connection broken for id <*>, my id = <*>, error =",1.6246211528778076,359,19
"Connection broken for id 188978561024, my id = 2, error =","Connection broken for id <*>, my id = <*>, error =",Zookeeper,Unseen,"Connection broken for id <*>, my id = <*>, error =",0.9064116477966309,359,19
"Connection broken for id 188978561024, my id = 2, error =","Connection broken for id <*>, my id = <*>, error =",Zookeeper,Unseen,"Connection broken for id <*>, my id = <*>, error =",1.00044846534729,359,19
"Connection broken for id 188978561024, my id = 2, error =","Connection broken for id <*>, my id = <*>, error =",Zookeeper,Unseen,"Connection broken for id <*>, my id = <*>, error =",0.8500988483428955,359,19
"Connection broken for id 188978561024, my id = 2, error =","Connection broken for id <*>, my id = <*>, error =",Zookeeper,Unseen,"Connection broken for id <*>, my id = <*>, error =",0.7667710781097412,359,19
"Connection broken for id 188978561024, my id = 2, error =","Connection broken for id <*>, my id = <*>, error =",Zookeeper,Unseen,"Connection broken for id <*>, my id = <*>, error =",1.0673208236694336,359,19
"Connection broken for id 188978561024, my id = 2, error =","Connection broken for id <*>, my id = <*>, error =",Zookeeper,Unseen,"Connection broken for id <*>, my id = <*>, error =",1.184046983718872,359,19
"Connection broken for id 188978561024, my id = 2, error =","Connection broken for id <*>, my id = <*>, error =",Zookeeper,Unseen,"Connection broken for id <*>, my id = <*>, error =",1.628180742263794,359,19
"Connection broken for id 188978561024, my id = 2, error =","Connection broken for id <*>, my id = <*>, error =",Zookeeper,Unseen,"Connection broken for id <*>, my id = <*>, error =",1.0566649436950684,359,19
"Connection broken for id 188978561024, my id = 2, error =","Connection broken for id <*>, my id = <*>, error =",Zookeeper,Unseen,"Connection broken for id <*>, my id = <*>, error =",0.6934845447540283,359,19
"Connection broken for id 188978561024, my id = 2, error =","Connection broken for id <*>, my id = <*>, error =",Zookeeper,Unseen,"Connection broken for id <*>, my id = <*>, error =",1.5271317958831787,359,19
"Connection broken for id 188978561024, my id = 2, error =","Connection broken for id <*>, my id = <*>, error =",Zookeeper,Unseen,"Connection broken for id <*>, my id = <*>, error =",1.1669795513153076,359,19
"Connection broken for id 188978561024, my id = 2, error =","Connection broken for id <*>, my id = <*>, error =",Zookeeper,Unseen,"Connection broken for id <*>, my id = <*>, error =",1.648756504058838,359,19
"Connection broken for id 188978561024, my id = 2, error =","Connection broken for id <*>, my id = <*>, error =",Zookeeper,Unseen,"Connection broken for id <*>, my id = <*>, error =",1.018895149230957,359,19
"Connection broken for id 188978561024, my id = 2, error =","Connection broken for id <*>, my id = <*>, error =",Zookeeper,Unseen,"Connection broken for id <*>, my id = <*>, error =",0.8522636890411377,359,19
"Connection broken for id 188978561024, my id = 2, error =","Connection broken for id <*>, my id = <*>, error =",Zookeeper,Unseen,"Connection broken for id <*>, my id = <*>, error =",0.8664968013763428,359,19
"Connection broken for id 188978561024, my id = 2, error =","Connection broken for id <*>, my id = <*>, error =",Zookeeper,Unseen,"Connection broken for id <*>, my id = <*>, error =",0.7797918319702148,359,19
"Connection broken for id 188978561024, my id = 2, error =","Connection broken for id <*>, my id = <*>, error =",Zookeeper,Unseen,"Connection broken for id <*>, my id = <*>, error =",1.110959768295288,359,19
"Connection broken for id 188978561024, my id = 2, error =","Connection broken for id <*>, my id = <*>, error =",Zookeeper,Unseen,"Connection broken for id <*>, my id = <*>, error =",0.832777738571167,359,19
"Connection broken for id 188978561024, my id = 2, error =","Connection broken for id <*>, my id = <*>, error =",Zookeeper,Unseen,"Connection broken for id <*>, my id = <*>, error =",0.9549453258514404,359,19
"Connection broken for id 188978561024, my id = 2, error =","Connection broken for id <*>, my id = <*>, error =",Zookeeper,Unseen,"Connection broken for id <*>, my id = <*>, error =",1.6012635231018066,359,19
"Connection broken for id 188978561024, my id = 2, error =","Connection broken for id <*>, my id = <*>, error =",Zookeeper,Unseen,"Connection broken for id <*>, my id = <*>, error =",1.373150110244751,359,19
"Connection broken for id 188978561024, my id = 2, error =","Connection broken for id <*>, my id = <*>, error =",Zookeeper,Unseen,"Connection broken for id <*>, my id = <*>, error =",1.325317621231079,359,19
"Connection broken for id 188978561024, my id = 2, error =","Connection broken for id <*>, my id = <*>, error =",Zookeeper,Unseen,"Connection broken for id <*>, my id = <*>, error =",0.6991565227508545,359,19
"Connection broken for id 188978561024, my id = 2, error =","Connection broken for id <*>, my id = <*>, error =",Zookeeper,Unseen,"Connection broken for id <*>, my id = <*>, error =",1.723902702331543,359,19
"Connection broken for id 188978561024, my id = 2, error =","Connection broken for id <*>, my id = <*>, error =",Zookeeper,Unseen,"Connection broken for id <*>, my id = <*>, error =",1.0405807495117188,359,19
"Connection broken for id 188978561024, my id = 2, error =","Connection broken for id <*>, my id = <*>, error =",Zookeeper,Unseen,"Connection broken for id <*>, my id = <*>, error =",0.9155309200286865,359,19
"Connection broken for id 188978561024, my id = 2, error =","Connection broken for id <*>, my id = <*>, error =",Zookeeper,Unseen,"Connection broken for id <*>, my id = <*>, error =",1.067101240158081,359,19
"Connection broken for id 188978561024, my id = 2, error =","Connection broken for id <*>, my id = <*>, error =",Zookeeper,Unseen,"Connection broken for id <*>, my id = <*>, error =",1.054485559463501,359,19
"Connection broken for id 188978561024, my id = 2, error =","Connection broken for id <*>, my id = <*>, error =",Zookeeper,Unseen,"Connection broken for id <*>, my id = <*>, error =",1.2340834140777588,359,19
"Connection broken for id 188978561024, my id = 2, error =","Connection broken for id <*>, my id = <*>, error =",Zookeeper,Unseen,"Connection broken for id <*>, my id = <*>, error =",1.0294742584228516,359,19
"Connection broken for id 188978561024, my id = 2, error =","Connection broken for id <*>, my id = <*>, error =",Zookeeper,Unseen,"Connection broken for id <*>, my id = <*>, error =",1.1037087440490723,359,19
"Connection broken for id 188978561024, my id = 2, error =","Connection broken for id <*>, my id = <*>, error =",Zookeeper,Unseen,"Connection broken for id <*>, my id = <*>, error =",1.0743727684020996,359,19
"Connection broken for id 188978561024, my id = 2, error =","Connection broken for id <*>, my id = <*>, error =",Zookeeper,Unseen,"Connection broken for id <*>, my id = <*>, error =",1.2090919017791748,359,19
"Connection broken for id 188978561024, my id = 2, error =","Connection broken for id <*>, my id = <*>, error =",Zookeeper,Unseen,"Connection broken for id <*>, my id = <*>, error =",1.9667069911956787,359,19
"Connection broken for id 188978561024, my id = 2, error =","Connection broken for id <*>, my id = <*>, error =",Zookeeper,Unseen,"Connection broken for id <*>, my id = <*>, error =",1.2275025844573975,359,19
"Connection broken for id 188978561024, my id = 2, error =","Connection broken for id <*>, my id = <*>, error =",Zookeeper,Unseen,"Connection broken for id <*>, my id = <*>, error =",0.6015706062316895,359,19
"Connection broken for id 188978561024, my id = 2, error =","Connection broken for id <*>, my id = <*>, error =",Zookeeper,Unseen,"Connection broken for id <*>, my id = <*>, error =",1.757796287536621,359,19
"Connection broken for id 188978561024, my id = 2, error =","Connection broken for id <*>, my id = <*>, error =",Zookeeper,Unseen,"Connection broken for id <*>, my id = <*>, error =",1.6090373992919922,359,19
"Connection broken for id 188978561024, my id = 2, error =","Connection broken for id <*>, my id = <*>, error =",Zookeeper,Unseen,"Connection broken for id <*>, my id = <*>, error =",4.171229600906372,359,19
"Connection broken for id 188978561024, my id = 2, error =","Connection broken for id <*>, my id = <*>, error =",Zookeeper,Unseen,"Connection broken for id <*>, my id = <*>, error =",2.9128077030181885,359,19
"Connection broken for id 188978561024, my id = 2, error =","Connection broken for id <*>, my id = <*>, error =",Zookeeper,Unseen,"Connection broken for id <*>, my id = <*>, error =",0.747687578201294,359,19
"Connection broken for id 188978561024, my id = 2, error =","Connection broken for id <*>, my id = <*>, error =",Zookeeper,Unseen,"Connection broken for id <*>, my id = <*>, error =",5.1917078495025635,359,19
"Connection broken for id 188978561024, my id = 2, error =","Connection broken for id <*>, my id = <*>, error =",Zookeeper,Unseen,"Connection broken for id <*>, my id = <*>, error =",1.4467835426330566,359,19
"Connection broken for id 188978561024, my id = 2, error =","Connection broken for id <*>, my id = <*>, error =",Zookeeper,Unseen,"Connection broken for id <*>, my id = <*>, error =",1.2163074016571045,359,19
"Connection broken for id 188978561024, my id = 2, error =","Connection broken for id <*>, my id = <*>, error =",Zookeeper,Unseen,"Connection broken for id <*>, my id = <*>, error =",1.3945496082305908,359,19
"Connection broken for id 188978561024, my id = 2, error =","Connection broken for id <*>, my id = <*>, error =",Zookeeper,Unseen,"Connection broken for id <*>, my id = <*>, error =",2.0736567974090576,359,19
"Connection broken for id 188978561024, my id = 2, error =","Connection broken for id <*>, my id = <*>, error =",Zookeeper,Unseen,"Connection broken for id <*>, my id = <*>, error =",0.9649605751037598,359,19
"Connection broken for id 188978561024, my id = 2, error =","Connection broken for id <*>, my id = <*>, error =",Zookeeper,Unseen,"Connection broken for id <*>, my id = <*>, error =",1.5887057781219482,359,19
"Connection broken for id 188978561024, my id = 2, error =","Connection broken for id <*>, my id = <*>, error =",Zookeeper,Unseen,"Connection broken for id <*>, my id = <*>, error =",1.0803534984588623,359,19
"Connection broken for id 188978561024, my id = 2, error =","Connection broken for id <*>, my id = <*>, error =",Zookeeper,Unseen,"Connection broken for id <*>, my id = <*>, error =",1.6228761672973633,359,19
"Connection broken for id 188978561024, my id = 2, error =","Connection broken for id <*>, my id = <*>, error =",Zookeeper,Unseen,"Connection broken for id <*>, my id = <*>, error =",1.2342369556427002,359,19
"Connection broken for id 188978561024, my id = 2, error =","Connection broken for id <*>, my id = <*>, error =",Zookeeper,Unseen,"Connection broken for id <*>, my id = <*>, error =",1.1273541450500488,359,19
"Connection broken for id 188978561024, my id = 2, error =","Connection broken for id <*>, my id = <*>, error =",Zookeeper,Unseen,"Connection broken for id <*>, my id = <*>, error =",1.5295782089233398,359,19
"Connection broken for id 188978561024, my id = 2, error =","Connection broken for id <*>, my id = <*>, error =",Zookeeper,Unseen,"Connection broken for id <*>, my id = <*>, error =",0.656090497970581,359,19
"Connection broken for id 188978561024, my id = 2, error =","Connection broken for id <*>, my id = <*>, error =",Zookeeper,Unseen,"Connection broken for id <*>, my id = <*>, error =",0.7031214237213135,359,19
"Connection broken for id 188978561024, my id = 2, error =","Connection broken for id <*>, my id = <*>, error =",Zookeeper,Unseen,"Connection broken for id <*>, my id = <*>, error =",1.6638758182525635,359,19
"Connection broken for id 188978561024, my id = 2, error =","Connection broken for id <*>, my id = <*>, error =",Zookeeper,Unseen,"Connection broken for id <*>, my id = <*>, error =",0.862144947052002,359,19
"Connection broken for id 188978561024, my id = 2, error =","Connection broken for id <*>, my id = <*>, error =",Zookeeper,Unseen,"Connection broken for id <*>, my id = <*>, error =",1.1664555072784424,359,19
"Connection broken for id 188978561024, my id = 2, error =","Connection broken for id <*>, my id = <*>, error =",Zookeeper,Unseen,"Connection broken for id <*>, my id = <*>, error =",1.5969772338867188,359,19
"Connection broken for id 188978561024, my id = 2, error =","Connection broken for id <*>, my id = <*>, error =",Zookeeper,Unseen,"Connection broken for id <*>, my id = <*>, error =",1.033372402191162,359,19
"Connection broken for id 188978561024, my id = 2, error =","Connection broken for id <*>, my id = <*>, error =",Zookeeper,Unseen,"Connection broken for id <*>, my id = <*>, error =",1.246528148651123,359,19
"Connection broken for id 188978561024, my id = 2, error =","Connection broken for id <*>, my id = <*>, error =",Zookeeper,Unseen,"Connection broken for id <*>, my id = <*>, error =",1.0266304016113281,359,19
"Connection broken for id 188978561024, my id = 2, error =","Connection broken for id <*>, my id = <*>, error =",Zookeeper,Unseen,"Connection broken for id <*>, my id = <*>, error =",1.557645559310913,359,19
"Connection broken for id 188978561024, my id = 2, error =","Connection broken for id <*>, my id = <*>, error =",Zookeeper,Unseen,"Connection broken for id <*>, my id = <*>, error =",1.033726453781128,359,19
"Connection broken for id 188978561024, my id = 2, error =","Connection broken for id <*>, my id = <*>, error =",Zookeeper,Unseen,"Connection broken for id <*>, my id = <*>, error =",1.4210305213928223,359,19
FOLLOWING,FOLLOWING,Zookeeper,Unseen,FOLLOWING,1.4129116535186768,343,6
Server environment:java.class.path=/etc/zookeeper/conf:/usr/share/java/jline.jar:/usr/share/java/log4j-1.2.jar:/usr/share/java/xercesImpl.jar:/usr/share/java/xmlParserAPIs.jar:/usr/share/java/netty.jar:/usr/share/java/slf4j-api.jar:/usr/share/java/slf4j-log4j12.jar:/usr/share/java/zookeeper.jar,Server environment:<*>,Zookeeper,Unseen,Server environment:java.class.path=<*>,1.8523075580596924,426,12
"Notification: 2 (n.leader), 0xa0000009a (n.zxid), 0x1 (n.round), FOLLOWING (n.state), 1 (n.sid), 0xa (n.peerEPoch), LEADING (my state)","Notification: <*> (n.leader), <*> (n.zxid), <*> (n.round), FOLLOWING (n.state), <*> (n.sid), <*> (n.peerEPoch), LEADING (my state)",Zookeeper,Unseen,"Notification: <*> (n.leader), <*> (n.zxid), <*> (n.round), <*> (n.state), <*> (n.sid), <*> (n.peerEPoch), <*> (my state)",1.9221076965332031,397,46
shutdown of request processor complete,shutdown of request processor complete,Zookeeper,Unseen,shutdown of request processor complete,1.4875545501708984,346,9
Exception causing close of session 0x0 due to java.io.IOException: ZooKeeperServer not running,Exception causing close of session <*> due to java.io.IOException: ZooKeeperServer not running,Zookeeper,Unseen,Exception causing close of session <*> due to java.io.IOException: ZooKeeperServer not running,1.2396385669708252,361,21
Exception causing close of session 0x0 due to java.io.IOException: ZooKeeperServer not running,Exception causing close of session <*> due to java.io.IOException: ZooKeeperServer not running,Zookeeper,Unseen,Exception causing close of session <*> due to java.io.IOException: ZooKeeperServer not running,0.8366882801055908,361,21
"Connection broken for id 188978561024, my id = 3, error =","Connection broken for id <*>, my id = <*>, error =",Zookeeper,Unseen,"Connection broken for id <*>, my id = <*>, error =",1.6320316791534424,359,19
"Connection broken for id 188978561024, my id = 3, error =","Connection broken for id <*>, my id = <*>, error =",Zookeeper,Unseen,"Connection broken for id <*>, my id = <*>, error =",0.8298649787902832,359,19
"Connection broken for id 188978561024, my id = 3, error =","Connection broken for id <*>, my id = <*>, error =",Zookeeper,Unseen,"Connection broken for id <*>, my id = <*>, error =",1.2910687923431396,359,19
"Connection broken for id 188978561024, my id = 3, error =","Connection broken for id <*>, my id = <*>, error =",Zookeeper,Unseen,"Connection broken for id <*>, my id = <*>, error =",1.6857695579528809,359,19
"Connection broken for id 188978561024, my id = 3, error =","Connection broken for id <*>, my id = <*>, error =",Zookeeper,Unseen,"Connection broken for id <*>, my id = <*>, error =",1.7006254196166992,359,19
"Connection broken for id 188978561024, my id = 3, error =","Connection broken for id <*>, my id = <*>, error =",Zookeeper,Unseen,"Connection broken for id <*>, my id = <*>, error =",1.5479683876037598,359,19
"Connection broken for id 188978561024, my id = 3, error =","Connection broken for id <*>, my id = <*>, error =",Zookeeper,Unseen,"Connection broken for id <*>, my id = <*>, error =",1.085951805114746,359,19
"Connection broken for id 188978561024, my id = 3, error =","Connection broken for id <*>, my id = <*>, error =",Zookeeper,Unseen,"Connection broken for id <*>, my id = <*>, error =",1.8548245429992676,359,19
"Connection broken for id 188978561024, my id = 3, error =","Connection broken for id <*>, my id = <*>, error =",Zookeeper,Unseen,"Connection broken for id <*>, my id = <*>, error =",1.2123172283172607,359,19
"Connection broken for id 188978561024, my id = 3, error =","Connection broken for id <*>, my id = <*>, error =",Zookeeper,Unseen,"Connection broken for id <*>, my id = <*>, error =",1.5857775211334229,359,19
"Connection broken for id 188978561024, my id = 3, error =","Connection broken for id <*>, my id = <*>, error =",Zookeeper,Unseen,"Connection broken for id <*>, my id = <*>, error =",0.9937758445739746,359,19
"Connection broken for id 188978561024, my id = 3, error =","Connection broken for id <*>, my id = <*>, error =",Zookeeper,Unseen,"Connection broken for id <*>, my id = <*>, error =",1.2278785705566406,359,19
"Connection broken for id 188978561024, my id = 3, error =","Connection broken for id <*>, my id = <*>, error =",Zookeeper,Unseen,"Connection broken for id <*>, my id = <*>, error =",1.2932589054107666,359,19
"Connection broken for id 188978561024, my id = 3, error =","Connection broken for id <*>, my id = <*>, error =",Zookeeper,Unseen,"Connection broken for id <*>, my id = <*>, error =",1.268455982208252,359,19
"Connection broken for id 188978561024, my id = 3, error =","Connection broken for id <*>, my id = <*>, error =",Zookeeper,Unseen,"Connection broken for id <*>, my id = <*>, error =",1.6204466819763184,359,19
"Connection broken for id 188978561024, my id = 3, error =","Connection broken for id <*>, my id = <*>, error =",Zookeeper,Unseen,"Connection broken for id <*>, my id = <*>, error =",8.519169092178345,359,19
"Connection broken for id 188978561024, my id = 3, error =","Connection broken for id <*>, my id = <*>, error =",Zookeeper,Unseen,"Connection broken for id <*>, my id = <*>, error =",1.262772560119629,359,19
"Connection broken for id 188978561024, my id = 3, error =","Connection broken for id <*>, my id = <*>, error =",Zookeeper,Unseen,"Connection broken for id <*>, my id = <*>, error =",1.2431247234344482,359,19
"Connection broken for id 188978561024, my id = 3, error =","Connection broken for id <*>, my id = <*>, error =",Zookeeper,Unseen,"Connection broken for id <*>, my id = <*>, error =",1.12965989112854,359,19
"Connection broken for id 188978561024, my id = 3, error =","Connection broken for id <*>, my id = <*>, error =",Zookeeper,Unseen,"Connection broken for id <*>, my id = <*>, error =",0.6821894645690918,359,19
"Connection broken for id 188978561024, my id = 3, error =","Connection broken for id <*>, my id = <*>, error =",Zookeeper,Unseen,"Connection broken for id <*>, my id = <*>, error =",1.6886510848999023,359,19
"Connection broken for id 188978561024, my id = 3, error =","Connection broken for id <*>, my id = <*>, error =",Zookeeper,Unseen,"Connection broken for id <*>, my id = <*>, error =",1.6560451984405518,359,19
"Connection broken for id 188978561024, my id = 3, error =","Connection broken for id <*>, my id = <*>, error =",Zookeeper,Unseen,"Connection broken for id <*>, my id = <*>, error =",1.6006650924682617,359,19
"Connection broken for id 188978561024, my id = 3, error =","Connection broken for id <*>, my id = <*>, error =",Zookeeper,Unseen,"Connection broken for id <*>, my id = <*>, error =",1.1952292919158936,359,19
"Connection broken for id 188978561024, my id = 3, error =","Connection broken for id <*>, my id = <*>, error =",Zookeeper,Unseen,"Connection broken for id <*>, my id = <*>, error =",1.076296329498291,359,19
"Connection broken for id 188978561024, my id = 3, error =","Connection broken for id <*>, my id = <*>, error =",Zookeeper,Unseen,"Connection broken for id <*>, my id = <*>, error =",1.5887844562530518,359,19
"Connection broken for id 188978561024, my id = 3, error =","Connection broken for id <*>, my id = <*>, error =",Zookeeper,Unseen,"Connection broken for id <*>, my id = <*>, error =",1.934603214263916,359,19
"Connection broken for id 188978561024, my id = 3, error =","Connection broken for id <*>, my id = <*>, error =",Zookeeper,Unseen,"Connection broken for id <*>, my id = <*>, error =",0.7577574253082275,359,19
"Connection broken for id 188978561024, my id = 3, error =","Connection broken for id <*>, my id = <*>, error =",Zookeeper,Unseen,"Connection broken for id <*>, my id = <*>, error =",14.8340744972229,359,19
"Connection broken for id 188978561024, my id = 3, error =","Connection broken for id <*>, my id = <*>, error =",Zookeeper,Unseen,"Connection broken for id <*>, my id = <*>, error =",0.80902099609375,359,19
"Connection broken for id 188978561024, my id = 3, error =","Connection broken for id <*>, my id = <*>, error =",Zookeeper,Unseen,"Connection broken for id <*>, my id = <*>, error =",1.5750484466552734,359,19
"Connection broken for id 188978561024, my id = 3, error =","Connection broken for id <*>, my id = <*>, error =",Zookeeper,Unseen,"Connection broken for id <*>, my id = <*>, error =",1.1326756477355957,359,19
"Connection broken for id 188978561024, my id = 3, error =","Connection broken for id <*>, my id = <*>, error =",Zookeeper,Unseen,"Connection broken for id <*>, my id = <*>, error =",1.5975358486175537,359,19
"Connection broken for id 188978561024, my id = 3, error =","Connection broken for id <*>, my id = <*>, error =",Zookeeper,Unseen,"Connection broken for id <*>, my id = <*>, error =",1.4294013977050781,359,19
"Connection broken for id 188978561024, my id = 3, error =","Connection broken for id <*>, my id = <*>, error =",Zookeeper,Unseen,"Connection broken for id <*>, my id = <*>, error =",0.6225004196166992,359,19
"Connection broken for id 188978561024, my id = 3, error =","Connection broken for id <*>, my id = <*>, error =",Zookeeper,Unseen,"Connection broken for id <*>, my id = <*>, error =",0.6819288730621338,359,19
"Connection broken for id 188978561024, my id = 3, error =","Connection broken for id <*>, my id = <*>, error =",Zookeeper,Unseen,"Connection broken for id <*>, my id = <*>, error =",1.0314295291900635,359,19
"Connection broken for id 188978561024, my id = 3, error =","Connection broken for id <*>, my id = <*>, error =",Zookeeper,Unseen,"Connection broken for id <*>, my id = <*>, error =",0.7639334201812744,359,19
"Connection broken for id 188978561024, my id = 3, error =","Connection broken for id <*>, my id = <*>, error =",Zookeeper,Unseen,"Connection broken for id <*>, my id = <*>, error =",0.7473092079162598,359,19
"Connection broken for id 188978561024, my id = 3, error =","Connection broken for id <*>, my id = <*>, error =",Zookeeper,Unseen,"Connection broken for id <*>, my id = <*>, error =",0.9882183074951172,359,19
"Connection broken for id 188978561024, my id = 3, error =","Connection broken for id <*>, my id = <*>, error =",Zookeeper,Unseen,"Connection broken for id <*>, my id = <*>, error =",1.831866979598999,359,19
"Connection broken for id 188978561024, my id = 3, error =","Connection broken for id <*>, my id = <*>, error =",Zookeeper,Unseen,"Connection broken for id <*>, my id = <*>, error =",1.642871618270874,359,19
"Connection broken for id 188978561024, my id = 3, error =","Connection broken for id <*>, my id = <*>, error =",Zookeeper,Unseen,"Connection broken for id <*>, my id = <*>, error =",1.082836627960205,359,19
"Connection broken for id 188978561024, my id = 3, error =","Connection broken for id <*>, my id = <*>, error =",Zookeeper,Unseen,"Connection broken for id <*>, my id = <*>, error =",1.029916763305664,359,19
"Connection broken for id 188978561024, my id = 3, error =","Connection broken for id <*>, my id = <*>, error =",Zookeeper,Unseen,"Connection broken for id <*>, my id = <*>, error =",1.1679599285125732,359,19
"Connection broken for id 188978561024, my id = 3, error =","Connection broken for id <*>, my id = <*>, error =",Zookeeper,Unseen,"Connection broken for id <*>, my id = <*>, error =",1.0468895435333252,359,19
"Connection broken for id 188978561024, my id = 3, error =","Connection broken for id <*>, my id = <*>, error =",Zookeeper,Unseen,"Connection broken for id <*>, my id = <*>, error =",1.2137281894683838,359,19
"Connection broken for id 188978561024, my id = 3, error =","Connection broken for id <*>, my id = <*>, error =",Zookeeper,Unseen,"Connection broken for id <*>, my id = <*>, error =",1.6549403667449951,359,19
"Connection broken for id 188978561024, my id = 3, error =","Connection broken for id <*>, my id = <*>, error =",Zookeeper,Unseen,"Connection broken for id <*>, my id = <*>, error =",1.5415334701538086,359,19
"Connection broken for id 188978561024, my id = 3, error =","Connection broken for id <*>, my id = <*>, error =",Zookeeper,Unseen,"Connection broken for id <*>, my id = <*>, error =",1.1717190742492676,359,19
"Connection broken for id 188978561024, my id = 3, error =","Connection broken for id <*>, my id = <*>, error =",Zookeeper,Unseen,"Connection broken for id <*>, my id = <*>, error =",4.105779647827148,359,19
"Connection broken for id 188978561024, my id = 3, error =","Connection broken for id <*>, my id = <*>, error =",Zookeeper,Unseen,"Connection broken for id <*>, my id = <*>, error =",1.1029059886932373,359,19
"Connection broken for id 188978561024, my id = 3, error =","Connection broken for id <*>, my id = <*>, error =",Zookeeper,Unseen,"Connection broken for id <*>, my id = <*>, error =",1.7346594333648682,359,19
"Connection broken for id 188978561024, my id = 3, error =","Connection broken for id <*>, my id = <*>, error =",Zookeeper,Unseen,"Connection broken for id <*>, my id = <*>, error =",0.8614087104797363,359,19
"Connection broken for id 188978561024, my id = 3, error =","Connection broken for id <*>, my id = <*>, error =",Zookeeper,Unseen,"Connection broken for id <*>, my id = <*>, error =",1.1021201610565186,359,19
"Connection broken for id 188978561024, my id = 3, error =","Connection broken for id <*>, my id = <*>, error =",Zookeeper,Unseen,"Connection broken for id <*>, my id = <*>, error =",1.2076704502105713,359,19
"Connection broken for id 188978561024, my id = 3, error =","Connection broken for id <*>, my id = <*>, error =",Zookeeper,Unseen,"Connection broken for id <*>, my id = <*>, error =",1.6186504364013672,359,19
"Connection broken for id 188978561024, my id = 3, error =","Connection broken for id <*>, my id = <*>, error =",Zookeeper,Unseen,"Connection broken for id <*>, my id = <*>, error =",1.6677346229553223,359,19
"Connection broken for id 188978561024, my id = 3, error =","Connection broken for id <*>, my id = <*>, error =",Zookeeper,Unseen,"Connection broken for id <*>, my id = <*>, error =",2.065817356109619,359,19
"Connection broken for id 188978561024, my id = 3, error =","Connection broken for id <*>, my id = <*>, error =",Zookeeper,Unseen,"Connection broken for id <*>, my id = <*>, error =",1.7215325832366943,359,19
"Connection broken for id 188978561024, my id = 3, error =","Connection broken for id <*>, my id = <*>, error =",Zookeeper,Unseen,"Connection broken for id <*>, my id = <*>, error =",1.0888128280639648,359,19
"Connection broken for id 188978561024, my id = 3, error =","Connection broken for id <*>, my id = <*>, error =",Zookeeper,Unseen,"Connection broken for id <*>, my id = <*>, error =",1.779928207397461,359,19
"Connection broken for id 188978561024, my id = 3, error =","Connection broken for id <*>, my id = <*>, error =",Zookeeper,Unseen,"Connection broken for id <*>, my id = <*>, error =",0.957735538482666,359,19
"Connection broken for id 188978561024, my id = 3, error =","Connection broken for id <*>, my id = <*>, error =",Zookeeper,Unseen,"Connection broken for id <*>, my id = <*>, error =",1.6290478706359863,359,19
"Connection broken for id 188978561024, my id = 3, error =","Connection broken for id <*>, my id = <*>, error =",Zookeeper,Unseen,"Connection broken for id <*>, my id = <*>, error =",1.5878546237945557,359,19
"Connection broken for id 188978561024, my id = 3, error =","Connection broken for id <*>, my id = <*>, error =",Zookeeper,Unseen,"Connection broken for id <*>, my id = <*>, error =",1.353362798690796,359,19
"Connection broken for id 188978561024, my id = 3, error =","Connection broken for id <*>, my id = <*>, error =",Zookeeper,Unseen,"Connection broken for id <*>, my id = <*>, error =",1.8225445747375488,359,19
"Connection broken for id 188978561024, my id = 3, error =","Connection broken for id <*>, my id = <*>, error =",Zookeeper,Unseen,"Connection broken for id <*>, my id = <*>, error =",1.1528346538543701,359,19
"Connection broken for id 188978561024, my id = 3, error =","Connection broken for id <*>, my id = <*>, error =",Zookeeper,Unseen,"Connection broken for id <*>, my id = <*>, error =",1.1584012508392334,359,19
"Connection broken for id 188978561024, my id = 3, error =","Connection broken for id <*>, my id = <*>, error =",Zookeeper,Unseen,"Connection broken for id <*>, my id = <*>, error =",1.4918103218078613,359,19
"Connection broken for id 188978561024, my id = 3, error =","Connection broken for id <*>, my id = <*>, error =",Zookeeper,Unseen,"Connection broken for id <*>, my id = <*>, error =",0.6832571029663086,359,19
"Connection broken for id 188978561024, my id = 3, error =","Connection broken for id <*>, my id = <*>, error =",Zookeeper,Unseen,"Connection broken for id <*>, my id = <*>, error =",1.0655982494354248,359,19
"Connection broken for id 188978561024, my id = 3, error =","Connection broken for id <*>, my id = <*>, error =",Zookeeper,Unseen,"Connection broken for id <*>, my id = <*>, error =",1.271559715270996,359,19
"Connection broken for id 188978561024, my id = 3, error =","Connection broken for id <*>, my id = <*>, error =",Zookeeper,Unseen,"Connection broken for id <*>, my id = <*>, error =",1.0136160850524902,359,19
"Connection broken for id 188978561024, my id = 3, error =","Connection broken for id <*>, my id = <*>, error =",Zookeeper,Unseen,"Connection broken for id <*>, my id = <*>, error =",1.0837831497192383,359,19
"Connection broken for id 188978561024, my id = 3, error =","Connection broken for id <*>, my id = <*>, error =",Zookeeper,Unseen,"Connection broken for id <*>, my id = <*>, error =",1.0515398979187012,359,19
"Connection broken for id 188978561024, my id = 3, error =","Connection broken for id <*>, my id = <*>, error =",Zookeeper,Unseen,"Connection broken for id <*>, my id = <*>, error =",1.2255041599273682,359,19
"Connection broken for id 188978561024, my id = 3, error =","Connection broken for id <*>, my id = <*>, error =",Zookeeper,Unseen,"Connection broken for id <*>, my id = <*>, error =",1.0157132148742676,359,19
"Connection broken for id 188978561024, my id = 3, error =","Connection broken for id <*>, my id = <*>, error =",Zookeeper,Unseen,"Connection broken for id <*>, my id = <*>, error =",0.8959953784942627,359,19
"Connection broken for id 188978561024, my id = 3, error =","Connection broken for id <*>, my id = <*>, error =",Zookeeper,Unseen,"Connection broken for id <*>, my id = <*>, error =",0.9552443027496338,359,19
"Connection broken for id 188978561024, my id = 3, error =","Connection broken for id <*>, my id = <*>, error =",Zookeeper,Unseen,"Connection broken for id <*>, my id = <*>, error =",1.540558099746704,359,19
"Connection broken for id 188978561024, my id = 3, error =","Connection broken for id <*>, my id = <*>, error =",Zookeeper,Unseen,"Connection broken for id <*>, my id = <*>, error =",1.1115360260009766,359,19
"Connection broken for id 188978561024, my id = 3, error =","Connection broken for id <*>, my id = <*>, error =",Zookeeper,Unseen,"Connection broken for id <*>, my id = <*>, error =",1.168609857559204,359,19
"Connection broken for id 188978561024, my id = 3, error =","Connection broken for id <*>, my id = <*>, error =",Zookeeper,Unseen,"Connection broken for id <*>, my id = <*>, error =",1.122936725616455,359,19
"Connection broken for id 188978561024, my id = 3, error =","Connection broken for id <*>, my id = <*>, error =",Zookeeper,Unseen,"Connection broken for id <*>, my id = <*>, error =",0.7715396881103516,359,19
"Connection broken for id 188978561024, my id = 3, error =","Connection broken for id <*>, my id = <*>, error =",Zookeeper,Unseen,"Connection broken for id <*>, my id = <*>, error =",1.6533212661743164,359,19
"Connection broken for id 188978561024, my id = 3, error =","Connection broken for id <*>, my id = <*>, error =",Zookeeper,Unseen,"Connection broken for id <*>, my id = <*>, error =",1.082233190536499,359,19
"Connection broken for id 188978561024, my id = 3, error =","Connection broken for id <*>, my id = <*>, error =",Zookeeper,Unseen,"Connection broken for id <*>, my id = <*>, error =",1.0486209392547607,359,19
"Connection broken for id 188978561024, my id = 3, error =","Connection broken for id <*>, my id = <*>, error =",Zookeeper,Unseen,"Connection broken for id <*>, my id = <*>, error =",1.0932724475860596,359,19
"Connection broken for id 188978561024, my id = 3, error =","Connection broken for id <*>, my id = <*>, error =",Zookeeper,Unseen,"Connection broken for id <*>, my id = <*>, error =",5.0520806312561035,359,19
"Connection broken for id 188978561024, my id = 3, error =","Connection broken for id <*>, my id = <*>, error =",Zookeeper,Unseen,"Connection broken for id <*>, my id = <*>, error =",0.9700393676757812,359,19
"Connection broken for id 188978561024, my id = 3, error =","Connection broken for id <*>, my id = <*>, error =",Zookeeper,Unseen,"Connection broken for id <*>, my id = <*>, error =",0.7177467346191406,359,19
"Connection broken for id 188978561024, my id = 3, error =","Connection broken for id <*>, my id = <*>, error =",Zookeeper,Unseen,"Connection broken for id <*>, my id = <*>, error =",1.07073974609375,359,19
"Connection broken for id 188978561024, my id = 3, error =","Connection broken for id <*>, my id = <*>, error =",Zookeeper,Unseen,"Connection broken for id <*>, my id = <*>, error =",1.123549461364746,359,19
"Connection broken for id 188978561024, my id = 3, error =","Connection broken for id <*>, my id = <*>, error =",Zookeeper,Unseen,"Connection broken for id <*>, my id = <*>, error =",1.2890100479125977,359,19
"Connection broken for id 188978561024, my id = 3, error =","Connection broken for id <*>, my id = <*>, error =",Zookeeper,Unseen,"Connection broken for id <*>, my id = <*>, error =",1.0612318515777588,359,19
"Connection broken for id 188978561024, my id = 3, error =","Connection broken for id <*>, my id = <*>, error =",Zookeeper,Unseen,"Connection broken for id <*>, my id = <*>, error =",1.1872835159301758,359,19
"Connection broken for id 188978561024, my id = 3, error =","Connection broken for id <*>, my id = <*>, error =",Zookeeper,Unseen,"Connection broken for id <*>, my id = <*>, error =",3.205399751663208,359,19
"Connection broken for id 188978561024, my id = 3, error =","Connection broken for id <*>, my id = <*>, error =",Zookeeper,Unseen,"Connection broken for id <*>, my id = <*>, error =",0.9507853984832764,359,19
"Connection broken for id 1, my id = 3, error =","Connection broken for id <*>, my id = <*>, error =",Zookeeper,Unseen,"Connection broken for id <*>, my id = <*>, error =",8.657811641693115,356,19
minSessionTimeout set to -1,minSessionTimeout set to <*>,Zookeeper,Unseen,minSessionTimeout set to <*>,1.1657657623291016,348,10
Server environment:os.name=Linux,Server environment:<*>,Zookeeper,Unseen,Server environment:os.name=<*>,1.104344129562378,348,11
Server environment:user.name=zookeeper,Server environment:<*>,Zookeeper,Unseen,Server environment:user.name=<*>,1.5666115283966064,347,10
minSessionTimeout set to -1,minSessionTimeout set to <*>,Zookeeper,Unseen,minSessionTimeout set to <*>,0.9473953247070312,348,10
Server environment:java.home=/usr/lib/jvm/java-7-openjdk-amd64/jre,Server environment:<*>,Zookeeper,Unseen,Server environment:java.home=<*>,0.9564757347106934,361,11
