Content,EventTemplate,Dataset,Category,GPT_Temp_4,GPT_Time_4,GPT_In_Tokens_4,GPT_Out_Tokens_4
"ARPT: 620896.311264: wl0: MDNS: 0 SRV Recs, 0 TXT Recs","ARPT: <*>: wl0: MDNS: <*> SRV Recs, <*> TXT Recs",Mac,Unseen,"ARPT: <*>: wl0: MDNS: <*> SRV Recs, <*> TXT Recs",1.102571725845337,369,25
[09:21:58.929] <<<< CRABS >>>> crabsFlumeHostAvailable: [0x7f961cf08cf0] Byte flume reports host available again.,[<*>:<*>:<*>] <<<< CRABS >>>> crabsFlumeHostAvailable: [<*>] Byte flume reports host available again.,Mac,Unseen,[<*>] <<<< CRABS >>>> crabsFlumeHostAvailable: [<*>] Byte flume reports host available again.,1.6089930534362793,381,33
"network_reachability_changed : network is not reachable, netbiosd is shutting down","network_reachability_changed : network is not reachable, netbiosd is shutting down",Mac,Unseen,"network_reachability_changed : network is not reachable, netbiosd is shutting down",0.9740397930145264,358,21
AppleThunderboltNHIType2::waitForOk2Go2Sx - intel_rp = 1 dlla_reporting_supported = 0,<*>::<*> - intel_rp = <*> dlla_reporting_supported = <*>,Mac,Unseen,AppleThunderboltNHIType2::waitForOk2Go2Sx - intel_rp = <*> dlla_reporting_supported = <*>,1.3256402015686035,371,32
AppleCamIn::wakeEventHandlerThread,AppleCamIn::wakeEventHandlerThread,Mac,Unseen,AppleCamIn::wakeEventHandlerThread,0.6120743751525879,349,12
"SOSAccountThisDeviceCanSyncWithCircle sync with device failure: Error Domain=com.apple.security.sos.error Code=1035 ""Account identity not set"" UserInfo={NSDescription=Account identity not set}","SOSAccountThisDeviceCanSyncWithCircle sync with device failure: Error Domain=com.apple.security.sos.error Code=<*> ""Account identity not set"" UserInfo={NSDescription=Account identity not set}",Mac,Unseen,"SOSAccountThisDeviceCanSyncWithCircle sync with device failure: Error Domain=<*> Code=<*> ""<*>"" UserInfo={<*>}",1.1458194255828857,382,32
"ARPT: 626126.086205: wl0: setup_keepalive: interval 900, retry_interval 30, retry_count 10","ARPT: <*>: wl0: setup_keepalive: interval <*>, retry_interval <*>, retry_count <*>",Mac,Unseen,"ARPT: <*>: wl0: setup_keepalive: interval <*>, retry_interval <*>, retry_count <*>",1.2103300094604492,371,28
__42-[NETClientConnection evaluateCrazyIvan46]_block_invoke CI46 - Hit by torpedo! QQ.10018 tc19060 125.39.133.143:14000,<*>-[NETClientConnection <*>]_block_invoke CI46 - Hit by torpedo! <*> <*> <*>:<*>,Mac,Unseen,__<*>-[NETClientConnection evaluateCrazyIvan46]_block_invoke CI46 - Hit by torpedo! QQ.<*> tc<*> <*>:<*>,0.9326972961425781,381,36
CCXPCService::setStreamEventHandler Registered for notification callback.,CCXPCService::setStreamEventHandler Registered for notification callback.,Mac,Unseen,CCXPCService::setStreamEventHandler Registered for notification callback.,0.9043328762054443,354,18
"SOSAccountThisDeviceCanSyncWithCircle sync with device failure: Error Domain=com.apple.security.sos.error Code=1035 ""Account identity not set"" UserInfo={NSDescription=Account identity not set}","SOSAccountThisDeviceCanSyncWithCircle sync with device failure: Error Domain=com.apple.security.sos.error Code=<*> ""Account identity not set"" UserInfo={NSDescription=Account identity not set}",Mac,Unseen,"SOSAccountThisDeviceCanSyncWithCircle sync with device failure: Error Domain=<*> Code=<*> ""<*>"" UserInfo={<*>=<*>}",5.357124090194702,382,35
AppleCamIn::wakeEventHandlerThread,AppleCamIn::wakeEventHandlerThread,Mac,Unseen,AppleCamIn::wakeEventHandlerThread,0.886082649230957,349,12
"ARPT: 626908.045241: wl0: setup_keepalive: interval 900, retry_interval 30, retry_count 10","ARPT: <*>: wl0: setup_keepalive: interval <*>, retry_interval <*>, retry_count <*>",Mac,Unseen,"ARPT: <*>: wl0: setup_keepalive: interval <*>, retry_interval <*>, retry_count <*>",0.9296038150787354,371,28
RTC: PowerByCalendarDate setting ignored,RTC: PowerByCalendarDate setting ignored,Mac,Unseen,RTC: PowerByCalendarDate setting ignored,0.6699566841125488,349,12
Location icon should now be in state 'Active',Location icon should now be in state 'Active',Mac,Unseen,Location icon should now be in state '<*>',0.8480675220489502,350,14
PMStats: Hibernate read took 197 ms,PMStats: Hibernate read took <*> ms,Mac,Unseen,PMStats: Hibernate read took <*> ms,1.5436487197875977,350,12
"SOSAccountThisDeviceCanSyncWithCircle sync with device failure: Error Domain=com.apple.security.sos.error Code=1035 ""Account identity not set"" UserInfo={NSDescription=Account identity not set}","SOSAccountThisDeviceCanSyncWithCircle sync with device failure: Error Domain=com.apple.security.sos.error Code=<*> ""Account identity not set"" UserInfo={NSDescription=Account identity not set}",Mac,Unseen,"SOSAccountThisDeviceCanSyncWithCircle sync with device failure: Error Domain=<*> Code=<*> ""<*>"" UserInfo={<*>}",3.018460750579834,382,32
[com.apple.calendar.store.log.caldav.coredav] [Refusing to parse response to PROPPATCH because of content-type: [text/html; charset=UTF-8].],[com.apple.calendar.store.log.caldav.coredav] [Refusing to parse response to PROPPATCH because of content-type: [text/html; charset=UTF-<*>].],Mac,Unseen,[com.apple.calendar.store.log.caldav.coredav] [Refusing to parse response to PROPPATCH because of content-type: [<*>].],1.1027247905731201,378,37
"NETWORK: requery, 0, 0, 0, 0, 250, items, fQueryRetries, 0, fLastRetryTimestamp, 520665636.6","NETWORK: requery, <*>, <*>, <*>, <*>, <*>, items, fQueryRetries, <*>, fLastRetryTimestamp, <*>",Mac,Unseen,"NETWORK: requery, <*>, <*>, <*>, <*>, <*>, items, fQueryRetries, <*>, fLastRetryTimestamp, <*>",1.4057331085205078,381,39
Wake reason: RTC (Alarm),Wake reason: RTC (Alarm),Mac,Unseen,Wake reason: <*> (<*>),0.8162474632263184,347,11
"NETWORK: requery, 0, 0, 0, 0, 250, items, fQueryRetries, 0, fLastRetryTimestamp, 520708962.7","NETWORK: requery, <*>, <*>, <*>, <*>, <*>, items, fQueryRetries, <*>, fLastRetryTimestamp, <*>",Mac,Unseen,"NETWORK: requery, <*>, <*>, <*>, <*>, <*>, items, fQueryRetries, <*>, fLastRetryTimestamp, <*>",1.1867995262145996,381,39
"ARPT: 645791.413780: IOPMPowerSource Information: onSleep,  SleepType: Normal Sleep,  'ExternalConnected': No, 'TimeRemaining': 156,","ARPT: <*>: IOPMPowerSource Information: onSleep, SleepType: Normal Sleep, 'ExternalConnected': No, 'TimeRemaining': <*>,",Mac,Unseen,"ARPT: <*>: IOPMPowerSource Information: onSleep, SleepType: Normal Sleep, 'ExternalConnected': <*>, 'TimeRemaining': <*>,",0.9401688575744629,381,39
Captive: CNPluginHandler en0: Authenticated,Captive: CNPluginHandler en0: Authenticated,Mac,Unseen,Captive: CNPluginHandler <*>: Authenticated,1.065396785736084,352,14
Location icon should now be in state 'Active',Location icon should now be in state 'Active',Mac,Unseen,Location icon should now be in state '<*>',0.9839990139007568,350,14
"ARPT: 646292.668059: wl0: MDNS: 0 SRV Recs, 0 TXT Recs","ARPT: <*>: wl0: MDNS: <*> SRV Recs, <*> TXT Recs",Mac,Unseen,"ARPT: <*>: wl0: MDNS: <*> SRV Recs, <*> TXT Recs",1.833613395690918,369,25
Location icon should now be in state 'Active',Location icon should now be in state 'Active',Mac,Unseen,Location icon should now be in state '<*>',0.9258480072021484,350,14
Location icon should now be in state 'Active',Location icon should now be in state 'Active',Mac,Unseen,Location icon should now be in state '<*>',1.3633410930633545,350,14
"SOSAccountThisDeviceCanSyncWithCircle sync with device failure: Error Domain=com.apple.security.sos.error Code=1035 ""Account identity not set"" UserInfo={NSDescription=Account identity not set}","SOSAccountThisDeviceCanSyncWithCircle sync with device failure: Error Domain=com.apple.security.sos.error Code=<*> ""Account identity not set"" UserInfo={NSDescription=Account identity not set}",Mac,Unseen,"SOSAccountThisDeviceCanSyncWithCircle sync with device failure: Error Domain=<*> Code=<*> ""<*>"" UserInfo={<*>=<*>}",1.4995603561401367,382,35
2017-07-02 15:46:41.445 ksfetch[32435/0x7fff79824000] [lvl=2] main() ksfetch fetching URL (<NSMutableURLRequest: 0x1005110b0> { URL: https://tools.google.com/service/update2?cup2hreq=53f725cf03f511fab16f19e789ce64aa1eed72395fc246e9f1100748325002f4&cup2key=7:1132320327 }) to folder:/tmp/KSOutOfProcessFetcher.YH2CjY1tnx/download,<*>-<*>-<*> <*>:<*>:<*> ksfetch[<*>/<*>] [lvl=<*>] main() ksfetch fetching URL (<NSMutableURLRequest: <*> { URL: <*> }) to folder:<*>,Mac,Unseen,<*> <*> ksfetch[<*>/<*>] [lvl=<*>] main() ksfetch fetching URL (<*> { URL: <*> }) to folder:<*>,1.9801945686340332,475,37
Location icon should now be in state 'Active',Location icon should now be in state 'Active',Mac,Unseen,Location icon should now be in state '<*>',0.9402327537536621,350,14
Location icon should now be in state 'Active',Location icon should now be in state 'Active',Mac,Unseen,Location icon should now be in state '<*>',1.257399320602417,350,14
AppleThunderboltNHIType2::waitForOk2Go2Sx - intel_rp = 1 dlla_reporting_supported = 0,<*>::<*> - intel_rp = <*> dlla_reporting_supported = <*>,Mac,Unseen,AppleThunderboltNHIType2::waitForOk2Go2Sx - intel_rp = <*> dlla_reporting_supported = <*>,0.8820271492004395,371,32
CCXPCService::setStreamEventHandler Registered for notification callback.,CCXPCService::setStreamEventHandler Registered for notification callback.,Mac,Unseen,CCXPCService::setStreamEventHandler Registered for notification callback.,0.7499535083770752,354,18
"ARPT: 661856.313502: wl0: MDNS: 0 SRV Recs, 0 TXT Recs","ARPT: <*>: wl0: MDNS: <*> SRV Recs, <*> TXT Recs",Mac,Unseen,"ARPT: <*>: wl0: MDNS: <*> SRV Recs, <*> TXT Recs",1.4050581455230713,369,25
AppleThunderboltNHIType2::waitForOk2Go2Sx - intel_rp = 1 dlla_reporting_supported = 0,<*>::<*> - intel_rp = <*> dlla_reporting_supported = <*>,Mac,Unseen,AppleThunderboltNHIType2::waitForOk2Go2Sx - intel_rp = <*> dlla_reporting_supported = <*>,1.1458725929260254,371,32
AppleCamIn::wakeEventHandlerThread,AppleCamIn::wakeEventHandlerThread,Mac,Unseen,AppleCamIn::wakeEventHandlerThread,3.5124406814575195,349,12
Location icon should now be in state 'Active',Location icon should now be in state 'Active',Mac,Unseen,Location icon should now be in state '<*>',1.5786571502685547,350,14
"PBRequester failed with Error Error Domain=NSURLErrorDomain Code=-1009 ""The Internet connection appears to be offline."" UserInfo={NSUnderlyingError=0x7fe13512cf70 {Error Domain=kCFErrorDomainCFNetwork Code=-1009 ""The Internet connection appears to be offline."" UserInfo={NSErrorFailingURLStringKey=https://gsp-ssl.ls.apple.com/dispatcher.arpc, NSErrorFailingURLKey=https://gsp-ssl.ls.apple.com/dispatcher.arpc, _kCFStreamErrorCodeKey=8, _kCFStreamErrorDomainKey=12, NSLocalizedDescription=The Internet connection appears to be offline.}}, NSErrorFailingURLStringKey=https://gsp-ssl.ls.apple.com/dispatcher.arpc, NSErrorFailingURLKey=https://gsp-ssl.ls.apple.com/dispatcher.arpc, _kCFStreamErrorDomainKey=12, _kCFStreamErrorCodeKey=8, NSLocalizedDescription=The Internet connection appears to be offline.}","PBRequester failed with Error Error Domain=NSURLErrorDomain Code=<*> ""The Internet connection appears to be offline."" UserInfo={NSUnderlyingError=<*> {Error Domain=kCFErrorDomainCFNetwork Code=<*> ""The Internet connection appears to be offline."" UserInfo={NSErrorFailingURLStringKey=<*>, NSErrorFailingURLKey=<*>, _kCFStreamErrorCodeKey=<*>, _kCFStreamErrorDomainKey=<*>, NSLocalizedDescription=The Internet connection appears to be offline.}}, NSErrorFailingURLStringKey=<*>, NSErrorFailingURLKey=<*>, _kCFStreamErrorDomainKey=<*>, _kCFStreamErrorCodeKey=<*>, NSLocalizedDescription=The Internet connection appears to be offline.}",Mac,Unseen,"PBRequester failed with Error Error Domain=<*> Code=<*> ""<*>"" UserInfo={NSUnderlyingError=<*> {Error Domain=<*> Code=<*> ""<*>"" UserInfo={NSErrorFailingURLStringKey=<*>, NSErrorFailingURLKey=<*>, _kCFStreamErrorCodeKey=<*>, _kCFStreamErrorDomainKey=<*>, NSLocalizedDescription=<*>}}, NSErrorFailingURLStringKey=<*>, NSErrorFailingURLKey=<*>, _kCFStreamErrorDomainKey=<*>, _kCFStreamErrorCodeKey=<*>, NSLocalizedDescription=<*>}",2.1809163093566895,551,125
Location icon should now be in state 'Active',Location icon should now be in state 'Active',Mac,Unseen,Location icon should now be in state '<*>',1.0916833877563477,350,14
"SOSAccountThisDeviceCanSyncWithCircle sync with device failure: Error Domain=com.apple.security.sos.error Code=1035 ""Account identity not set"" UserInfo={NSDescription=Account identity not set}","SOSAccountThisDeviceCanSyncWithCircle sync with device failure: Error Domain=com.apple.security.sos.error Code=<*> ""Account identity not set"" UserInfo={NSDescription=Account identity not set}",Mac,Unseen,"SOSAccountThisDeviceCanSyncWithCircle sync with device failure: Error Domain=<*> Code=<*> ""<*>"" UserInfo={<*>}",1.0934321880340576,382,32
"Configuration Notice: ASL Module ""com.apple.performance"" claims selected messages. Those messages may not appear in standard system log files or in the ASL database.","Configuration Notice: ASL Module ""<*>"" claims selected messages. Those messages may not appear in standard system log files or in the ASL database.",Mac,Unseen,"Configuration Notice: ASL Module ""<*>"" claims selected messages. Those messages may not appear in standard system log files or in the ASL database.",0.8949606418609619,372,34
"ARPT: 671856.784669: IOPMPowerSource Information: onSleep,  SleepType: Normal Sleep,  'ExternalConnected': No, 'TimeRemaining': 18011,","ARPT: <*>: IOPMPowerSource Information: onSleep, SleepType: Normal Sleep, 'ExternalConnected': No, 'TimeRemaining': <*>,",Mac,Unseen,"ARPT: <*>: IOPMPowerSource Information: onSleep, SleepType: Normal Sleep, 'ExternalConnected': No, 'TimeRemaining': <*>,",1.067439317703247,382,38
"ARPT: 672041.595629: wl0: setup_keepalive: interval 258, retry_interval 30, retry_count 10","ARPT: <*>: wl0: setup_keepalive: interval <*>, retry_interval <*>, retry_count <*>",Mac,Unseen,"ARPT: <*>: wl0: setup_keepalive: interval <*>, retry_interval <*>, retry_count <*>",1.2832403182983398,371,28
"ARPT: 672113.005012: wl0: setup_keepalive: interval 258, retry_interval 30, retry_count 10","ARPT: <*>: wl0: setup_keepalive: interval <*>, retry_interval <*>, retry_count <*>",Mac,Unseen,"ARPT: <*>: wl0: setup_keepalive: interval <*>, retry_interval <*>, retry_count <*>",0.9873504638671875,371,28
AppleCamIn::wakeEventHandlerThread,AppleCamIn::wakeEventHandlerThread,Mac,Unseen,AppleCamIn::wakeEventHandlerThread,1.5212063789367676,349,12
"NETWORK: requery, 0, 0, 0, 0, 252, items, fQueryRetries, 0, fLastRetryTimestamp, 520765684.9","NETWORK: requery, <*>, <*>, <*>, <*>, <*>, items, fQueryRetries, <*>, fLastRetryTimestamp, <*>",Mac,Unseen,"NETWORK: requery, <*>, <*>, <*>, <*>, <*>, items, fQueryRetries, <*>, fLastRetryTimestamp, <*>",0.8954918384552002,381,39
AppleCamIn::wakeEventHandlerThread,AppleCamIn::wakeEventHandlerThread,Mac,Unseen,AppleCamIn::<*>,1.4348046779632568,349,9
RTC: PowerByCalendarDate setting ignored,RTC: PowerByCalendarDate setting ignored,Mac,Unseen,RTC: PowerByCalendarDate setting ignored,1.6286230087280273,349,12
"ARPT: 672922.026642: wl0: MDNS: 0 SRV Recs, 0 TXT Recs","ARPT: <*>: wl0: MDNS: <*> SRV Recs, <*> TXT Recs",Mac,Unseen,"ARPT: <*>: wl0: MDNS: <*> SRV Recs, <*> TXT Recs",1.100116491317749,369,25
"NETWORK: requery, 0, 0, 0, 0, 252, items, fQueryRetries, 0, fLastRetryTimestamp, 520783088.4","NETWORK: requery, <*>, <*>, <*>, <*>, <*>, items, fQueryRetries, <*>, fLastRetryTimestamp, <*>",Mac,Unseen,"NETWORK: requery, <*>, <*>, <*>, <*>, <*>, items, fQueryRetries, <*>, fLastRetryTimestamp, <*>",1.145082950592041,381,39
"ARPT: 673399.580233: IOPMPowerSource Information: onSleep,  SleepType: Normal Sleep,  'ExternalConnected': No, 'TimeRemaining': 13027,","ARPT: <*>: IOPMPowerSource Information: onSleep, SleepType: Normal Sleep, 'ExternalConnected': No, 'TimeRemaining': <*>,",Mac,Unseen,"ARPT: <*>: IOPMPowerSource Information: onSleep, SleepType: Normal Sleep, 'ExternalConnected': No, 'TimeRemaining': <*>,",1.325453519821167,382,38
"ARPT: 673493.721766: wl0: MDNS: 0 SRV Recs, 0 TXT Recs","ARPT: <*>: wl0: MDNS: <*> SRV Recs, <*> TXT Recs",Mac,Unseen,"ARPT: <*>: wl0: MDNS: <*> SRV Recs, <*> TXT Recs",1.1032519340515137,369,25
AppleCamIn::wakeEventHandlerThread,AppleCamIn::wakeEventHandlerThread,Mac,Unseen,AppleCamIn::wakeEventHandlerThread,0.8848412036895752,349,12
[11:31:49.593] itemasync_CopyProperty signalled err=-12785 (kFigBaseObjectError_Invalidated) (invalidated) at /Library/Caches/com.apple.xbs/Sources/CoreMedia/CoreMedia-1731.15.207/Prototypes/Player/FigPlayer_Async.c line 2092,[<*>:<*>:<*>] itemasync_CopyProperty signalled err=<*> (kFigBaseObjectError_Invalidated) (invalidated) at <*> line <*>,Mac,Unseen,[<*>] <*> signalled err=<*> (<*>) (<*>) at <*> line <*>,1.0389561653137207,410,24
[11:34:44.290] itemasync_CopyProperty signalled err=-12785 (kFigBaseObjectError_Invalidated) (invalidated) at /Library/Caches/com.apple.xbs/Sources/CoreMedia/CoreMedia-1731.15.207/Prototypes/Player/FigPlayer_Async.c line 2092,[<*>:<*>:<*>] itemasync_CopyProperty signalled err=<*> (kFigBaseObjectError_Invalidated) (invalidated) at <*> line <*>,Mac,Unseen,[<*>] itemasync_CopyProperty signalled err=<*> (<*>) (<*>) at <*> line <*>,1.4260594844818115,410,27
[11:58:36.563] itemasync_CopyProperty signalled err=-12785 (kFigBaseObjectError_Invalidated) (invalidated) at /Library/Caches/com.apple.xbs/Sources/CoreMedia/CoreMedia-1731.15.207/Prototypes/Player/FigPlayer_Async.c line 2092,[<*>:<*>:<*>] itemasync_CopyProperty signalled err=<*> (kFigBaseObjectError_Invalidated) (invalidated) at <*> line <*>,Mac,Unseen,[<*>] itemasync_CopyProperty signalled err=<*> (<*>) (<*>) at <*> line <*>,1.077958106994629,410,27
[12:11:47.043] itemasync_CopyProperty signalled err=-12785 (kFigBaseObjectError_Invalidated) (invalidated) at /Library/Caches/com.apple.xbs/Sources/CoreMedia/CoreMedia-1731.15.207/Prototypes/Player/FigPlayer_Async.c line 2092,[<*>:<*>:<*>] itemasync_CopyProperty signalled err=<*> (kFigBaseObjectError_Invalidated) (invalidated) at <*> line <*>,Mac,Unseen,[<*>] <*> signalled err=<*> (<*>) (<*>) at <*> line <*>,3.5612025260925293,410,24
"Unexpected payload found for message 9, dataLen 0","Unexpected payload found for message <*>, dataLen <*>",Mac,Unseen,"Unexpected payload found for message <*>, dataLen <*>",0.9944741725921631,353,15
Internal name did not resolve to internal address!,Internal name did not resolve to internal address!,Mac,Unseen,Internal name did not resolve to internal address!,2.573690414428711,349,13
__42-[NETClientConnection evaluateCrazyIvan46]_block_invoke CI46 - Hit by torpedo! QQ.10018 tc20795 14.17.42.14:14000,<*>-[NETClientConnection <*>]_block_invoke CI46 - Hit by torpedo! <*> <*> <*>:<*>,Mac,Unseen,__<*>-[NETClientConnection evaluateCrazyIvan46]_block_invoke CI46 - Hit by torpedo! QQ.<*> tc<*> <*>:<*>,0.976954460144043,381,36
"CCFile::copyFile fileName is [2017-07-03_13,48,39.308188]-io80211Family-002.pcapng, source path:/var/log/CoreCapture/com.apple.iokit.IO80211Family/IO80211AWDLPeerManager//[2017-07-03_13,48,39.308188]-io80211Family-002.pcapng, dest path:/Library/Logs/CrashReporter/CoreCapture/com.apple.iokit.IO80211Family/[2017-07-03_13,50,14.954481]=AssocFail:sts:2_rsn:0/IO80211AWDLPeerManager//[2017-07-03_13,48,39.308188]-io80211Family-002.pcapng","CCFile::copyFile fileName is [<*>-<*>-<*>,<*>,<*>]-<*>, source path:<*>, dest path:<*>",Mac,Unseen,"CCFile::copyFile fileName is [<*>]-io80211Family-<*>.pcapng, source path:<*>/[<*>]-io80211Family-<*>.pcapng, dest path:<*>/[<*>]=AssocFail:sts:<*>_rsn:<*>/<*>//[<*>]-io80211Family-<*>.pcapng",1.9254605770111084,508,85
"SOSAccountThisDeviceCanSyncWithCircle sync with device failure: Error Domain=com.apple.security.sos.error Code=1035 ""Account identity not set"" UserInfo={NSDescription=Account identity not set}","SOSAccountThisDeviceCanSyncWithCircle sync with device failure: Error Domain=com.apple.security.sos.error Code=<*> ""Account identity not set"" UserInfo={NSDescription=Account identity not set}",Mac,Unseen,"SOSAccountThisDeviceCanSyncWithCircle sync with device failure: Error Domain=<*> Code=<*> ""<*>"" UserInfo={<*>=<*>}",1.2477221488952637,382,35
"<<<< FigByteStream >>>> FigByteStreamStatsLogOneRead: ByteStream read of 4812 bytes @ 358800 took 1.053312 secs. to complete, 5 reads >= 1 sec.","<<<< FigByteStream >>>> FigByteStreamStatsLogOneRead: ByteStream read of <*> bytes @ <*> took <*> <*> to complete, <*> reads >= <*> sec.",Mac,Unseen,"<<<< FigByteStream >>>> FigByteStreamStatsLogOneRead: ByteStream read of <*> bytes @ <*> took <*> secs. to complete, <*> reads >= <*> sec.",1.391118049621582,385,39
AppleThunderboltNHIType2::waitForOk2Go2Sx - intel_rp = 1 dlla_reporting_supported = 0,<*>::<*> - intel_rp = <*> dlla_reporting_supported = <*>,Mac,Unseen,AppleThunderboltNHIType2::waitForOk2Go2Sx - intel_rp = <*> dlla_reporting_supported = <*>,0.9602186679840088,371,32
AppleCamIn::wakeEventHandlerThread,AppleCamIn::wakeEventHandlerThread,Mac,Unseen,AppleCamIn::wakeEventHandlerThread,3.6769752502441406,349,12
"CCFile::copyFile fileName is [2017-07-03_15,47,15.246620]-AirPortBrcm4360_Logs-007.txt, source path:/var/log/CoreCapture/com.apple.driver.AirPort.Brcm4360.0/DriverLogs//[2017-07-03_15,47,15.246620]-AirPortBrcm4360_Logs-007.txt, dest path:/Library/Logs/CrashReporter/CoreCapture/com.apple.driver.AirPort.Brcm4360.0/[2017-07-03_15,47,15.349129]=AuthFail:sts:5_rsn:0/DriverLogs//[2017-07-03_15,47,15.246620]-AirPortBrcm4360_Logs-007.txt","CCFile::copyFile fileName is [<*>-<*>-<*>,<*>,<*>]-<*>, source path:<*>, dest path:<*>",Mac,Unseen,"CCFile::copyFile fileName is [<*>]-AirPortBrcm4360_Logs-<*>.txt, source path:<*>/[<*>]-AirPortBrcm4360_Logs-<*>.txt, dest path:<*>/[<*>]=AuthFail:sts:<*>_rsn:<*>/DriverLogs//[<*>]-AirPortBrcm4360_Logs-<*>.txt",2.336486339569092,517,95
"<<<< FigByteStream >>>> FigByteStreamStatsLogOneRead: ByteStream read of 4321 bytes @ 48 took 0.607292 sec. to complete, 7 reads >= 0.5 sec.","<<<< FigByteStream >>>> FigByteStreamStatsLogOneRead: ByteStream read of <*> bytes @ <*> took <*> <*> to complete, <*> reads >= <*> sec.",Mac,Unseen,"<<<< FigByteStream >>>> FigByteStreamStatsLogOneRead: ByteStream read of <*> bytes @ <*> took <*> sec. to complete, <*> reads >= <*> sec.",1.0066194534301758,386,39
AppleCamIn::wakeEventHandlerThread,AppleCamIn::wakeEventHandlerThread,Mac,Unseen,AppleCamIn::wakeEventHandlerThread,0.6020321846008301,349,12
"CCFile::copyFile fileName is [2017-07-03_16,06,19.861073]-CCIOReporter-008.xml, source path:/var/log/CoreCapture/com.apple.iokit.IO80211Family/OneStats//[2017-07-03_16,06,19.861073]-CCIOReporter-008.xml, dest path:/Library/Logs/CrashReporter/CoreCapture/com.apple.iokit.IO80211Family/[2017-07-03_16,07,33.914349]=AuthFail:sts:5_rsn:0/OneStats//[2017-07-03_16,06,19.861073]-CCIOReporter-008.xml","CCFile::copyFile fileName is [<*>-<*>-<*>,<*>,<*>]-<*>, source path:<*>, dest path:<*>",Mac,Unseen,"CCFile::copyFile fileName is [<*>]-CCIOReporter-<*>.xml, source path:<*>/[<*>]-CCIOReporter-<*>.xml, dest path:<*>/[<*>]=AuthFail:sts:<*>_rsn:<*>/OneStats//[<*>]-CCIOReporter-<*>.xml",1.6403987407684326,489,77
"CCFile::copyFile fileName is [2017-07-03_16,07,38.954579]-io80211Family-016.pcapng, source path:/var/log/CoreCapture/com.apple.iokit.IO80211Family/IO80211AWDLPeerManager//[2017-07-03_16,07,38.954579]-io80211Family-016.pcapng, dest path:/Library/Logs/CrashReporter/CoreCapture/com.apple.iokit.IO80211Family/[2017-07-03_16,07,39.094895]=AuthFail:sts:5_rsn:0/IO80211AWDLPeerManager//[2017-07-03_16,07,38.954579]-io80211Family-016.pcapng","CCFile::copyFile fileName is [<*>-<*>-<*>,<*>,<*>]-<*>, source path:<*>, dest path:<*>",Mac,Unseen,"CCFile::copyFile fileName is [<*>]-io80211Family-<*>.pcapng, source path:<*>/[<*>]-io80211Family-<*>.pcapng, dest path:<*>/[<*>]=AuthFail:sts:<*>_rsn:<*>/<*>/[<*>]-io80211Family-<*>.pcapng",1.8283014297485352,508,84
"CCFile::copyFile fileName is [2017-07-03_16,07,39.096792]-CCIOReporter-017.xml, source path:/var/log/CoreCapture/com.apple.iokit.IO80211Family/OneStats//[2017-07-03_16,07,39.096792]-CCIOReporter-017.xml, dest path:/Library/Logs/CrashReporter/CoreCapture/com.apple.iokit.IO80211Family/[2017-07-03_16,07,39.171995]=AuthFail:sts:5_rsn:0/OneStats//[2017-07-03_16,07,39.096792]-CCIOReporter-017.xml","CCFile::copyFile fileName is [<*>-<*>-<*>,<*>,<*>]-<*>, source path:<*>, dest path:<*>",Mac,Unseen,"CCFile::copyFile fileName is [<*>]-CCIOReporter-<*>.xml, source path:<*>/[<*>]-CCIOReporter-<*>.xml, dest path:<*>/[<*>]=AuthFail:sts:<*>_rsn:<*>/OneStats//[<*>]-CCIOReporter-<*>.xml",1.4413468837738037,489,77
ARPT: 682834.192587: wlc_dump_aggfifo:,ARPT: <*>: wlc_dump_aggfifo:,Mac,Unseen,ARPT: <*>: wlc_dump_aggfifo:,10.06430196762085,357,16
"CCFile::copyFile fileName is [2017-07-03_16,07,46.105103]-CCIOReporter-032.xml, source path:/var/log/CoreCapture/com.apple.iokit.IO80211Family/OneStats//[2017-07-03_16,07,46.105103]-CCIOReporter-032.xml, dest path:/Library/Logs/CrashReporter/CoreCapture/com.apple.iokit.IO80211Family/[2017-07-03_16,07,46.298508]=AuthFail:sts:5_rsn:0/OneStats//[2017-07-03_16,07,46.105103]-CCIOReporter-032.xml","CCFile::copyFile fileName is [<*>-<*>-<*>,<*>,<*>]-<*>, source path:<*>, dest path:<*>",Mac,Unseen,"CCFile::copyFile fileName is [<*>]-CCIOReporter-<*>.xml, source path:<*>/[<*>]-CCIOReporter-<*>.xml, dest path:<*>/[<*>]=AuthFail:sts:<*>_rsn:<*>/OneStats//[<*>]-CCIOReporter-<*>.xml",1.966437578201294,489,77
"CCFile::copyFile fileName is [2017-07-03_16,27,04.995982]-io80211Family-040.pcapng, source path:/var/log/CoreCapture/com.apple.iokit.IO80211Family/IO80211AWDLPeerManager//[2017-07-03_16,27,04.995982]-io80211Family-040.pcapng, dest path:/Library/Logs/CrashReporter/CoreCapture/com.apple.iokit.IO80211Family/[2017-07-03_16,27,05.123034]=AuthFail:sts:5_rsn:0/IO80211AWDLPeerManager//[2017-07-03_16,27,04.995982]-io80211Family-040.pcapng","CCFile::copyFile fileName is [<*>-<*>-<*>,<*>,<*>]-<*>, source path:<*>, dest path:<*>",Mac,Unseen,"CCFile::copyFile fileName is [<*>]-io80211Family-<*>.pcapng, source path:<*>/[<*>]-io80211Family-<*>.pcapng, dest path:<*>/[<*>]=AuthFail:sts:<*>_rsn:<*>/<*>/[<*>]-io80211Family-<*>.pcapng",14.460820198059082,508,84
ARPT: 682977.654133: wlc_dump_aggfifo:,ARPT: <*>: wlc_dump_aggfifo:,Mac,Unseen,ARPT: <*>: wlc_dump_aggfifo:,0.8241894245147705,357,16
"CCFile::copyFile fileName is [2017-07-03_16,27,09.910337]-AirPortBrcm4360_Logs-047.txt, source path:/var/log/CoreCapture/com.apple.driver.AirPort.Brcm4360.0/DriverLogs//[2017-07-03_16,27,09.910337]-AirPortBrcm4360_Logs-047.txt, dest path:/Library/Logs/CrashReporter/CoreCapture/com.apple.driver.AirPort.Brcm4360.0/[2017-07-03_16,27,10.162319]=AuthFail:sts:5_rsn:0/DriverLogs//[2017-07-03_16,27,09.910337]-AirPortBrcm4360_Logs-047.txt","CCFile::copyFile fileName is [<*>-<*>-<*>,<*>,<*>]-<*>, source path:<*>, dest path:<*>",Mac,Unseen,"CCFile::copyFile fileName is [<*>]-AirPortBrcm4360_Logs-<*>.txt, source path:<*>, dest path:<*>/[<*>]=AuthFail:sts:<*>_rsn:<*>/DriverLogs//[<*>]-AirPortBrcm4360_Logs-<*>.txt",5.763854742050171,517,77
Captive: CNPluginHandler en0: Authenticated,Captive: CNPluginHandler en0: Authenticated,Mac,Unseen,Captive: CNPluginHandler <*>: Authenticated,0.9792771339416504,352,14
__42-[NETClientConnection evaluateCrazyIvan46]_block_invoke CI46 - Hit by torpedo! NeteaseMusic.17988 tc9008 103.251.128.144:80,<*>-[NETClientConnection <*>]_block_invoke CI46 - Hit by torpedo! <*> <*> <*>:<*>,Mac,Unseen,__<*>-[<*> evaluateCrazyIvan<*>]_block_invoke CI<*> - Hit by torpedo! <*>.<*> <*> <*>:<*>,1.7220165729522705,383,35
"ARPT: 683239.026135: wl0: MDNS: 0 SRV Recs, 0 TXT Recs","ARPT: <*>: wl0: MDNS: <*> SRV Recs, <*> TXT Recs",Mac,Unseen,"ARPT: <*>: wl0: MDNS: <*> SRV Recs, <*> TXT Recs",1.1092853546142578,369,25
hibernate_flush_memory: buffer_cache_gc freed up 13202 wired pages,hibernate_flush_memory: buffer_cache_gc freed up <*> wired pages,Mac,Unseen,hibernate_flush_memory: buffer_cache_gc freed up <*> wired pages,3.931466579437256,355,16
hibernate_machine_init reading,hibernate_machine_init reading,Mac,Unseen,hibernate_machine_init reading,0.8232967853546143,345,8
hibernate_flush_memory: buffer_cache_gc freed up 3349 wired pages,hibernate_flush_memory: buffer_cache_gc freed up <*> wired pages,Mac,Unseen,hibernate_flush_memory: buffer_cache_gc freed up <*> wired pages,0.7196907997131348,355,16
hciControllerOnline; HID devices? 0,hciControllerOnline; HID devices? <*>,Mac,Unseen,hciControllerOnline; HID devices? <*>,1.5401298999786377,351,13
"polled file major 1, minor 0, blocksize 4096, pollers 5","polled file major <*>, minor <*>, blocksize <*>, pollers <*>",Mac,Unseen,"polled file major <*>, minor <*>, blocksize <*>, pollers <*>",1.2129876613616943,362,23
"SOSAccountThisDeviceCanSyncWithCircle sync with device failure: Error Domain=com.apple.security.sos.error Code=1035 ""Account identity not set"" UserInfo={NSDescription=Account identity not set}","SOSAccountThisDeviceCanSyncWithCircle sync with device failure: Error Domain=com.apple.security.sos.error Code=<*> ""Account identity not set"" UserInfo={NSDescription=Account identity not set}",Mac,Unseen,"SOSAccountThisDeviceCanSyncWithCircle sync with device failure: Error Domain=<*> Code=<*> ""<*>"" UserInfo={<*>=<*>}",3.437342405319214,382,35
__42-[NETClientConnection evaluateCrazyIvan46]_block_invoke CI46 - Hit by torpedo! QQ.10018 tc21242 119.81.102.227:80,<*>-[NETClientConnection <*>]_block_invoke CI46 - Hit by torpedo! <*> <*> <*>:<*>,Mac,Unseen,__<*>-[NETClientConnection evaluateCrazyIvan46]_block_invoke CI46 - Hit by torpedo! QQ.<*> tc<*> <*>:<*>,1.940553903579712,380,36
Wake reason: ARPT (Network),Wake reason: ARPT (Network),Mac,Unseen,Wake reason: <*> (<*>),1.075685739517212,348,11
"CCFile::copyFile fileName is [2017-07-03_19,04,57.722196]-io80211Family-018.pcapng, source path:/var/log/CoreCapture/com.apple.iokit.IO80211Family/IO80211AWDLPeerManager//[2017-07-03_19,04,57.722196]-io80211Family-018.pcapng, dest path:/Library/Logs/CrashReporter/CoreCapture/com.apple.iokit.IO80211Family/[2017-07-03_19,05,37.535347]=AuthFail:sts:2_rsn:0/IO80211AWDLPeerManager//[2017-07-03_19,04,57.722196]-io80211Family-018.pcapng","CCFile::copyFile fileName is [<*>-<*>-<*>,<*>,<*>]-<*>, source path:<*>, dest path:<*>",Mac,Unseen,"CCFile::copyFile fileName is [<*>]-io80211Family-<*>.pcapng, source path:<*>/[<*>]-io80211Family-<*>.pcapng, dest path:<*>/[<*>]=AuthFail:sts:<*>_rsn:<*>/IO80211AWDLPeerManager//[<*>]-io80211Family-<*>.pcapng",2.942146062850952,508,91
RTC: PowerByCalendarDate setting ignored,RTC: PowerByCalendarDate setting ignored,Mac,Unseen,RTC: PowerByCalendarDate setting ignored,0.8087372779846191,349,12
BuildActDeviceEntry enter,BuildActDeviceEntry enter,Mac,Unseen,BuildActDeviceEntry enter,0.49836230278015137,346,9
Captive: CNPluginHandler en0: Authenticated,Captive: CNPluginHandler en0: Authenticated,Mac,Unseen,Captive: CNPluginHandler <*>: Authenticated,1.2420542240142822,352,14
KeychainGetICDPStatus: status: off,KeychainGetICDPStatus: status: off,Mac,Unseen,KeychainGetICDPStatus: status: <*>,0.927236795425415,351,14
"CCFile::copyFile fileName is [2017-07-03_21,30,41.859869]-CCIOReporter-002.xml, source path:/var/log/CoreCapture/com.apple.iokit.IO80211Family/OneStats//[2017-07-03_21,30,41.859869]-CCIOReporter-002.xml, dest path:/Library/Logs/CrashReporter/CoreCapture/com.apple.iokit.IO80211Family/[2017-07-03_21,30,40.703152]=AuthFail:sts:5_rsn:0/OneStats//[2017-07-03_21,30,41.859869]-CCIOReporter-002.xml","CCFile::copyFile fileName is [<*>-<*>-<*>,<*>,<*>]-<*>, source path:<*>, dest path:<*>",Mac,Unseen,"CCFile::copyFile fileName is [<*>]-<*>-<*>.xml, source path:<*>/[<*>]-<*>-<*>.xml, dest path:<*>/[<*>]=<*>:<*>:<*>_<*>:<*>/OneStats//[<*>]-<*>-<*>.xml",1.8364839553833008,489,73
__42-[NETClientConnection evaluateCrazyIvan46]_block_invoke CI46 - Hit by torpedo! QQ.10018 tc21519 184.105.67.74:443,<*>-[NETClientConnection <*>]_block_invoke CI46 - Hit by torpedo! <*> <*> <*>:<*>,Mac,Unseen,__<*>-[NETClientConnection evaluateCrazyIvan<*>]_block_invoke CI<*> - Hit by torpedo! QQ.<*> tc<*> <*>:<*>,1.1875042915344238,380,38
"NETWORK: requery, 0, 0, 0, 0, 320, items, fQueryRetries, 1, fLastRetryTimestamp, 520841203.7","NETWORK: requery, <*>, <*>, <*>, <*>, <*>, items, fQueryRetries, <*>, fLastRetryTimestamp, <*>",Mac,Unseen,"NETWORK: requery, <*>, <*>, <*>, <*>, <*>, items, fQueryRetries, <*>, fLastRetryTimestamp, <*>",1.53010892868042,381,39
Location icon should now be in state 'Active',Location icon should now be in state 'Active',Mac,Unseen,Location icon should now be in state '<*>',0.781771183013916,350,14
KeychainGetICDPStatus: status: off,KeychainGetICDPStatus: status: off,Mac,Unseen,KeychainGetICDPStatus: status: <*>,2.3728508949279785,351,14
tcp_connection_tls_session_error_callback_imp 2210 tcp_connection_tls_session_handle_read_error.790 error 60,tcp_connection_tls_session_error_callback_imp <*> tcp_connection_tls_session_handle_read_error.<*> error <*>,Mac,Unseen,tcp_connection_tls_session_error_callback_imp <*> tcp_connection_tls_session_handle_read_error.<*> error <*>,1.2398269176483154,363,23
RTC: PowerByCalendarDate setting ignored,RTC: PowerByCalendarDate setting ignored,Mac,Unseen,RTC: PowerByCalendarDate setting ignored,0.6565265655517578,349,12
AppleThunderboltNHIType2::waitForOk2Go2Sx - intel_rp = 1 dlla_reporting_supported = 0,<*>::<*> - intel_rp = <*> dlla_reporting_supported = <*>,Mac,Unseen,AppleThunderboltNHIType2::waitForOk2Go2Sx - intel_rp = <*> dlla_reporting_supported = <*>,1.1042466163635254,371,32
AppleCamIn::wakeEventHandlerThread,AppleCamIn::wakeEventHandlerThread,Mac,Unseen,AppleCamIn::wakeEventHandlerThread,0.8152608871459961,349,12
"NETWORK: requery, 0, 0, 0, 0, 320, items, fQueryRetries, 1, fLastRetryTimestamp, 520871064.1","NETWORK: requery, <*>, <*>, <*>, <*>, <*>, items, fQueryRetries, <*>, fLastRetryTimestamp, <*>",Mac,Unseen,"NETWORK: requery, <*>, <*>, <*>, <*>, <*>, items, fQueryRetries, <*>, fLastRetryTimestamp, <*>",1.188161849975586,381,39
Captive: CNPluginHandler en0: Authenticated,Captive: CNPluginHandler en0: Authenticated,Mac,Unseen,Captive: CNPluginHandler <*>: Authenticated,0.7488808631896973,352,14
AppleCamIn::wakeEventHandlerThread,AppleCamIn::wakeEventHandlerThread,Mac,Unseen,AppleCamIn::wakeEventHandlerThread,1.6425280570983887,349,12
"ARPT: 700311.376459: wl0: MDNS: 0 SRV Recs, 0 TXT Recs","ARPT: <*>: wl0: MDNS: <*> SRV Recs, <*> TXT Recs",Mac,Unseen,"ARPT: <*>: wl0: MDNS: <*> SRV Recs, <*> TXT Recs",1.90751314163208,369,25
[10:13:05.044] <<<< CRABS >>>> crabsFlumeHostAvailable: [0x7f961cf08cf0] Byte flume reports host available again.,[<*>:<*>:<*>] <<<< CRABS >>>> crabsFlumeHostAvailable: [<*>] Byte flume reports host available again.,Mac,Unseen,[<*>] <<<< CRABS >>>> crabsFlumeHostAvailable: [<*>] Byte flume reports host available again.,0.8352615833282471,381,33
AppleCamIn::wakeEventHandlerThread,AppleCamIn::wakeEventHandlerThread,Mac,Unseen,AppleCamIn::wakeEventHandlerThread,1.3888630867004395,349,12
"CCFile::captureLog Received Capture notice id: 1499192921.020010, reason = AssocFail:sts:5_rsn:0","CCFile::captureLog Received Capture notice id: <*>, reason = AssocFail:sts:<NUM>_rsn:<NUM>",Mac,Unseen,"CCFile::captureLog Received Capture notice id: <*>, reason = <*>",0.8293704986572266,373,20
"ARPT: 702351.279867: wl0: setup_keepalive: interval 900, retry_interval 30, retry_count 10","ARPT: <*>: wl0: setup_keepalive: interval <*>, retry_interval <*>, retry_count <*>",Mac,Unseen,"ARPT: <*>: wl0: setup_keepalive: interval <*>, retry_interval <*>, retry_count <*>",1.1422240734100342,371,28
AppleCamIn::wakeEventHandlerThread,AppleCamIn::wakeEventHandlerThread,Mac,Unseen,AppleCamIn::wakeEventHandlerThread,0.8676917552947998,349,12
RTC: PowerByCalendarDate setting ignored,RTC: PowerByCalendarDate setting ignored,Mac,Unseen,RTC: PowerByCalendarDate setting ignored,0.7363991737365723,349,12
"[Accounts] Failed to update account with identifier 76FE6715-3D27-4F21-AA35-C88C1EA820E8, error: Error Domain=ABAddressBookErrorDomain Code=1002 ""(null)""","[Accounts] Failed to update account with identifier <*>-<*>-<*>-<*>-<*>, error: Error Domain=ABAddressBookErrorDomain Code=<*> ""(<*>)""",Mac,Unseen,"[Accounts] Failed to update account with identifier <*>, error: Error Domain=<*> Code=<*> ""<*>""",1.4668753147125244,390,28
Location icon should now be in state 'Active',Location icon should now be in state 'Active',Mac,Unseen,Location icon should now be in state '<*>',0.73563551902771,350,14
"2017-07-04 15:03:53.270 GoogleSoftwareUpdateAgent[35018/0x7000002a0000] [lvl=2] -[KSOutOfProcessFetcher(PrivateMethods) helperDidTerminate:] KSOutOfProcessFetcher fetch ended for URL: ""https://tools.google.com/service/update2?cup2hreq=a70d6372a4e45a6cbba61cd7f057c79bf73c79db1b1951dc17c605e870f0419b&cup2key=7:934679018""","<*>-<*>-<*> <*>:<*>:<*> GoogleSoftwareUpdateAgent[<*>/<*>] [lvl=<*>] -[KSOutOfProcessFetcher(PrivateMethods) helperDidTerminate:] KSOutOfProcessFetcher fetch ended for URL: ""<*>""",Mac,Unseen,"<*> <*> GoogleSoftwareUpdateAgent[<*>/<*>] [lvl=<*>] -[KSOutOfProcessFetcher(PrivateMethods) helperDidTerminate:] KSOutOfProcessFetcher fetch ended for URL: ""<*>""",1.5029139518737793,465,50
"NETWORK: requery, 0, 0, 0, 0, 300, items, fQueryRetries, 0, fLastRetryTimestamp, 520899307.1","NETWORK: requery, <*>, <*>, <*>, <*>, <*>, items, fQueryRetries, <*>, fLastRetryTimestamp, <*>",Mac,Unseen,"NETWORK: requery, <*>, <*>, <*>, <*>, <*>, items, fQueryRetries, <*>, fLastRetryTimestamp, <*>",0.8921642303466797,381,39
"ARPT: 711979.641310: wl0: setup_keepalive: interval 900, retry_interval 30, retry_count 10","ARPT: <*>: wl0: setup_keepalive: interval <*>, retry_interval <*>, retry_count <*>",Mac,Unseen,"ARPT: <*>: wl0: setup_keepalive: interval <*>, retry_interval <*>, retry_count <*>",1.7526466846466064,371,28
AppleCamIn::wakeEventHandlerThread,AppleCamIn::wakeEventHandlerThread,Mac,Unseen,AppleCamIn::wakeEventHandlerThread,0.7990829944610596,349,12
"SOSAccountThisDeviceCanSyncWithCircle sync with device failure: Error Domain=com.apple.security.sos.error Code=1035 ""Account identity not set"" UserInfo={NSDescription=Account identity not set}","SOSAccountThisDeviceCanSyncWithCircle sync with device failure: Error Domain=com.apple.security.sos.error Code=<*> ""Account identity not set"" UserInfo={NSDescription=Account identity not set}",Mac,Unseen,"SOSAccountThisDeviceCanSyncWithCircle sync with device failure: Error Domain=<*> Code=<*> ""<*>"" UserInfo={<*>=<*>}",1.4249687194824219,382,35
"ARPT: 712526.783763: wl0: setup_keepalive: interval 900, retry_interval 30, retry_count 10","ARPT: <*>: wl0: setup_keepalive: interval <*>, retry_interval <*>, retry_count <*>",Mac,Unseen,"ARPT: <*>: wl0: setup_keepalive: interval <*>, retry_interval <*>, retry_count <*>",1.3279337882995605,371,28
"SOSAccountThisDeviceCanSyncWithCircle sync with device failure: Error Domain=com.apple.security.sos.error Code=1035 ""Account identity not set"" UserInfo={NSDescription=Account identity not set}","SOSAccountThisDeviceCanSyncWithCircle sync with device failure: Error Domain=com.apple.security.sos.error Code=<*> ""Account identity not set"" UserInfo={NSDescription=Account identity not set}",Mac,Unseen,"SOSAccountThisDeviceCanSyncWithCircle sync with device failure: Error Domain=<*> Code=<*> ""<*>"" UserInfo={<*>=<*>}",1.0798923969268799,382,35
Wake reason: RTC (Alarm),Wake reason: RTC (Alarm),Mac,Unseen,Wake reason: <*> (<*>),1.5435130596160889,347,11
__42-[NETClientConnection evaluateCrazyIvan46]_block_invoke CI46 - Hit by torpedo! QQ.10018 tc22491 203.205.142.158:8080,<*>-[NETClientConnection <*>]_block_invoke CI46 - Hit by torpedo! <*> <*> <*>:<*>,Mac,Unseen,__<*>-[NETClientConnection evaluateCrazyIvan<*>]_block_invoke CI<*> - Hit by torpedo! QQ.<*> tc<*> <*>:<*>,0.9320676326751709,381,38
[com.apple.calendar.store.log.caldav.coredav] [Refusing to parse response to PROPPATCH because of content-type: [text/html; charset=UTF-8].],[com.apple.calendar.store.log.caldav.coredav] [Refusing to parse response to PROPPATCH because of content-type: [text/html; charset=UTF-<*>].],Mac,Unseen,[com.apple.calendar.store.log.caldav.coredav] [Refusing to parse response to PROPPATCH because of content-type: [<*>].],1.0576820373535156,378,37
KeychainGetICDPStatus: status: off,KeychainGetICDPStatus: status: off,Mac,Unseen,KeychainGetICDPStatus: status: <*>,0.847689151763916,351,14
objc[35448]: Class TSUCustomFormatData is implemented in both /Library/QuickLook/iWork.qlgenerator/Contents/MacOS/iWork and /System/Library/PrivateFrameworks/OfficeImport.framework/Versions/A/OfficeImport. One of the two will be used. Which one is undefined.,objc[<*>]: Class TSUCustomFormatData is implemented in both <*> and <*> One of the two will be used. Which one is undefined.,Mac,Unseen,objc[<*>]: Class <*> is implemented in both <*> and <*> . One of the two will be used. Which one is undefined.,0.951791524887085,405,32
"SOSAccountThisDeviceCanSyncWithCircle sync with device failure: Error Domain=com.apple.security.sos.error Code=1035 ""Account identity not set"" UserInfo={NSDescription=Account identity not set}","SOSAccountThisDeviceCanSyncWithCircle sync with device failure: Error Domain=com.apple.security.sos.error Code=<*> ""Account identity not set"" UserInfo={NSDescription=Account identity not set}",Mac,Unseen,"SOSAccountThisDeviceCanSyncWithCircle sync with device failure: Error Domain=<*> Code=<*> ""<*>"" UserInfo={<*>=<*>}",1.287675380706787,382,35
[com.apple.calendar.store.log.caldav.coredav] [Refusing to parse response to PROPPATCH because of content-type: [text/html; charset=UTF-8].],[com.apple.calendar.store.log.caldav.coredav] [Refusing to parse response to PROPPATCH because of content-type: [text/html; charset=UTF-<*>].],Mac,Unseen,[com.apple.calendar.store.log.caldav.coredav] [Refusing to parse response to PROPPATCH because of content-type: [<*>].],0.9143249988555908,378,37
"<<<< FigByteStream >>>> FigByteStreamStatsLogOneRead: ByteStream read of 21335 bytes @ 5481561 took 0.501237 sec. to complete, 16 reads >= 0.5 sec.","<<<< FigByteStream >>>> FigByteStreamStatsLogOneRead: ByteStream read of <*> bytes @ <*> took <*> <*> to complete, <*> reads >= <*> sec.",Mac,Unseen,"<<<< FigByteStream >>>> FigByteStreamStatsLogOneRead: ByteStream read of <*> bytes @ <*> took <*> sec. to complete, <*> reads >= <*> sec.",1.4554188251495361,388,39
-deviceDeltaY is deprecated for NSScrollWheel. Please use -scrollingDeltaY.,<*>-deviceDeltaY is deprecated for NSScrollWheel. Please use -scrollingDeltaY.,Mac,Unseen,-deviceDeltaY is deprecated for NSScrollWheel. Please use -scrollingDeltaY.,0.8265044689178467,358,22
[00:28:42.167] (Fig) signalled err=-12871,[<*>:<*>:<*>] (Fig) signalled err=<*>,Mac,Unseen,[<*>] (<*>) signalled err=<*>,1.1099207401275635,359,16
"Configuration Notice: ASL Module ""com.apple.corecdp.osx.asl"" claims selected messages. Those messages may not appear in standard system log files or in the ASL database.","Configuration Notice: ASL Module ""<*>"" claims selected messages. Those messages may not appear in standard system log files or in the ASL database.",Mac,Unseen,"Configuration Notice: ASL Module ""<*>"" claims selected messages. Those messages may not appear in standard system log files or in the ASL database.",1.094057559967041,378,34
"NETWORK: requery, 0, 0, 0, 0, 284, items, fQueryRetries, 0, fLastRetryTimestamp, 520934130.6","NETWORK: requery, <*>, <*>, <*>, <*>, <*>, items, fQueryRetries, <*>, fLastRetryTimestamp, <*>",Mac,Unseen,"NETWORK: requery, <*>, <*>, <*>, <*>, <*>, items, fQueryRetries, <*>, fLastRetryTimestamp, <*>",1.0698590278625488,381,39
AppleCamIn::wakeEventHandlerThread,AppleCamIn::wakeEventHandlerThread,Mac,Unseen,AppleCamIn::wakeEventHandlerThread,1.42134690284729,349,12
RTC: PowerByCalendarDate setting ignored,RTC: PowerByCalendarDate setting ignored,Mac,Unseen,RTC: PowerByCalendarDate setting ignored,1.4860365390777588,349,12
Wake reason: RTC (Alarm),Wake reason: RTC (Alarm),Mac,Unseen,Wake reason: <*> (<*>),0.7681715488433838,347,11
**** [BroadcomBluetoothHostControllerUSBTransport][start] -- Completed (matched on Device) -- 0x6000 ****,**** [BroadcomBluetoothHostControllerUSBTransport][start] -- Completed (matched on Device) -- <*> ****,Mac,Unseen,**** [BroadcomBluetoothHostControllerUSBTransport][start] -- Completed (matched on Device) -- <*> ****,0.6460504531860352,367,26
"hibernate_newruntime_map time: 0 ms, IOPolledFilePollersOpen(), ml_get_interrupts_enabled 0","hibernate_newruntime_map time: <*> ms, IOPolledFilePollersOpen(), ml_get_interrupts_enabled <*>",Mac,Unseen,"hibernate_newruntime_map time: <*> ms, IOPolledFilePollersOpen(), ml_get_interrupts_enabled <*>",1.2459070682525635,367,28
Location icon should now be in state 'Active',Location icon should now be in state 'Active',Mac,Unseen,Location icon should now be in state '<*>',1.65106201171875,350,14
"2017-07-05 10:52:15.982 GoogleSoftwareUpdateAgent[35861/0x700000323000] [lvl=2] -[KSOutOfProcessFetcher(PrivateMethods) helperDidTerminate:] KSOutOfProcessFetcher fetch ended for URL: ""https://tools.google.com/service/update2?cup2hreq=d297a7e5b56d6bd4faa75860fff6e485c301bf4e943a561afff6c8b3707ce948&cup2key=7:2988503627""","<*>-<*>-<*> <*>:<*>:<*> GoogleSoftwareUpdateAgent[<*>/<*>] [lvl=<*>] -[KSOutOfProcessFetcher(PrivateMethods) helperDidTerminate:] KSOutOfProcessFetcher fetch ended for URL: ""<*>""",Mac,Unseen,"<*> <*> GoogleSoftwareUpdateAgent[<*>/<*>] [lvl=<*>] -[KSOutOfProcessFetcher(PrivateMethods) helperDidTerminate:] KSOutOfProcessFetcher fetch ended for URL: ""<*>""",1.6421618461608887,462,50
2017-07-05 10:52:16.977 GoogleSoftwareUpdateAgent[35861/0x700000323000] [lvl=2] -[KSPrefetchAction performAction] KSPrefetchAction no updates to prefetch.,<*>-<*>-<*> <*>:<*>:<*> GoogleSoftwareUpdateAgent[<*>/<*>] [lvl=<*>] -[KSPrefetchAction performAction] KSPrefetchAction no updates to prefetch.,Mac,Unseen,<*> <*> GoogleSoftwareUpdateAgent[<*>/<*>] [lvl=<*>] -[KSPrefetchAction performAction] KSPrefetchAction no updates to prefetch.,1.3068532943725586,395,43
KeychainGetICDPStatus: status: off,KeychainGetICDPStatus: status: off,Mac,Unseen,KeychainGetICDPStatus: status: <*>,0.9687068462371826,351,14
"CCFile::copyFile fileName is [2017-07-05_11,39,39.743225]-CCIOReporter-001.xml, source path:/var/log/CoreCapture/com.apple.iokit.IO80211Family/OneStats//[2017-07-05_11,39,39.743225]-CCIOReporter-001.xml, dest path:/Library/Logs/CrashReporter/CoreCapture/com.apple.iokit.IO80211Family/[2017-07-05_11,39,38.739976]=AuthFail:sts:5_rsn:0/OneStats//[2017-07-05_11,39,39.743225]-CCIOReporter-001.xml","CCFile::copyFile fileName is [<*>-<*>-<*>,<*>,<*>]-<*>, source path:<*>, dest path:<*>",Mac,Unseen,"CCFile::copyFile fileName is [<*>]-CCIOReporter-<*>.xml, source path:<*>/[<*>]-CCIOReporter-<*>.xml, dest path:<*>/[<*>]=AuthFail:sts:<*>_rsn:<*>/OneStats//[<*>]-CCIOReporter-<*>.xml",2.921072244644165,489,77
<IMMacNotificationCenterManager: 0x7ff1b2d17980>:   DND Enabled: NO,<IMMacNotificationCenterManager: <*>: DND Enabled: NO,Mac,Unseen,<IMMacNotificationCenterManager: <*>:   DND Enabled: <*>,1.6200392246246338,365,18
<IMMacNotificationCenterManager: 0x7ff1b2e00ba0>:   DND Enabled: NO,<IMMacNotificationCenterManager: <*>: DND Enabled: NO,Mac,Unseen,<IMMacNotificationCenterManager: <*>:   DND Enabled: <*>,1.0144050121307373,366,18
__42-[NETClientConnection evaluateCrazyIvan46]_block_invoke CI46 - Hit by torpedo! QQ.10018 tc22930 125.39.240.34:14000,<*>-[NETClientConnection <*>]_block_invoke CI46 - Hit by torpedo! <*> <*> <*>:<*>,Mac,Unseen,__<*>-[NETClientConnection evaluateCrazyIvan46]_block_invoke CI46 - Hit by torpedo! QQ.<*> tc<*> <*>:<*>,1.0472831726074219,381,36
"CCFile::copyFile fileName is [2017-07-05_14,04,19.163834]-AirPortBrcm4360_Logs-025.txt, source path:/var/log/CoreCapture/com.apple.driver.AirPort.Brcm4360.0/DriverLogs//[2017-07-05_14,04,19.163834]-AirPortBrcm4360_Logs-025.txt, dest path:/Library/Logs/CrashReporter/CoreCapture/com.apple.driver.AirPort.Brcm4360.0/[2017-07-05_14,04,19.222771]=AuthFail:sts:5_rsn:0/DriverLogs//[2017-07-05_14,04,19.163834]-AirPortBrcm4360_Logs-025.txt","CCFile::copyFile fileName is [<*>-<*>-<*>,<*>,<*>]-<*>, source path:<*>, dest path:<*>",Mac,Unseen,"CCFile::copyFile fileName is [<*>]-AirPortBrcm4360_Logs-<*>.txt, source path:<*>/DriverLogs//[<*>]-AirPortBrcm4360_Logs-<*>.txt, dest path:<*>/[<*>]=AuthFail:sts:<*>_rsn:<*>/DriverLogs//[<*>]-AirPortBrcm4360_Logs-<*>.txt",2.192460775375366,517,99
"CCFile::copyFile fileName is [2017-07-05_14,04,25.705173]-CCIOReporter-044.xml, source path:/var/log/CoreCapture/com.apple.iokit.IO80211Family/OneStats//[2017-07-05_14,04,25.705173]-CCIOReporter-044.xml, dest path:/Library/Logs/CrashReporter/CoreCapture/com.apple.iokit.IO80211Family/[2017-07-05_14,04,25.777317]=AuthFail:sts:5_rsn:0/OneStats//[2017-07-05_14,04,25.705173]-CCIOReporter-044.xml","CCFile::copyFile fileName is [<*>-<*>-<*>,<*>,<*>]-<*>, source path:<*>, dest path:<*>",Mac,Unseen,"CCFile::copyFile fileName is [<*>]-CCIOReporter-<*>.xml, source path:<*>/[<*>]-CCIOReporter-<*>.xml, dest path:<*>/[<*>]=AuthFail:sts:<*>_rsn:<*>/OneStats//[<*>]-CCIOReporter-<*>.xml",2.0068461894989014,489,77
"CCFile::copyFile fileName is [2017-07-05_14,04,32.840703]-io80211Family-056.pcapng, source path:/var/log/CoreCapture/com.apple.iokit.IO80211Family/IO80211AWDLPeerManager//[2017-07-05_14,04,32.840703]-io80211Family-056.pcapng, dest path:/Library/Logs/CrashReporter/CoreCapture/com.apple.iokit.IO80211Family/[2017-07-05_14,04,32.969558]=AuthFail:sts:5_rsn:0/IO80211AWDLPeerManager//[2017-07-05_14,04,32.840703]-io80211Family-056.pcapng","CCFile::copyFile fileName is [<*>-<*>-<*>,<*>,<*>]-<*>, source path:<*>, dest path:<*>",Mac,Unseen,"CCFile::copyFile fileName is [<*>]-io80211Family-<*>.pcapng, source path:<*>/[<*>]-io80211Family-<*>.pcapng, dest path:<*>/[<*>]=AuthFail:sts:<*>_rsn:<*>/<*>/[<*>]-io80211Family-<*>.pcapng",1.7674953937530518,508,84
"CCFile::copyFile fileName is [2017-07-05_14,04,33.660387]-io80211Family-063.pcapng, source path:/var/log/CoreCapture/com.apple.iokit.IO80211Family/IO80211AWDLPeerManager//[2017-07-05_14,04,33.660387]-io80211Family-063.pcapng, dest path:/Library/Logs/CrashReporter/CoreCapture/com.apple.iokit.IO80211Family/[2017-07-05_14,04,33.736169]=AuthFail:sts:5_rsn:0/IO80211AWDLPeerManager//[2017-07-05_14,04,33.660387]-io80211Family-063.pcapng","CCFile::copyFile fileName is [<*>-<*>-<*>,<*>,<*>]-<*>, source path:<*>, dest path:<*>",Mac,Unseen,"CCFile::copyFile fileName is [<*>]-io80211Family-<*>.pcapng, source path:<*>/IO80211AWDLPeerManager//[<*>]-io80211Family-<*>.pcapng, dest path:<*>/IO80211AWDLPeerManager//[<*>]-io80211Family-<*>.pcapng",1.8948562145233154,508,85
hibernate_rebuild completed - took 10042450943433 msecs,hibernate_rebuild completed - took <*> msecs,Mac,Unseen,hibernate_rebuild completed - took <*> msecs,0.8029060363769531,355,13
AppleActuatorDevice::stop Entered,AppleActuatorDevice::stop Entered,Mac,Unseen,AppleActuatorDevice::stop Entered,0.9752731323242188,349,12
"NETWORK: requery, 0, 0, 0, 0, 252, items, fQueryRetries, 0, fLastRetryTimestamp, 520989480.3","NETWORK: requery, <*>, <*>, <*>, <*>, <*>, items, fQueryRetries, <*>, fLastRetryTimestamp, <*>",Mac,Unseen,"NETWORK: requery, <*>, <*>, <*>, <*>, <*>, items, fQueryRetries, <*>, fLastRetryTimestamp, <*>",0.7982828617095947,381,39
KeychainGetICDPStatus: status: off,KeychainGetICDPStatus: status: off,Mac,Unseen,KeychainGetICDPStatus: status: <*>,0.8033978939056396,351,14
Location icon should now be in state 'Active',Location icon should now be in state 'Active',Mac,Unseen,Location icon should now be in state '<*>',1.0800769329071045,350,14
"ARPT: 728173.580097: wl0: setup_keepalive: interval 900, retry_interval 30, retry_count 10","ARPT: <*>: wl0: setup_keepalive: interval <*>, retry_interval <*>, retry_count <*>",Mac,Unseen,"ARPT: <*>: wl0: setup_keepalive: interval <*>, retry_interval <*>, retry_count <*>",1.0437169075012207,371,28
[17:22:36.133] <<<< CRABS >>>> crabsFlumeHostAvailable: [0x7f961cf08cf0] Byte flume reports host available again.,[<*>:<*>:<*>] <<<< CRABS >>>> crabsFlumeHostAvailable: [<*>] Byte flume reports host available again.,Mac,Unseen,[<*>] <<<< CRABS >>>> crabsFlumeHostAvailable: [<*>] Byte flume reports host available again.,7.690286874771118,381,33
"PBRequester failed with Error Error Domain=NSURLErrorDomain Code=-1009 ""The Internet connection appears to be offline."" UserInfo={NSUnderlyingError=0x7fe13530fc60 {Error Domain=kCFErrorDomainCFNetwork Code=-1009 ""The Internet connection appears to be offline."" UserInfo={NSErrorFailingURLStringKey=https://gsp-ssl.ls.apple.com/dispatcher.arpc, NSErrorFailingURLKey=https://gsp-ssl.ls.apple.com/dispatcher.arpc, _kCFStreamErrorCodeKey=8, _kCFStreamErrorDomainKey=12, NSLocalizedDescription=The Internet connection appears to be offline.}}, NSErrorFailingURLStringKey=https://gsp-ssl.ls.apple.com/dispatcher.arpc, NSErrorFailingURLKey=https://gsp-ssl.ls.apple.com/dispatcher.arpc, _kCFStreamErrorDomainKey=12, _kCFStreamErrorCodeKey=8, NSLocalizedDescription=The Internet connection appears to be offline.}","PBRequester failed with Error Error Domain=NSURLErrorDomain Code=<*> ""The Internet connection appears to be offline."" UserInfo={NSUnderlyingError=<*> {Error Domain=kCFErrorDomainCFNetwork Code=<*> ""The Internet connection appears to be offline."" UserInfo={NSErrorFailingURLStringKey=<*>, NSErrorFailingURLKey=<*>, _kCFStreamErrorCodeKey=<*>, _kCFStreamErrorDomainKey=<*>, NSLocalizedDescription=The Internet connection appears to be offline.}}, NSErrorFailingURLStringKey=<*>, NSErrorFailingURLKey=<*>, _kCFStreamErrorDomainKey=<*>, _kCFStreamErrorCodeKey=<*>, NSLocalizedDescription=The Internet connection appears to be offline.}",Mac,Unseen,"PBRequester failed with Error Error Domain=<*> Code=<*> ""<*>"" UserInfo={NSUnderlyingError=<*> {Error Domain=<*> Code=<*> ""<*>"" UserInfo={NSErrorFailingURLStringKey=<*>, NSErrorFailingURLKey=<*>, _kCFStreamErrorCodeKey=<*>, _kCFStreamErrorDomainKey=<*>, NSLocalizedDescription=<*>}}, NSErrorFailingURLStringKey=<*>, NSErrorFailingURLKey=<*>, _kCFStreamErrorDomainKey=<*>, _kCFStreamErrorCodeKey=<*>, NSLocalizedDescription=<*>}",1.310316801071167,551,125
"Unexpected payload found for message 9, dataLen 0","Unexpected payload found for message <*>, dataLen <*>",Mac,Unseen,"Unexpected payload found for message <*>, dataLen <*>",0.9801092147827148,353,15
"ARPT: 728563.210777: IOPMPowerSource Information: onSleep,  SleepType: Normal Sleep,  'ExternalConnected': No, 'TimeRemaining': 3174,","ARPT: <*>: IOPMPowerSource Information: onSleep, SleepType: Normal Sleep, 'ExternalConnected': No, 'TimeRemaining': <*>,",Mac,Unseen,"ARPT: <*>: IOPMPowerSource Information: onSleep, SleepType: Normal Sleep, 'ExternalConnected': <*>, 'TimeRemaining': <*>,",1.0354130268096924,382,39
"ARPT: 728620.515604: wl0: MDNS: 0 SRV Recs, 0 TXT Recs","ARPT: <*>: wl0: MDNS: <*> SRV Recs, <*> TXT Recs",Mac,Unseen,"ARPT: <*>: wl0: MDNS: <*> SRV Recs, <*> TXT Recs",1.118044137954712,369,25
"booter start at 1251 ms smc 0 ms, [18, 0, 0] total 367 ms, dsply 0, 0 ms, tramp 1080 ms","booter start at <*> ms smc <*> ms, [<*>, <*>, <*>] total <*> ms, dsply <*>, <*> ms, tramp <*> ms",Mac,Unseen,"booter start at <*> ms smc <*> ms, [<*>, <*>, <*>] total <*> ms, dsply <*>, <*> ms, tramp <*> ms",1.496847152709961,383,39
"hibernate_newruntime_map time: 0 ms, IOPolledFilePollersOpen(), ml_get_interrupts_enabled 0","hibernate_newruntime_map time: <*> ms, IOPolledFilePollersOpen(), ml_get_interrupts_enabled <*>",Mac,Unseen,"hibernate_newruntime_map time: <*> ms, IOPolledFilePollersOpen(), ml_get_interrupts_enabled <*>",1.8942532539367676,367,28
Wake reason: ARPT (Network),Wake reason: ARPT (Network),Mac,Unseen,Wake reason: <*> (<*>),0.7349998950958252,348,11
"NETWORK: requery, 0, 0, 0, 0, 299, items, fQueryRetries, 0, fLastRetryTimestamp, 521006902.2","NETWORK: requery, <*>, <*>, <*>, <*>, <*>, items, fQueryRetries, <*>, fLastRetryTimestamp, <*>",Mac,Unseen,"NETWORK: requery, <*>, <*>, <*>, <*>, <*>, items, fQueryRetries, <*>, fLastRetryTimestamp, <*>",1.1128771305084229,381,39
"polled file major 1, minor 0, blocksize 4096, pollers 5","polled file major <*>, minor <*>, blocksize <*>, pollers <*>",Mac,Unseen,"polled file major <*>, minor <*>, blocksize <*>, pollers <*>",1.0466561317443848,362,23
BuildActDeviceEntry enter,BuildActDeviceEntry enter,Mac,Unseen,BuildActDeviceEntry enter,0.7067618370056152,346,9
IOPolledFilePollersOpen(0) 6 ms,IOPolledFilePollersOpen(<*>) <*> ms,Mac,Unseen,IOPolledFilePollersOpen(<*>) <*> ms,1.36112642288208,354,16
"polled file major 1, minor 0, blocksize 4096, pollers 5","polled file major <*>, minor <*>, blocksize <*>, pollers <*>",Mac,Unseen,"polled file major <*>, minor <*>, blocksize <*>, pollers <*>",1.1538074016571045,362,23
AppleActuatorDeviceUserClient::stop Entered,AppleActuatorDeviceUserClient::stop Entered,Mac,Unseen,AppleActuatorDeviceUserClient::stop Entered,1.797055959701538,351,14
"[CardDAVPlugin-ERROR] -getPrincipalInfo:[_controller supportsRequestCompressionAtURL:https://13957525385%40163.com@p28-contacts.icloud.com/874161398/principal/] Error Domain=NSURLErrorDomain Code=-1009 ""The Internet connection appears to be offline."" UserInfo={NSUnderlyingError=0x7f8de0c0dc70 {Error Domain=kCFErrorDomainCFNetwork Code=-1009 ""The Internet connection appears to be offline."" UserInfo={NSErrorFailingURLStringKey=https://13957525385%40163.com@p28-contacts.icloud.com/874161398/principal/, NSErrorFailingURLKey=https://13957525385%40163.com@p28-contacts.icloud.com/874161398/principal/, _kCFStreamErrorCodeKey=8, _kCFStreamErrorDomainKey=12, NSLocalizedDescription=The Internet connection appears to be offline.}}, NSErrorFailingURLStringKey=https://13957525385%40163.com@p28-contacts.icloud.com/874161398/principal/, NSErrorFailingURLKey=https://13957525385%40163.com@p28-contacts.icloud.com/874161398/principal/, _kCFStreamErrorDomainKey=12, _kCFStreamErrorCodeKey=8, NSLocalizedDescription=The Internet connection appears to be offline.}","[CardDAVPlugin-ERROR] -getPrincipalInfo:[_controller supportsRequestCompressionAtURL:<*>] Error Domain=NSURLErrorDomain Code=<*> ""The Internet connection appears to be offline."" UserInfo={NSUnderlyingError=<*> {Error Domain=kCFErrorDomainCFNetwork Code=<*> ""The Internet connection appears to be offline."" UserInfo={NSErrorFailingURLStringKey=<*>, NSErrorFailingURLKey=<*>, _kCFStreamErrorCodeKey=<*>, _kCFStreamErrorDomainKey=<*>, NSLocalizedDescription=The Internet connection appears to be offline.}}, NSErrorFailingURLStringKey=<*>, NSErrorFailingURLKey=<*>, _kCFStreamErrorDomainKey=<*>, _kCFStreamErrorCodeKey=<*>, NSLocalizedDescription=The Internet connection appears to be offline.}",Mac,Unseen,"[CardDAVPlugin-ERROR] -getPrincipalInfo:[_controller supportsRequestCompressionAtURL:<*>] Error Domain=<*> Code=<*> ""<*>"" UserInfo={NSUnderlyingError=<*> {Error Domain=<*> Code=<*> ""<*>"" UserInfo={NSErrorFailingURLStringKey=<*>, NSErrorFailingURLKey=<*>, _kCFStreamErrorCodeKey=<*>, _kCFStreamErrorDomainKey=<*>, NSLocalizedDescription=<*>}}, NSErrorFailingURLStringKey=<*>, NSErrorFailingURLKey=<*>, _kCFStreamErrorDomainKey=<*>, _kCFStreamErrorCodeKey=<*>, NSLocalizedDescription=<*>}",1.8325273990631104,633,142
Unable to start NetBIOS name service:,Unable to start NetBIOS name service:,Mac,Unseen,Unable to start NetBIOS name service:,0.578474760055542,349,13
"[Accounts] Failed to update account with identifier 76FE6715-3D27-4F21-AA35-C88C1EA820E8, error: Error Domain=ABAddressBookErrorDomain Code=1002 ""(null)""","[Accounts] Failed to update account with identifier <*>-<*>-<*>-<*>-<*>, error: Error Domain=ABAddressBookErrorDomain Code=<*> ""(<*>)""",Mac,Unseen,"[Accounts] Failed to update account with identifier <*>, error: Error Domain=<*> Code=<*> ""(<*>)""",0.8270156383514404,390,30
"NETWORK: requery, 0, 0, 0, 0, 302, items, fQueryRetries, 0, fLastRetryTimestamp, 521048292.6","NETWORK: requery, <*>, <*>, <*>, <*>, <*>, items, fQueryRetries, <*>, fLastRetryTimestamp, <*>",Mac,Unseen,"NETWORK: requery, <*>, <*>, <*>, <*>, <*>, items, fQueryRetries, <*>, fLastRetryTimestamp, <*>",1.591916799545288,381,39
"NETWORK: requery, 0, 0, 0, 0, 291, items, fQueryRetries, 0, fLastRetryTimestamp, 521048893.3","NETWORK: requery, <*>, <*>, <*>, <*>, <*>, items, fQueryRetries, <*>, fLastRetryTimestamp, <*>",Mac,Unseen,"NETWORK: requery, <*>, <*>, <*>, <*>, <*>, items, fQueryRetries, <*>, fLastRetryTimestamp, <*>",1.8276121616363525,381,39
2017-07-06 09:24:14.417 ksfetch[36728/0x7fff79824000] [lvl=2] main() ksfetch fetching URL (<NSMutableURLRequest: 0x100602220> { URL: https://tools.google.com/service/update2?cup2hreq=f5e83ec64ff3fc5533a3c206134a6517e274f9e1cb53df857e15049b6e4c9f8e&cup2key=7:1721929288 }) to folder:/tmp/KSOutOfProcessFetcher.aPWod5QMh1/download,<*>-<*>-<*> <*>:<*>:<*> ksfetch[<*>/<*>] [lvl=<*>] main() ksfetch fetching URL (<NSMutableURLRequest: <*> { URL: <*> }) to folder:<*>,Mac,Unseen,<*> <*> ksfetch[<*>/<*>] [lvl=<*>] main() ksfetch fetching URL (<*> { URL: <*> }) to folder:<*>,1.673717737197876,479,37
Location icon should now be in state 'Active',Location icon should now be in state 'Active',Mac,Unseen,Location icon should now be in state '<*>',0.7626349925994873,350,14
ARPT: 739157.867474: wlc_dump_aggfifo:,ARPT: <*>: wlc_dump_aggfifo:,Mac,Unseen,ARPT: <*>: wlc_dump_aggfifo:,0.8325314521789551,357,16
__42-[NETClientConnection evaluateCrazyIvan46]_block_invoke CI46 - Hit by torpedo! QQ.10018 tc24039 112.90.78.169:8080,<*>-[NETClientConnection <*>]_block_invoke CI46 - Hit by torpedo! <*> <*> <*>:<*>,Mac,Unseen,__<*>-[NETClientConnection evaluateCrazyIvan46]_block_invoke CI46 - Hit by torpedo! <*>.<*> <*> <*>:<*>,1.1248533725738525,381,34
ARPT: 739253.582611: wlc_dump_aggfifo:,ARPT: <*>: wlc_dump_aggfifo:,Mac,Unseen,ARPT: <*>: wlc_dump_aggfifo:,1.1423900127410889,357,16
"ARPT: 740034.911245: wl0: setup_keepalive: interval 900, retry_interval 30, retry_count 10","ARPT: <*>: wl0: setup_keepalive: interval <*>, retry_interval <*>, retry_count <*>",Mac,Unseen,"ARPT: <*>: wl0: setup_keepalive: interval <*>, retry_interval <*>, retry_count <*>",1.8773581981658936,371,28
"2017-07-06 14:57:16.661 GoogleSoftwareUpdateAgent[37059/0x7000002a0000] [lvl=2] -[KSOutOfProcessFetcher(PrivateMethods) helperDidTerminate:] KSOutOfProcessFetcher fetch ended for URL: ""https://tools.google.com/service/update2?cup2hreq=37fbcb7ab6829be04567976e3212d7a67627aef11546f8b7013d4cffaf51f739&cup2key=7:4200177539""","<*>-<*>-<*> <*>:<*>:<*> GoogleSoftwareUpdateAgent[<*>/<*>] [lvl=<*>] -[KSOutOfProcessFetcher(PrivateMethods) helperDidTerminate:] KSOutOfProcessFetcher fetch ended for URL: ""<*>""",Mac,Unseen,"<*> <*> GoogleSoftwareUpdateAgent[<*>/<*>] [lvl=<*>] -[KSOutOfProcessFetcher(PrivateMethods) helperDidTerminate:] KSOutOfProcessFetcher fetch ended for URL: ""<*>""",2.1950721740722656,463,50
"ARPT: 740174.102665: wl0: MDNS: 0 SRV Recs, 0 TXT Recs","ARPT: <*>: wl0: MDNS: <*> SRV Recs, <*> TXT Recs",Mac,Unseen,"ARPT: <*>: wl0: MDNS: <*> SRV Recs, <*> TXT Recs",1.327798843383789,369,25
AppleCamIn::wakeEventHandlerThread,AppleCamIn::wakeEventHandlerThread,Mac,Unseen,AppleCamIn::wakeEventHandlerThread,0.7981805801391602,349,12
RTC: PowerByCalendarDate setting ignored,RTC: PowerByCalendarDate setting ignored,Mac,Unseen,RTC: PowerByCalendarDate setting ignored,1.1462578773498535,349,12
__42-[NETClientConnection evaluateCrazyIvan46]_block_invoke CI46 - Hit by torpedo! QQ.10018 tc24283 119.81.102.227:80,<*>-[NETClientConnection <*>]_block_invoke CI46 - Hit by torpedo! <*> <*> <*>:<*>,Mac,Unseen,__<*>-[NETClientConnection evaluateCrazyIvan46]_block_invoke CI46 - Hit by torpedo! QQ.<*> tc<*> <*>:<*>,0.9062132835388184,380,36
"NETWORK: requery, 0, 0, 0, 0, 302, items, fQueryRetries, 0, fLastRetryTimestamp, 521080983.6","NETWORK: requery, <*>, <*>, <*>, <*>, <*>, items, fQueryRetries, <*>, fLastRetryTimestamp, <*>",Mac,Unseen,"NETWORK: requery, <*>, <*>, <*>, <*>, <*>, items, fQueryRetries, <*>, fLastRetryTimestamp, <*>",1.2445807456970215,381,39
"NETWORK: requery, 0, 0, 0, 0, 300, items, fQueryRetries, 0, fLastRetryTimestamp, 521081581.2","NETWORK: requery, <*>, <*>, <*>, <*>, <*>, items, fQueryRetries, <*>, fLastRetryTimestamp, <*>",Mac,Unseen,"NETWORK: requery, <*>, <*>, <*>, <*>, <*>, items, fQueryRetries, <*>, fLastRetryTimestamp, <*>",2.1125941276550293,381,39
Sandbox: com.apple.WebKit(9854) deny(1) file-read-data /private/etc/hosts,Sandbox: <*>(<*>) deny(<*>) file-read-data <*>,Mac,Unseen,Sandbox: com.apple.WebKit(<*>) deny(<*>) file-read-data <*>,0.9048659801483154,363,21
2017-07-06 06:22:57.163367 PM [AirPlayUIAgent] BecomingInactive: NSWorkspaceWillSleepNotification,<*>-<*>-<*> <*>:<*>:<*> PM [AirPlayUIAgent] BecomingInactive: NSWorkspaceWillSleepNotification,Mac,Unseen,<*> [AirPlayUIAgent] BecomingInactive: NSWorkspaceWillSleepNotification,0.921097993850708,371,20
full wake request (reason 2) 30914 ms,full wake request (reason <*>) <*> ms,Mac,Unseen,full wake request (reason <*>) <*> ms,1.3079988956451416,353,14
Wake reason: RTC (Alarm),Wake reason: RTC (Alarm),Mac,Unseen,Wake reason: <*> (<*>),0.8172345161437988,347,11
RTC: PowerByCalendarDate setting ignored,RTC: PowerByCalendarDate setting ignored,Mac,Unseen,RTC: PowerByCalendarDate setting ignored,1.5387518405914307,349,12
"SOSAccountThisDeviceCanSyncWithCircle sync with device failure: Error Domain=com.apple.security.sos.error Code=1035 ""Account identity not set"" UserInfo={NSDescription=Account identity not set}","SOSAccountThisDeviceCanSyncWithCircle sync with device failure: Error Domain=com.apple.security.sos.error Code=<*> ""Account identity not set"" UserInfo={NSDescription=Account identity not set}",Mac,Unseen,"SOSAccountThisDeviceCanSyncWithCircle sync with device failure: Error Domain=<*> Code=<*> ""<*>"" UserInfo={<*>=<*>}",1.668546199798584,382,35
KeychainGetICDPStatus: status: off,KeychainGetICDPStatus: status: off,Mac,Unseen,KeychainGetICDPStatus: status: <*>,0.811558723449707,351,14
Location icon should now be in state 'Active',Location icon should now be in state 'Active',Mac,Unseen,Location icon should now be in state '<*>',0.9897732734680176,350,14
"2017-07-06 20:46:03.869 GoogleSoftwareUpdateAgent[37316/0x7000002a0000] [lvl=2] -[KSOutOfProcessFetcher beginFetchWithDelegate:] KSOutOfProcessFetcher start fetch from URL: ""https://tools.google.com/service/update2?cup2hreq=5e15fbe422c816bef7c133cfffdb516e16923579b9be2dfae4d7d8d211b25017&cup2key=7:780377214""","<*>-<*>-<*> <*>:<*>:<*> GoogleSoftwareUpdateAgent[<*>/<*>] [lvl=<*>] -[KSOutOfProcessFetcher beginFetchWithDelegate:] KSOutOfProcessFetcher start fetch from URL: ""<*>""",Mac,Unseen,"<*> <*> GoogleSoftwareUpdateAgent[<*>/<*>] [lvl=<*>] -[KSOutOfProcessFetcher beginFetchWithDelegate:] KSOutOfProcessFetcher start fetch from URL: ""<*>""",1.6508903503417969,460,47
"NETWORK: requery, 0, 0, 0, 0, 291, items, fQueryRetries, 0, fLastRetryTimestamp, 521092126.3","NETWORK: requery, <*>, <*>, <*>, <*>, <*>, items, fQueryRetries, <*>, fLastRetryTimestamp, <*>",Mac,Unseen,"NETWORK: requery, <*>, <*>, <*>, <*>, <*>, items, fQueryRetries, <*>, fLastRetryTimestamp, <*>",1.3558349609375,381,39
"Page bounds {{0, 0}, {400, 400}}","Page bounds {{<*>, <*>}, {<*>, <*>}}",Mac,Unseen,"Page bounds {{<*>, <*>}, {<*>, <*>}}",1.274871826171875,354,18
[com.apple.calendar.store.log.caldav.queue] [Account xpc_ben@163.com@https://caldav.163.com/caldav/principals/users/xpc_ben%40163.com/ timed out when executing operation: <CalDAVAccountRefreshQueueableOperation: 0x7fa11f9f2290; Sequence: 0>],[com.apple.calendar.store.log.caldav.queue] [Account <*> timed out when executing operation: <CalDAVAccountRefreshQueueableOperation: <*>; Sequence: <*>],Mac,Unseen,[com.apple.calendar.store.log.caldav.queue] [Account <*> timed out when executing operation: <CalDAVAccountRefreshQueueableOperation: <*>; Sequence: <*> >],1.0880227088928223,417,40
"[com.apple.calendar.store.log.caldav.queue] [Account refresh failed with error: Error Domain=CoreDAVHTTPStatusErrorDomain Code=502 ""(null)"" UserInfo={AccountName=163, CalDAVErrFromRefresh=YES, CoreDAVHTTPHeaders=<CFBasicHash 0x7fa11fe7a810 [0x7fff7abc1440]>{type = immutable dict, count = 5, entries => 0 : Connection = <CFString 0x7fff7ab1aea0 [0x7fff7abc1440]>{contents = ""keep-alive""} 3 : Content-Type = text/html 4 : Content-Length = 166 5 : Server = nginx 6 : Date = <CFString 0x7fa11ac2ab80 [0x7fff7abc1440]>{contents = ""Fri, 07 Jul 2017 05:32:43 GMT""} } }]","[com.apple.calendar.store.log.caldav.queue] [Account refresh failed with error: Error Domain=CoreDAVHTTPStatusErrorDomain Code=<*> ""(<*>)"" UserInfo={AccountName=<*>, CalDAVErrFromRefresh=YES, CoreDAVHTTPHeaders=<CFBasicHash <*> [<*>]>{type = immutable dict, count = <*>, entries => <*> : Connection = <CFString <*> [<*>]>{contents = ""keep-alive""} <*> : Content-Type = text/html <*> : Content-Length = <*> <*> : Server = nginx <*> : Date = <CFString <*> [<*>]>{contents = ""<*> <*> <*>:<*>:<*> GMT""} } }]",Mac,Unseen,"[com.apple.calendar.store.log.caldav.queue] [Account refresh failed with error: Error Domain=<*> Code=<*> ""(null)"" UserInfo={AccountName=<*>, CalDAVErrFromRefresh=<*>, CoreDAVHTTPHeaders=<*>{type = immutable dict, count = <*>, entries => <*> : Connection = <*>{contents = ""<*>""} <*> : Content-Type = <*> <*> : Content-Length = <*> <*> : Server = <*> <*> : Date = <*>{contents = ""<*>""} } }]",3.5382840633392334,539,110
"Page bounds {{0, 0}, {400, 400}}","Page bounds {{<*>, <*>}, {<*>, <*>}}",Mac,Unseen,"Page bounds {{<*>, <*>}, {<*>, <*>}}",1.2283685207366943,354,18
tcp_connection_destination_handle_tls_close_notify 111 closing socket due to TLS CLOSE_NOTIFY alert,tcp_connection_destination_handle_tls_close_notify <*> closing socket due to TLS CLOSE_NOTIFY alert,Mac,Unseen,tcp_connection_destination_handle_tls_close_notify <*> closing socket due to TLS CLOSE_NOTIFY alert,0.9511435031890869,358,20
"CCFile::copyFile fileName is [2017-07-07_00,52,55.450817]-CCIOReporter-001.xml, source path:/var/log/CoreCapture/com.apple.iokit.IO80211Family/OneStats//[2017-07-07_00,52,55.450817]-CCIOReporter-001.xml, dest path:/Library/Logs/CrashReporter/CoreCapture/com.apple.iokit.IO80211Family/[2017-07-07_00,52,54.449889]=AuthFail:sts:5_rsn:0/OneStats//[2017-07-07_00,52,55.450817]-CCIOReporter-001.xml","CCFile::copyFile fileName is [<*>-<*>-<*>,<*>,<*>]-<*>, source path:<*>, dest path:<*>",Mac,Unseen,"CCFile::copyFile fileName is [<*>]-CCIOReporter-<*>.xml, source path:<*>/[<*>]-CCIOReporter-<*>.xml, dest path:<*>/[<*>]=AuthFail:sts:<*>_rsn:<*>/OneStats//[<*>]-CCIOReporter-<*>.xml",1.9938676357269287,489,77
"2017-07-07 01:47:40.090 GoogleSoftwareUpdateAgent[37644/0x7000002a0000] [lvl=2] -[KSOutOfProcessFetcher beginFetchWithDelegate:] KSOutOfProcessFetcher start fetch from URL: ""https://tools.google.com/service/update2?cup2hreq=c30943ccd5e0a03e93b6be3e2b7e2127989f08f1bde99263ffee091de8b8bc39&cup2key=7:1039900771""","<*>-<*>-<*> <*>:<*>:<*> GoogleSoftwareUpdateAgent[<*>/<*>] [lvl=<*>] -[KSOutOfProcessFetcher beginFetchWithDelegate:] KSOutOfProcessFetcher start fetch from URL: ""<*>""",Mac,Unseen,"<*> <*> GoogleSoftwareUpdateAgent[<*>/<*>] [lvl=<*>] -[KSOutOfProcessFetcher beginFetchWithDelegate:] KSOutOfProcessFetcher start fetch from URL: ""<*>""",1.6095890998840332,463,47
RTC: PowerByCalendarDate setting ignored,RTC: PowerByCalendarDate setting ignored,Mac,Unseen,RTC: PowerByCalendarDate setting ignored,0.9140379428863525,349,12
AppleCamIn::wakeEventHandlerThread,AppleCamIn::wakeEventHandlerThread,Mac,Unseen,AppleCamIn::wakeEventHandlerThread,0.8187811374664307,349,12
AppleCamIn::wakeEventHandlerThread,AppleCamIn::wakeEventHandlerThread,Mac,Unseen,AppleCamIn::wakeEventHandlerThread,1.112442970275879,349,12
Location icon should now be in state 'Active',Location icon should now be in state 'Active',Mac,Unseen,Location icon should now be in state '<*>',0.7901370525360107,350,14
AppleCamIn::wakeEventHandlerThread,AppleCamIn::wakeEventHandlerThread,Mac,Unseen,AppleCamIn::wakeEventHandlerThread,0.8843517303466797,349,12
"CCDataTap::profileRemoved, Owner: com.apple.driver.AirPort.Brcm4360.0, Name: StateSnapshots","CCDataTap::profileRemoved, Owner: <*>, Name: <*>",Mac,Unseen,"CCDataTap::profileRemoved, Owner: <*>, Name: <*>",1.4948906898498535,368,19
RTC: PowerByCalendarDate setting ignored,RTC: PowerByCalendarDate setting ignored,Mac,Unseen,RTC: PowerByCalendarDate setting ignored,0.77004075050354,349,12
Could not get event name for stream/token: com.apple.xpc.activity/4505: 132: Request for stale data,Could not get event name for stream/token: com.apple.xpc.activity/<*>: <*>: Request for stale data,Mac,Unseen,Could not get event name for stream/token: <*>/<*>: <*>: Request for stale data,1.5601961612701416,366,23
"NETWORK: requery, 0, 0, 0, 0, 294, items, fQueryRetries, 0, fLastRetryTimestamp, 521144227.4","NETWORK: requery, <*>, <*>, <*>, <*>, <*>, items, fQueryRetries, <*>, fLastRetryTimestamp, <*>",Mac,Unseen,"NETWORK: requery, <*>, <*>, <*>, <*>, <*>, items, fQueryRetries, <*>, fLastRetryTimestamp, <*>",2.0273396968841553,381,39
Error in CoreDragRemoveTrackingHandler: -1856,Error in CoreDragRemoveTrackingHandler: <*>,Mac,Unseen,Error in CoreDragRemoveTrackingHandler: <*>,0.8554110527038574,352,13
Location icon should now be in state 'Active',Location icon should now be in state 'Active',Mac,Unseen,Location icon should now be in state '<*>',0.9060392379760742,350,14
Location icon should now be in state 'Active',Location icon should now be in state 'Active',Mac,Unseen,Location icon should now be in state '<*>',0.7362320423126221,350,14
"CCFile::copyFile fileName is [2017-07-07_12,24,25.108710]-io80211Family-007.pcapng, source path:/var/log/CoreCapture/com.apple.iokit.IO80211Family/IO80211AWDLPeerManager//[2017-07-07_12,24,25.108710]-io80211Family-007.pcapng, dest path:/Library/Logs/CrashReporter/CoreCapture/com.apple.iokit.IO80211Family/[2017-07-07_12,24,29.298901]=AuthFail:sts:5_rsn:0/IO80211AWDLPeerManager//[2017-07-07_12,24,25.108710]-io80211Family-007.pcapng","CCFile::copyFile fileName is [<*>-<*>-<*>,<*>,<*>]-<*>, source path:<*>, dest path:<*>",Mac,Unseen,"CCFile::copyFile fileName is [<*>], source path:<*>, dest path:<*>",1.1212131977081299,508,25
"CCFile::copyFile fileName is [2017-07-07_13,40,37.052249]-io80211Family-031.pcapng, source path:/var/log/CoreCapture/com.apple.iokit.IO80211Family/IO80211AWDLPeerManager//[2017-07-07_13,40,37.052249]-io80211Family-031.pcapng, dest path:/Library/Logs/CrashReporter/CoreCapture/com.apple.iokit.IO80211Family/[2017-07-07_13,40,37.192896]=AuthFail:sts:5_rsn:0/IO80211AWDLPeerManager//[2017-07-07_13,40,37.052249]-io80211Family-031.pcapng","CCFile::copyFile fileName is [<*>-<*>-<*>,<*>,<*>]-<*>, source path:<*>, dest path:<*>",Mac,Unseen,"CCFile::copyFile fileName is [<*>]-io80211Family-<*>.pcapng, source path:<*>/[<*>]-io80211Family-<*>.pcapng, dest path:<*>/[<*>]=AuthFail:sts:<*>_rsn:<*>/IO80211AWDLPeerManager//[<*>]-io80211Family-<*>.pcapng",2.326948642730713,508,91
Captive: CNPluginHandler en0: Authenticated,Captive: CNPluginHandler en0: Authenticated,Mac,Unseen,Captive: CNPluginHandler <*>: Authenticated,0.7802839279174805,352,14
ARPT: 770802.879782: wlc_dump_aggfifo:,ARPT: <*>: wlc_dump_aggfifo:,Mac,Unseen,ARPT: <*>: wlc_dump_aggfifo:,0.8049416542053223,357,16
"ARPT: 771388.849884: wl0: setup_keepalive: interval 900, retry_interval 30, retry_count 10","ARPT: <*>: wl0: setup_keepalive: interval <*>, retry_interval <*>, retry_count <*>",Mac,Unseen,"ARPT: <*>: wl0: setup_keepalive: interval <*>, retry_interval <*>, retry_count <*>",1.6536364555358887,371,28
"ARPT: 771631.938256: IOPMPowerSource Information: onSleep,  SleepType: Normal Sleep,  'ExternalConnected': No, 'TimeRemaining': 9235,","ARPT: <*>: IOPMPowerSource Information: onSleep, SleepType: Normal Sleep, 'ExternalConnected': No, 'TimeRemaining': <*>,",Mac,Unseen,"ARPT: <*>: IOPMPowerSource Information: onSleep, SleepType: Normal Sleep, 'ExternalConnected': <*>, 'TimeRemaining': <*>,",1.5517001152038574,382,39
AppleCamIn::wakeEventHandlerThread,AppleCamIn::wakeEventHandlerThread,Mac,Unseen,AppleCamIn::wakeEventHandlerThread,0.8732233047485352,349,12
Unable to start NetBIOS name service:,Unable to start NetBIOS name service:,Mac,Unseen,Unable to start NetBIOS name service:,1.422905445098877,349,13
"PBRequester failed with Error Error Domain=NSURLErrorDomain Code=-1009 ""The Internet connection appears to be offline."" UserInfo={NSUnderlyingError=0x7fb7f0035dc0 {Error Domain=kCFErrorDomainCFNetwork Code=-1009 ""The Internet connection appears to be offline."" UserInfo={NSErrorFailingURLStringKey=https://gs-loc.apple.com/clls/wloc, NSErrorFailingURLKey=https://gs-loc.apple.com/clls/wloc, _kCFStreamErrorCodeKey=8, _kCFStreamErrorDomainKey=12, NSLocalizedDescription=The Internet connection appears to be offline.}}, NSErrorFailingURLStringKey=https://gs-loc.apple.com/clls/wloc, NSErrorFailingURLKey=https://gs-loc.apple.com/clls/wloc, _kCFStreamErrorDomainKey=12, _kCFStreamErrorCodeKey=8, NSLocalizedDescription=The Internet connection appears to be offline.}","PBRequester failed with Error Error Domain=NSURLErrorDomain Code=<*> ""The Internet connection appears to be offline."" UserInfo={NSUnderlyingError=<*> {Error Domain=kCFErrorDomainCFNetwork Code=<*> ""The Internet connection appears to be offline."" UserInfo={NSErrorFailingURLStringKey=<*>, NSErrorFailingURLKey=<*>, _kCFStreamErrorCodeKey=<*>, _kCFStreamErrorDomainKey=<*>, NSLocalizedDescription=The Internet connection appears to be offline.}}, NSErrorFailingURLStringKey=<*>, NSErrorFailingURLKey=<*>, _kCFStreamErrorDomainKey=<*>, _kCFStreamErrorCodeKey=<*>, NSLocalizedDescription=The Internet connection appears to be offline.}",Mac,Unseen,"PBRequester failed with Error Error Domain=<*> Code=<*> ""<*>"" UserInfo={NSUnderlyingError=<*> {Error Domain=<*> Code=<*> ""<*>"" UserInfo={NSErrorFailingURLStringKey=<*>, NSErrorFailingURLKey=<*>, _kCFStreamErrorCodeKey=<*>, _kCFStreamErrorDomainKey=<*>, NSLocalizedDescription=<*>}}, NSErrorFailingURLStringKey=<*>, NSErrorFailingURLKey=<*>, _kCFStreamErrorDomainKey=<*>, _kCFStreamErrorCodeKey=<*>, NSLocalizedDescription=<*>}",1.421602487564087,541,125
"CCFile::copyFile fileName is [2017-07-07_16,24,11.442212]-AirPortBrcm4360_Logs-001.txt, source path:/var/log/CoreCapture/com.apple.driver.AirPort.Brcm4360.0/DriverLogs//[2017-07-07_16,24,11.442212]-AirPortBrcm4360_Logs-001.txt, dest path:/Library/Logs/CrashReporter/CoreCapture/com.apple.driver.AirPort.Brcm4360.0/[2017-07-07_16,24,11.124183]=AssocFail:sts:2_rsn:0/DriverLogs//[2017-07-07_16,24,11.442212]-AirPortBrcm4360_Logs-001.txt","CCFile::copyFile fileName is [<*>-<*>-<*>,<*>,<*>]-<*>, source path:<*>, dest path:<*>",Mac,Unseen,"CCFile::copyFile fileName is [<*>]-AirPortBrcm4360_Logs-<*>.txt, source path:<*>/DriverLogs//[<*>]-AirPortBrcm4360_Logs-<*>.txt, dest path:<*>/[<*>]=AssocFail:sts:<*>_rsn:<*>/DriverLogs//[<*>]-AirPortBrcm4360_Logs-<*>.txt",2.560014247894287,517,99
"CCFile::captureLog Received Capture notice id: 1499469856.145137, reason = AssocFail:sts:2_rsn:0","CCFile::captureLog Received Capture notice id: <*>, reason = AssocFail:sts:<NUM>_rsn:<NUM>",Mac,Unseen,"CCFile::captureLog Received Capture notice id: <*>, reason = <*>",1.116546630859375,373,20
KeychainGetICDPStatus: status: off,KeychainGetICDPStatus: status: off,Mac,Unseen,KeychainGetICDPStatus: status: <*>,0.7917580604553223,351,14
RTC: PowerByCalendarDate setting ignored,RTC: PowerByCalendarDate setting ignored,Mac,Unseen,RTC: PowerByCalendarDate setting ignored,2.361426591873169,349,12
[com.apple.calendar.store.log.caldav.coredav] [Refusing to parse response to PROPPATCH because of content-type: [text/html; charset=UTF-8].],[com.apple.calendar.store.log.caldav.coredav] [Refusing to parse response to PROPPATCH because of content-type: [text/html; charset=UTF-<*>].],Mac,Unseen,[com.apple.calendar.store.log.caldav.coredav] [Refusing to parse response to PROPPATCH because of content-type: [<*>].],1.1251225471496582,378,37
"NETWORK: requery, 0, 0, 0, 0, 328, items, fQueryRetries, 0, fLastRetryTimestamp, 521177334.4","NETWORK: requery, <*>, <*>, <*>, <*>, <*>, items, fQueryRetries, <*>, fLastRetryTimestamp, <*>",Mac,Unseen,"NETWORK: requery, <*>, <*>, <*>, <*>, <*>, items, fQueryRetries, <*>, fLastRetryTimestamp, <*>",0.914740800857544,381,39
"NSURLSession/NSURLConnection HTTP load failed (kCFStreamErrorDomainSSL, -9806)","NSURLSession/NSURLConnection HTTP load failed (kCFStreamErrorDomainSSL, <*>)",Mac,Unseen,"NSURLSession/NSURLConnection HTTP load failed (kCFStreamErrorDomainSSL, <*>)",1.2744812965393066,360,23
"schedule invalidation <DYTransport 0x7f89e8c00520, error: lost transport connection (31)>","schedule invalidation <DYTransport <*>, error: lost transport connection (<*>)>",Mac,Unseen,"schedule invalidation <DYTransport <*>, error: lost transport connection (<*>)>",1.0233371257781982,367,22
KeychainGetICDPStatus: status: off,KeychainGetICDPStatus: status: off,Mac,Unseen,KeychainGetICDPStatus: status: <*>,0.829728364944458,351,14
<<<< MediaValidator >>>> mv_ValidateRFC4281CodecId: Unrecognized codec 1.(null). Failed codec specific check.,<<<< MediaValidator >>>> <*>: Unrecognized codec <*>.(<*>). Failed codec specific check.,Mac,Unseen,<<<< MediaValidator >>>> mv_ValidateRFC4281CodecId: Unrecognized codec <*>.(null). Failed codec specific check.,1.0203304290771484,367,30
"ARPT: 783991.995027: wl0: setup_keepalive: interval 900, retry_interval 30, retry_count 10","ARPT: <*>: wl0: setup_keepalive: interval <*>, retry_interval <*>, retry_count <*>",Mac,Unseen,"ARPT: <*>: wl0: setup_keepalive: interval <*>, retry_interval <*>, retry_count <*>",0.96809983253479,371,28
"ARPT: 784055.560270: IOPMPowerSource Information: onSleep,  SleepType: Normal Sleep,  'ExternalConnected': No, 'TimeRemaining': 5600,","ARPT: <*>: IOPMPowerSource Information: onSleep, SleepType: Normal Sleep, 'ExternalConnected': No, 'TimeRemaining': <*>,",Mac,Unseen,"ARPT: <*>: IOPMPowerSource Information: onSleep, SleepType: Normal Sleep, 'ExternalConnected': <*>, 'TimeRemaining': <*>,",1.278153896331787,382,39
AppleThunderboltNHIType2::waitForOk2Go2Sx - intel_rp = 1 dlla_reporting_supported = 0,<*>::<*> - intel_rp = <*> dlla_reporting_supported = <*>,Mac,Unseen,AppleThunderboltNHIType2::waitForOk2Go2Sx - intel_rp = <*> dlla_reporting_supported = <*>,6.823530673980713,371,32
ARPT: 784486.498066: wlc_dump_aggfifo:,ARPT: <*>: wlc_dump_aggfifo:,Mac,Unseen,ARPT: <*>: wlc_dump_aggfifo:,0.8799843788146973,357,16
**** [BroadcomBluetoothHostControllerUSBTransport][start] -- Completed (matched on Device) -- 0x3800 ****,**** [BroadcomBluetoothHostControllerUSBTransport][start] -- Completed (matched on Device) -- <*> ****,Mac,Unseen,**** [BroadcomBluetoothHostControllerUSBTransport][start] -- Completed (matched on Device) -- <*> ****,1.0185151100158691,367,26
"CCFile::copyFile fileName is [2017-07-08_02,32,47.528554]-CCIOReporter-003.xml, source path:/var/log/CoreCapture/com.apple.iokit.IO80211Family/OneStats//[2017-07-08_02,32,47.528554]-CCIOReporter-003.xml, dest path:/Library/Logs/CrashReporter/CoreCapture/com.apple.iokit.IO80211Family/[2017-07-08_02,32,46.517498]=AssocFail:sts:2_rsn:0/OneStats//[2017-07-08_02,32,47.528554]-CCIOReporter-003.xml","CCFile::copyFile fileName is [<*>-<*>-<*>,<*>,<*>]-<*>, source path:<*>, dest path:<*>",Mac,Unseen,"CCFile::copyFile fileName is [<*>]-CCIOReporter-<*>.xml, source path:<*>/[<*>]-CCIOReporter-<*>.xml, dest path:<*>/[<*>]=AssocFail:sts:<*>_rsn:<*>/OneStats//[<*>]-CCIOReporter-<*>.xml",1.608511209487915,489,77
did discard act 12083 inact 17640 purgeable 20264 spec 28635 cleaned 0,did discard act <*> inact <*> purgeable <*> spec <*> cleaned <*>,Mac,Unseen,did discard act <*> inact <*> purgeable <*> spec <*> cleaned <*>,0.9728279113769531,364,18
"CCDataTap::profileRemoved, Owner: com.apple.iokit.IO80211Family, Name: AssociationEventHistory","CCDataTap::profileRemoved, Owner: <*>, Name: <*>",Mac,Unseen,"CCDataTap::profileRemoved, Owner: <*>, Name: <*>",0.8884706497192383,364,19
**** [BroadcomBluetoothHostControllerUSBTransport][start] -- Completed (matched on Device) -- 0x8800 ****,**** [BroadcomBluetoothHostControllerUSBTransport][start] -- Completed (matched on Device) -- <*> ****,Mac,Unseen,**** [BroadcomBluetoothHostControllerUSBTransport][start] -- Completed (matched on <*>) -- <*> ****,1.1201214790344238,367,27
Wake reason: ARPT (Network),Wake reason: ARPT (Network),Mac,Unseen,Wake reason: <*> (<*>),0.7971510887145996,348,11
Captive: CNPluginHandler en0: Authenticated,Captive: CNPluginHandler en0: Authenticated,Mac,Unseen,Captive: CNPluginHandler <*>: Authenticated,0.984262228012085,352,14
__42-[NETClientConnection evaluateCrazyIvan46]_block_invoke CI46 - Hit by torpedo! QQ.10018 tc25995 121.51.36.148:443,<*>-[NETClientConnection <*>]_block_invoke CI46 - Hit by torpedo! <*> <*> <*>:<*>,Mac,Unseen,__<*>-[NETClientConnection evaluateCrazyIvan<*>]_block_invoke CI<*> - Hit by torpedo! QQ.<*> tc<*> <*>:<*>,0.8780031204223633,380,38
hibernate_machine_init reading,hibernate_machine_init reading,Mac,Unseen,hibernate_machine_init reading,0.7816729545593262,345,8
vm_compressor_fastwake_warmup completed - took 12461 msecs,vm_compressor_fastwake_warmup completed - took <*> msecs,Mac,Unseen,vm_compressor_fastwake_warmup completed - took <*> msecs,0.7646300792694092,357,18
"CCFile::captureLog Received Capture notice id: 1499518522.558304, reason = AssocFail:sts:2_rsn:0","CCFile::captureLog Received Capture notice id: <*>, reason = AssocFail:sts:<NUM>_rsn:<NUM>",Mac,Unseen,"CCFile::captureLog Received Capture notice id: <*>, reason = <*>",0.7935748100280762,373,20
"CCFile::copyFile fileName is [2017-07-08_05,55,23.694116]-io80211Family-002.pcapng, source path:/var/log/CoreCapture/com.apple.iokit.IO80211Family/IO80211AWDLPeerManager//[2017-07-08_05,55,23.694116]-io80211Family-002.pcapng, dest path:/Library/Logs/CrashReporter/CoreCapture/com.apple.iokit.IO80211Family/[2017-07-08_05,56,40.163377]=AssocFail:sts:2_rsn:0/IO80211AWDLPeerManager//[2017-07-08_05,55,23.694116]-io80211Family-002.pcapng","CCFile::copyFile fileName is [<*>-<*>-<*>,<*>,<*>]-<*>, source path:<*>, dest path:<*>",Mac,Unseen,"CCFile::copyFile fileName is [<*>]-io80211Family-<*>.pcapng, source path:<*>/[<*>]-io80211Family-<*>.pcapng, dest path:<*>/[<*>]=AssocFail:sts:<*>_rsn:<*>/IO80211AWDLPeerManager//[<*>]-io80211Family-<*>.pcapng",1.870802402496338,508,91
Captive: CNPluginHandler en0: Authenticated,Captive: CNPluginHandler en0: Authenticated,Mac,Unseen,Captive: CNPluginHandler <*>: Authenticated,0.7279567718505859,352,14
"Unable to simultaneously satisfy constraints: ( ""<NSAutoresizingMaskLayoutConstraint:0x7f9d574e5370 h=-&- v=-&- V:[NSScrollView:0x7f9d64abe480]-(11)-|   (Names: '|':NSView:0x7f9d6a9cc340 )>"", ""<NSAutoresizingMaskLayoutConstraint:0x7f9d7561a270 h=-&- v=-&- V:|-(45)-[NSScrollView:0x7f9d64abe480]   (Names: '|':NSView:0x7f9d6a9cc340 )>"", ""<NSAutoresizingMaskLayoutConstraint:0x7f9d6aa2cf10 h=-&- v=--& V:[NSView:0x7f9d53160e30(0)]>"", ""<NSAutoresizingMaskLayoutConstraint:0x7f9d75652870 h=-&- v=-&- V:|-(0)-[NSView:0x7f9d6a9cc340]   (Names: '|':NSView:0x7f9d53160e30 )>"", ""<NSAutoresizingMaskLayoutConstraint:0x7f9d77ef8f50 h=-&- v=-&- V:[NSView:0x7f9d6a9cc340]-(0)-|   (Names: '|':NSView:0x7f9d53160e30 )>"" )  Will attempt to recover by breaking constraint <NSAutoresizingMaskLayoutConstraint:0x7f9d7561a270 h=-&- v=-&- V:|-(45)-[NSScrollView:0x7f9d64abe480]   (Names: '|':NSView:0x7f9d6a9cc340 )>  Set the NSUserDefault NSConstraintBasedLayoutVisualizeMutuallyExclusiveConstraints to YES to have -[NSWindow visualizeConstraints:] automatically called when this happens.  And/or, break on objc_exception_throw to catch this in the debugger.","Unable to simultaneously satisfy constraints: ( ""<NSAutoresizingMaskLayoutConstraint:<*> h=-&- v=-&- V:[NSScrollView:<*>]-(<*>)-| (Names: '|':NSView:<*> )>"", ""<NSAutoresizingMaskLayoutConstraint:<*> h=-&- v=-&- V:|-(<*>)-[NSScrollView:<*>] (Names: '|':NSView:<*> )>"", ""<NSAutoresizingMaskLayoutConstraint:<*> h=-&- v=--& V:[NSView:<*>(<*>)]>"", ""<NSAutoresizingMaskLayoutConstraint:<*> h=-&- v=-&- V:|-(<*>)-[NSView:<*>] (Names: '|':NSView:<*> )>"", ""<NSAutoresizingMaskLayoutConstraint:<*> h=-&- v=-&- V:[NSView:<*>]-(<*>)-| (Names: '|':NSView:<*> )>"" ) Will attempt to recover by breaking constraint <NSAutoresizingMaskLayoutConstraint:<*> h=-&- v=-&- V:|-(<*>)-[NSScrollView:<*>] (Names: '|':NSView:<*> )> Set the NSUserDefault NSConstraintBasedLayoutVisualizeMutuallyExclusiveConstraints to YES to have -[NSWindow visualizeConstraints:] automatically called when this happens. And/or, break on objc_exception_throw to catch this in the debugger.",Mac,Unseen,"Unable to simultaneously satisfy constraints: ( ""<NSAutoresizingMaskLayoutConstraint:<*> h=-&- v=-&- V:[NSScrollView:<*>]-(<*>)-| (Names: '|':NSView:<*> )>"", ""<NSAutoresizingMaskLayoutConstraint:<*> h=-&- v=-&- V:|-(<*>)-[NSScrollView:<*>] (Names: '|':NSView:<*> )>"", ""<NSAutoresizingMaskLayoutConstraint:<*> h=-&- v=--& V:[NSView:<*>(<*>)]>"", ""<NSAutoresizingMaskLayoutConstraint:<*> h=-&- v=-&- V:|-(<*>)-[NSView:<*>] (Names: '|':NSView:<*> )>"", ""<NSAutoresizingMaskLayoutConstraint:<*> h=-&- v=-&- V:[NSView:<*>]-(<*>)-| (Names: '|':NSView:<*> )>"" ) Will attempt to recover by breaking constraint <NSAutoresizingMaskLayoutConstraint:<*> h=-&- v=-&- V:|-(<*>)-[NSScrollView:<*>] (Names: '|':NSView:<*> )> Set the NSUserDefault NSConstraintBasedLayoutVisualizeMutuallyExclusiveConstraints to YES to have -[NSWindow visualizeConstraints:] automatically called when this happens. And/or, break on objc_exception_throw to catch this in the debugger.",2.6588151454925537,788,293
[com.apple.calendar.store.log.caldav.coredav] [Refusing to parse response to PROPPATCH because of content-type: [text/html; charset=UTF-8].],[com.apple.calendar.store.log.caldav.coredav] [Refusing to parse response to PROPPATCH because of content-type: [text/html; charset=UTF-<*>].],Mac,Unseen,[com.apple.calendar.store.log.caldav.coredav] [Refusing to parse response to PROPPATCH because of content-type: [<*>].],1.0771136283874512,378,37
"SOSAccountThisDeviceCanSyncWithCircle sync with device failure: Error Domain=com.apple.security.sos.error Code=1035 ""Account identity not set"" UserInfo={NSDescription=Account identity not set}","SOSAccountThisDeviceCanSyncWithCircle sync with device failure: Error Domain=com.apple.security.sos.error Code=<*> ""Account identity not set"" UserInfo={NSDescription=Account identity not set}",Mac,Unseen,"SOSAccountThisDeviceCanSyncWithCircle sync with device failure: Error Domain=<*> Code=<*> ""<*>"" UserInfo={<*>=<*>}",1.0625157356262207,382,35
Wake reason: RTC (Alarm),Wake reason: RTC (Alarm),Mac,Unseen,Wake reason: <*> (<*>),0.7109518051147461,347,11
AppleCamIn::wakeEventHandlerThread,AppleCamIn::wakeEventHandlerThread,Mac,Unseen,AppleCamIn::wakeEventHandlerThread,0.641171932220459,349,12
