Content,EventTemplate,Dataset,Category,GPT_Temp_5,GPT_Time_5,GPT_In_Tokens_5,GPT_Out_Tokens_5
Connection closed by 173.234.31.186 [preauth],Connection closed by <*> [preauth],OpenSSH,Unseen,Connection closed by <*> [preauth],0.8856935501098633,355,12
Connection closed by 212.47.254.145 [preauth],Connection closed by <*> [preauth],OpenSSH,Unseen,Connection closed by <*> [preauth],0.9223248958587646,355,12
Received disconnect from 52.80.34.196: 11: Bye Bye [preauth],Received disconnect from <*>: <*>: Bye Bye [preauth],OpenSSH,Unseen,Received disconnect from <*>:<*>: <*>: Bye Bye [preauth],1.1299173831939697,361,19
Connection closed by 173.234.31.186 [preauth],Connection closed by <*> [preauth],OpenSSH,Unseen,Connection closed by <*> [preauth],0.9214048385620117,355,12
Received disconnect from 202.100.179.208: 11: Bye Bye [preauth],Received disconnect from <*>: <*>: Bye Bye [preauth],OpenSSH,Unseen,Received disconnect from <*>:<*>: <*>: Bye Bye [preauth],0.9088170528411865,361,19
Received disconnect from 112.95.230.3: 11: Bye Bye [preauth],Received disconnect from <*>: <*>: Bye Bye [preauth],OpenSSH,Unseen,Received disconnect from <*>:<*>: <*>: <*> <*> [preauth],1.069493293762207,361,19
Received disconnect from 112.95.230.3: 11: Bye Bye [preauth],Received disconnect from <*>: <*>: Bye Bye [preauth],OpenSSH,Unseen,Received disconnect from <*>:<*>: <*>: <*> <*> [preauth],0.9141190052032471,361,19
Received disconnect from 112.95.230.3: 11: Bye Bye [preauth],Received disconnect from <*>: <*>: Bye Bye [preauth],OpenSSH,Unseen,Received disconnect from <*>:<*>: <*>: <*> <*> [preauth],1.1050164699554443,361,19
Received disconnect from 112.95.230.3: 11: Bye Bye [preauth],Received disconnect from <*>: <*>: Bye Bye [preauth],OpenSSH,Unseen,Received disconnect from <*>:<*>: <*>: Bye Bye [preauth],1.2102680206298828,361,19
Received disconnect from 112.95.230.3: 11: Bye Bye [preauth],Received disconnect from <*>: <*>: Bye Bye [preauth],OpenSSH,Unseen,Received disconnect from <*>:<*>: <*>: Bye Bye [preauth],1.292158603668213,361,19
Received disconnect from 112.95.230.3: 11: Bye Bye [preauth],Received disconnect from <*>: <*>: Bye Bye [preauth],OpenSSH,Unseen,Received disconnect from <*>:<*>: <*>: <*> <*> [preauth],0.9409279823303223,361,19
Received disconnect from 112.95.230.3: 11: Bye Bye [preauth],Received disconnect from <*>: <*>: Bye Bye [preauth],OpenSSH,Unseen,Received disconnect from <*>:<*>: <*>: Bye Bye [preauth],1.2205634117126465,361,19
Received disconnect from 112.95.230.3: 11: Bye Bye [preauth],Received disconnect from <*>: <*>: Bye Bye [preauth],OpenSSH,Unseen,Received disconnect from <*>:<*>: <*>: <*> <*> [preauth],0.9186275005340576,361,19
Received disconnect from 112.95.230.3: 11: Bye Bye [preauth],Received disconnect from <*>: <*>: Bye Bye [preauth],OpenSSH,Unseen,Received disconnect from <*>:<*>: <*>: <*> <*> [preauth],1.3530611991882324,361,19
Received disconnect from 112.95.230.3: 11: Bye Bye [preauth],Received disconnect from <*>: <*>: Bye Bye [preauth],OpenSSH,Unseen,Received disconnect from <*>:<*>: <*>: Bye Bye [preauth],1.087993860244751,361,19
Received disconnect from 112.95.230.3: 11: Bye Bye [preauth],Received disconnect from <*>: <*>: Bye Bye [preauth],OpenSSH,Unseen,Received disconnect from <*>:<*>: <*>: Bye Bye [preauth],1.2471065521240234,361,19
Received disconnect from 112.95.230.3: 11: Bye Bye [preauth],Received disconnect from <*>: <*>: Bye Bye [preauth],OpenSSH,Unseen,Received disconnect from <*>:<*>: <*>: <*> <*> [preauth],5.227318525314331,361,19
Received disconnect from 112.95.230.3: 11: Bye Bye [preauth],Received disconnect from <*>: <*>: Bye Bye [preauth],OpenSSH,Unseen,Received disconnect from <*>:<*>: <*>: <*> <*> [preauth],1.0903501510620117,361,19
Received disconnect from 112.95.230.3: 11: Bye Bye [preauth],Received disconnect from <*>: <*>: Bye Bye [preauth],OpenSSH,Unseen,Received disconnect from <*>:<*>: <*>: <*> <*> [preauth],1.2027058601379395,361,19
Received disconnect from 112.95.230.3: 11: Bye Bye [preauth],Received disconnect from <*>: <*>: Bye Bye [preauth],OpenSSH,Unseen,Received disconnect from <*>:<*>: <*>: Bye Bye [preauth],1.0326998233795166,361,19
Received disconnect from 112.95.230.3: 11: Bye Bye [preauth],Received disconnect from <*>: <*>: Bye Bye [preauth],OpenSSH,Unseen,Received disconnect from <*>:<*>: <*>: Bye Bye [preauth],1.3489353656768799,361,19
Received disconnect from 112.95.230.3: 11: Bye Bye [preauth],Received disconnect from <*>: <*>: Bye Bye [preauth],OpenSSH,Unseen,Received disconnect from <*>:<*>: <*>: <*> <*> [preauth],1.1137008666992188,361,19
Received disconnect from 112.95.230.3: 11: Bye Bye [preauth],Received disconnect from <*>: <*>: Bye Bye [preauth],OpenSSH,Unseen,Received disconnect from <*>:<*>: <*>: <*> <*> [preauth],1.1307551860809326,361,19
Received disconnect from 112.95.230.3: 11: Bye Bye [preauth],Received disconnect from <*>: <*>: Bye Bye [preauth],OpenSSH,Unseen,Received disconnect from <*>:<*>: <*> <*> [preauth],0.8703827857971191,361,17
Received disconnect from 112.95.230.3: 11: Bye Bye [preauth],Received disconnect from <*>: <*>: Bye Bye [preauth],OpenSSH,Unseen,Received disconnect from <*>:<*>: <*>: Bye Bye [preauth],1.1182985305786133,361,19
Received disconnect from 112.95.230.3: 11: Bye Bye [preauth],Received disconnect from <*>: <*>: Bye Bye [preauth],OpenSSH,Unseen,Received disconnect from <*>:<*>: <*>: <*> <*> [preauth],1.0356793403625488,361,19
Received disconnect from 112.95.230.3: 11: Bye Bye [preauth],Received disconnect from <*>: <*>: Bye Bye [preauth],OpenSSH,Unseen,Received disconnect from <*>:<*>: <*> <*> [preauth],0.8224363327026367,361,17
Received disconnect from 112.95.230.3: 11: Bye Bye [preauth],Received disconnect from <*>: <*>: Bye Bye [preauth],OpenSSH,Unseen,Received disconnect from <*>:<*>: <*>: <*> <*> [preauth],0.9748294353485107,361,19
Received disconnect from 112.95.230.3: 11: Bye Bye [preauth],Received disconnect from <*>: <*>: Bye Bye [preauth],OpenSSH,Unseen,Received disconnect from <*>:<*>: <*>: Bye Bye [preauth],1.1478185653686523,361,19
Received disconnect from 112.95.230.3: 11: Bye Bye [preauth],Received disconnect from <*>: <*>: Bye Bye [preauth],OpenSSH,Unseen,Received disconnect from <*>:<*>: <*>: Bye Bye [preauth],1.7906875610351562,361,19
Received disconnect from 112.95.230.3: 11: Bye Bye [preauth],Received disconnect from <*>: <*>: Bye Bye [preauth],OpenSSH,Unseen,Received disconnect from <*>:<*>: <*>: <*> <*> [preauth],1.1500234603881836,361,19
Received disconnect from 123.235.32.19: 11: Bye Bye [preauth],Received disconnect from <*>: <*>: Bye Bye [preauth],OpenSSH,Unseen,Received disconnect from <*>: <*>: Bye Bye [preauth],1.255335807800293,361,17
Received disconnect from 123.235.32.19: 11: Bye Bye [preauth],Received disconnect from <*>: <*>: Bye Bye [preauth],OpenSSH,Unseen,Received disconnect from <*>: <*>: Bye Bye [preauth],1.1956443786621094,361,17
Received disconnect from 123.235.32.19: 11: Bye Bye [preauth],Received disconnect from <*>: <*>: Bye Bye [preauth],OpenSSH,Unseen,Received disconnect from <*>: <*>: <*> <*> [preauth],0.9974842071533203,361,17
Received disconnect from 123.235.32.19: 11: Bye Bye [preauth],Received disconnect from <*>: <*>: Bye Bye [preauth],OpenSSH,Unseen,Received disconnect from <*>: <*>: Bye Bye [preauth],2.0307247638702393,361,17
Received disconnect from 123.235.32.19: 11: Bye Bye [preauth],Received disconnect from <*>: <*>: Bye Bye [preauth],OpenSSH,Unseen,Received disconnect from <*>: <*>: <*> <*> [preauth],1.2182831764221191,361,17
Received disconnect from 123.235.32.19: 11: Bye Bye [preauth],Received disconnect from <*>: <*>: Bye Bye [preauth],OpenSSH,Unseen,Received disconnect from <*>: <*>: Bye Bye [preauth],0.9620277881622314,361,17
Received disconnect from 123.235.32.19: 11: Bye Bye [preauth],Received disconnect from <*>: <*>: Bye Bye [preauth],OpenSSH,Unseen,Received disconnect from <*>: <*>: <*> <*> [preauth],0.9451403617858887,361,17
Received disconnect from 183.136.162.51: 11: Bye Bye [preauth],Received disconnect from <*>: <*>: Bye Bye [preauth],OpenSSH,Unseen,Received disconnect from <*>:<*>: <*>: <*> <*> [preauth],0.9253654479980469,361,19
Connection closed by 191.210.223.172 [preauth],Connection closed by <*> [preauth],OpenSSH,Unseen,Connection closed by <*> [preauth],1.3135106563568115,355,12
error: Received disconnect from 195.154.37.122: 3: com.jcraft.jsch.JSchException: Auth fail [preauth],error: Received disconnect from <*>: <*>: com.jcraft.jsch.JSchException: Auth fail [preauth],OpenSSH,Unseen,error: Received disconnect from <*>:<*>: <*>: com.jcraft.jsch.JSchException: Auth fail [preauth],1.3601953983306885,372,30
error: Received disconnect from 195.154.37.122: 3: com.jcraft.jsch.JSchException: Auth fail [preauth],error: Received disconnect from <*>: <*>: com.jcraft.jsch.JSchException: Auth fail [preauth],OpenSSH,Unseen,error: Received disconnect from <*>:<*>: <*>: com.jcraft.jsch.JSchException: Auth fail [preauth],1.0440945625305176,372,30
Connection closed by 194.190.163.22 [preauth],Connection closed by <*> [preauth],OpenSSH,Unseen,Connection closed by <*> [preauth],19.427332639694214,355,12
Received disconnect from 52.80.34.196: 11: Bye Bye [preauth],Received disconnect from <*>: <*>: Bye Bye [preauth],OpenSSH,Unseen,Received disconnect from <*>:<*>: <*>: Bye Bye [preauth],1.6999664306640625,361,19
Connection closed by 194.190.163.22 [preauth],Connection closed by <*> [preauth],OpenSSH,Unseen,Connection closed by <*> [preauth],7.5188329219818115,355,12
Received disconnect from 175.102.13.6: 11: Bye Bye [preauth],Received disconnect from <*>: <*>: Bye Bye [preauth],OpenSSH,Unseen,Received disconnect from <*>:<*>: <*>: Bye Bye [preauth],0.9954476356506348,361,19
Connection closed by 194.190.163.22 [preauth],Connection closed by <*> [preauth],OpenSSH,Unseen,Connection closed by <*> [preauth],2.9611196517944336,355,12
Connection closed by 5.188.10.180 [preauth],Connection closed by <*> [preauth],OpenSSH,Unseen,Connection closed by <*> [preauth],1.5036635398864746,355,12
Connection closed by 5.188.10.180 [preauth],Connection closed by <*> [preauth],OpenSSH,Unseen,Connection closed by <*> [preauth],2.112205982208252,355,12
Connection closed by 5.188.10.180 [preauth],Connection closed by <*> [preauth],OpenSSH,Unseen,Connection closed by <*> [preauth],0.8389739990234375,355,12
Connection closed by 5.188.10.180 [preauth],Connection closed by <*> [preauth],OpenSSH,Unseen,Connection closed by <*> [preauth],1.1535913944244385,355,12
Connection closed by 5.188.10.180 [preauth],Connection closed by <*> [preauth],OpenSSH,Unseen,Connection closed by <*> [preauth],0.9014005661010742,355,12
Connection closed by 5.188.10.180 [preauth],Connection closed by <*> [preauth],OpenSSH,Unseen,Connection closed by <*> [preauth],0.7837598323822021,355,12
Connection closed by 5.188.10.180 [preauth],Connection closed by <*> [preauth],OpenSSH,Unseen,Connection closed by <*> [preauth],1.2969036102294922,355,12
Connection closed by 5.188.10.180 [preauth],Connection closed by <*> [preauth],OpenSSH,Unseen,Connection closed by <*> [preauth],0.757948637008667,355,12
PAM 1 more authentication failure; logname= uid=0 euid=0 tty=ssh ruser= rhost=5.188.10.180,PAM <*> more authentication failure; logname= uid=<*> euid=<*> tty=ssh ruser= rhost=<*>,OpenSSH,Unseen,PAM <*> more authentication failure; logname= uid=<*> euid=<*> tty=<*> ruser= rhost=<*>,5.608933210372925,375,31
Connection closed by 5.188.10.180 [preauth],Connection closed by <*> [preauth],OpenSSH,Unseen,Connection closed by <*> [preauth],2.168148994445801,355,12
Connection closed by 5.188.10.180 [preauth],Connection closed by <*> [preauth],OpenSSH,Unseen,Connection closed by <*> [preauth],1.0308303833007812,355,12
Connection closed by 5.188.10.180 [preauth],Connection closed by <*> [preauth],OpenSSH,Unseen,Connection closed by <*> [preauth],1.036531925201416,355,12
Connection closed by 194.190.163.22 [preauth],Connection closed by <*> [preauth],OpenSSH,Unseen,Connection closed by <*> [preauth],1.0333631038665771,355,12
Received disconnect from 52.80.34.196: 11: Bye Bye [preauth],Received disconnect from <*>: <*>: Bye Bye [preauth],OpenSSH,Unseen,Received disconnect from <*>:<*>: <*>: Bye Bye [preauth],1.0462112426757812,361,19
Connection closed by 185.190.58.151 [preauth],Connection closed by <*> [preauth],OpenSSH,Unseen,Connection closed by <*> [preauth],1.0707581043243408,355,12
Connection closed by 185.190.58.151 [preauth],Connection closed by <*> [preauth],OpenSSH,Unseen,Connection closed by <*> [preauth],1.0302443504333496,355,12
Connection closed by 185.190.58.151 [preauth],Connection closed by <*> [preauth],OpenSSH,Unseen,Connection closed by <*> [preauth],0.7635147571563721,355,12
Connection closed by 185.190.58.151 [preauth],Connection closed by <*> [preauth],OpenSSH,Unseen,Connection closed by <*> [preauth],0.932321310043335,355,12
Connection closed by 185.190.58.151 [preauth],Connection closed by <*> [preauth],OpenSSH,Unseen,Connection closed by <*> [preauth],0.7092156410217285,355,12
Connection closed by 185.190.58.151 [preauth],Connection closed by <*> [preauth],OpenSSH,Unseen,Connection closed by <*> [preauth],1.9341025352478027,355,12
PAM 1 more authentication failure; logname= uid=0 euid=0 tty=ssh ruser= rhost=185.190.58.151,PAM <*> more authentication failure; logname= uid=<*> euid=<*> tty=ssh ruser= rhost=<*>,OpenSSH,Unseen,PAM <*> more authentication failure; logname= uid=<*> euid=<*> tty=<*> ruser= rhost=<*>,1.2777111530303955,375,31
Received disconnect from 187.141.143.180: 11: Bye Bye [preauth],Received disconnect from <*>: <*>: Bye Bye [preauth],OpenSSH,Unseen,Received disconnect from <*>:<*>: <*>: <*> <*> [preauth],1.0621709823608398,361,19
Received disconnect from 187.141.143.180: 11: Bye Bye [preauth],Received disconnect from <*>: <*>: Bye Bye [preauth],OpenSSH,Unseen,Received disconnect from <*>:<*>: <*>: Bye Bye [preauth],1.049227237701416,361,19
Received disconnect from 187.141.143.180: 11: Bye Bye [preauth],Received disconnect from <*>: <*>: Bye Bye [preauth],OpenSSH,Unseen,Received disconnect from <*>:<*>: <*>: <*> <*> [preauth],0.9571552276611328,361,19
Connection closed by 185.190.58.151 [preauth],Connection closed by <*> [preauth],OpenSSH,Unseen,Connection closed by <*> [preauth],0.9570498466491699,355,12
Received disconnect from 187.141.143.180: 11: Bye Bye [preauth],Received disconnect from <*>: <*>: Bye Bye [preauth],OpenSSH,Unseen,Received disconnect from <*>:<*>: <*>: Bye Bye [preauth],1.1342673301696777,361,19
Received disconnect from 187.141.143.180: 11: Bye Bye [preauth],Received disconnect from <*>: <*>: Bye Bye [preauth],OpenSSH,Unseen,Received disconnect from <*>:<*>: <*>: <*> <*> [preauth],0.9637935161590576,361,19
Received disconnect from 187.141.143.180: 11: Bye Bye [preauth],Received disconnect from <*>: <*>: Bye Bye [preauth],OpenSSH,Unseen,Received disconnect from <*>:<*>: <*>: <*> <*> [preauth],1.2121422290802002,361,19
Received disconnect from 187.141.143.180: 11: Bye Bye [preauth],Received disconnect from <*>: <*>: Bye Bye [preauth],OpenSSH,Unseen,Received disconnect from <*>:<*>: <*>: <*> <*> [preauth],1.2180824279785156,361,19
Received disconnect from 187.141.143.180: 11: Bye Bye [preauth],Received disconnect from <*>: <*>: Bye Bye [preauth],OpenSSH,Unseen,Received disconnect from <*>:<*>: <*>: Bye Bye [preauth],2.0786256790161133,361,19
Received disconnect from 187.141.143.180: 11: Bye Bye [preauth],Received disconnect from <*>: <*>: Bye Bye [preauth],OpenSSH,Unseen,Received disconnect from <*>:<*>: <*>: <*> <*> [preauth],1.3469798564910889,361,19
Received disconnect from 187.141.143.180: 11: Bye Bye [preauth],Received disconnect from <*>: <*>: Bye Bye [preauth],OpenSSH,Unseen,Received disconnect from <*>:<*>: <*>: <*> <*> [preauth],1.1012897491455078,361,19
Received disconnect from 187.141.143.180: 11: Bye Bye [preauth],Received disconnect from <*>: <*>: Bye Bye [preauth],OpenSSH,Unseen,Received disconnect from <*>:<*>: <*>: <*> <*> [preauth],1.016512155532837,361,19
Received disconnect from 187.141.143.180: 11: Bye Bye [preauth],Received disconnect from <*>: <*>: Bye Bye [preauth],OpenSSH,Unseen,Received disconnect from <*>:<*>: <*>: Bye Bye [preauth],1.3405320644378662,361,19
Received disconnect from 187.141.143.180: 11: Bye Bye [preauth],Received disconnect from <*>: <*>: Bye Bye [preauth],OpenSSH,Unseen,Received disconnect from <*>:<*>: <*>: <*> <*> [preauth],1.0082707405090332,361,19
Received disconnect from 187.141.143.180: 11: Bye Bye [preauth],Received disconnect from <*>: <*>: Bye Bye [preauth],OpenSSH,Unseen,Received disconnect from <*>:<*>: <*>: Bye Bye [preauth],4.534661054611206,361,19
Received disconnect from 187.141.143.180: 11: Bye Bye [preauth],Received disconnect from <*>: <*>: Bye Bye [preauth],OpenSSH,Unseen,Received disconnect from <*>:<*>: <*>: <*> <*> [preauth],0.843782901763916,361,19
Received disconnect from 187.141.143.180: 11: Bye Bye [preauth],Received disconnect from <*>: <*>: Bye Bye [preauth],OpenSSH,Unseen,Received disconnect from <*>:<*>: <*>: <*> <*> [preauth],0.9261751174926758,361,19
Received disconnect from 187.141.143.180: 11: Bye Bye [preauth],Received disconnect from <*>: <*>: Bye Bye [preauth],OpenSSH,Unseen,Received disconnect from <*>:<*>: <*>: <*> <*> [preauth],0.9811651706695557,361,19
Received disconnect from 187.141.143.180: 11: Bye Bye [preauth],Received disconnect from <*>: <*>: Bye Bye [preauth],OpenSSH,Unseen,Received disconnect from <*>:<*>: <*>: <*> <*> [preauth],1.1527881622314453,361,19
Received disconnect from 187.141.143.180: 11: Bye Bye [preauth],Received disconnect from <*>: <*>: Bye Bye [preauth],OpenSSH,Unseen,Received disconnect from <*>:<*>: <*>: <*> <*> [preauth],1.0465624332427979,361,19
Received disconnect from 187.141.143.180: 11: Bye Bye [preauth],Received disconnect from <*>: <*>: Bye Bye [preauth],OpenSSH,Unseen,Received disconnect from <*>:<*>: <*>: <*> <*> [preauth],1.2106425762176514,361,19
Received disconnect from 187.141.143.180: 11: Bye Bye [preauth],Received disconnect from <*>: <*>: Bye Bye [preauth],OpenSSH,Unseen,Received disconnect from <*>:<*>: <*>: <*> <*> [preauth],0.989626407623291,361,19
Received disconnect from 187.141.143.180: 11: Bye Bye [preauth],Received disconnect from <*>: <*>: Bye Bye [preauth],OpenSSH,Unseen,Received disconnect from <*>:<*>: <*>: <*> <*> [preauth],1.0213968753814697,361,19
Received disconnect from 187.141.143.180: 11: Bye Bye [preauth],Received disconnect from <*>: <*>: Bye Bye [preauth],OpenSSH,Unseen,Received disconnect from <*>:<*>: <*>: <*> <*> [preauth],1.05830717086792,361,19
Received disconnect from 187.141.143.180: 11: Bye Bye [preauth],Received disconnect from <*>: <*>: Bye Bye [preauth],OpenSSH,Unseen,Received disconnect from <*>:<*>: <*>: <*> <*> [preauth],1.1485698223114014,361,19
Received disconnect from 187.141.143.180: 11: Bye Bye [preauth],Received disconnect from <*>: <*>: Bye Bye [preauth],OpenSSH,Unseen,Received disconnect from <*>:<*>: <*>: Bye Bye [preauth],0.8984673023223877,361,19
Received disconnect from 187.141.143.180: 11: Bye Bye [preauth],Received disconnect from <*>: <*>: Bye Bye [preauth],OpenSSH,Unseen,Received disconnect from <*>:<*>: <*>: Bye Bye [preauth],1.2035953998565674,361,19
Received disconnect from 187.141.143.180: 11: Bye Bye [preauth],Received disconnect from <*>: <*>: Bye Bye [preauth],OpenSSH,Unseen,Received disconnect from <*>:<*>: <*>: Bye Bye [preauth],1.9302048683166504,361,19
Received disconnect from 187.141.143.180: 11: Bye Bye [preauth],Received disconnect from <*>: <*>: Bye Bye [preauth],OpenSSH,Unseen,Received disconnect from <*>:<*>: <*>: <*> <*> [preauth],1.5734782218933105,361,19
Received disconnect from 187.141.143.180: 11: Bye Bye [preauth],Received disconnect from <*>: <*>: Bye Bye [preauth],OpenSSH,Unseen,Received disconnect from <*>:<*>: <*>: <*> <*> [preauth],2.0671730041503906,361,19
Received disconnect from 187.141.143.180: 11: Bye Bye [preauth],Received disconnect from <*>: <*>: Bye Bye [preauth],OpenSSH,Unseen,Received disconnect from <*>:<*>: <*>: <*> <*> [preauth],4.751886606216431,361,19
Received disconnect from 187.141.143.180: 11: Bye Bye [preauth],Received disconnect from <*>: <*>: Bye Bye [preauth],OpenSSH,Unseen,Received disconnect from <*>:<*>: <*>: <*> <*> [preauth],0.9659950733184814,361,19
Received disconnect from 187.141.143.180: 11: Bye Bye [preauth],Received disconnect from <*>: <*>: Bye Bye [preauth],OpenSSH,Unseen,Received disconnect from <*>:<*>: <*>: Bye Bye [preauth],0.9988625049591064,361,19
Received disconnect from 187.141.143.180: 11: Bye Bye [preauth],Received disconnect from <*>: <*>: Bye Bye [preauth],OpenSSH,Unseen,Received disconnect from <*>:<*>: <*>: <*> <*> [preauth],1.095369815826416,361,19
Received disconnect from 187.141.143.180: 11: Bye Bye [preauth],Received disconnect from <*>: <*>: Bye Bye [preauth],OpenSSH,Unseen,Received disconnect from <*>:<*>: <*>: <*> <*> [preauth],1.24174165725708,361,19
Received disconnect from 187.141.143.180: 11: Bye Bye [preauth],Received disconnect from <*>: <*>: Bye Bye [preauth],OpenSSH,Unseen,Received disconnect from <*>:<*>: <*>: <*> <*> [preauth],1.0447406768798828,361,19
Received disconnect from 187.141.143.180: 11: Bye Bye [preauth],Received disconnect from <*>: <*>: Bye Bye [preauth],OpenSSH,Unseen,Received disconnect from <*>:<*>: <*>: Bye Bye [preauth],1.2613987922668457,361,19
Received disconnect from 187.141.143.180: 11: Bye Bye [preauth],Received disconnect from <*>: <*>: Bye Bye [preauth],OpenSSH,Unseen,Received disconnect from <*>:<*>: <*>: <*> <*> [preauth],1.8251018524169922,361,19
Received disconnect from 187.141.143.180: 11: Bye Bye [preauth],Received disconnect from <*>: <*>: Bye Bye [preauth],OpenSSH,Unseen,Received disconnect from <*>:<*>: <*>: Bye Bye [preauth],1.2176260948181152,361,19
Received disconnect from 187.141.143.180: 11: Bye Bye [preauth],Received disconnect from <*>: <*>: Bye Bye [preauth],OpenSSH,Unseen,Received disconnect from <*>:<*>: <*>: <*> <*> [preauth],1.1643295288085938,361,19
Received disconnect from 187.141.143.180: 11: Bye Bye [preauth],Received disconnect from <*>: <*>: Bye Bye [preauth],OpenSSH,Unseen,Received disconnect from <*>:<*>: <*>: Bye Bye [preauth],1.7856097221374512,361,19
Received disconnect from 187.141.143.180: 11: Bye Bye [preauth],Received disconnect from <*>: <*>: Bye Bye [preauth],OpenSSH,Unseen,Received disconnect from <*>:<*>: <*>: Bye Bye [preauth],0.9590005874633789,361,19
Received disconnect from 187.141.143.180: 11: Bye Bye [preauth],Received disconnect from <*>: <*>: Bye Bye [preauth],OpenSSH,Unseen,Received disconnect from <*>:<*>: <*>: Bye Bye [preauth],4.675991773605347,361,19
Received disconnect from 187.141.143.180: 11: Bye Bye [preauth],Received disconnect from <*>: <*>: Bye Bye [preauth],OpenSSH,Unseen,Received disconnect from <*>:<*>: <*>: Bye Bye [preauth],0.7677552700042725,361,19
Received disconnect from 187.141.143.180: 11: Bye Bye [preauth],Received disconnect from <*>: <*>: Bye Bye [preauth],OpenSSH,Unseen,Received disconnect from <*>:<*>: <*>: Bye Bye [preauth],1.0289645195007324,361,19
Received disconnect from 187.141.143.180: 11: Bye Bye [preauth],Received disconnect from <*>: <*>: Bye Bye [preauth],OpenSSH,Unseen,Received disconnect from <*>:<*>: <*>: Bye Bye [preauth],1.676985502243042,361,19
Received disconnect from 187.141.143.180: 11: Bye Bye [preauth],Received disconnect from <*>: <*>: Bye Bye [preauth],OpenSSH,Unseen,Received disconnect from <*>:<*>: <*>: Bye Bye [preauth],1.3491883277893066,361,19
Received disconnect from 187.141.143.180: 11: Bye Bye [preauth],Received disconnect from <*>: <*>: Bye Bye [preauth],OpenSSH,Unseen,Received disconnect from <*>:<*>: <*>: Bye Bye [preauth],1.0069952011108398,361,19
Received disconnect from 187.141.143.180: 11: Bye Bye [preauth],Received disconnect from <*>: <*>: Bye Bye [preauth],OpenSSH,Unseen,Received disconnect from <*>:<*>: <*>: Bye Bye [preauth],1.8193988800048828,361,19
Received disconnect from 187.141.143.180: 11: Bye Bye [preauth],Received disconnect from <*>: <*>: Bye Bye [preauth],OpenSSH,Unseen,Received disconnect from <*>:<*>: <*>: <*> <*> [preauth],1.1883926391601562,361,19
Received disconnect from 187.141.143.180: 11: Bye Bye [preauth],Received disconnect from <*>: <*>: Bye Bye [preauth],OpenSSH,Unseen,Received disconnect from <*>:<*>: <*>: <*> <*> [preauth],1.1821305751800537,361,19
Received disconnect from 187.141.143.180: 11: Bye Bye [preauth],Received disconnect from <*>: <*>: Bye Bye [preauth],OpenSSH,Unseen,Received disconnect from <*>:<*>: <*>: <*> <*> [preauth],0.9699277877807617,361,19
Received disconnect from 187.141.143.180: 11: Bye Bye [preauth],Received disconnect from <*>: <*>: Bye Bye [preauth],OpenSSH,Unseen,Received disconnect from <*>:<*>: <*>: Bye Bye [preauth],1.1548988819122314,361,19
Received disconnect from 187.141.143.180: 11: Bye Bye [preauth],Received disconnect from <*>: <*>: Bye Bye [preauth],OpenSSH,Unseen,Received disconnect from <*>:<*>: <*>: Bye Bye [preauth],0.9059653282165527,361,19
Received disconnect from 187.141.143.180: 11: Bye Bye [preauth],Received disconnect from <*>: <*>: Bye Bye [preauth],OpenSSH,Unseen,Received disconnect from <*>:<*>: <*>: <*> <*> [preauth],1.448293924331665,361,19
Received disconnect from 187.141.143.180: 11: Bye Bye [preauth],Received disconnect from <*>: <*>: Bye Bye [preauth],OpenSSH,Unseen,Received disconnect from <*>:<*>: <*>: <*> <*> [preauth],1.746931552886963,361,19
Received disconnect from 187.141.143.180: 11: Bye Bye [preauth],Received disconnect from <*>: <*>: Bye Bye [preauth],OpenSSH,Unseen,Received disconnect from <*>:<*>: <*>: Bye Bye [preauth],1.1204936504364014,361,19
Received disconnect from 187.141.143.180: 11: Bye Bye [preauth],Received disconnect from <*>: <*>: Bye Bye [preauth],OpenSSH,Unseen,Received disconnect from <*>:<*>: <*>: Bye Bye [preauth],1.0244009494781494,361,19
Received disconnect from 187.141.143.180: 11: Bye Bye [preauth],Received disconnect from <*>: <*>: Bye Bye [preauth],OpenSSH,Unseen,Received disconnect from <*>:<*>: <*>: Bye Bye [preauth],1.2341864109039307,361,19
Received disconnect from 187.141.143.180: 11: Bye Bye [preauth],Received disconnect from <*>: <*>: Bye Bye [preauth],OpenSSH,Unseen,Received disconnect from <*>:<*>: <*>: Bye Bye [preauth],1.0695748329162598,361,19
Received disconnect from 187.141.143.180: 11: Bye Bye [preauth],Received disconnect from <*>: <*>: Bye Bye [preauth],OpenSSH,Unseen,Received disconnect from <*>:<*>: <*>: Bye Bye [preauth],0.9623346328735352,361,19
Received disconnect from 187.141.143.180: 11: Bye Bye [preauth],Received disconnect from <*>: <*>: Bye Bye [preauth],OpenSSH,Unseen,Received disconnect from <*>:<*>: <*>: Bye Bye [preauth],0.9990007877349854,361,19
Received disconnect from 187.141.143.180: 11: Bye Bye [preauth],Received disconnect from <*>: <*>: Bye Bye [preauth],OpenSSH,Unseen,Received disconnect from <*>:<*>: <*>: <*> <*> [preauth],1.3265254497528076,361,19
Received disconnect from 187.141.143.180: 11: Bye Bye [preauth],Received disconnect from <*>: <*>: Bye Bye [preauth],OpenSSH,Unseen,Received disconnect from <*>:<*>: <*>: Bye Bye [preauth],1.2183737754821777,361,19
Received disconnect from 187.141.143.180: 11: Bye Bye [preauth],Received disconnect from <*>: <*>: Bye Bye [preauth],OpenSSH,Unseen,Received disconnect from <*>:<*>: <*>: Bye Bye [preauth],1.0758845806121826,361,19
Received disconnect from 187.141.143.180: 11: Bye Bye [preauth],Received disconnect from <*>: <*>: Bye Bye [preauth],OpenSSH,Unseen,Received disconnect from <*>:<*>: <*>: Bye Bye [preauth],0.8695056438446045,361,19
Received disconnect from 187.141.143.180: 11: Bye Bye [preauth],Received disconnect from <*>: <*>: Bye Bye [preauth],OpenSSH,Unseen,Received disconnect from <*>:<*>: <*>: <*> <*> [preauth],1.3475699424743652,361,19
Received disconnect from 187.141.143.180: 11: Bye Bye [preauth],Received disconnect from <*>: <*>: Bye Bye [preauth],OpenSSH,Unseen,Received disconnect from <*>:<*>: <*>: Bye Bye [preauth],1.7972586154937744,361,19
Received disconnect from 187.141.143.180: 11: Bye Bye [preauth],Received disconnect from <*>: <*>: Bye Bye [preauth],OpenSSH,Unseen,Received disconnect from <*>:<*>: <*>: Bye Bye [preauth],1.1659228801727295,361,19
Received disconnect from 187.141.143.180: 11: Bye Bye [preauth],Received disconnect from <*>: <*>: Bye Bye [preauth],OpenSSH,Unseen,Received disconnect from <*>:<*>: <*>: <*> <*> [preauth],1.2388932704925537,361,19
Received disconnect from 187.141.143.180: 11: Bye Bye [preauth],Received disconnect from <*>: <*>: Bye Bye [preauth],OpenSSH,Unseen,Received disconnect from <*>:<*>: <*>: <*> <*> [preauth],1.0471878051757812,361,19
Received disconnect from 187.141.143.180: 11: Bye Bye [preauth],Received disconnect from <*>: <*>: Bye Bye [preauth],OpenSSH,Unseen,Received disconnect from <*>:<*>: <*>: Bye Bye [preauth],5.978806495666504,361,19
Received disconnect from 187.141.143.180: 11: Bye Bye [preauth],Received disconnect from <*>: <*>: Bye Bye [preauth],OpenSSH,Unseen,Received disconnect from <*>:<*>: <*>: <*> <*> [preauth],1.7612206935882568,361,19
Received disconnect from 187.141.143.180: 11: Bye Bye [preauth],Received disconnect from <*>: <*>: Bye Bye [preauth],OpenSSH,Unseen,Received disconnect from <*>:<*>: <*>: <*> <*> [preauth],1.1139075756072998,361,19
Received disconnect from 187.141.143.180: 11: Bye Bye [preauth],Received disconnect from <*>: <*>: Bye Bye [preauth],OpenSSH,Unseen,Received disconnect from <*>:<*>: <*>: Bye Bye [preauth],0.9327080249786377,361,19
Received disconnect from 187.141.143.180: 11: Bye Bye [preauth],Received disconnect from <*>: <*>: Bye Bye [preauth],OpenSSH,Unseen,Received disconnect from <*>:<*>: <*>: Bye Bye [preauth],1.0097391605377197,361,19
Received disconnect from 187.141.143.180: 11: Bye Bye [preauth],Received disconnect from <*>: <*>: Bye Bye [preauth],OpenSSH,Unseen,Received disconnect from <*>:<*>: <*>: <*> <*> [preauth],1.1947510242462158,361,19
Received disconnect from 187.141.143.180: 11: Bye Bye [preauth],Received disconnect from <*>: <*>: Bye Bye [preauth],OpenSSH,Unseen,Received disconnect from <*>:<*>: <*>: Bye Bye [preauth],1.1502039432525635,361,19
Received disconnect from 187.141.143.180: 11: Bye Bye [preauth],Received disconnect from <*>: <*>: Bye Bye [preauth],OpenSSH,Unseen,Received disconnect from <*>:<*>: <*>: Bye Bye [preauth],1.86704421043396,361,19
Received disconnect from 187.141.143.180: 11: Bye Bye [preauth],Received disconnect from <*>: <*>: Bye Bye [preauth],OpenSSH,Unseen,Received disconnect from <*>:<*>: <*>: <*> <*> [preauth],1.0061860084533691,361,19
Received disconnect from 187.141.143.180: 11: Bye Bye [preauth],Received disconnect from <*>: <*>: Bye Bye [preauth],OpenSSH,Unseen,Received disconnect from <*>:<*>: <*>: Bye Bye [preauth],0.9194250106811523,361,19
Received disconnect from 104.192.3.34: 11: Bye Bye [preauth],Received disconnect from <*>: <*>: Bye Bye [preauth],OpenSSH,Unseen,Received disconnect from <*>:<*>: <*>: <*> <*> [preauth],1.0828700065612793,361,19
Connection closed by 104.192.3.34 [preauth],Connection closed by <*> [preauth],OpenSSH,Unseen,Connection closed by <*> [preauth],0.8230676651000977,355,12
pam_unix(sshd:session): session opened for user fztu by (uid=0),pam_unix(sshd:session): session opened for user <*> by (uid=<*>),OpenSSH,Unseen,pam_unix(sshd:session): session opened for user <*> by (uid=<*>),0.9858405590057373,361,23
Received disconnect from 52.80.34.196: 11: Bye Bye [preauth],Received disconnect from <*>: <*>: Bye Bye [preauth],OpenSSH,Unseen,Received disconnect from <*>:<*>: <*>: <*> <*> [preauth],1.2143480777740479,361,19
Connection closed by 181.214.87.4 [preauth],Connection closed by <*> [preauth],OpenSSH,Unseen,Connection closed by <*> [preauth],0.9496870040893555,355,12
Received disconnect from 60.2.12.12: 11: Bye Bye [preauth],Received disconnect from <*>: <*>: Bye Bye [preauth],OpenSSH,Unseen,Received disconnect from <*>:<*>: <*>: <*> <*> [preauth],1.821859359741211,361,19
Received disconnect from 60.2.12.12: 11: Bye Bye [preauth],Received disconnect from <*>: <*>: Bye Bye [preauth],OpenSSH,Unseen,Received disconnect from <*>:<*>: <*>: <*> <*> [preauth],1.1729214191436768,361,19
Received disconnect from 60.2.12.12: 11: Bye Bye [preauth],Received disconnect from <*>: <*>: Bye Bye [preauth],OpenSSH,Unseen,Received disconnect from <*>:<*>: <*>: <*> <*> [preauth],1.406883716583252,361,19
Received disconnect from 60.2.12.12: 11: Bye Bye [preauth],Received disconnect from <*>: <*>: Bye Bye [preauth],OpenSSH,Unseen,Received disconnect from <*>:<*>: <*>: <*> <*> [preauth],1.1410410404205322,361,19
Connection closed by 60.2.12.12 [preauth],Connection closed by <*> [preauth],OpenSSH,Unseen,Connection closed by <*> [preauth],1.5735065937042236,355,12
Connection closed by 1.237.174.253 [preauth],Connection closed by <*> [preauth],OpenSSH,Unseen,Connection closed by <*> [preauth],0.9472432136535645,355,12
Received disconnect from 52.80.34.196: 11: Bye Bye [preauth],Received disconnect from <*>: <*>: Bye Bye [preauth],OpenSSH,Unseen,Received disconnect from <*>:<*>: <*>: Bye Bye [preauth],3.0475521087646484,361,19
Received disconnect from 183.136.162.51: 11: Bye Bye [preauth],Received disconnect from <*>: <*>: Bye Bye [preauth],OpenSSH,Unseen,Received disconnect from <*>:<*>: <*>: <*> <*> [preauth],1.5714118480682373,361,19
Connection closed by 1.237.174.253 [preauth],Connection closed by <*> [preauth],OpenSSH,Unseen,Connection closed by <*> [preauth],1.510434627532959,355,12
Connection closed by 88.147.143.242 [preauth],Connection closed by <*> [preauth],OpenSSH,Unseen,Connection closed by <*> [preauth],5.053588151931763,355,12
Connection closed by 1.237.174.253 [preauth],Connection closed by <*> [preauth],OpenSSH,Unseen,Connection closed by <*> [preauth],1.3668560981750488,355,12
Received disconnect from 183.62.140.253: 11: Bye Bye [preauth],Received disconnect from <*>: <*>: Bye Bye [preauth],OpenSSH,Unseen,Received disconnect from <*>:<*>: <*>: <*> <*> [preauth],1.0820989608764648,361,19
Received disconnect from 183.62.140.253: 11: Bye Bye [preauth],Received disconnect from <*>: <*>: Bye Bye [preauth],OpenSSH,Unseen,Received disconnect from <*>:<*>: <*>: <*> <*> [preauth],1.74674654006958,361,19
Received disconnect from 183.62.140.253: 11: Bye Bye [preauth],Received disconnect from <*>: <*>: Bye Bye [preauth],OpenSSH,Unseen,Received disconnect from <*>:<*>: <*>: <*> <*> [preauth],0.9643797874450684,361,19
Received disconnect from 183.62.140.253: 11: Bye Bye [preauth],Received disconnect from <*>: <*>: Bye Bye [preauth],OpenSSH,Unseen,Received disconnect from <*>:<*>: <*>: Bye Bye [preauth],1.089508056640625,361,19
Received disconnect from 183.62.140.253: 11: Bye Bye [preauth],Received disconnect from <*>: <*>: Bye Bye [preauth],OpenSSH,Unseen,Received disconnect from <*>:<*>: <*>: <*> <*> [preauth],1.125044345855713,361,19
Received disconnect from 183.62.140.253: 11: Bye Bye [preauth],Received disconnect from <*>: <*>: Bye Bye [preauth],OpenSSH,Unseen,Received disconnect from <*>:<*>: <*>: <*> <*> [preauth],1.025949478149414,361,19
Received disconnect from 183.62.140.253: 11: Bye Bye [preauth],Received disconnect from <*>: <*>: Bye Bye [preauth],OpenSSH,Unseen,Received disconnect from <*>:<*>: <*>: <*> <*> [preauth],1.1702580451965332,361,19
Received disconnect from 183.62.140.253: 11: Bye Bye [preauth],Received disconnect from <*>: <*>: Bye Bye [preauth],OpenSSH,Unseen,Received disconnect from <*>:<*>: <*>: <*> <*> [preauth],1.7979211807250977,361,19
Received disconnect from 183.62.140.253: 11: Bye Bye [preauth],Received disconnect from <*>: <*>: Bye Bye [preauth],OpenSSH,Unseen,Received disconnect from <*>:<*>: <*>: Bye Bye [preauth],1.220261812210083,361,19
Received disconnect from 183.62.140.253: 11: Bye Bye [preauth],Received disconnect from <*>: <*>: Bye Bye [preauth],OpenSSH,Unseen,Received disconnect from <*>:<*>: <*>: <*> <*> [preauth],1.0195648670196533,361,19
Received disconnect from 183.62.140.253: 11: Bye Bye [preauth],Received disconnect from <*>: <*>: Bye Bye [preauth],OpenSSH,Unseen,Received disconnect from <*>:<*>: <*>: <*> <*> [preauth],1.2004735469818115,361,19
Received disconnect from 183.62.140.253: 11: Bye Bye [preauth],Received disconnect from <*>: <*>: Bye Bye [preauth],OpenSSH,Unseen,Received disconnect from <*>:<*>: <*>: <*> <*> [preauth],1.1451990604400635,361,19
Received disconnect from 183.62.140.253: 11: Bye Bye [preauth],Received disconnect from <*>: <*>: Bye Bye [preauth],OpenSSH,Unseen,Received disconnect from <*>:<*>: <*>: <*> <*> [preauth],1.1117827892303467,361,19
Received disconnect from 183.62.140.253: 11: Bye Bye [preauth],Received disconnect from <*>: <*>: Bye Bye [preauth],OpenSSH,Unseen,Received disconnect from <*>:<*>: <*>: <*> <*> [preauth],1.1453161239624023,361,19
Received disconnect from 183.62.140.253: 11: Bye Bye [preauth],Received disconnect from <*>: <*>: Bye Bye [preauth],OpenSSH,Unseen,Received disconnect from <*>:<*>: <*>: <*> <*> [preauth],1.1323521137237549,361,19
Received disconnect from 183.62.140.253: 11: Bye Bye [preauth],Received disconnect from <*>: <*>: Bye Bye [preauth],OpenSSH,Unseen,Received disconnect from <*>:<*>: <*>: <*> <*> [preauth],1.0011022090911865,361,19
Received disconnect from 183.62.140.253: 11: Bye Bye [preauth],Received disconnect from <*>: <*>: Bye Bye [preauth],OpenSSH,Unseen,Received disconnect from <*>:<*>: <*>: <*> <*> [preauth],1.7349886894226074,361,19
Received disconnect from 183.62.140.253: 11: Bye Bye [preauth],Received disconnect from <*>: <*>: Bye Bye [preauth],OpenSSH,Unseen,Received disconnect from <*>:<*>: <*>: <*> <*> [preauth],0.9962928295135498,361,19
Received disconnect from 183.62.140.253: 11: Bye Bye [preauth],Received disconnect from <*>: <*>: Bye Bye [preauth],OpenSSH,Unseen,Received disconnect from <*>:<*>: <*>: Bye Bye [preauth],1.1174867153167725,361,19
Received disconnect from 183.62.140.253: 11: Bye Bye [preauth],Received disconnect from <*>: <*>: Bye Bye [preauth],OpenSSH,Unseen,Received disconnect from <*>:<*>: <*>: <*> <*> [preauth],0.9753344058990479,361,19
Received disconnect from 183.62.140.253: 11: Bye Bye [preauth],Received disconnect from <*>: <*>: Bye Bye [preauth],OpenSSH,Unseen,Received disconnect from <*>:<*>: <*>: <*> <*> [preauth],4.078042268753052,361,19
Received disconnect from 202.100.179.208: 11: Bye Bye [preauth],Received disconnect from <*>: <*>: Bye Bye [preauth],OpenSSH,Unseen,Received disconnect from <*>:<*>: <*>: Bye Bye [preauth],1.1044421195983887,361,19
Received disconnect from 183.62.140.253: 11: Bye Bye [preauth],Received disconnect from <*>: <*>: Bye Bye [preauth],OpenSSH,Unseen,Received disconnect from <*>:<*>: <*>: <*> <*> [preauth],1.1381707191467285,361,19
Received disconnect from 183.62.140.253: 11: Bye Bye [preauth],Received disconnect from <*>: <*>: Bye Bye [preauth],OpenSSH,Unseen,Received disconnect from <*>:<*>: <*>: <*> <*> [preauth],1.0762407779693604,361,19
Received disconnect from 183.62.140.253: 11: Bye Bye [preauth],Received disconnect from <*>: <*>: Bye Bye [preauth],OpenSSH,Unseen,Received disconnect from <*>:<*>: <*>: <*> <*> [preauth],1.0107171535491943,361,19
Received disconnect from 183.62.140.253: 11: Bye Bye [preauth],Received disconnect from <*>: <*>: Bye Bye [preauth],OpenSSH,Unseen,Received disconnect from <*>:<*>: <*>: Bye Bye [preauth],1.124913215637207,361,19
Received disconnect from 183.62.140.253: 11: Bye Bye [preauth],Received disconnect from <*>: <*>: Bye Bye [preauth],OpenSSH,Unseen,Received disconnect from <*>:<*>: <*>: <*> <*> [preauth],1.0185866355895996,361,19
Received disconnect from 183.62.140.253: 11: Bye Bye [preauth],Received disconnect from <*>: <*>: Bye Bye [preauth],OpenSSH,Unseen,Received disconnect from <*>:<*>: <*>: <*> <*> [preauth],1.2683241367340088,361,19
Received disconnect from 183.62.140.253: 11: Bye Bye [preauth],Received disconnect from <*>: <*>: Bye Bye [preauth],OpenSSH,Unseen,Received disconnect from <*>:<*>: <*>: <*> <*> [preauth],8.459637641906738,361,19
Received disconnect from 183.62.140.253: 11: Bye Bye [preauth],Received disconnect from <*>: <*>: Bye Bye [preauth],OpenSSH,Unseen,Received disconnect from <*>:<*>: <*>: <*> <*> [preauth],1.2926292419433594,361,19
Received disconnect from 183.62.140.253: 11: Bye Bye [preauth],Received disconnect from <*>: <*>: Bye Bye [preauth],OpenSSH,Unseen,Received disconnect from <*>:<*>: <*>: Bye Bye [preauth],1.201150894165039,361,19
Received disconnect from 183.62.140.253: 11: Bye Bye [preauth],Received disconnect from <*>: <*>: Bye Bye [preauth],OpenSSH,Unseen,Received disconnect from <*>:<*>: <*>: <*> <*> [preauth],1.1398730278015137,361,19
Received disconnect from 183.62.140.253: 11: Bye Bye [preauth],Received disconnect from <*>: <*>: Bye Bye [preauth],OpenSSH,Unseen,Received disconnect from <*>:<*>: <*>: <*> <*> [preauth],1.0783374309539795,361,19
Received disconnect from 183.62.140.253: 11: Bye Bye [preauth],Received disconnect from <*>: <*>: Bye Bye [preauth],OpenSSH,Unseen,Received disconnect from <*>:<*>: <*>: <*> <*> [preauth],0.8893921375274658,361,19
Received disconnect from 183.62.140.253: 11: Bye Bye [preauth],Received disconnect from <*>: <*>: Bye Bye [preauth],OpenSSH,Unseen,Received disconnect from <*>:<*>: <*>: <*> <*> [preauth],0.8958983421325684,361,19
Received disconnect from 183.62.140.253: 11: Bye Bye [preauth],Received disconnect from <*>: <*>: Bye Bye [preauth],OpenSSH,Unseen,Received disconnect from <*>:<*>: <*>: <*> <*> [preauth],0.8411087989807129,361,19
Received disconnect from 183.62.140.253: 11: Bye Bye [preauth],Received disconnect from <*>: <*>: Bye Bye [preauth],OpenSSH,Unseen,Received disconnect from <*>:<*>: <*>: <*> <*> [preauth],1.0968027114868164,361,19
Received disconnect from 183.62.140.253: 11: Bye Bye [preauth],Received disconnect from <*>: <*>: Bye Bye [preauth],OpenSSH,Unseen,Received disconnect from <*>:<*>: <*>: <*> <*> [preauth],1.2245991230010986,361,19
Received disconnect from 183.62.140.253: 11: Bye Bye [preauth],Received disconnect from <*>: <*>: Bye Bye [preauth],OpenSSH,Unseen,Received disconnect from <*>:<*>: <*>: <*> <*> [preauth],1.12498140335083,361,19
Received disconnect from 183.62.140.253: 11: Bye Bye [preauth],Received disconnect from <*>: <*>: Bye Bye [preauth],OpenSSH,Unseen,Received disconnect from <*>:<*>: <*>: <*> <*> [preauth],0.8826756477355957,361,19
Received disconnect from 183.62.140.253: 11: Bye Bye [preauth],Received disconnect from <*>: <*>: Bye Bye [preauth],OpenSSH,Unseen,Received disconnect from <*>:<*>: <*>: <*> <*> [preauth],1.1059834957122803,361,19
Received disconnect from 183.62.140.253: 11: Bye Bye [preauth],Received disconnect from <*>: <*>: Bye Bye [preauth],OpenSSH,Unseen,Received disconnect from <*>:<*>: <*>: Bye Bye [preauth],0.868278980255127,361,19
Received disconnect from 183.62.140.253: 11: Bye Bye [preauth],Received disconnect from <*>: <*>: Bye Bye [preauth],OpenSSH,Unseen,Received disconnect from <*>:<*>: <*>: <*> <*> [preauth],1.0757393836975098,361,19
Received disconnect from 183.62.140.253: 11: Bye Bye [preauth],Received disconnect from <*>: <*>: Bye Bye [preauth],OpenSSH,Unseen,Received disconnect from <*>:<*>: <*>: <*> <*> [preauth],1.141413688659668,361,19
Received disconnect from 183.62.140.253: 11: Bye Bye [preauth],Received disconnect from <*>: <*>: Bye Bye [preauth],OpenSSH,Unseen,Received disconnect from <*>:<*>: <*>: <*> <*> [preauth],1.2777495384216309,361,19
Received disconnect from 183.62.140.253: 11: Bye Bye [preauth],Received disconnect from <*>: <*>: Bye Bye [preauth],OpenSSH,Unseen,Received disconnect from <*>:<*>: <*>: Bye Bye [preauth],0.8511276245117188,361,19
Received disconnect from 183.62.140.253: 11: Bye Bye [preauth],Received disconnect from <*>: <*>: Bye Bye [preauth],OpenSSH,Unseen,Received disconnect from <*>:<*>: <*>: <*> <*> [preauth],0.9336764812469482,361,19
Received disconnect from 183.62.140.253: 11: Bye Bye [preauth],Received disconnect from <*>: <*>: Bye Bye [preauth],OpenSSH,Unseen,Received disconnect from <*>:<*>: <*>: <*> [preauth],0.966383695602417,361,18
Received disconnect from 183.62.140.253: 11: Bye Bye [preauth],Received disconnect from <*>: <*>: Bye Bye [preauth],OpenSSH,Unseen,Received disconnect from <*>:<*>: <*>: <*> <*> [preauth],1.957775354385376,361,19
Received disconnect from 183.62.140.253: 11: Bye Bye [preauth],Received disconnect from <*>: <*>: Bye Bye [preauth],OpenSSH,Unseen,Received disconnect from <*>:<*>: <*>: <*> <*> [preauth],1.179124355316162,361,19
Received disconnect from 183.62.140.253: 11: Bye Bye [preauth],Received disconnect from <*>: <*>: Bye Bye [preauth],OpenSSH,Unseen,Received disconnect from <*>:<*>: <*>: Bye Bye [preauth],1.0615882873535156,361,19
Received disconnect from 183.62.140.253: 11: Bye Bye [preauth],Received disconnect from <*>: <*>: Bye Bye [preauth],OpenSSH,Unseen,Received disconnect from <*>:<*>: <*>: <*> <*> [preauth],1.8427660465240479,361,19
Received disconnect from 183.62.140.253: 11: Bye Bye [preauth],Received disconnect from <*>: <*>: Bye Bye [preauth],OpenSSH,Unseen,Received disconnect from <*>:<*>: <*>: <*> <*> [preauth],1.2263236045837402,361,19
Received disconnect from 183.62.140.253: 11: Bye Bye [preauth],Received disconnect from <*>: <*>: Bye Bye [preauth],OpenSSH,Unseen,Received disconnect from <*>:<*>: <*>: <*> <*> [preauth],0.8450517654418945,361,19
Received disconnect from 183.62.140.253: 11: Bye Bye [preauth],Received disconnect from <*>: <*>: Bye Bye [preauth],OpenSSH,Unseen,Received disconnect from <*>:<*>: <*>: <*> <*> [preauth],1.1501188278198242,361,19
Received disconnect from 183.62.140.253: 11: Bye Bye [preauth],Received disconnect from <*>: <*>: Bye Bye [preauth],OpenSSH,Unseen,Received disconnect from <*>:<*>: <*>: <*> <*> [preauth],31.025022506713867,361,19
Received disconnect from 183.62.140.253: 11: Bye Bye [preauth],Received disconnect from <*>: <*>: Bye Bye [preauth],OpenSSH,Unseen,Received disconnect from <*>:<*>: <*>: Bye Bye [preauth],0.8559489250183105,361,19
Received disconnect from 183.62.140.253: 11: Bye Bye [preauth],Received disconnect from <*>: <*>: Bye Bye [preauth],OpenSSH,Unseen,Received disconnect from <*>:<*>: <*>: Bye Bye [preauth],1.6797842979431152,361,19
Received disconnect from 183.62.140.253: 11: Bye Bye [preauth],Received disconnect from <*>: <*>: Bye Bye [preauth],OpenSSH,Unseen,Received disconnect from <*>:<*>: <*>: <*> <*> [preauth],1.4433481693267822,361,19
Received disconnect from 183.62.140.253: 11: Bye Bye [preauth],Received disconnect from <*>: <*>: Bye Bye [preauth],OpenSSH,Unseen,Received disconnect from <*>:<*>: <*>: Bye Bye [preauth],1.1561167240142822,361,19
Received disconnect from 183.62.140.253: 11: Bye Bye [preauth],Received disconnect from <*>: <*>: Bye Bye [preauth],OpenSSH,Unseen,Received disconnect from <*>:<*>: <*>: <*> <*> [preauth],1.063422679901123,361,19
Received disconnect from 183.62.140.253: 11: Bye Bye [preauth],Received disconnect from <*>: <*>: Bye Bye [preauth],OpenSSH,Unseen,Received disconnect from <*>:<*>: <*>: Bye Bye [preauth],1.262789249420166,361,19
Received disconnect from 183.62.140.253: 11: Bye Bye [preauth],Received disconnect from <*>: <*>: Bye Bye [preauth],OpenSSH,Unseen,Received disconnect from <*>:<*>: <*>: Bye Bye [preauth],1.0210461616516113,361,19
Received disconnect from 183.62.140.253: 11: Bye Bye [preauth],Received disconnect from <*>: <*>: Bye Bye [preauth],OpenSSH,Unseen,Received disconnect from <*>:<*>: <*>: Bye Bye [preauth],1.3957605361938477,361,19
Received disconnect from 183.62.140.253: 11: Bye Bye [preauth],Received disconnect from <*>: <*>: Bye Bye [preauth],OpenSSH,Unseen,Received disconnect from <*>:<*>: <*>: Bye Bye [preauth],1.8244445323944092,361,19
Received disconnect from 183.62.140.253: 11: Bye Bye [preauth],Received disconnect from <*>: <*>: Bye Bye [preauth],OpenSSH,Unseen,Received disconnect from <*>:<*>: <*>: <*> <*> [preauth],3.3524532318115234,361,19
Received disconnect from 183.62.140.253: 11: Bye Bye [preauth],Received disconnect from <*>: <*>: Bye Bye [preauth],OpenSSH,Unseen,Received disconnect from <*>:<*>: <*>: Bye Bye [preauth],1.1127371788024902,361,19
Received disconnect from 183.62.140.253: 11: Bye Bye [preauth],Received disconnect from <*>: <*>: Bye Bye [preauth],OpenSSH,Unseen,Received disconnect from <*>:<*>: <*>: <*> <*> [preauth],0.9505224227905273,361,19
Received disconnect from 183.62.140.253: 11: Bye Bye [preauth],Received disconnect from <*>: <*>: Bye Bye [preauth],OpenSSH,Unseen,Received disconnect from <*>:<*>: <*>: <*> <*> [preauth],0.9043118953704834,361,19
Received disconnect from 183.62.140.253: 11: Bye Bye [preauth],Received disconnect from <*>: <*>: Bye Bye [preauth],OpenSSH,Unseen,Received disconnect from <*>:<*>: <*>: <*> <*> [preauth],0.9482371807098389,361,19
Received disconnect from 183.62.140.253: 11: Bye Bye [preauth],Received disconnect from <*>: <*>: Bye Bye [preauth],OpenSSH,Unseen,Received disconnect from <*>:<*>: <*>: <*> <*> [preauth],1.269726276397705,361,19
Received disconnect from 183.62.140.253: 11: Bye Bye [preauth],Received disconnect from <*>: <*>: Bye Bye [preauth],OpenSSH,Unseen,Received disconnect from <*>:<*>: <*>: <*> <*> [preauth],0.7813365459442139,361,19
Received disconnect from 183.62.140.253: 11: Bye Bye [preauth],Received disconnect from <*>: <*>: Bye Bye [preauth],OpenSSH,Unseen,Received disconnect from <*>:<*>: <*>: <*> <*> [preauth],1.869309425354004,361,19
Received disconnect from 183.62.140.253: 11: Bye Bye [preauth],Received disconnect from <*>: <*>: Bye Bye [preauth],OpenSSH,Unseen,Received disconnect from <*>:<*>: <*>: <*> <*> [preauth],0.9241390228271484,361,19
Received disconnect from 183.62.140.253: 11: Bye Bye [preauth],Received disconnect from <*>: <*>: Bye Bye [preauth],OpenSSH,Unseen,Received disconnect from <*>:<*>: <*>: <*> <*> [preauth],0.9822502136230469,361,19
Received disconnect from 183.62.140.253: 11: Bye Bye [preauth],Received disconnect from <*>: <*>: Bye Bye [preauth],OpenSSH,Unseen,Received disconnect from <*>:<*>: <*>: <*> <*> [preauth],0.8956103324890137,361,19
Received disconnect from 183.62.140.253: 11: Bye Bye [preauth],Received disconnect from <*>: <*>: Bye Bye [preauth],OpenSSH,Unseen,Received disconnect from <*>:<*>: <*>: <*> <*> [preauth],1.9832019805908203,361,19
Received disconnect from 183.62.140.253: 11: Bye Bye [preauth],Received disconnect from <*>: <*>: Bye Bye [preauth],OpenSSH,Unseen,Received disconnect from <*>:<*>: <*>: <*> <*> [preauth],1.0838334560394287,361,19
Received disconnect from 183.62.140.253: 11: Bye Bye [preauth],Received disconnect from <*>: <*>: Bye Bye [preauth],OpenSSH,Unseen,Received disconnect from <*>:<*>: <*>: <*> <*> [preauth],1.4671783447265625,361,19
Received disconnect from 183.62.140.253: 11: Bye Bye [preauth],Received disconnect from <*>: <*>: Bye Bye [preauth],OpenSSH,Unseen,Received disconnect from <*>:<*>: <*>: <*> <*> [preauth],5.446120262145996,361,19
Received disconnect from 183.62.140.253: 11: Bye Bye [preauth],Received disconnect from <*>: <*>: Bye Bye [preauth],OpenSSH,Unseen,Received disconnect from <*>:<*>: <*>: <*> <*> [preauth],1.0772571563720703,361,19
Received disconnect from 183.62.140.253: 11: Bye Bye [preauth],Received disconnect from <*>: <*>: Bye Bye [preauth],OpenSSH,Unseen,Received disconnect from <*>:<*>: <*>: <*> <*> [preauth],1.2401058673858643,361,19
Received disconnect from 183.62.140.253: 11: Bye Bye [preauth],Received disconnect from <*>: <*>: Bye Bye [preauth],OpenSSH,Unseen,Received disconnect from <*>:<*>: <*>: Bye Bye [preauth],1.6307880878448486,361,19
Received disconnect from 183.62.140.253: 11: Bye Bye [preauth],Received disconnect from <*>: <*>: Bye Bye [preauth],OpenSSH,Unseen,Received disconnect from <*>:<*>: <*>: <*> <*> [preauth],1.529980182647705,361,19
Received disconnect from 183.62.140.253: 11: Bye Bye [preauth],Received disconnect from <*>: <*>: Bye Bye [preauth],OpenSSH,Unseen,Received disconnect from <*>:<*>: <*>: <*> <*> [preauth],0.980992317199707,361,19
Received disconnect from 183.62.140.253: 11: Bye Bye [preauth],Received disconnect from <*>: <*>: Bye Bye [preauth],OpenSSH,Unseen,Received disconnect from <*>:<*>: <*>: <*> <*> [preauth],1.1674895286560059,361,19
Received disconnect from 183.62.140.253: 11: Bye Bye [preauth],Received disconnect from <*>: <*>: Bye Bye [preauth],OpenSSH,Unseen,Received disconnect from <*>:<*>: <*>: <*> <*> [preauth],1.0907526016235352,361,19
Received disconnect from 183.62.140.253: 11: Bye Bye [preauth],Received disconnect from <*>: <*>: Bye Bye [preauth],OpenSSH,Unseen,Received disconnect from <*>:<*>: <*>: <*> <*> [preauth],2.6526005268096924,361,19
Received disconnect from 183.62.140.253: 11: Bye Bye [preauth],Received disconnect from <*>: <*>: Bye Bye [preauth],OpenSSH,Unseen,Received disconnect from <*>:<*>: <*>: <*> <*> [preauth],1.6689825057983398,361,19
Received disconnect from 183.62.140.253: 11: Bye Bye [preauth],Received disconnect from <*>: <*>: Bye Bye [preauth],OpenSSH,Unseen,Received disconnect from <*>:<*>: <*>: Bye Bye [preauth],1.9021239280700684,361,19
Received disconnect from 183.62.140.253: 11: Bye Bye [preauth],Received disconnect from <*>: <*>: Bye Bye [preauth],OpenSSH,Unseen,Received disconnect from <*>:<*>: <*>: <*> <*> [preauth],1.0556151866912842,361,19
Received disconnect from 183.62.140.253: 11: Bye Bye [preauth],Received disconnect from <*>: <*>: Bye Bye [preauth],OpenSSH,Unseen,Received disconnect from <*>:<*>: <*>: Bye Bye [preauth],1.6542601585388184,361,19
Received disconnect from 183.62.140.253: 11: Bye Bye [preauth],Received disconnect from <*>: <*>: Bye Bye [preauth],OpenSSH,Unseen,Received disconnect from <*>:<*>: <*>: Bye Bye [preauth],1.7900359630584717,361,19
Received disconnect from 183.62.140.253: 11: Bye Bye [preauth],Received disconnect from <*>: <*>: Bye Bye [preauth],OpenSSH,Unseen,Received disconnect from <*>:<*>: <*>: Bye Bye [preauth],2.4293372631073,361,19
Received disconnect from 183.62.140.253: 11: Bye Bye [preauth],Received disconnect from <*>: <*>: Bye Bye [preauth],OpenSSH,Unseen,Received disconnect from <*>:<*>: <*>: <*> <*> [preauth],1.9931676387786865,361,19
Received disconnect from 183.62.140.253: 11: Bye Bye [preauth],Received disconnect from <*>: <*>: Bye Bye [preauth],OpenSSH,Unseen,Received disconnect from <*>:<*>: <*>: <*> <*> [preauth],1.083207607269287,361,19
Received disconnect from 183.62.140.253: 11: Bye Bye [preauth],Received disconnect from <*>: <*>: Bye Bye [preauth],OpenSSH,Unseen,Received disconnect from <*>:<*>: <*>: <*> <*> [preauth],1.123950481414795,361,19
Received disconnect from 183.62.140.253: 11: Bye Bye [preauth],Received disconnect from <*>: <*>: Bye Bye [preauth],OpenSSH,Unseen,Received disconnect from <*>:<*>: <*>: <*> <*> [preauth],1.0445709228515625,361,19
Received disconnect from 183.62.140.253: 11: Bye Bye [preauth],Received disconnect from <*>: <*>: Bye Bye [preauth],OpenSSH,Unseen,Received disconnect from <*>:<*>: <*>: <*> <*> [preauth],1.4304966926574707,361,19
Received disconnect from 183.62.140.253: 11: Bye Bye [preauth],Received disconnect from <*>: <*>: Bye Bye [preauth],OpenSSH,Unseen,Received disconnect from <*>:<*>: <*>: <*> <*> [preauth],0.9515876770019531,361,19
Received disconnect from 183.62.140.253: 11: Bye Bye [preauth],Received disconnect from <*>: <*>: Bye Bye [preauth],OpenSSH,Unseen,Received disconnect from <*>:<*>: <*>: <*> <*> [preauth],0.955756425857544,361,19
Received disconnect from 183.62.140.253: 11: Bye Bye [preauth],Received disconnect from <*>: <*>: Bye Bye [preauth],OpenSSH,Unseen,Received disconnect from <*>:<*>: <*>: Bye Bye [preauth],1.0630443096160889,361,19
Received disconnect from 183.62.140.253: 11: Bye Bye [preauth],Received disconnect from <*>: <*>: Bye Bye [preauth],OpenSSH,Unseen,Received disconnect from <*>:<*>: <*>: <*> <*> [preauth],1.0783114433288574,361,19
Received disconnect from 183.62.140.253: 11: Bye Bye [preauth],Received disconnect from <*>: <*>: Bye Bye [preauth],OpenSSH,Unseen,Received disconnect from <*>:<*>: <*>: <*> <*> [preauth],0.8506958484649658,361,19
Received disconnect from 183.62.140.253: 11: Bye Bye [preauth],Received disconnect from <*>: <*>: Bye Bye [preauth],OpenSSH,Unseen,Received disconnect from <*>:<*>: <*>: <*> <*> [preauth],1.4319813251495361,361,19
Received disconnect from 183.62.140.253: 11: Bye Bye [preauth],Received disconnect from <*>: <*>: Bye Bye [preauth],OpenSSH,Unseen,Received disconnect from <*>:<*>: <*>: <*> <*> [preauth],0.9292786121368408,361,19
Received disconnect from 183.62.140.253: 11: Bye Bye [preauth],Received disconnect from <*>: <*>: Bye Bye [preauth],OpenSSH,Unseen,Received disconnect from <*>:<*>: <*>: <*> <*> [preauth],0.9478273391723633,361,19
Received disconnect from 183.62.140.253: 11: Bye Bye [preauth],Received disconnect from <*>: <*>: Bye Bye [preauth],OpenSSH,Unseen,Received disconnect from <*>:<*>: <*>: <*> <*> [preauth],2.021177053451538,361,19
Received disconnect from 183.62.140.253: 11: Bye Bye [preauth],Received disconnect from <*>: <*>: Bye Bye [preauth],OpenSSH,Unseen,Received disconnect from <*>:<*>: <*>: <*> <*> [preauth],1.0382227897644043,361,19
Received disconnect from 183.62.140.253: 11: Bye Bye [preauth],Received disconnect from <*>: <*>: Bye Bye [preauth],OpenSSH,Unseen,Received disconnect from <*>:<*>: <*>: Bye Bye [preauth],0.8708505630493164,361,19
Received disconnect from 183.62.140.253: 11: Bye Bye [preauth],Received disconnect from <*>: <*>: Bye Bye [preauth],OpenSSH,Unseen,Received disconnect from <*>:<*>: <*>: Bye Bye [preauth],0.8016941547393799,361,19
Received disconnect from 183.62.140.253: 11: Bye Bye [preauth],Received disconnect from <*>: <*>: Bye Bye [preauth],OpenSSH,Unseen,Received disconnect from <*>:<*>: <*>: <*> <*> [preauth],0.9156928062438965,361,19
Received disconnect from 183.62.140.253: 11: Bye Bye [preauth],Received disconnect from <*>: <*>: Bye Bye [preauth],OpenSSH,Unseen,Received disconnect from <*>:<*>: <*>: <*> <*> [preauth],0.9478268623352051,361,19
Received disconnect from 183.62.140.253: 11: Bye Bye [preauth],Received disconnect from <*>: <*>: Bye Bye [preauth],OpenSSH,Unseen,Received disconnect from <*>:<*>: <*>: <*> <*> [preauth],0.9961886405944824,361,19
Received disconnect from 183.62.140.253: 11: Bye Bye [preauth],Received disconnect from <*>: <*>: Bye Bye [preauth],OpenSSH,Unseen,Received disconnect from <*>:<*>: <*>: <*> <*> [preauth],1.1396820545196533,361,19
Received disconnect from 183.62.140.253: 11: Bye Bye [preauth],Received disconnect from <*>: <*>: Bye Bye [preauth],OpenSSH,Unseen,Received disconnect from <*>:<*>: <*>: <*> <*> [preauth],1.1528925895690918,361,19
Received disconnect from 183.62.140.253: 11: Bye Bye [preauth],Received disconnect from <*>: <*>: Bye Bye [preauth],OpenSSH,Unseen,Received disconnect from <*>:<*>: <*>: <*> <*> [preauth],1.1425905227661133,361,19
Received disconnect from 183.62.140.253: 11: Bye Bye [preauth],Received disconnect from <*>: <*>: Bye Bye [preauth],OpenSSH,Unseen,Received disconnect from <*>:<*>: <*>: <*> <*> [preauth],1.3033530712127686,361,19
Received disconnect from 183.62.140.253: 11: Bye Bye [preauth],Received disconnect from <*>: <*>: Bye Bye [preauth],OpenSSH,Unseen,Received disconnect from <*>:<*>: <*>: <*> <*> [preauth],3.6576716899871826,361,19
Received disconnect from 183.62.140.253: 11: Bye Bye [preauth],Received disconnect from <*>: <*>: Bye Bye [preauth],OpenSSH,Unseen,Received disconnect from <*>:<*>: <*>: <*> <*> [preauth],1.239819049835205,361,19
Received disconnect from 183.62.140.253: 11: Bye Bye [preauth],Received disconnect from <*>: <*>: Bye Bye [preauth],OpenSSH,Unseen,Received disconnect from <*>:<*>: <*>: <*> <*> [preauth],0.9118378162384033,361,19
Received disconnect from 183.62.140.253: 11: Bye Bye [preauth],Received disconnect from <*>: <*>: Bye Bye [preauth],OpenSSH,Unseen,Received disconnect from <*>:<*>: <*>: <*> <*> [preauth],1.0838284492492676,361,19
Received disconnect from 183.62.140.253: 11: Bye Bye [preauth],Received disconnect from <*>: <*>: Bye Bye [preauth],OpenSSH,Unseen,Received disconnect from <*>:<*>: <*>: <*> <*> [preauth],1.168217420578003,361,19
Received disconnect from 183.62.140.253: 11: Bye Bye [preauth],Received disconnect from <*>: <*>: Bye Bye [preauth],OpenSSH,Unseen,Received disconnect from <*>:<*>: <*>: <*> <*> [preauth],1.0133466720581055,361,19
Received disconnect from 183.62.140.253: 11: Bye Bye [preauth],Received disconnect from <*>: <*>: Bye Bye [preauth],OpenSSH,Unseen,Received disconnect from <*>:<*>: <*>: <*> <*> [preauth],1.2955517768859863,361,19
Received disconnect from 183.62.140.253: 11: Bye Bye [preauth],Received disconnect from <*>: <*>: Bye Bye [preauth],OpenSSH,Unseen,Received disconnect from <*>:<*>: <*>: <*> <*> [preauth],1.264496088027954,361,19
Received disconnect from 183.62.140.253: 11: Bye Bye [preauth],Received disconnect from <*>: <*>: Bye Bye [preauth],OpenSSH,Unseen,Received disconnect from <*>:<*>: <*>: <*> <*> [preauth],1.8199505805969238,361,19
Received disconnect from 183.62.140.253: 11: Bye Bye [preauth],Received disconnect from <*>: <*>: Bye Bye [preauth],OpenSSH,Unseen,Received disconnect from <*>:<*>: <*>: <*> <*> [preauth],1.1007094383239746,361,19
Received disconnect from 183.62.140.253: 11: Bye Bye [preauth],Received disconnect from <*>: <*>: Bye Bye [preauth],OpenSSH,Unseen,Received disconnect from <*>:<*>: <*>: <*> <*> [preauth],1.1870667934417725,361,19
Received disconnect from 183.62.140.253: 11: Bye Bye [preauth],Received disconnect from <*>: <*>: Bye Bye [preauth],OpenSSH,Unseen,Received disconnect from <*>:<*>: <*>: <*> <*> [preauth],1.0819811820983887,361,19
Received disconnect from 183.62.140.253: 11: Bye Bye [preauth],Received disconnect from <*>: <*>: Bye Bye [preauth],OpenSSH,Unseen,Received disconnect from <*>:<*>: <*>: Bye Bye [preauth],1.1789145469665527,361,19
Received disconnect from 183.62.140.253: 11: Bye Bye [preauth],Received disconnect from <*>: <*>: Bye Bye [preauth],OpenSSH,Unseen,Received disconnect from <*>:<*>: <*>: <*> <*> [preauth],1.8824067115783691,361,19
Received disconnect from 183.62.140.253: 11: Bye Bye [preauth],Received disconnect from <*>: <*>: Bye Bye [preauth],OpenSSH,Unseen,Received disconnect from <*>:<*>: <*>: <*> <*> [preauth],1.093388557434082,361,19
Received disconnect from 183.62.140.253: 11: Bye Bye [preauth],Received disconnect from <*>: <*>: Bye Bye [preauth],OpenSSH,Unseen,Received disconnect from <*>:<*>: <*>: <*> <*> [preauth],1.228041172027588,361,19
Received disconnect from 183.62.140.253: 11: Bye Bye [preauth],Received disconnect from <*>: <*>: Bye Bye [preauth],OpenSSH,Unseen,Received disconnect from <*>:<*>: <*>: <*> <*> [preauth],1.2219305038452148,361,19
Received disconnect from 183.62.140.253: 11: Bye Bye [preauth],Received disconnect from <*>: <*>: Bye Bye [preauth],OpenSSH,Unseen,Received disconnect from <*>:<*>: <*>: <*> <*> [preauth],0.9212141036987305,361,19
Received disconnect from 183.62.140.253: 11: Bye Bye [preauth],Received disconnect from <*>: <*>: Bye Bye [preauth],OpenSSH,Unseen,Received disconnect from <*>:<*>: <*>: <*> <*> [preauth],0.9469878673553467,361,19
Received disconnect from 183.62.140.253: 11: Bye Bye [preauth],Received disconnect from <*>: <*>: Bye Bye [preauth],OpenSSH,Unseen,Received disconnect from <*>:<*>: <*>: Bye Bye [preauth],0.9518163204193115,361,19
Received disconnect from 183.62.140.253: 11: Bye Bye [preauth],Received disconnect from <*>: <*>: Bye Bye [preauth],OpenSSH,Unseen,Received disconnect from <*>:<*>: <*>: Bye Bye [preauth],1.148521900177002,361,19
Received disconnect from 183.62.140.253: 11: Bye Bye [preauth],Received disconnect from <*>: <*>: Bye Bye [preauth],OpenSSH,Unseen,Received disconnect from <*>:<*>: <*>: <*> <*> [preauth],0.9439191818237305,361,19
Received disconnect from 183.62.140.253: 11: Bye Bye [preauth],Received disconnect from <*>: <*>: Bye Bye [preauth],OpenSSH,Unseen,Received disconnect from <*>:<*>: <*>: <*> <*> [preauth],0.9542369842529297,361,19
Received disconnect from 183.62.140.253: 11: Bye Bye [preauth],Received disconnect from <*>: <*>: Bye Bye [preauth],OpenSSH,Unseen,Received disconnect from <*>:<*>: <*>: <*> <*> [preauth],0.9720544815063477,361,19
Received disconnect from 183.62.140.253: 11: Bye Bye [preauth],Received disconnect from <*>: <*>: Bye Bye [preauth],OpenSSH,Unseen,Received disconnect from <*>:<*>: <*>: <*> <*> [preauth],1.089379072189331,361,19
Received disconnect from 183.62.140.253: 11: Bye Bye [preauth],Received disconnect from <*>: <*>: Bye Bye [preauth],OpenSSH,Unseen,Received disconnect from <*>:<*>: <*>: <*> <*> [preauth],1.0603563785552979,361,19
Received disconnect from 183.62.140.253: 11: Bye Bye [preauth],Received disconnect from <*>: <*>: Bye Bye [preauth],OpenSSH,Unseen,Received disconnect from <*>:<*>: <*>: <*> <*> [preauth],1.0213751792907715,361,19
Received disconnect from 183.62.140.253: 11: Bye Bye [preauth],Received disconnect from <*>: <*>: Bye Bye [preauth],OpenSSH,Unseen,Received disconnect from <*>:<*>: <*>: Bye Bye [preauth],1.072416067123413,361,19
Received disconnect from 183.62.140.253: 11: Bye Bye [preauth],Received disconnect from <*>: <*>: Bye Bye [preauth],OpenSSH,Unseen,Received disconnect from <*>:<*>: <*>: <*> <*> [preauth],0.9993646144866943,361,19
Received disconnect from 183.62.140.253: 11: Bye Bye [preauth],Received disconnect from <*>: <*>: Bye Bye [preauth],OpenSSH,Unseen,Received disconnect from <*>:<*>: <*>: <*> <*> [preauth],7.433833837509155,361,19
Received disconnect from 183.62.140.253: 11: Bye Bye [preauth],Received disconnect from <*>: <*>: Bye Bye [preauth],OpenSSH,Unseen,Received disconnect from <*>:<*>: <*>: <*> <*> [preauth],1.288616418838501,361,19
Received disconnect from 183.62.140.253: 11: Bye Bye [preauth],Received disconnect from <*>: <*>: Bye Bye [preauth],OpenSSH,Unseen,Received disconnect from <*>:<*>: <*>: <*> [preauth],1.0718772411346436,361,18
Received disconnect from 183.62.140.253: 11: Bye Bye [preauth],Received disconnect from <*>: <*>: Bye Bye [preauth],OpenSSH,Unseen,Received disconnect from <*>:<*>: <*>: <*> <*> [preauth],1.2838053703308105,361,19
Received disconnect from 183.62.140.253: 11: Bye Bye [preauth],Received disconnect from <*>: <*>: Bye Bye [preauth],OpenSSH,Unseen,Received disconnect from <*>:<*>: <*>: <*> <*> [preauth],1.290403127670288,361,19
Received disconnect from 183.62.140.253: 11: Bye Bye [preauth],Received disconnect from <*>: <*>: Bye Bye [preauth],OpenSSH,Unseen,Received disconnect from <*>:<*>: <*>: <*> <*> [preauth],1.2942390441894531,361,19
Received disconnect from 183.62.140.253: 11: Bye Bye [preauth],Received disconnect from <*>: <*>: Bye Bye [preauth],OpenSSH,Unseen,Received disconnect from <*>:<*>: <*>: <*> <*> [preauth],1.1504178047180176,361,19
Received disconnect from 183.62.140.253: 11: Bye Bye [preauth],Received disconnect from <*>: <*>: Bye Bye [preauth],OpenSSH,Unseen,Received disconnect from <*>:<*>: <*>: <*> <*> [preauth],1.4530491828918457,361,19
Received disconnect from 183.62.140.253: 11: Bye Bye [preauth],Received disconnect from <*>: <*>: Bye Bye [preauth],OpenSSH,Unseen,Received disconnect from <*>:<*>: <*>: <*> <*> [preauth],0.9793939590454102,361,19
Received disconnect from 183.62.140.253: 11: Bye Bye [preauth],Received disconnect from <*>: <*>: Bye Bye [preauth],OpenSSH,Unseen,Received disconnect from <*>:<*>: <*>: <*> <*> [preauth],1.105952501296997,361,19
Received disconnect from 183.62.140.253: 11: Bye Bye [preauth],Received disconnect from <*>: <*>: Bye Bye [preauth],OpenSSH,Unseen,Received disconnect from <*>:<*>: <*>: Bye Bye [preauth],1.1287822723388672,361,19
Received disconnect from 183.62.140.253: 11: Bye Bye [preauth],Received disconnect from <*>: <*>: Bye Bye [preauth],OpenSSH,Unseen,Received disconnect from <*>:<*>: <*>: <*> <*> [preauth],0.966395378112793,361,19
Received disconnect from 183.62.140.253: 11: Bye Bye [preauth],Received disconnect from <*>: <*>: Bye Bye [preauth],OpenSSH,Unseen,Received disconnect from <*>:<*>: <*>: <*> <*> [preauth],1.3650720119476318,361,19
Received disconnect from 183.62.140.253: 11: Bye Bye [preauth],Received disconnect from <*>: <*>: Bye Bye [preauth],OpenSSH,Unseen,Received disconnect from <*>:<*>: <*>: <*> <*> [preauth],2.2651641368865967,361,19
Received disconnect from 183.62.140.253: 11: Bye Bye [preauth],Received disconnect from <*>: <*>: Bye Bye [preauth],OpenSSH,Unseen,Received disconnect from <*>:<*>: <*>: <*> <*> [preauth],1.1420230865478516,361,19
Received disconnect from 183.62.140.253: 11: Bye Bye [preauth],Received disconnect from <*>: <*>: Bye Bye [preauth],OpenSSH,Unseen,Received disconnect from <*>:<*>: <*>: <*> <*> [preauth],1.051300287246704,361,19
Received disconnect from 183.62.140.253: 11: Bye Bye [preauth],Received disconnect from <*>: <*>: Bye Bye [preauth],OpenSSH,Unseen,Received disconnect from <*>:<*>: <*>: Bye Bye [preauth],1.3155174255371094,361,19
Received disconnect from 183.62.140.253: 11: Bye Bye [preauth],Received disconnect from <*>: <*>: Bye Bye [preauth],OpenSSH,Unseen,Received disconnect from <*>:<*>: <*>: <*> <*> [preauth],0.9805514812469482,361,19
Received disconnect from 183.62.140.253: 11: Bye Bye [preauth],Received disconnect from <*>: <*>: Bye Bye [preauth],OpenSSH,Unseen,Received disconnect from <*>:<*>: <*>: <*> <*> [preauth],12.726295232772827,361,19
Received disconnect from 183.62.140.253: 11: Bye Bye [preauth],Received disconnect from <*>: <*>: Bye Bye [preauth],OpenSSH,Unseen,Received disconnect from <*>:<*>: <*>: <*> <*> [preauth],0.9779446125030518,361,19
Received disconnect from 183.62.140.253: 11: Bye Bye [preauth],Received disconnect from <*>: <*>: Bye Bye [preauth],OpenSSH,Unseen,Received disconnect from <*>:<*>: <*>: <*> <*> [preauth],1.345844030380249,361,19
Received disconnect from 183.62.140.253: 11: Bye Bye [preauth],Received disconnect from <*>: <*>: Bye Bye [preauth],OpenSSH,Unseen,Received disconnect from <*>:<*>: <*>: <*> <*> [preauth],1.1337525844573975,361,19
Received disconnect from 183.62.140.253: 11: Bye Bye [preauth],Received disconnect from <*>: <*>: Bye Bye [preauth],OpenSSH,Unseen,Received disconnect from <*>:<*>: <*>: <*> <*> [preauth],1.4852910041809082,361,19
Received disconnect from 183.62.140.253: 11: Bye Bye [preauth],Received disconnect from <*>: <*>: Bye Bye [preauth],OpenSSH,Unseen,Received disconnect from <*>:<*>: <*>: <*> <*> [preauth],1.2729358673095703,361,19
Received disconnect from 183.62.140.253: 11: Bye Bye [preauth],Received disconnect from <*>: <*>: Bye Bye [preauth],OpenSSH,Unseen,Received disconnect from <*>:<*>: <*>: <*> <*> [preauth],1.4080467224121094,361,19
Received disconnect from 183.62.140.253: 11: Bye Bye [preauth],Received disconnect from <*>: <*>: Bye Bye [preauth],OpenSSH,Unseen,Received disconnect from <*>:<*>: <*>: <*> <*> [preauth],1.0788099765777588,361,19
Received disconnect from 183.62.140.253: 11: Bye Bye [preauth],Received disconnect from <*>: <*>: Bye Bye [preauth],OpenSSH,Unseen,Received disconnect from <*>:<*>: <*>: <*> <*> [preauth],1.0521650314331055,361,19
Received disconnect from 183.62.140.253: 11: Bye Bye [preauth],Received disconnect from <*>: <*>: Bye Bye [preauth],OpenSSH,Unseen,Received disconnect from <*>:<*>: <*>: <*> <*> [preauth],1.0960168838500977,361,19
Received disconnect from 183.62.140.253: 11: Bye Bye [preauth],Received disconnect from <*>: <*>: Bye Bye [preauth],OpenSSH,Unseen,Received disconnect from <*>:<*>: <*>: <*> <*> [preauth],1.0243980884552002,361,19
Received disconnect from 183.62.140.253: 11: Bye Bye [preauth],Received disconnect from <*>: <*>: Bye Bye [preauth],OpenSSH,Unseen,Received disconnect from <*>:<*>: <*>: <*> <*> [preauth],1.126234531402588,361,19
Received disconnect from 183.62.140.253: 11: Bye Bye [preauth],Received disconnect from <*>: <*>: Bye Bye [preauth],OpenSSH,Unseen,Received disconnect from <*>:<*>: <*>: <*> <*> [preauth],0.9898965358734131,361,19
Received disconnect from 183.62.140.253: 11: Bye Bye [preauth],Received disconnect from <*>: <*>: Bye Bye [preauth],OpenSSH,Unseen,Received disconnect from <*>:<*>: <*>: <*> <*> [preauth],0.7285120487213135,361,19
Received disconnect from 183.62.140.253: 11: Bye Bye [preauth],Received disconnect from <*>: <*>: Bye Bye [preauth],OpenSSH,Unseen,Received disconnect from <*>:<*>: <*>: <*> <*> [preauth],2.8050835132598877,361,19
Received disconnect from 183.62.140.253: 11: Bye Bye [preauth],Received disconnect from <*>: <*>: Bye Bye [preauth],OpenSSH,Unseen,Received disconnect from <*>:<*>: <*>: Bye Bye [preauth],0.9790093898773193,361,19
Received disconnect from 183.62.140.253: 11: Bye Bye [preauth],Received disconnect from <*>: <*>: Bye Bye [preauth],OpenSSH,Unseen,Received disconnect from <*>:<*>: <*>: <*> <*> [preauth],0.8214836120605469,361,19
Received disconnect from 183.62.140.253: 11: Bye Bye [preauth],Received disconnect from <*>: <*>: Bye Bye [preauth],OpenSSH,Unseen,Received disconnect from <*>:<*>: <*>: <*> <*> [preauth],5.329284429550171,361,19
Received disconnect from 183.62.140.253: 11: Bye Bye [preauth],Received disconnect from <*>: <*>: Bye Bye [preauth],OpenSSH,Unseen,Received disconnect from <*>:<*>: <*>: <*> <*> [preauth],2.4560372829437256,361,19
Received disconnect from 183.62.140.253: 11: Bye Bye [preauth],Received disconnect from <*>: <*>: Bye Bye [preauth],OpenSSH,Unseen,Received disconnect from <*>:<*>: <*>: <*> <*> [preauth],1.1073672771453857,361,19
Received disconnect from 183.62.140.253: 11: Bye Bye [preauth],Received disconnect from <*>: <*>: Bye Bye [preauth],OpenSSH,Unseen,Received disconnect from <*>:<*>: <*>: <*> <*> [preauth],3.5459558963775635,361,19
Received disconnect from 183.62.140.253: 11: Bye Bye [preauth],Received disconnect from <*>: <*>: Bye Bye [preauth],OpenSSH,Unseen,Received disconnect from <*>:<*>: <*>: <*> <*> [preauth],1.9764411449432373,361,19
Received disconnect from 183.62.140.253: 11: Bye Bye [preauth],Received disconnect from <*>: <*>: Bye Bye [preauth],OpenSSH,Unseen,Received disconnect from <*>:<*>: <*>: <*> <*> [preauth],0.868422269821167,361,19
Connection closed by 88.147.143.242 [preauth],Connection closed by <*> [preauth],OpenSSH,Unseen,Connection closed by <*> [preauth],0.8050868511199951,355,12
Received disconnect from 183.62.140.253: 11: Bye Bye [preauth],Received disconnect from <*>: <*>: Bye Bye [preauth],OpenSSH,Unseen,Received disconnect from <*>:<*>: <*>: <*> <*> [preauth],1.288567066192627,361,19
Received disconnect from 183.62.140.253: 11: Bye Bye [preauth],Received disconnect from <*>: <*>: Bye Bye [preauth],OpenSSH,Unseen,Received disconnect from <*>:<*>: <*>: <*> <*> [preauth],1.139456033706665,361,19
Received disconnect from 183.62.140.253: 11: Bye Bye [preauth],Received disconnect from <*>: <*>: Bye Bye [preauth],OpenSSH,Unseen,Received disconnect from <*>:<*>: <*>: <*> <*> [preauth],0.6477367877960205,361,19
Received disconnect from 183.62.140.253: 11: Bye Bye [preauth],Received disconnect from <*>: <*>: Bye Bye [preauth],OpenSSH,Unseen,Received disconnect from <*>:<*>: <*>: Bye Bye [preauth],1.6851170063018799,361,19
Received disconnect from 183.62.140.253: 11: Bye Bye [preauth],Received disconnect from <*>: <*>: Bye Bye [preauth],OpenSSH,Unseen,Received disconnect from <*>:<*>: <*>: <*> <*> [preauth],1.0328874588012695,361,19
Received disconnect from 183.62.140.253: 11: Bye Bye [preauth],Received disconnect from <*>: <*>: Bye Bye [preauth],OpenSSH,Unseen,Received disconnect from <*>:<*>: <*>: <*> <*> [preauth],1.863142490386963,361,19
Received disconnect from 183.62.140.253: 11: Bye Bye [preauth],Received disconnect from <*>: <*>: Bye Bye [preauth],OpenSSH,Unseen,Received disconnect from <*>:<*>: <*>: <*> <*> [preauth],1.2741601467132568,361,19
Received disconnect from 183.62.140.253: 11: Bye Bye [preauth],Received disconnect from <*>: <*>: Bye Bye [preauth],OpenSSH,Unseen,Received disconnect from <*>:<*>: <*>: <*> <*> [preauth],1.3207552433013916,361,19
Received disconnect from 183.62.140.253: 11: Bye Bye [preauth],Received disconnect from <*>: <*>: Bye Bye [preauth],OpenSSH,Unseen,Received disconnect from <*>:<*>: <*>: <*> <*> [preauth],1.3752834796905518,361,19
Received disconnect from 183.62.140.253: 11: Bye Bye [preauth],Received disconnect from <*>: <*>: Bye Bye [preauth],OpenSSH,Unseen,Received disconnect from <*>:<*>: <*>: Bye Bye [preauth],1.0552022457122803,361,19
Received disconnect from 183.62.140.253: 11: Bye Bye [preauth],Received disconnect from <*>: <*>: Bye Bye [preauth],OpenSSH,Unseen,Received disconnect from <*>:<*>: <*>: <*> <*> [preauth],1.3005101680755615,361,19
Received disconnect from 183.62.140.253: 11: Bye Bye [preauth],Received disconnect from <*>: <*>: Bye Bye [preauth],OpenSSH,Unseen,Received disconnect from <*>:<*>: <*>: <*> <*> [preauth],1.0829753875732422,361,19
Received disconnect from 183.62.140.253: 11: Bye Bye [preauth],Received disconnect from <*>: <*>: Bye Bye [preauth],OpenSSH,Unseen,Received disconnect from <*>:<*>: <*>: <*> <*> [preauth],0.8600914478302002,361,19
Received disconnect from 183.62.140.253: 11: Bye Bye [preauth],Received disconnect from <*>: <*>: Bye Bye [preauth],OpenSSH,Unseen,Received disconnect from <*>:<*>: <*>: <*> <*> [preauth],1.2557547092437744,361,19
Received disconnect from 183.62.140.253: 11: Bye Bye [preauth],Received disconnect from <*>: <*>: Bye Bye [preauth],OpenSSH,Unseen,Received disconnect from <*>:<*>: <*>: <*> <*> [preauth],1.403270959854126,361,19
Received disconnect from 183.62.140.253: 11: Bye Bye [preauth],Received disconnect from <*>: <*>: Bye Bye [preauth],OpenSSH,Unseen,Received disconnect from <*>:<*>: <*>: <*> <*> [preauth],1.2846832275390625,361,19
Received disconnect from 183.62.140.253: 11: Bye Bye [preauth],Received disconnect from <*>: <*>: Bye Bye [preauth],OpenSSH,Unseen,Received disconnect from <*>:<*>: <*>: <*> <*> [preauth],1.057304859161377,361,19
Received disconnect from 183.62.140.253: 11: Bye Bye [preauth],Received disconnect from <*>: <*>: Bye Bye [preauth],OpenSSH,Unseen,Received disconnect from <*>:<*>: <*>: Bye Bye [preauth],1.0025575160980225,361,19
Received disconnect from 183.62.140.253: 11: Bye Bye [preauth],Received disconnect from <*>: <*>: Bye Bye [preauth],OpenSSH,Unseen,Received disconnect from <*>:<*>: <*>: <*> <*> [preauth],0.9093890190124512,361,19
Received disconnect from 183.62.140.253: 11: Bye Bye [preauth],Received disconnect from <*>: <*>: Bye Bye [preauth],OpenSSH,Unseen,Received disconnect from <*>:<*>: <*>: <*> <*> [preauth],1.0374317169189453,361,19
Received disconnect from 183.62.140.253: 11: Bye Bye [preauth],Received disconnect from <*>: <*>: Bye Bye [preauth],OpenSSH,Unseen,Received disconnect from <*>:<*>: <*>: <*> <*> [preauth],0.9560906887054443,361,19
Received disconnect from 183.62.140.253: 11: Bye Bye [preauth],Received disconnect from <*>: <*>: Bye Bye [preauth],OpenSSH,Unseen,Received disconnect from <*>:<*>: <*>: <*> <*> [preauth],1.1343812942504883,361,19
Received disconnect from 183.62.140.253: 11: Bye Bye [preauth],Received disconnect from <*>: <*>: Bye Bye [preauth],OpenSSH,Unseen,Received disconnect from <*>:<*>: <*>: <*> <*> [preauth],0.9593822956085205,361,19
Received disconnect from 183.62.140.253: 11: Bye Bye [preauth],Received disconnect from <*>: <*>: Bye Bye [preauth],OpenSSH,Unseen,Received disconnect from <*>:<*>: <*>: <*> <*> [preauth],3.992112636566162,361,19
Received disconnect from 183.62.140.253: 11: Bye Bye [preauth],Received disconnect from <*>: <*>: Bye Bye [preauth],OpenSSH,Unseen,Received disconnect from <*>:<*>: <*>: Bye Bye [preauth],1.3685767650604248,361,19
Received disconnect from 183.62.140.253: 11: Bye Bye [preauth],Received disconnect from <*>: <*>: Bye Bye [preauth],OpenSSH,Unseen,Received disconnect from <*>:<*>: <*>: <*> <*> [preauth],1.3657746315002441,361,19
Received disconnect from 183.62.140.253: 11: Bye Bye [preauth],Received disconnect from <*>: <*>: Bye Bye [preauth],OpenSSH,Unseen,Received disconnect from <*>:<*>: <*>: <*> <*> [preauth],1.0441522598266602,361,19
Received disconnect from 183.62.140.253: 11: Bye Bye [preauth],Received disconnect from <*>: <*>: Bye Bye [preauth],OpenSSH,Unseen,Received disconnect from <*>:<*>: <*>: <*> <*> [preauth],1.163318395614624,361,19
Received disconnect from 183.62.140.253: 11: Bye Bye [preauth],Received disconnect from <*>: <*>: Bye Bye [preauth],OpenSSH,Unseen,Received disconnect from <*>:<*>: <*>: Bye Bye [preauth],1.1326344013214111,361,19
Received disconnect from 183.62.140.253: 11: Bye Bye [preauth],Received disconnect from <*>: <*>: Bye Bye [preauth],OpenSSH,Unseen,Received disconnect from <*>:<*>: <*>: <*> <*> [preauth],0.9698927402496338,361,19
Received disconnect from 183.62.140.253: 11: Bye Bye [preauth],Received disconnect from <*>: <*>: Bye Bye [preauth],OpenSSH,Unseen,Received disconnect from <*>:<*>: <*>: <*> <*> [preauth],1.3886713981628418,361,19
Received disconnect from 183.62.140.253: 11: Bye Bye [preauth],Received disconnect from <*>: <*>: Bye Bye [preauth],OpenSSH,Unseen,Received disconnect from <*>:<*>: <*>: <*> <*> [preauth],1.2149689197540283,361,19
Received disconnect from 183.62.140.253: 11: Bye Bye [preauth],Received disconnect from <*>: <*>: Bye Bye [preauth],OpenSSH,Unseen,Received disconnect from <*>:<*>: <*>: <*> <*> [preauth],0.8983697891235352,361,19
Received disconnect from 183.62.140.253: 11: Bye Bye [preauth],Received disconnect from <*>: <*>: Bye Bye [preauth],OpenSSH,Unseen,Received disconnect from <*>:<*>: <*>: <*> <*> [preauth],0.9087917804718018,361,19
Received disconnect from 183.62.140.253: 11: Bye Bye [preauth],Received disconnect from <*>: <*>: Bye Bye [preauth],OpenSSH,Unseen,Received disconnect from <*>:<*>: <*>: <*> <*> [preauth],1.4337599277496338,361,19
Received disconnect from 183.62.140.253: 11: Bye Bye [preauth],Received disconnect from <*>: <*>: Bye Bye [preauth],OpenSSH,Unseen,Received disconnect from <*>:<*>: <*>: <*> <*> [preauth],1.2643818855285645,361,19
Received disconnect from 183.62.140.253: 11: Bye Bye [preauth],Received disconnect from <*>: <*>: Bye Bye [preauth],OpenSSH,Unseen,Received disconnect from <*>:<*>: <*>: <*> <*> [preauth],0.9495723247528076,361,19
Received disconnect from 183.62.140.253: 11: Bye Bye [preauth],Received disconnect from <*>: <*>: Bye Bye [preauth],OpenSSH,Unseen,Received disconnect from <*>:<*>: <*>: <*> <*> [preauth],1.2729244232177734,361,19
Received disconnect from 183.62.140.253: 11: Bye Bye [preauth],Received disconnect from <*>: <*>: Bye Bye [preauth],OpenSSH,Unseen,Received disconnect from <*>:<*>: <*>: <*> <*> [preauth],1.0592758655548096,361,19
Received disconnect from 183.62.140.253: 11: Bye Bye [preauth],Received disconnect from <*>: <*>: Bye Bye [preauth],OpenSSH,Unseen,Received disconnect from <*>:<*>: <*>: <*> <*> [preauth],1.0985939502716064,361,19
Received disconnect from 183.62.140.253: 11: Bye Bye [preauth],Received disconnect from <*>: <*>: Bye Bye [preauth],OpenSSH,Unseen,Received disconnect from <*>:<*>: <*>: Bye Bye [preauth],1.1366112232208252,361,19
Received disconnect from 183.62.140.253: 11: Bye Bye [preauth],Received disconnect from <*>: <*>: Bye Bye [preauth],OpenSSH,Unseen,Received disconnect from <*>:<*>: <*>: <*> <*> [preauth],1.2713346481323242,361,19
Received disconnect from 183.62.140.253: 11: Bye Bye [preauth],Received disconnect from <*>: <*>: Bye Bye [preauth],OpenSSH,Unseen,Received disconnect from <*>:<*>: <*>: <*> <*> [preauth],2.513695001602173,361,19
Received disconnect from 183.62.140.253: 11: Bye Bye [preauth],Received disconnect from <*>: <*>: Bye Bye [preauth],OpenSSH,Unseen,Received disconnect from <*>:<*>: <*>: <*> <*> [preauth],1.0233211517333984,361,19
Received disconnect from 183.62.140.253: 11: Bye Bye [preauth],Received disconnect from <*>: <*>: Bye Bye [preauth],OpenSSH,Unseen,Received disconnect from <*>:<*>: <*>: Bye Bye [preauth],1.7763750553131104,361,19
Received disconnect from 183.62.140.253: 11: Bye Bye [preauth],Received disconnect from <*>: <*>: Bye Bye [preauth],OpenSSH,Unseen,Received disconnect from <*>:<*>: <*>: Bye Bye [preauth],5.0778937339782715,361,19
Received disconnect from 183.62.140.253: 11: Bye Bye [preauth],Received disconnect from <*>: <*>: Bye Bye [preauth],OpenSSH,Unseen,Received disconnect from <*>:<*>: <*>: Bye Bye [preauth],1.595015287399292,361,19
Received disconnect from 183.62.140.253: 11: Bye Bye [preauth],Received disconnect from <*>: <*>: Bye Bye [preauth],OpenSSH,Unseen,Received disconnect from <*>:<*>: <*>: <*> <*> [preauth],0.8712692260742188,361,19
Received disconnect from 183.62.140.253: 11: Bye Bye [preauth],Received disconnect from <*>: <*>: Bye Bye [preauth],OpenSSH,Unseen,Received disconnect from <*>:<*>: <*>: <*> <*> [preauth],1.003204107284546,361,19
Received disconnect from 183.62.140.253: 11: Bye Bye [preauth],Received disconnect from <*>: <*>: Bye Bye [preauth],OpenSSH,Unseen,Received disconnect from <*>:<*>: <*>: <*> <*> [preauth],1.7077970504760742,361,19
Received disconnect from 183.62.140.253: 11: Bye Bye [preauth],Received disconnect from <*>: <*>: Bye Bye [preauth],OpenSSH,Unseen,Received disconnect from <*>:<*>: <*>: Bye Bye [preauth],1.0067429542541504,361,19
Received disconnect from 183.62.140.253: 11: Bye Bye [preauth],Received disconnect from <*>: <*>: Bye Bye [preauth],OpenSSH,Unseen,Received disconnect from <*>:<*>: <*>: <*> <*> [preauth],0.934765100479126,361,19
Received disconnect from 183.62.140.253: 11: Bye Bye [preauth],Received disconnect from <*>: <*>: Bye Bye [preauth],OpenSSH,Unseen,Received disconnect from <*>:<*>: <*>: <*> <*> [preauth],1.1063079833984375,361,19
Received disconnect from 183.62.140.253: 11: Bye Bye [preauth],Received disconnect from <*>: <*>: Bye Bye [preauth],OpenSSH,Unseen,Received disconnect from <*>:<*>: <*>: <*> <*> [preauth],0.9550149440765381,361,19
Received disconnect from 183.62.140.253: 11: Bye Bye [preauth],Received disconnect from <*>: <*>: Bye Bye [preauth],OpenSSH,Unseen,Received disconnect from <*>:<*>: <*>: <*> <*> [preauth],0.9543895721435547,361,19
Received disconnect from 183.62.140.253: 11: Bye Bye [preauth],Received disconnect from <*>: <*>: Bye Bye [preauth],OpenSSH,Unseen,Received disconnect from <*>:<*>: <*>: <*> <*> [preauth],0.8909754753112793,361,19
Received disconnect from 183.62.140.253: 11: Bye Bye [preauth],Received disconnect from <*>: <*>: Bye Bye [preauth],OpenSSH,Unseen,Received disconnect from <*>:<*>: <*>: <*> <*> [preauth],1.1186487674713135,361,19
Received disconnect from 183.62.140.253: 11: Bye Bye [preauth],Received disconnect from <*>: <*>: Bye Bye [preauth],OpenSSH,Unseen,Received disconnect from <*>:<*>: <*>: <*> <*> [preauth],1.0235273838043213,361,19
Received disconnect from 183.62.140.253: 11: Bye Bye [preauth],Received disconnect from <*>: <*>: Bye Bye [preauth],OpenSSH,Unseen,Received disconnect from <*>:<*>: <*>: <*> <*> [preauth],1.1806056499481201,361,19
Received disconnect from 183.62.140.253: 11: Bye Bye [preauth],Received disconnect from <*>: <*>: Bye Bye [preauth],OpenSSH,Unseen,Received disconnect from <*>:<*>: <*>: <*> <*> [preauth],4.0144007205963135,361,19
Received disconnect from 183.62.140.253: 11: Bye Bye [preauth],Received disconnect from <*>: <*>: Bye Bye [preauth],OpenSSH,Unseen,Received disconnect from <*>:<*>: <*>: <*> <*> [preauth],1.131622076034546,361,19
Received disconnect from 183.62.140.253: 11: Bye Bye [preauth],Received disconnect from <*>: <*>: Bye Bye [preauth],OpenSSH,Unseen,Received disconnect from <*>:<*>: <*>: <*> <*> [preauth],1.1574578285217285,361,19
Received disconnect from 183.62.140.253: 11: Bye Bye [preauth],Received disconnect from <*>: <*>: Bye Bye [preauth],OpenSSH,Unseen,Received disconnect from <*>:<*>: <*>: Bye Bye [preauth],0.9301512241363525,361,19
Received disconnect from 183.62.140.253: 11: Bye Bye [preauth],Received disconnect from <*>: <*>: Bye Bye [preauth],OpenSSH,Unseen,Received disconnect from <*>:<*>: <*>: Bye Bye [preauth],1.2307770252227783,361,19
Received disconnect from 183.62.140.253: 11: Bye Bye [preauth],Received disconnect from <*>: <*>: Bye Bye [preauth],OpenSSH,Unseen,Received disconnect from <*>:<*>: <*>: Bye Bye [preauth],1.2000741958618164,361,19
Received disconnect from 183.62.140.253: 11: Bye Bye [preauth],Received disconnect from <*>: <*>: Bye Bye [preauth],OpenSSH,Unseen,Received disconnect from <*>:<*>: <*>: Bye Bye [preauth],1.0584008693695068,361,19
Received disconnect from 183.62.140.253: 11: Bye Bye [preauth],Received disconnect from <*>: <*>: Bye Bye [preauth],OpenSSH,Unseen,Received disconnect from <*>:<*>: <*>: <*> <*> [preauth],1.1973581314086914,361,19
Received disconnect from 183.62.140.253: 11: Bye Bye [preauth],Received disconnect from <*>: <*>: Bye Bye [preauth],OpenSSH,Unseen,Received disconnect from <*>:<*>: <*>: <*> <*> [preauth],1.446681261062622,361,19
Received disconnect from 183.62.140.253: 11: Bye Bye [preauth],Received disconnect from <*>: <*>: Bye Bye [preauth],OpenSSH,Unseen,Received disconnect from <*>:<*>: <*>: Bye Bye [preauth],1.0602803230285645,361,19
Received disconnect from 183.62.140.253: 11: Bye Bye [preauth],Received disconnect from <*>: <*>: Bye Bye [preauth],OpenSSH,Unseen,Received disconnect from <*>:<*>: <*>: Bye Bye [preauth],1.6109797954559326,361,19
Received disconnect from 183.62.140.253: 11: Bye Bye [preauth],Received disconnect from <*>: <*>: Bye Bye [preauth],OpenSSH,Unseen,Received disconnect from <*>:<*>: <*>: <*> <*> [preauth],1.0567550659179688,361,19
Received disconnect from 183.62.140.253: 11: Bye Bye [preauth],Received disconnect from <*>: <*>: Bye Bye [preauth],OpenSSH,Unseen,Received disconnect from <*>:<*>: <*>: Bye Bye [preauth],1.9061017036437988,361,19
Received disconnect from 183.62.140.253: 11: Bye Bye [preauth],Received disconnect from <*>: <*>: Bye Bye [preauth],OpenSSH,Unseen,Received disconnect from <*>:<*>: <*>: <*> <*> [preauth],1.1469099521636963,361,19
Received disconnect from 183.62.140.253: 11: Bye Bye [preauth],Received disconnect from <*>: <*>: Bye Bye [preauth],OpenSSH,Unseen,Received disconnect from <*>:<*>: <*>: <*> <*> [preauth],1.2787227630615234,361,19
Received disconnect from 183.62.140.253: 11: Bye Bye [preauth],Received disconnect from <*>: <*>: Bye Bye [preauth],OpenSSH,Unseen,Received disconnect from <*>:<*>: <*>: Bye Bye [preauth],1.116542100906372,361,19
Received disconnect from 183.62.140.253: 11: Bye Bye [preauth],Received disconnect from <*>: <*>: Bye Bye [preauth],OpenSSH,Unseen,Received disconnect from <*>:<*>: <*>: <*> <*> [preauth],1.3737192153930664,361,19
Received disconnect from 183.62.140.253: 11: Bye Bye [preauth],Received disconnect from <*>: <*>: Bye Bye [preauth],OpenSSH,Unseen,Received disconnect from <*>:<*>: <*>: <*> <*> [preauth],0.9520461559295654,361,19
Received disconnect from 183.62.140.253: 11: Bye Bye [preauth],Received disconnect from <*>: <*>: Bye Bye [preauth],OpenSSH,Unseen,Received disconnect from <*>:<*>: <*>: <*> <*> [preauth],1.1137914657592773,361,19
Received disconnect from 183.62.140.253: 11: Bye Bye [preauth],Received disconnect from <*>: <*>: Bye Bye [preauth],OpenSSH,Unseen,Received disconnect from <*>:<*>: <*>: <*> <*> [preauth],0.9755959510803223,361,19
Received disconnect from 183.62.140.253: 11: Bye Bye [preauth],Received disconnect from <*>: <*>: Bye Bye [preauth],OpenSSH,Unseen,Received disconnect from <*>:<*>: <*>: <*> <*> [preauth],1.275165319442749,361,19
Received disconnect from 183.62.140.253: 11: Bye Bye [preauth],Received disconnect from <*>: <*>: Bye Bye [preauth],OpenSSH,Unseen,Received disconnect from <*>:<*>: <*>: <*> <*> [preauth],1.1818633079528809,361,19
Received disconnect from 183.62.140.253: 11: Bye Bye [preauth],Received disconnect from <*>: <*>: Bye Bye [preauth],OpenSSH,Unseen,Received disconnect from <*>:<*>: <*>: <*> <*> [preauth],1.5041067600250244,361,19
Received disconnect from 183.62.140.253: 11: Bye Bye [preauth],Received disconnect from <*>: <*>: Bye Bye [preauth],OpenSSH,Unseen,Received disconnect from <*>:<*>: <*>: Bye Bye [preauth],1.0429072380065918,361,19
Received disconnect from 183.62.140.253: 11: Bye Bye [preauth],Received disconnect from <*>: <*>: Bye Bye [preauth],OpenSSH,Unseen,Received disconnect from <*>:<*>: <*>: <*> <*> [preauth],1.4360618591308594,361,19
Received disconnect from 183.62.140.253: 11: Bye Bye [preauth],Received disconnect from <*>: <*>: Bye Bye [preauth],OpenSSH,Unseen,Received disconnect from <*>:<*>: <*>: <*> <*> [preauth],0.9860119819641113,361,19
Received disconnect from 183.62.140.253: 11: Bye Bye [preauth],Received disconnect from <*>: <*>: Bye Bye [preauth],OpenSSH,Unseen,Received disconnect from <*>:<*>: <*>: <*> <*> [preauth],1.1477019786834717,361,19
Received disconnect from 183.62.140.253: 11: Bye Bye [preauth],Received disconnect from <*>: <*>: Bye Bye [preauth],OpenSSH,Unseen,Received disconnect from <*>:<*>: <*>: <*> <*> [preauth],1.060037612915039,361,19
Received disconnect from 183.62.140.253: 11: Bye Bye [preauth],Received disconnect from <*>: <*>: Bye Bye [preauth],OpenSSH,Unseen,Received disconnect from <*>:<*>: <*>: Bye Bye [preauth],1.638833999633789,361,19
Received disconnect from 183.62.140.253: 11: Bye Bye [preauth],Received disconnect from <*>: <*>: Bye Bye [preauth],OpenSSH,Unseen,Received disconnect from <*>:<*>: <*>: <*> <*> [preauth],1.2734200954437256,361,19
Received disconnect from 183.62.140.253: 11: Bye Bye [preauth],Received disconnect from <*>: <*>: Bye Bye [preauth],OpenSSH,Unseen,Received disconnect from <*>:<*>: <*>: Bye Bye [preauth],0.8782718181610107,361,19
Received disconnect from 183.62.140.253: 11: Bye Bye [preauth],Received disconnect from <*>: <*>: Bye Bye [preauth],OpenSSH,Unseen,Received disconnect from <*>:<*>: <*>: Bye Bye [preauth],2.4674246311187744,361,19
Received disconnect from 183.62.140.253: 11: Bye Bye [preauth],Received disconnect from <*>: <*>: Bye Bye [preauth],OpenSSH,Unseen,Received disconnect from <*>:<*>: <*>: <*> <*> [preauth],2.9538090229034424,361,19
Received disconnect from 183.62.140.253: 11: Bye Bye [preauth],Received disconnect from <*>: <*>: Bye Bye [preauth],OpenSSH,Unseen,Received disconnect from <*>:<*>: <*>: <*> <*> [preauth],1.3015546798706055,361,19
Received disconnect from 183.62.140.253: 11: Bye Bye [preauth],Received disconnect from <*>: <*>: Bye Bye [preauth],OpenSSH,Unseen,Received disconnect from <*>:<*>: <*>: <*> <*> [preauth],0.9879529476165771,361,19
Received disconnect from 183.62.140.253: 11: Bye Bye [preauth],Received disconnect from <*>: <*>: Bye Bye [preauth],OpenSSH,Unseen,Received disconnect from <*>:<*>: <*>: Bye Bye [preauth],1.4281182289123535,361,19
Received disconnect from 183.62.140.253: 11: Bye Bye [preauth],Received disconnect from <*>: <*>: Bye Bye [preauth],OpenSSH,Unseen,Received disconnect from <*>:<*>: <*>: <*> <*> [preauth],1.1041836738586426,361,19
Received disconnect from 183.62.140.253: 11: Bye Bye [preauth],Received disconnect from <*>: <*>: Bye Bye [preauth],OpenSSH,Unseen,Received disconnect from <*>:<*>: <*>: <*> <*> [preauth],1.142418384552002,361,19
Received disconnect from 183.62.140.253: 11: Bye Bye [preauth],Received disconnect from <*>: <*>: Bye Bye [preauth],OpenSSH,Unseen,Received disconnect from <*>:<*>: <*>: <*> <*> [preauth],1.123544454574585,361,19
