Content,EventTemplate,Dataset,Category,Unseen_LLAMA_FT_OpenSSH_2,Inference_time_2
Connection closed by 173.234.31.186 [preauth],Connection closed by <*> [preauth],OpenSSH,Unseen,Connection closed by <*> [preauth],0.703808069229126
Connection closed by 212.47.254.145 [preauth],Connection closed by <*> [preauth],OpenSSH,Unseen,Connection closed by <*> [preauth],0.6861875057220459
Received disconnect from 52.80.34.196: 11: Bye Bye [preauth],Received disconnect from <*>: <*>: Bye Bye [preauth],OpenSSH,Unseen,Received disconnect from <*>: <*>: Bye Bye [preauth],1.2486686706542969
Connection closed by 173.234.31.186 [preauth],Connection closed by <*> [preauth],OpenSSH,Unseen,Connection closed by <*> [preauth],0.687079668045044
Received disconnect from 202.100.179.208: 11: Bye Bye [preauth],Received disconnect from <*>: <*>: Bye Bye [preauth],OpenSSH,Unseen,Received disconnect from <*>: <*>: Bye Bye [preauth],1.2527854442596436
Received disconnect from 112.95.230.3: 11: Bye Bye [preauth],Received disconnect from <*>: <*>: Bye Bye [preauth],OpenSSH,Unseen,Received disconnect from <*>: <*>: Bye Bye [preauth],1.250373125076294
Received disconnect from 112.95.230.3: 11: Bye Bye [preauth],Received disconnect from <*>: <*>: Bye Bye [preauth],OpenSSH,Unseen,Received disconnect from <*>: <*>: Bye Bye [preauth],1.2429306507110596
Received disconnect from 112.95.230.3: 11: Bye Bye [preauth],Received disconnect from <*>: <*>: Bye Bye [preauth],OpenSSH,Unseen,Received disconnect from <*>: <*>: Bye Bye [preauth],1.238605260848999
Received disconnect from 112.95.230.3: 11: Bye Bye [preauth],Received disconnect from <*>: <*>: Bye Bye [preauth],OpenSSH,Unseen,Received disconnect from <*>: <*>: Bye Bye [preauth],1.2582099437713623
Received disconnect from 112.95.230.3: 11: Bye Bye [preauth],Received disconnect from <*>: <*>: Bye Bye [preauth],OpenSSH,Unseen,Received disconnect from <*>: <*>: Bye Bye [preauth],1.2745733261108398
Received disconnect from 112.95.230.3: 11: Bye Bye [preauth],Received disconnect from <*>: <*>: Bye Bye [preauth],OpenSSH,Unseen,Received disconnect from <*>: <*>: Bye Bye [preauth],1.25761079788208
Received disconnect from 112.95.230.3: 11: Bye Bye [preauth],Received disconnect from <*>: <*>: Bye Bye [preauth],OpenSSH,Unseen,Received disconnect from <*>: <*>: Bye Bye [preauth],1.2435564994812012
Received disconnect from 112.95.230.3: 11: Bye Bye [preauth],Received disconnect from <*>: <*>: Bye Bye [preauth],OpenSSH,Unseen,Received disconnect from <*>: <*>: Bye Bye [preauth],1.2594873905181885
Received disconnect from 112.95.230.3: 11: Bye Bye [preauth],Received disconnect from <*>: <*>: Bye Bye [preauth],OpenSSH,Unseen,Received disconnect from <*>: <*>: Bye Bye [preauth],1.2378449440002441
Received disconnect from 112.95.230.3: 11: Bye Bye [preauth],Received disconnect from <*>: <*>: Bye Bye [preauth],OpenSSH,Unseen,Received disconnect from <*>: <*>: Bye Bye [preauth],1.2315592765808105
Received disconnect from 112.95.230.3: 11: Bye Bye [preauth],Received disconnect from <*>: <*>: Bye Bye [preauth],OpenSSH,Unseen,Received disconnect from <*>: <*>: Bye Bye [preauth],1.2247190475463867
Received disconnect from 112.95.230.3: 11: Bye Bye [preauth],Received disconnect from <*>: <*>: Bye Bye [preauth],OpenSSH,Unseen,Received disconnect from <*>: <*>: Bye Bye [preauth],1.2267773151397705
Received disconnect from 112.95.230.3: 11: Bye Bye [preauth],Received disconnect from <*>: <*>: Bye Bye [preauth],OpenSSH,Unseen,Received disconnect from <*>: <*>: Bye Bye [preauth],1.2273144721984863
Received disconnect from 112.95.230.3: 11: Bye Bye [preauth],Received disconnect from <*>: <*>: Bye Bye [preauth],OpenSSH,Unseen,Received disconnect from <*>: <*>: Bye Bye [preauth],1.2713584899902344
Received disconnect from 112.95.230.3: 11: Bye Bye [preauth],Received disconnect from <*>: <*>: Bye Bye [preauth],OpenSSH,Unseen,Received disconnect from <*>: <*>: Bye Bye [preauth],1.2418031692504883
Received disconnect from 112.95.230.3: 11: Bye Bye [preauth],Received disconnect from <*>: <*>: Bye Bye [preauth],OpenSSH,Unseen,Received disconnect from <*>: <*>: Bye Bye [preauth],1.228067398071289
Received disconnect from 112.95.230.3: 11: Bye Bye [preauth],Received disconnect from <*>: <*>: Bye Bye [preauth],OpenSSH,Unseen,Received disconnect from <*>: <*>: Bye Bye [preauth],1.2290875911712646
Received disconnect from 112.95.230.3: 11: Bye Bye [preauth],Received disconnect from <*>: <*>: Bye Bye [preauth],OpenSSH,Unseen,Received disconnect from <*>: <*>: Bye Bye [preauth],1.2305262088775635
Received disconnect from 112.95.230.3: 11: Bye Bye [preauth],Received disconnect from <*>: <*>: Bye Bye [preauth],OpenSSH,Unseen,Received disconnect from <*>: <*>: Bye Bye [preauth],1.2397410869598389
Received disconnect from 112.95.230.3: 11: Bye Bye [preauth],Received disconnect from <*>: <*>: Bye Bye [preauth],OpenSSH,Unseen,Received disconnect from <*>: <*>: Bye Bye [preauth],1.2363128662109375
Received disconnect from 112.95.230.3: 11: Bye Bye [preauth],Received disconnect from <*>: <*>: Bye Bye [preauth],OpenSSH,Unseen,Received disconnect from <*>: <*>: Bye Bye [preauth],1.2316017150878906
Received disconnect from 112.95.230.3: 11: Bye Bye [preauth],Received disconnect from <*>: <*>: Bye Bye [preauth],OpenSSH,Unseen,Received disconnect from <*>: <*>: Bye Bye [preauth],1.2303557395935059
Received disconnect from 112.95.230.3: 11: Bye Bye [preauth],Received disconnect from <*>: <*>: Bye Bye [preauth],OpenSSH,Unseen,Received disconnect from <*>: <*>: Bye Bye [preauth],1.2488489151000977
Received disconnect from 112.95.230.3: 11: Bye Bye [preauth],Received disconnect from <*>: <*>: Bye Bye [preauth],OpenSSH,Unseen,Received disconnect from <*>: <*>: Bye Bye [preauth],1.2435472011566162
Received disconnect from 112.95.230.3: 11: Bye Bye [preauth],Received disconnect from <*>: <*>: Bye Bye [preauth],OpenSSH,Unseen,Received disconnect from <*>: <*>: Bye Bye [preauth],1.2276630401611328
Received disconnect from 112.95.230.3: 11: Bye Bye [preauth],Received disconnect from <*>: <*>: Bye Bye [preauth],OpenSSH,Unseen,Received disconnect from <*>: <*>: Bye Bye [preauth],1.2268855571746826
Received disconnect from 123.235.32.19: 11: Bye Bye [preauth],Received disconnect from <*>: <*>: Bye Bye [preauth],OpenSSH,Unseen,Received disconnect from <*>: <*>: Bye Bye [preauth],1.2272684574127197
Received disconnect from 123.235.32.19: 11: Bye Bye [preauth],Received disconnect from <*>: <*>: Bye Bye [preauth],OpenSSH,Unseen,Received disconnect from <*>: <*>: Bye Bye [preauth],1.2268517017364502
Received disconnect from 123.235.32.19: 11: Bye Bye [preauth],Received disconnect from <*>: <*>: Bye Bye [preauth],OpenSSH,Unseen,Received disconnect from <*>: <*>: Bye Bye [preauth],1.2232842445373535
Received disconnect from 123.235.32.19: 11: Bye Bye [preauth],Received disconnect from <*>: <*>: Bye Bye [preauth],OpenSSH,Unseen,Received disconnect from <*>: <*>: Bye Bye [preauth],1.2275652885437012
Received disconnect from 123.235.32.19: 11: Bye Bye [preauth],Received disconnect from <*>: <*>: Bye Bye [preauth],OpenSSH,Unseen,Received disconnect from <*>: <*>: Bye Bye [preauth],1.232532262802124
Received disconnect from 123.235.32.19: 11: Bye Bye [preauth],Received disconnect from <*>: <*>: Bye Bye [preauth],OpenSSH,Unseen,Received disconnect from <*>: <*>: Bye Bye [preauth],1.2626619338989258
Received disconnect from 123.235.32.19: 11: Bye Bye [preauth],Received disconnect from <*>: <*>: Bye Bye [preauth],OpenSSH,Unseen,Received disconnect from <*>: <*>: Bye Bye [preauth],1.263007640838623
Received disconnect from 183.136.162.51: 11: Bye Bye [preauth],Received disconnect from <*>: <*>: Bye Bye [preauth],OpenSSH,Unseen,Received disconnect from <*>: <*>: Bye Bye [preauth],1.2568955421447754
Connection closed by 191.210.223.172 [preauth],Connection closed by <*> [preauth],OpenSSH,Unseen,Connection closed by <*> [preauth],0.6883866786956787
error: Received disconnect from 195.154.37.122: 3: com.jcraft.jsch.JSchException: Auth fail [preauth],error: Received disconnect from <*>: <*>: com.jcraft.jsch.JSchException: Auth fail [preauth],OpenSSH,Unseen,error: Received disconnect from <*>: <*>: com.jcraft.jsch.JSchException: Auth fail [preauth],2.075793743133545
error: Received disconnect from 195.154.37.122: 3: com.jcraft.jsch.JSchException: Auth fail [preauth],error: Received disconnect from <*>: <*>: com.jcraft.jsch.JSchException: Auth fail [preauth],OpenSSH,Unseen,error: Received disconnect from <*>: <*>: com.jcraft.jsch.JSchException: Auth fail [preauth],2.0478274822235107
Connection closed by 194.190.163.22 [preauth],Connection closed by <*> [preauth],OpenSSH,Unseen,Connection closed by <*> [preauth],0.689774751663208
Received disconnect from 52.80.34.196: 11: Bye Bye [preauth],Received disconnect from <*>: <*>: Bye Bye [preauth],OpenSSH,Unseen,Received disconnect from <*>: <*>: Bye Bye [preauth],1.2500395774841309
Connection closed by 194.190.163.22 [preauth],Connection closed by <*> [preauth],OpenSSH,Unseen,Connection closed by <*> [preauth],0.6849970817565918
Received disconnect from 175.102.13.6: 11: Bye Bye [preauth],Received disconnect from <*>: <*>: Bye Bye [preauth],OpenSSH,Unseen,Received disconnect from <*>: <*>: Bye Bye [preauth],1.2672929763793945
Connection closed by 194.190.163.22 [preauth],Connection closed by <*> [preauth],OpenSSH,Unseen,Connection closed by <*> [preauth],0.69950270652771
Connection closed by 5.188.10.180 [preauth],Connection closed by <*> [preauth],OpenSSH,Unseen,Connection closed by <*> [preauth],0.7056028842926025
Connection closed by 5.188.10.180 [preauth],Connection closed by <*> [preauth],OpenSSH,Unseen,Connection closed by <*> [preauth],0.687802791595459
Connection closed by 5.188.10.180 [preauth],Connection closed by <*> [preauth],OpenSSH,Unseen,Connection closed by <*> [preauth],0.6974501609802246
Connection closed by 5.188.10.180 [preauth],Connection closed by <*> [preauth],OpenSSH,Unseen,Connection closed by <*> [preauth],0.6959662437438965
Connection closed by 5.188.10.180 [preauth],Connection closed by <*> [preauth],OpenSSH,Unseen,Connection closed by <*> [preauth],0.6867225170135498
Connection closed by 5.188.10.180 [preauth],Connection closed by <*> [preauth],OpenSSH,Unseen,Connection closed by <*> [preauth],0.6890811920166016
Connection closed by 5.188.10.180 [preauth],Connection closed by <*> [preauth],OpenSSH,Unseen,Connection closed by <*> [preauth],0.6956698894500732
Connection closed by 5.188.10.180 [preauth],Connection closed by <*> [preauth],OpenSSH,Unseen,Connection closed by <*> [preauth],0.6907978057861328
PAM 1 more authentication failure; logname= uid=0 euid=0 tty=ssh ruser= rhost=5.188.10.180,PAM <*> more authentication failure; logname= uid=<*> euid=<*> tty=ssh ruser= rhost=<*>,OpenSSH,Unseen,PAM <*> more authentication failure; logname= uid=<*> euid=<*> tty=ssh ruser= rhost=<*>,2.197531223297119
Connection closed by 5.188.10.180 [preauth],Connection closed by <*> [preauth],OpenSSH,Unseen,Connection closed by <*> [preauth],0.6907389163970947
Connection closed by 5.188.10.180 [preauth],Connection closed by <*> [preauth],OpenSSH,Unseen,Connection closed by <*> [preauth],0.6870267391204834
Connection closed by 5.188.10.180 [preauth],Connection closed by <*> [preauth],OpenSSH,Unseen,Connection closed by <*> [preauth],0.6868469715118408
Connection closed by 194.190.163.22 [preauth],Connection closed by <*> [preauth],OpenSSH,Unseen,Connection closed by <*> [preauth],0.6976602077484131
Received disconnect from 52.80.34.196: 11: Bye Bye [preauth],Received disconnect from <*>: <*>: Bye Bye [preauth],OpenSSH,Unseen,Received disconnect from <*>: <*>: Bye Bye [preauth],1.2662551403045654
Connection closed by 185.190.58.151 [preauth],Connection closed by <*> [preauth],OpenSSH,Unseen,Connection closed by <*> [preauth],0.6846418380737305
Connection closed by 185.190.58.151 [preauth],Connection closed by <*> [preauth],OpenSSH,Unseen,Connection closed by <*> [preauth],0.6871192455291748
Connection closed by 185.190.58.151 [preauth],Connection closed by <*> [preauth],OpenSSH,Unseen,Connection closed by <*> [preauth],0.6821553707122803
Connection closed by 185.190.58.151 [preauth],Connection closed by <*> [preauth],OpenSSH,Unseen,Connection closed by <*> [preauth],0.6847689151763916
Connection closed by 185.190.58.151 [preauth],Connection closed by <*> [preauth],OpenSSH,Unseen,Connection closed by <*> [preauth],0.6878767013549805
Connection closed by 185.190.58.151 [preauth],Connection closed by <*> [preauth],OpenSSH,Unseen,Connection closed by <*> [preauth],0.6846425533294678
PAM 1 more authentication failure; logname= uid=0 euid=0 tty=ssh ruser= rhost=185.190.58.151,PAM <*> more authentication failure; logname= uid=<*> euid=<*> tty=ssh ruser= rhost=<*>,OpenSSH,Unseen,PAM <*> more authentication failure; logname= uid=<*> euid=<*> tty=ssh ruser= rhost=<*>,2.1747241020202637
Received disconnect from 187.141.143.180: 11: Bye Bye [preauth],Received disconnect from <*>: <*>: Bye Bye [preauth],OpenSSH,Unseen,Received disconnect from <*>: <*>: Bye Bye [preauth],1.2438507080078125
Received disconnect from 187.141.143.180: 11: Bye Bye [preauth],Received disconnect from <*>: <*>: Bye Bye [preauth],OpenSSH,Unseen,Received disconnect from <*>: <*>: Bye Bye [preauth],1.2458412647247314
Received disconnect from 187.141.143.180: 11: Bye Bye [preauth],Received disconnect from <*>: <*>: Bye Bye [preauth],OpenSSH,Unseen,Received disconnect from <*>: <*>: Bye Bye [preauth],1.261810541152954
Connection closed by 185.190.58.151 [preauth],Connection closed by <*> [preauth],OpenSSH,Unseen,Connection closed by <*> [preauth],0.7041759490966797
Received disconnect from 187.141.143.180: 11: Bye Bye [preauth],Received disconnect from <*>: <*>: Bye Bye [preauth],OpenSSH,Unseen,Received disconnect from <*>: <*>: Bye Bye [preauth],1.2694268226623535
Received disconnect from 187.141.143.180: 11: Bye Bye [preauth],Received disconnect from <*>: <*>: Bye Bye [preauth],OpenSSH,Unseen,Received disconnect from <*>: <*>: Bye Bye [preauth],1.2488794326782227
Received disconnect from 187.141.143.180: 11: Bye Bye [preauth],Received disconnect from <*>: <*>: Bye Bye [preauth],OpenSSH,Unseen,Received disconnect from <*>: <*>: Bye Bye [preauth],1.2434666156768799
Received disconnect from 187.141.143.180: 11: Bye Bye [preauth],Received disconnect from <*>: <*>: Bye Bye [preauth],OpenSSH,Unseen,Received disconnect from <*>: <*>: Bye Bye [preauth],1.2223668098449707
Received disconnect from 187.141.143.180: 11: Bye Bye [preauth],Received disconnect from <*>: <*>: Bye Bye [preauth],OpenSSH,Unseen,Received disconnect from <*>: <*>: Bye Bye [preauth],1.2176175117492676
Received disconnect from 187.141.143.180: 11: Bye Bye [preauth],Received disconnect from <*>: <*>: Bye Bye [preauth],OpenSSH,Unseen,Received disconnect from <*>: <*>: Bye Bye [preauth],1.213503360748291
Received disconnect from 187.141.143.180: 11: Bye Bye [preauth],Received disconnect from <*>: <*>: Bye Bye [preauth],OpenSSH,Unseen,Received disconnect from <*>: <*>: Bye Bye [preauth],1.2169594764709473
Received disconnect from 187.141.143.180: 11: Bye Bye [preauth],Received disconnect from <*>: <*>: Bye Bye [preauth],OpenSSH,Unseen,Received disconnect from <*>: <*>: Bye Bye [preauth],1.223095178604126
Received disconnect from 187.141.143.180: 11: Bye Bye [preauth],Received disconnect from <*>: <*>: Bye Bye [preauth],OpenSSH,Unseen,Received disconnect from <*>: <*>: Bye Bye [preauth],1.2647788524627686
Received disconnect from 187.141.143.180: 11: Bye Bye [preauth],Received disconnect from <*>: <*>: Bye Bye [preauth],OpenSSH,Unseen,Received disconnect from <*>: <*>: Bye Bye [preauth],1.2610993385314941
Received disconnect from 187.141.143.180: 11: Bye Bye [preauth],Received disconnect from <*>: <*>: Bye Bye [preauth],OpenSSH,Unseen,Received disconnect from <*>: <*>: Bye Bye [preauth],1.2449958324432373
Received disconnect from 187.141.143.180: 11: Bye Bye [preauth],Received disconnect from <*>: <*>: Bye Bye [preauth],OpenSSH,Unseen,Received disconnect from <*>: <*>: Bye Bye [preauth],1.24705171585083
Received disconnect from 187.141.143.180: 11: Bye Bye [preauth],Received disconnect from <*>: <*>: Bye Bye [preauth],OpenSSH,Unseen,Received disconnect from <*>: <*>: Bye Bye [preauth],1.2470426559448242
Received disconnect from 187.141.143.180: 11: Bye Bye [preauth],Received disconnect from <*>: <*>: Bye Bye [preauth],OpenSSH,Unseen,Received disconnect from <*>: <*>: Bye Bye [preauth],1.2441601753234863
Received disconnect from 187.141.143.180: 11: Bye Bye [preauth],Received disconnect from <*>: <*>: Bye Bye [preauth],OpenSSH,Unseen,Received disconnect from <*>: <*>: Bye Bye [preauth],1.2452268600463867
Received disconnect from 187.141.143.180: 11: Bye Bye [preauth],Received disconnect from <*>: <*>: Bye Bye [preauth],OpenSSH,Unseen,Received disconnect from <*>: <*>: Bye Bye [preauth],1.244020700454712
Received disconnect from 187.141.143.180: 11: Bye Bye [preauth],Received disconnect from <*>: <*>: Bye Bye [preauth],OpenSSH,Unseen,Received disconnect from <*>: <*>: Bye Bye [preauth],1.2434394359588623
Received disconnect from 187.141.143.180: 11: Bye Bye [preauth],Received disconnect from <*>: <*>: Bye Bye [preauth],OpenSSH,Unseen,Received disconnect from <*>: <*>: Bye Bye [preauth],1.2623810768127441
Received disconnect from 187.141.143.180: 11: Bye Bye [preauth],Received disconnect from <*>: <*>: Bye Bye [preauth],OpenSSH,Unseen,Received disconnect from <*>: <*>: Bye Bye [preauth],1.2694165706634521
Received disconnect from 187.141.143.180: 11: Bye Bye [preauth],Received disconnect from <*>: <*>: Bye Bye [preauth],OpenSSH,Unseen,Received disconnect from <*>: <*>: Bye Bye [preauth],1.2517821788787842
Received disconnect from 187.141.143.180: 11: Bye Bye [preauth],Received disconnect from <*>: <*>: Bye Bye [preauth],OpenSSH,Unseen,Received disconnect from <*>: <*>: Bye Bye [preauth],1.2424604892730713
Received disconnect from 187.141.143.180: 11: Bye Bye [preauth],Received disconnect from <*>: <*>: Bye Bye [preauth],OpenSSH,Unseen,Received disconnect from <*>: <*>: Bye Bye [preauth],1.2456934452056885
Received disconnect from 187.141.143.180: 11: Bye Bye [preauth],Received disconnect from <*>: <*>: Bye Bye [preauth],OpenSSH,Unseen,Received disconnect from <*>: <*>: Bye Bye [preauth],1.2407598495483398
Received disconnect from 187.141.143.180: 11: Bye Bye [preauth],Received disconnect from <*>: <*>: Bye Bye [preauth],OpenSSH,Unseen,Received disconnect from <*>: <*>: Bye Bye [preauth],1.2335457801818848
Received disconnect from 187.141.143.180: 11: Bye Bye [preauth],Received disconnect from <*>: <*>: Bye Bye [preauth],OpenSSH,Unseen,Received disconnect from <*>: <*>: Bye Bye [preauth],1.250870704650879
Received disconnect from 187.141.143.180: 11: Bye Bye [preauth],Received disconnect from <*>: <*>: Bye Bye [preauth],OpenSSH,Unseen,Received disconnect from <*>: <*>: Bye Bye [preauth],1.25014328956604
Received disconnect from 187.141.143.180: 11: Bye Bye [preauth],Received disconnect from <*>: <*>: Bye Bye [preauth],OpenSSH,Unseen,Received disconnect from <*>: <*>: Bye Bye [preauth],1.2419891357421875
Received disconnect from 187.141.143.180: 11: Bye Bye [preauth],Received disconnect from <*>: <*>: Bye Bye [preauth],OpenSSH,Unseen,Received disconnect from <*>: <*>: Bye Bye [preauth],1.2929704189300537
Received disconnect from 187.141.143.180: 11: Bye Bye [preauth],Received disconnect from <*>: <*>: Bye Bye [preauth],OpenSSH,Unseen,Received disconnect from <*>: <*>: Bye Bye [preauth],1.2398381233215332
Received disconnect from 187.141.143.180: 11: Bye Bye [preauth],Received disconnect from <*>: <*>: Bye Bye [preauth],OpenSSH,Unseen,Received disconnect from <*>: <*>: Bye Bye [preauth],1.2455906867980957
Received disconnect from 187.141.143.180: 11: Bye Bye [preauth],Received disconnect from <*>: <*>: Bye Bye [preauth],OpenSSH,Unseen,Received disconnect from <*>: <*>: Bye Bye [preauth],1.2505216598510742
Received disconnect from 187.141.143.180: 11: Bye Bye [preauth],Received disconnect from <*>: <*>: Bye Bye [preauth],OpenSSH,Unseen,Received disconnect from <*>: <*>: Bye Bye [preauth],1.268160343170166
Received disconnect from 187.141.143.180: 11: Bye Bye [preauth],Received disconnect from <*>: <*>: Bye Bye [preauth],OpenSSH,Unseen,Received disconnect from <*>: <*>: Bye Bye [preauth],1.249924659729004
Received disconnect from 187.141.143.180: 11: Bye Bye [preauth],Received disconnect from <*>: <*>: Bye Bye [preauth],OpenSSH,Unseen,Received disconnect from <*>: <*>: Bye Bye [preauth],1.2608132362365723
Received disconnect from 187.141.143.180: 11: Bye Bye [preauth],Received disconnect from <*>: <*>: Bye Bye [preauth],OpenSSH,Unseen,Received disconnect from <*>: <*>: Bye Bye [preauth],1.24770188331604
Received disconnect from 187.141.143.180: 11: Bye Bye [preauth],Received disconnect from <*>: <*>: Bye Bye [preauth],OpenSSH,Unseen,Received disconnect from <*>: <*>: Bye Bye [preauth],1.2568659782409668
Received disconnect from 187.141.143.180: 11: Bye Bye [preauth],Received disconnect from <*>: <*>: Bye Bye [preauth],OpenSSH,Unseen,Received disconnect from <*>: <*>: Bye Bye [preauth],1.2735750675201416
Received disconnect from 187.141.143.180: 11: Bye Bye [preauth],Received disconnect from <*>: <*>: Bye Bye [preauth],OpenSSH,Unseen,Received disconnect from <*>: <*>: Bye Bye [preauth],1.2535440921783447
Received disconnect from 187.141.143.180: 11: Bye Bye [preauth],Received disconnect from <*>: <*>: Bye Bye [preauth],OpenSSH,Unseen,Received disconnect from <*>: <*>: Bye Bye [preauth],1.2467563152313232
Received disconnect from 187.141.143.180: 11: Bye Bye [preauth],Received disconnect from <*>: <*>: Bye Bye [preauth],OpenSSH,Unseen,Received disconnect from <*>: <*>: Bye Bye [preauth],1.2466306686401367
Received disconnect from 187.141.143.180: 11: Bye Bye [preauth],Received disconnect from <*>: <*>: Bye Bye [preauth],OpenSSH,Unseen,Received disconnect from <*>: <*>: Bye Bye [preauth],1.2672498226165771
Received disconnect from 187.141.143.180: 11: Bye Bye [preauth],Received disconnect from <*>: <*>: Bye Bye [preauth],OpenSSH,Unseen,Received disconnect from <*>: <*>: Bye Bye [preauth],1.250453233718872
Received disconnect from 187.141.143.180: 11: Bye Bye [preauth],Received disconnect from <*>: <*>: Bye Bye [preauth],OpenSSH,Unseen,Received disconnect from <*>: <*>: Bye Bye [preauth],1.24094557762146
Received disconnect from 187.141.143.180: 11: Bye Bye [preauth],Received disconnect from <*>: <*>: Bye Bye [preauth],OpenSSH,Unseen,Received disconnect from <*>: <*>: Bye Bye [preauth],1.2496442794799805
Received disconnect from 187.141.143.180: 11: Bye Bye [preauth],Received disconnect from <*>: <*>: Bye Bye [preauth],OpenSSH,Unseen,Received disconnect from <*>: <*>: Bye Bye [preauth],1.2395601272583008
Received disconnect from 187.141.143.180: 11: Bye Bye [preauth],Received disconnect from <*>: <*>: Bye Bye [preauth],OpenSSH,Unseen,Received disconnect from <*>: <*>: Bye Bye [preauth],1.2565548419952393
Received disconnect from 187.141.143.180: 11: Bye Bye [preauth],Received disconnect from <*>: <*>: Bye Bye [preauth],OpenSSH,Unseen,Received disconnect from <*>: <*>: Bye Bye [preauth],1.2560255527496338
Received disconnect from 187.141.143.180: 11: Bye Bye [preauth],Received disconnect from <*>: <*>: Bye Bye [preauth],OpenSSH,Unseen,Received disconnect from <*>: <*>: Bye Bye [preauth],1.236149787902832
Received disconnect from 187.141.143.180: 11: Bye Bye [preauth],Received disconnect from <*>: <*>: Bye Bye [preauth],OpenSSH,Unseen,Received disconnect from <*>: <*>: Bye Bye [preauth],1.2379155158996582
Received disconnect from 187.141.143.180: 11: Bye Bye [preauth],Received disconnect from <*>: <*>: Bye Bye [preauth],OpenSSH,Unseen,Received disconnect from <*>: <*>: Bye Bye [preauth],1.2417113780975342
Received disconnect from 187.141.143.180: 11: Bye Bye [preauth],Received disconnect from <*>: <*>: Bye Bye [preauth],OpenSSH,Unseen,Received disconnect from <*>: <*>: Bye Bye [preauth],1.2404720783233643
Received disconnect from 187.141.143.180: 11: Bye Bye [preauth],Received disconnect from <*>: <*>: Bye Bye [preauth],OpenSSH,Unseen,Received disconnect from <*>: <*>: Bye Bye [preauth],1.2455146312713623
Received disconnect from 187.141.143.180: 11: Bye Bye [preauth],Received disconnect from <*>: <*>: Bye Bye [preauth],OpenSSH,Unseen,Received disconnect from <*>: <*>: Bye Bye [preauth],1.2366657257080078
Received disconnect from 187.141.143.180: 11: Bye Bye [preauth],Received disconnect from <*>: <*>: Bye Bye [preauth],OpenSSH,Unseen,Received disconnect from <*>: <*>: Bye Bye [preauth],1.2549426555633545
Received disconnect from 187.141.143.180: 11: Bye Bye [preauth],Received disconnect from <*>: <*>: Bye Bye [preauth],OpenSSH,Unseen,Received disconnect from <*>: <*>: Bye Bye [preauth],1.2668333053588867
Received disconnect from 187.141.143.180: 11: Bye Bye [preauth],Received disconnect from <*>: <*>: Bye Bye [preauth],OpenSSH,Unseen,Received disconnect from <*>: <*>: Bye Bye [preauth],1.271963357925415
Received disconnect from 187.141.143.180: 11: Bye Bye [preauth],Received disconnect from <*>: <*>: Bye Bye [preauth],OpenSSH,Unseen,Received disconnect from <*>: <*>: Bye Bye [preauth],1.2496514320373535
Received disconnect from 187.141.143.180: 11: Bye Bye [preauth],Received disconnect from <*>: <*>: Bye Bye [preauth],OpenSSH,Unseen,Received disconnect from <*>: <*>: Bye Bye [preauth],1.247176170349121
Received disconnect from 187.141.143.180: 11: Bye Bye [preauth],Received disconnect from <*>: <*>: Bye Bye [preauth],OpenSSH,Unseen,Received disconnect from <*>: <*>: Bye Bye [preauth],1.2381067276000977
Received disconnect from 187.141.143.180: 11: Bye Bye [preauth],Received disconnect from <*>: <*>: Bye Bye [preauth],OpenSSH,Unseen,Received disconnect from <*>: <*>: Bye Bye [preauth],1.2478642463684082
Received disconnect from 187.141.143.180: 11: Bye Bye [preauth],Received disconnect from <*>: <*>: Bye Bye [preauth],OpenSSH,Unseen,Received disconnect from <*>: <*>: Bye Bye [preauth],1.239424228668213
Received disconnect from 187.141.143.180: 11: Bye Bye [preauth],Received disconnect from <*>: <*>: Bye Bye [preauth],OpenSSH,Unseen,Received disconnect from <*>: <*>: Bye Bye [preauth],1.241978406906128
Received disconnect from 187.141.143.180: 11: Bye Bye [preauth],Received disconnect from <*>: <*>: Bye Bye [preauth],OpenSSH,Unseen,Received disconnect from <*>: <*>: Bye Bye [preauth],1.2420833110809326
Received disconnect from 187.141.143.180: 11: Bye Bye [preauth],Received disconnect from <*>: <*>: Bye Bye [preauth],OpenSSH,Unseen,Received disconnect from <*>: <*>: Bye Bye [preauth],1.2573027610778809
Received disconnect from 187.141.143.180: 11: Bye Bye [preauth],Received disconnect from <*>: <*>: Bye Bye [preauth],OpenSSH,Unseen,Received disconnect from <*>: <*>: Bye Bye [preauth],1.2603838443756104
Received disconnect from 187.141.143.180: 11: Bye Bye [preauth],Received disconnect from <*>: <*>: Bye Bye [preauth],OpenSSH,Unseen,Received disconnect from <*>: <*>: Bye Bye [preauth],1.2419590950012207
Received disconnect from 187.141.143.180: 11: Bye Bye [preauth],Received disconnect from <*>: <*>: Bye Bye [preauth],OpenSSH,Unseen,Received disconnect from <*>: <*>: Bye Bye [preauth],1.239417314529419
Received disconnect from 187.141.143.180: 11: Bye Bye [preauth],Received disconnect from <*>: <*>: Bye Bye [preauth],OpenSSH,Unseen,Received disconnect from <*>: <*>: Bye Bye [preauth],1.2463297843933105
Received disconnect from 187.141.143.180: 11: Bye Bye [preauth],Received disconnect from <*>: <*>: Bye Bye [preauth],OpenSSH,Unseen,Received disconnect from <*>: <*>: Bye Bye [preauth],1.2422773838043213
Received disconnect from 187.141.143.180: 11: Bye Bye [preauth],Received disconnect from <*>: <*>: Bye Bye [preauth],OpenSSH,Unseen,Received disconnect from <*>: <*>: Bye Bye [preauth],1.241020679473877
Received disconnect from 187.141.143.180: 11: Bye Bye [preauth],Received disconnect from <*>: <*>: Bye Bye [preauth],OpenSSH,Unseen,Received disconnect from <*>: <*>: Bye Bye [preauth],1.2403545379638672
Received disconnect from 187.141.143.180: 11: Bye Bye [preauth],Received disconnect from <*>: <*>: Bye Bye [preauth],OpenSSH,Unseen,Received disconnect from <*>: <*>: Bye Bye [preauth],1.2361342906951904
Received disconnect from 187.141.143.180: 11: Bye Bye [preauth],Received disconnect from <*>: <*>: Bye Bye [preauth],OpenSSH,Unseen,Received disconnect from <*>: <*>: Bye Bye [preauth],1.2735133171081543
Received disconnect from 187.141.143.180: 11: Bye Bye [preauth],Received disconnect from <*>: <*>: Bye Bye [preauth],OpenSSH,Unseen,Received disconnect from <*>: <*>: Bye Bye [preauth],1.259070873260498
Received disconnect from 187.141.143.180: 11: Bye Bye [preauth],Received disconnect from <*>: <*>: Bye Bye [preauth],OpenSSH,Unseen,Received disconnect from <*>: <*>: Bye Bye [preauth],1.2353956699371338
Received disconnect from 187.141.143.180: 11: Bye Bye [preauth],Received disconnect from <*>: <*>: Bye Bye [preauth],OpenSSH,Unseen,Received disconnect from <*>: <*>: Bye Bye [preauth],1.2469666004180908
Received disconnect from 187.141.143.180: 11: Bye Bye [preauth],Received disconnect from <*>: <*>: Bye Bye [preauth],OpenSSH,Unseen,Received disconnect from <*>: <*>: Bye Bye [preauth],1.2407703399658203
Received disconnect from 104.192.3.34: 11: Bye Bye [preauth],Received disconnect from <*>: <*>: Bye Bye [preauth],OpenSSH,Unseen,Received disconnect from <*>: <*>: Bye Bye [preauth],1.2468249797821045
Connection closed by 104.192.3.34 [preauth],Connection closed by <*> [preauth],OpenSSH,Unseen,Connection closed by <*> [preauth],0.6840250492095947
pam_unix(sshd:session): session opened for user fztu by (uid=0),pam_unix(sshd:session): session opened for user <*> by (uid=<*>),OpenSSH,Unseen,pam_unix(sshd:session): session opened for user <*> by (uid=<*>),1.6827824115753174
Received disconnect from 52.80.34.196: 11: Bye Bye [preauth],Received disconnect from <*>: <*>: Bye Bye [preauth],OpenSSH,Unseen,Received disconnect from <*>: <*>: Bye Bye [preauth],1.258049726486206
Connection closed by 181.214.87.4 [preauth],Connection closed by <*> [preauth],OpenSSH,Unseen,Connection closed by <*> [preauth],0.6858217716217041
Received disconnect from 60.2.12.12: 11: Bye Bye [preauth],Received disconnect from <*>: <*>: Bye Bye [preauth],OpenSSH,Unseen,Received disconnect from <*>: <*>: Bye Bye [preauth],1.2946527004241943
Received disconnect from 60.2.12.12: 11: Bye Bye [preauth],Received disconnect from <*>: <*>: Bye Bye [preauth],OpenSSH,Unseen,Received disconnect from <*>: <*>: Bye Bye [preauth],1.2700073719024658
Received disconnect from 60.2.12.12: 11: Bye Bye [preauth],Received disconnect from <*>: <*>: Bye Bye [preauth],OpenSSH,Unseen,Received disconnect from <*>: <*>: Bye Bye [preauth],1.246577262878418
Received disconnect from 60.2.12.12: 11: Bye Bye [preauth],Received disconnect from <*>: <*>: Bye Bye [preauth],OpenSSH,Unseen,Received disconnect from <*>: <*>: Bye Bye [preauth],1.2485260963439941
Connection closed by 60.2.12.12 [preauth],Connection closed by <*> [preauth],OpenSSH,Unseen,Connection closed by <*> [preauth],0.6884515285491943
Connection closed by 1.237.174.253 [preauth],Connection closed by <*> [preauth],OpenSSH,Unseen,Connection closed by <*> [preauth],0.6810572147369385
Received disconnect from 52.80.34.196: 11: Bye Bye [preauth],Received disconnect from <*>: <*>: Bye Bye [preauth],OpenSSH,Unseen,Received disconnect from <*>: <*>: Bye Bye [preauth],1.242809772491455
Received disconnect from 183.136.162.51: 11: Bye Bye [preauth],Received disconnect from <*>: <*>: Bye Bye [preauth],OpenSSH,Unseen,Received disconnect from <*>: <*>: Bye Bye [preauth],1.2354509830474854
Connection closed by 1.237.174.253 [preauth],Connection closed by <*> [preauth],OpenSSH,Unseen,Connection closed by <*> [preauth],0.6820931434631348
Connection closed by 88.147.143.242 [preauth],Connection closed by <*> [preauth],OpenSSH,Unseen,Connection closed by <*> [preauth],0.6815652847290039
Connection closed by 1.237.174.253 [preauth],Connection closed by <*> [preauth],OpenSSH,Unseen,Connection closed by <*> [preauth],0.6864867210388184
Received disconnect from 183.62.140.253: 11: Bye Bye [preauth],Received disconnect from <*>: <*>: Bye Bye [preauth],OpenSSH,Unseen,Received disconnect from <*>: <*>: Bye Bye [preauth],1.2524583339691162
Received disconnect from 183.62.140.253: 11: Bye Bye [preauth],Received disconnect from <*>: <*>: Bye Bye [preauth],OpenSSH,Unseen,Received disconnect from <*>: <*>: Bye Bye [preauth],1.2595207691192627
Received disconnect from 183.62.140.253: 11: Bye Bye [preauth],Received disconnect from <*>: <*>: Bye Bye [preauth],OpenSSH,Unseen,Received disconnect from <*>: <*>: Bye Bye [preauth],1.2422878742218018
Received disconnect from 183.62.140.253: 11: Bye Bye [preauth],Received disconnect from <*>: <*>: Bye Bye [preauth],OpenSSH,Unseen,Received disconnect from <*>: <*>: Bye Bye [preauth],1.2401502132415771
Received disconnect from 183.62.140.253: 11: Bye Bye [preauth],Received disconnect from <*>: <*>: Bye Bye [preauth],OpenSSH,Unseen,Received disconnect from <*>: <*>: Bye Bye [preauth],1.2423880100250244
Received disconnect from 183.62.140.253: 11: Bye Bye [preauth],Received disconnect from <*>: <*>: Bye Bye [preauth],OpenSSH,Unseen,Received disconnect from <*>: <*>: Bye Bye [preauth],1.2410662174224854
Received disconnect from 183.62.140.253: 11: Bye Bye [preauth],Received disconnect from <*>: <*>: Bye Bye [preauth],OpenSSH,Unseen,Received disconnect from <*>: <*>: Bye Bye [preauth],1.2435157299041748
Received disconnect from 183.62.140.253: 11: Bye Bye [preauth],Received disconnect from <*>: <*>: Bye Bye [preauth],OpenSSH,Unseen,Received disconnect from <*>: <*>: Bye Bye [preauth],1.2431674003601074
Received disconnect from 183.62.140.253: 11: Bye Bye [preauth],Received disconnect from <*>: <*>: Bye Bye [preauth],OpenSSH,Unseen,Received disconnect from <*>: <*>: Bye Bye [preauth],1.252030372619629
Received disconnect from 183.62.140.253: 11: Bye Bye [preauth],Received disconnect from <*>: <*>: Bye Bye [preauth],OpenSSH,Unseen,Received disconnect from <*>: <*>: Bye Bye [preauth],1.2556052207946777
Received disconnect from 183.62.140.253: 11: Bye Bye [preauth],Received disconnect from <*>: <*>: Bye Bye [preauth],OpenSSH,Unseen,Received disconnect from <*>: <*>: Bye Bye [preauth],1.268526315689087
Received disconnect from 183.62.140.253: 11: Bye Bye [preauth],Received disconnect from <*>: <*>: Bye Bye [preauth],OpenSSH,Unseen,Received disconnect from <*>: <*>: Bye Bye [preauth],1.2422945499420166
Received disconnect from 183.62.140.253: 11: Bye Bye [preauth],Received disconnect from <*>: <*>: Bye Bye [preauth],OpenSSH,Unseen,Received disconnect from <*>: <*>: Bye Bye [preauth],1.2424747943878174
Received disconnect from 183.62.140.253: 11: Bye Bye [preauth],Received disconnect from <*>: <*>: Bye Bye [preauth],OpenSSH,Unseen,Received disconnect from <*>: <*>: Bye Bye [preauth],1.259685754776001
Received disconnect from 183.62.140.253: 11: Bye Bye [preauth],Received disconnect from <*>: <*>: Bye Bye [preauth],OpenSSH,Unseen,Received disconnect from <*>: <*>: Bye Bye [preauth],1.27012300491333
Received disconnect from 183.62.140.253: 11: Bye Bye [preauth],Received disconnect from <*>: <*>: Bye Bye [preauth],OpenSSH,Unseen,Received disconnect from <*>: <*>: Bye Bye [preauth],1.2434883117675781
Received disconnect from 183.62.140.253: 11: Bye Bye [preauth],Received disconnect from <*>: <*>: Bye Bye [preauth],OpenSSH,Unseen,Received disconnect from <*>: <*>: Bye Bye [preauth],1.2592265605926514
Received disconnect from 183.62.140.253: 11: Bye Bye [preauth],Received disconnect from <*>: <*>: Bye Bye [preauth],OpenSSH,Unseen,Received disconnect from <*>: <*>: Bye Bye [preauth],1.2505712509155273
Received disconnect from 183.62.140.253: 11: Bye Bye [preauth],Received disconnect from <*>: <*>: Bye Bye [preauth],OpenSSH,Unseen,Received disconnect from <*>: <*>: Bye Bye [preauth],1.2467124462127686
Received disconnect from 183.62.140.253: 11: Bye Bye [preauth],Received disconnect from <*>: <*>: Bye Bye [preauth],OpenSSH,Unseen,Received disconnect from <*>: <*>: Bye Bye [preauth],1.2680482864379883
Received disconnect from 183.62.140.253: 11: Bye Bye [preauth],Received disconnect from <*>: <*>: Bye Bye [preauth],OpenSSH,Unseen,Received disconnect from <*>: <*>: Bye Bye [preauth],1.2556781768798828
Received disconnect from 202.100.179.208: 11: Bye Bye [preauth],Received disconnect from <*>: <*>: Bye Bye [preauth],OpenSSH,Unseen,Received disconnect from <*>: <*>: Bye Bye [preauth],1.240447759628296
Received disconnect from 183.62.140.253: 11: Bye Bye [preauth],Received disconnect from <*>: <*>: Bye Bye [preauth],OpenSSH,Unseen,Received disconnect from <*>: <*>: Bye Bye [preauth],1.246399164199829
Received disconnect from 183.62.140.253: 11: Bye Bye [preauth],Received disconnect from <*>: <*>: Bye Bye [preauth],OpenSSH,Unseen,Received disconnect from <*>: <*>: Bye Bye [preauth],1.2486283779144287
Received disconnect from 183.62.140.253: 11: Bye Bye [preauth],Received disconnect from <*>: <*>: Bye Bye [preauth],OpenSSH,Unseen,Received disconnect from <*>: <*>: Bye Bye [preauth],1.250528335571289
Received disconnect from 183.62.140.253: 11: Bye Bye [preauth],Received disconnect from <*>: <*>: Bye Bye [preauth],OpenSSH,Unseen,Received disconnect from <*>: <*>: Bye Bye [preauth],1.2501230239868164
Received disconnect from 183.62.140.253: 11: Bye Bye [preauth],Received disconnect from <*>: <*>: Bye Bye [preauth],OpenSSH,Unseen,Received disconnect from <*>: <*>: Bye Bye [preauth],1.251279354095459
Received disconnect from 183.62.140.253: 11: Bye Bye [preauth],Received disconnect from <*>: <*>: Bye Bye [preauth],OpenSSH,Unseen,Received disconnect from <*>: <*>: Bye Bye [preauth],1.2439336776733398
Received disconnect from 183.62.140.253: 11: Bye Bye [preauth],Received disconnect from <*>: <*>: Bye Bye [preauth],OpenSSH,Unseen,Received disconnect from <*>: <*>: Bye Bye [preauth],1.2703046798706055
Received disconnect from 183.62.140.253: 11: Bye Bye [preauth],Received disconnect from <*>: <*>: Bye Bye [preauth],OpenSSH,Unseen,Received disconnect from <*>: <*>: Bye Bye [preauth],1.2432963848114014
Received disconnect from 183.62.140.253: 11: Bye Bye [preauth],Received disconnect from <*>: <*>: Bye Bye [preauth],OpenSSH,Unseen,Received disconnect from <*>: <*>: Bye Bye [preauth],1.2470898628234863
Received disconnect from 183.62.140.253: 11: Bye Bye [preauth],Received disconnect from <*>: <*>: Bye Bye [preauth],OpenSSH,Unseen,Received disconnect from <*>: <*>: Bye Bye [preauth],1.252039909362793
Received disconnect from 183.62.140.253: 11: Bye Bye [preauth],Received disconnect from <*>: <*>: Bye Bye [preauth],OpenSSH,Unseen,Received disconnect from <*>: <*>: Bye Bye [preauth],1.2407433986663818
Received disconnect from 183.62.140.253: 11: Bye Bye [preauth],Received disconnect from <*>: <*>: Bye Bye [preauth],OpenSSH,Unseen,Received disconnect from <*>: <*>: Bye Bye [preauth],1.2427856922149658
Received disconnect from 183.62.140.253: 11: Bye Bye [preauth],Received disconnect from <*>: <*>: Bye Bye [preauth],OpenSSH,Unseen,Received disconnect from <*>: <*>: Bye Bye [preauth],1.2391688823699951
Received disconnect from 183.62.140.253: 11: Bye Bye [preauth],Received disconnect from <*>: <*>: Bye Bye [preauth],OpenSSH,Unseen,Received disconnect from <*>: <*>: Bye Bye [preauth],1.2443931102752686
Received disconnect from 183.62.140.253: 11: Bye Bye [preauth],Received disconnect from <*>: <*>: Bye Bye [preauth],OpenSSH,Unseen,Received disconnect from <*>: <*>: Bye Bye [preauth],1.2468559741973877
Received disconnect from 183.62.140.253: 11: Bye Bye [preauth],Received disconnect from <*>: <*>: Bye Bye [preauth],OpenSSH,Unseen,Received disconnect from <*>: <*>: Bye Bye [preauth],1.2748451232910156
Received disconnect from 183.62.140.253: 11: Bye Bye [preauth],Received disconnect from <*>: <*>: Bye Bye [preauth],OpenSSH,Unseen,Received disconnect from <*>: <*>: Bye Bye [preauth],1.2548608779907227
Received disconnect from 183.62.140.253: 11: Bye Bye [preauth],Received disconnect from <*>: <*>: Bye Bye [preauth],OpenSSH,Unseen,Received disconnect from <*>: <*>: Bye Bye [preauth],1.2440826892852783
Received disconnect from 183.62.140.253: 11: Bye Bye [preauth],Received disconnect from <*>: <*>: Bye Bye [preauth],OpenSSH,Unseen,Received disconnect from <*>: <*>: Bye Bye [preauth],1.2883760929107666
Received disconnect from 183.62.140.253: 11: Bye Bye [preauth],Received disconnect from <*>: <*>: Bye Bye [preauth],OpenSSH,Unseen,Received disconnect from <*>: <*>: Bye Bye [preauth],1.260789155960083
Received disconnect from 183.62.140.253: 11: Bye Bye [preauth],Received disconnect from <*>: <*>: Bye Bye [preauth],OpenSSH,Unseen,Received disconnect from <*>: <*>: Bye Bye [preauth],1.2746660709381104
Received disconnect from 183.62.140.253: 11: Bye Bye [preauth],Received disconnect from <*>: <*>: Bye Bye [preauth],OpenSSH,Unseen,Received disconnect from <*>: <*>: Bye Bye [preauth],1.2496552467346191
Received disconnect from 183.62.140.253: 11: Bye Bye [preauth],Received disconnect from <*>: <*>: Bye Bye [preauth],OpenSSH,Unseen,Received disconnect from <*>: <*>: Bye Bye [preauth],1.2449767589569092
Received disconnect from 183.62.140.253: 11: Bye Bye [preauth],Received disconnect from <*>: <*>: Bye Bye [preauth],OpenSSH,Unseen,Received disconnect from <*>: <*>: Bye Bye [preauth],1.2354226112365723
Received disconnect from 183.62.140.253: 11: Bye Bye [preauth],Received disconnect from <*>: <*>: Bye Bye [preauth],OpenSSH,Unseen,Received disconnect from <*>: <*>: Bye Bye [preauth],1.2867436408996582
Received disconnect from 183.62.140.253: 11: Bye Bye [preauth],Received disconnect from <*>: <*>: Bye Bye [preauth],OpenSSH,Unseen,Received disconnect from <*>: <*>: Bye Bye [preauth],1.2632393836975098
Received disconnect from 183.62.140.253: 11: Bye Bye [preauth],Received disconnect from <*>: <*>: Bye Bye [preauth],OpenSSH,Unseen,Received disconnect from <*>: <*>: Bye Bye [preauth],1.2459502220153809
Received disconnect from 183.62.140.253: 11: Bye Bye [preauth],Received disconnect from <*>: <*>: Bye Bye [preauth],OpenSSH,Unseen,Received disconnect from <*>: <*>: Bye Bye [preauth],1.2490465641021729
Received disconnect from 183.62.140.253: 11: Bye Bye [preauth],Received disconnect from <*>: <*>: Bye Bye [preauth],OpenSSH,Unseen,Received disconnect from <*>: <*>: Bye Bye [preauth],1.243879795074463
Received disconnect from 183.62.140.253: 11: Bye Bye [preauth],Received disconnect from <*>: <*>: Bye Bye [preauth],OpenSSH,Unseen,Received disconnect from <*>: <*>: Bye Bye [preauth],1.241278886795044
Received disconnect from 183.62.140.253: 11: Bye Bye [preauth],Received disconnect from <*>: <*>: Bye Bye [preauth],OpenSSH,Unseen,Received disconnect from <*>: <*>: Bye Bye [preauth],1.2522916793823242
Received disconnect from 183.62.140.253: 11: Bye Bye [preauth],Received disconnect from <*>: <*>: Bye Bye [preauth],OpenSSH,Unseen,Received disconnect from <*>: <*>: Bye Bye [preauth],1.2500817775726318
Received disconnect from 183.62.140.253: 11: Bye Bye [preauth],Received disconnect from <*>: <*>: Bye Bye [preauth],OpenSSH,Unseen,Received disconnect from <*>: <*>: Bye Bye [preauth],1.2554280757904053
Received disconnect from 183.62.140.253: 11: Bye Bye [preauth],Received disconnect from <*>: <*>: Bye Bye [preauth],OpenSSH,Unseen,Received disconnect from <*>: <*>: Bye Bye [preauth],1.2675588130950928
Received disconnect from 183.62.140.253: 11: Bye Bye [preauth],Received disconnect from <*>: <*>: Bye Bye [preauth],OpenSSH,Unseen,Received disconnect from <*>: <*>: Bye Bye [preauth],1.2684953212738037
Received disconnect from 183.62.140.253: 11: Bye Bye [preauth],Received disconnect from <*>: <*>: Bye Bye [preauth],OpenSSH,Unseen,Received disconnect from <*>: <*>: Bye Bye [preauth],1.2560410499572754
Received disconnect from 183.62.140.253: 11: Bye Bye [preauth],Received disconnect from <*>: <*>: Bye Bye [preauth],OpenSSH,Unseen,Received disconnect from <*>: <*>: Bye Bye [preauth],1.2483971118927002
Received disconnect from 183.62.140.253: 11: Bye Bye [preauth],Received disconnect from <*>: <*>: Bye Bye [preauth],OpenSSH,Unseen,Received disconnect from <*>: <*>: Bye Bye [preauth],1.2505214214324951
Received disconnect from 183.62.140.253: 11: Bye Bye [preauth],Received disconnect from <*>: <*>: Bye Bye [preauth],OpenSSH,Unseen,Received disconnect from <*>: <*>: Bye Bye [preauth],1.253443956375122
Received disconnect from 183.62.140.253: 11: Bye Bye [preauth],Received disconnect from <*>: <*>: Bye Bye [preauth],OpenSSH,Unseen,Received disconnect from <*>: <*>: Bye Bye [preauth],1.2646114826202393
Received disconnect from 183.62.140.253: 11: Bye Bye [preauth],Received disconnect from <*>: <*>: Bye Bye [preauth],OpenSSH,Unseen,Received disconnect from <*>: <*>: Bye Bye [preauth],1.2583260536193848
Received disconnect from 183.62.140.253: 11: Bye Bye [preauth],Received disconnect from <*>: <*>: Bye Bye [preauth],OpenSSH,Unseen,Received disconnect from <*>: <*>: Bye Bye [preauth],1.2548139095306396
Received disconnect from 183.62.140.253: 11: Bye Bye [preauth],Received disconnect from <*>: <*>: Bye Bye [preauth],OpenSSH,Unseen,Received disconnect from <*>: <*>: Bye Bye [preauth],1.2701952457427979
Received disconnect from 183.62.140.253: 11: Bye Bye [preauth],Received disconnect from <*>: <*>: Bye Bye [preauth],OpenSSH,Unseen,Received disconnect from <*>: <*>: Bye Bye [preauth],1.280848503112793
Received disconnect from 183.62.140.253: 11: Bye Bye [preauth],Received disconnect from <*>: <*>: Bye Bye [preauth],OpenSSH,Unseen,Received disconnect from <*>: <*>: Bye Bye [preauth],1.2636134624481201
Received disconnect from 183.62.140.253: 11: Bye Bye [preauth],Received disconnect from <*>: <*>: Bye Bye [preauth],OpenSSH,Unseen,Received disconnect from <*>: <*>: Bye Bye [preauth],1.2581980228424072
Received disconnect from 183.62.140.253: 11: Bye Bye [preauth],Received disconnect from <*>: <*>: Bye Bye [preauth],OpenSSH,Unseen,Received disconnect from <*>: <*>: Bye Bye [preauth],1.2552366256713867
Received disconnect from 183.62.140.253: 11: Bye Bye [preauth],Received disconnect from <*>: <*>: Bye Bye [preauth],OpenSSH,Unseen,Received disconnect from <*>: <*>: Bye Bye [preauth],1.2429749965667725
Received disconnect from 183.62.140.253: 11: Bye Bye [preauth],Received disconnect from <*>: <*>: Bye Bye [preauth],OpenSSH,Unseen,Received disconnect from <*>: <*>: Bye Bye [preauth],1.2507879734039307
Received disconnect from 183.62.140.253: 11: Bye Bye [preauth],Received disconnect from <*>: <*>: Bye Bye [preauth],OpenSSH,Unseen,Received disconnect from <*>: <*>: Bye Bye [preauth],1.246058702468872
Received disconnect from 183.62.140.253: 11: Bye Bye [preauth],Received disconnect from <*>: <*>: Bye Bye [preauth],OpenSSH,Unseen,Received disconnect from <*>: <*>: Bye Bye [preauth],1.250213861465454
Received disconnect from 183.62.140.253: 11: Bye Bye [preauth],Received disconnect from <*>: <*>: Bye Bye [preauth],OpenSSH,Unseen,Received disconnect from <*>: <*>: Bye Bye [preauth],1.264906644821167
Received disconnect from 183.62.140.253: 11: Bye Bye [preauth],Received disconnect from <*>: <*>: Bye Bye [preauth],OpenSSH,Unseen,Received disconnect from <*>: <*>: Bye Bye [preauth],1.2682466506958008
Received disconnect from 183.62.140.253: 11: Bye Bye [preauth],Received disconnect from <*>: <*>: Bye Bye [preauth],OpenSSH,Unseen,Received disconnect from <*>: <*>: Bye Bye [preauth],1.2436494827270508
Received disconnect from 183.62.140.253: 11: Bye Bye [preauth],Received disconnect from <*>: <*>: Bye Bye [preauth],OpenSSH,Unseen,Received disconnect from <*>: <*>: Bye Bye [preauth],1.2433173656463623
Received disconnect from 183.62.140.253: 11: Bye Bye [preauth],Received disconnect from <*>: <*>: Bye Bye [preauth],OpenSSH,Unseen,Received disconnect from <*>: <*>: Bye Bye [preauth],1.2436537742614746
Received disconnect from 183.62.140.253: 11: Bye Bye [preauth],Received disconnect from <*>: <*>: Bye Bye [preauth],OpenSSH,Unseen,Received disconnect from <*>: <*>: Bye Bye [preauth],1.2412638664245605
Received disconnect from 183.62.140.253: 11: Bye Bye [preauth],Received disconnect from <*>: <*>: Bye Bye [preauth],OpenSSH,Unseen,Received disconnect from <*>: <*>: Bye Bye [preauth],1.245199203491211
Received disconnect from 183.62.140.253: 11: Bye Bye [preauth],Received disconnect from <*>: <*>: Bye Bye [preauth],OpenSSH,Unseen,Received disconnect from <*>: <*>: Bye Bye [preauth],1.2388005256652832
Received disconnect from 183.62.140.253: 11: Bye Bye [preauth],Received disconnect from <*>: <*>: Bye Bye [preauth],OpenSSH,Unseen,Received disconnect from <*>: <*>: Bye Bye [preauth],1.2463176250457764
Received disconnect from 183.62.140.253: 11: Bye Bye [preauth],Received disconnect from <*>: <*>: Bye Bye [preauth],OpenSSH,Unseen,Received disconnect from <*>: <*>: Bye Bye [preauth],1.2626042366027832
Received disconnect from 183.62.140.253: 11: Bye Bye [preauth],Received disconnect from <*>: <*>: Bye Bye [preauth],OpenSSH,Unseen,Received disconnect from <*>: <*>: Bye Bye [preauth],1.3026833534240723
Received disconnect from 183.62.140.253: 11: Bye Bye [preauth],Received disconnect from <*>: <*>: Bye Bye [preauth],OpenSSH,Unseen,Received disconnect from <*>: <*>: Bye Bye [preauth],1.2526750564575195
Received disconnect from 183.62.140.253: 11: Bye Bye [preauth],Received disconnect from <*>: <*>: Bye Bye [preauth],OpenSSH,Unseen,Received disconnect from <*>: <*>: Bye Bye [preauth],1.2564995288848877
Received disconnect from 183.62.140.253: 11: Bye Bye [preauth],Received disconnect from <*>: <*>: Bye Bye [preauth],OpenSSH,Unseen,Received disconnect from <*>: <*>: Bye Bye [preauth],1.239713191986084
Received disconnect from 183.62.140.253: 11: Bye Bye [preauth],Received disconnect from <*>: <*>: Bye Bye [preauth],OpenSSH,Unseen,Received disconnect from <*>: <*>: Bye Bye [preauth],1.2459335327148438
Received disconnect from 183.62.140.253: 11: Bye Bye [preauth],Received disconnect from <*>: <*>: Bye Bye [preauth],OpenSSH,Unseen,Received disconnect from <*>: <*>: Bye Bye [preauth],1.238271713256836
Received disconnect from 183.62.140.253: 11: Bye Bye [preauth],Received disconnect from <*>: <*>: Bye Bye [preauth],OpenSSH,Unseen,Received disconnect from <*>: <*>: Bye Bye [preauth],1.261564016342163
Received disconnect from 183.62.140.253: 11: Bye Bye [preauth],Received disconnect from <*>: <*>: Bye Bye [preauth],OpenSSH,Unseen,Received disconnect from <*>: <*>: Bye Bye [preauth],1.2525339126586914
Received disconnect from 183.62.140.253: 11: Bye Bye [preauth],Received disconnect from <*>: <*>: Bye Bye [preauth],OpenSSH,Unseen,Received disconnect from <*>: <*>: Bye Bye [preauth],1.2578632831573486
Received disconnect from 183.62.140.253: 11: Bye Bye [preauth],Received disconnect from <*>: <*>: Bye Bye [preauth],OpenSSH,Unseen,Received disconnect from <*>: <*>: Bye Bye [preauth],1.2757225036621094
Received disconnect from 183.62.140.253: 11: Bye Bye [preauth],Received disconnect from <*>: <*>: Bye Bye [preauth],OpenSSH,Unseen,Received disconnect from <*>: <*>: Bye Bye [preauth],1.248863935470581
Received disconnect from 183.62.140.253: 11: Bye Bye [preauth],Received disconnect from <*>: <*>: Bye Bye [preauth],OpenSSH,Unseen,Received disconnect from <*>: <*>: Bye Bye [preauth],1.2618355751037598
Received disconnect from 183.62.140.253: 11: Bye Bye [preauth],Received disconnect from <*>: <*>: Bye Bye [preauth],OpenSSH,Unseen,Received disconnect from <*>: <*>: Bye Bye [preauth],1.2441298961639404
Received disconnect from 183.62.140.253: 11: Bye Bye [preauth],Received disconnect from <*>: <*>: Bye Bye [preauth],OpenSSH,Unseen,Received disconnect from <*>: <*>: Bye Bye [preauth],1.2473244667053223
Received disconnect from 183.62.140.253: 11: Bye Bye [preauth],Received disconnect from <*>: <*>: Bye Bye [preauth],OpenSSH,Unseen,Received disconnect from <*>: <*>: Bye Bye [preauth],1.2564024925231934
Received disconnect from 183.62.140.253: 11: Bye Bye [preauth],Received disconnect from <*>: <*>: Bye Bye [preauth],OpenSSH,Unseen,Received disconnect from <*>: <*>: Bye Bye [preauth],1.2501888275146484
Received disconnect from 183.62.140.253: 11: Bye Bye [preauth],Received disconnect from <*>: <*>: Bye Bye [preauth],OpenSSH,Unseen,Received disconnect from <*>: <*>: Bye Bye [preauth],1.2431755065917969
Received disconnect from 183.62.140.253: 11: Bye Bye [preauth],Received disconnect from <*>: <*>: Bye Bye [preauth],OpenSSH,Unseen,Received disconnect from <*>: <*>: Bye Bye [preauth],1.2653839588165283
Received disconnect from 183.62.140.253: 11: Bye Bye [preauth],Received disconnect from <*>: <*>: Bye Bye [preauth],OpenSSH,Unseen,Received disconnect from <*>: <*>: Bye Bye [preauth],1.273874044418335
Received disconnect from 183.62.140.253: 11: Bye Bye [preauth],Received disconnect from <*>: <*>: Bye Bye [preauth],OpenSSH,Unseen,Received disconnect from <*>: <*>: Bye Bye [preauth],1.2474746704101562
Received disconnect from 183.62.140.253: 11: Bye Bye [preauth],Received disconnect from <*>: <*>: Bye Bye [preauth],OpenSSH,Unseen,Received disconnect from <*>: <*>: Bye Bye [preauth],1.2532167434692383
Received disconnect from 183.62.140.253: 11: Bye Bye [preauth],Received disconnect from <*>: <*>: Bye Bye [preauth],OpenSSH,Unseen,Received disconnect from <*>: <*>: Bye Bye [preauth],1.2452781200408936
Received disconnect from 183.62.140.253: 11: Bye Bye [preauth],Received disconnect from <*>: <*>: Bye Bye [preauth],OpenSSH,Unseen,Received disconnect from <*>: <*>: Bye Bye [preauth],1.2454814910888672
Received disconnect from 183.62.140.253: 11: Bye Bye [preauth],Received disconnect from <*>: <*>: Bye Bye [preauth],OpenSSH,Unseen,Received disconnect from <*>: <*>: Bye Bye [preauth],1.2489609718322754
Received disconnect from 183.62.140.253: 11: Bye Bye [preauth],Received disconnect from <*>: <*>: Bye Bye [preauth],OpenSSH,Unseen,Received disconnect from <*>: <*>: Bye Bye [preauth],1.2412216663360596
Received disconnect from 183.62.140.253: 11: Bye Bye [preauth],Received disconnect from <*>: <*>: Bye Bye [preauth],OpenSSH,Unseen,Received disconnect from <*>: <*>: Bye Bye [preauth],1.2503149509429932
Received disconnect from 183.62.140.253: 11: Bye Bye [preauth],Received disconnect from <*>: <*>: Bye Bye [preauth],OpenSSH,Unseen,Received disconnect from <*>: <*>: Bye Bye [preauth],1.2682783603668213
Received disconnect from 183.62.140.253: 11: Bye Bye [preauth],Received disconnect from <*>: <*>: Bye Bye [preauth],OpenSSH,Unseen,Received disconnect from <*>: <*>: Bye Bye [preauth],1.2753055095672607
Received disconnect from 183.62.140.253: 11: Bye Bye [preauth],Received disconnect from <*>: <*>: Bye Bye [preauth],OpenSSH,Unseen,Received disconnect from <*>: <*>: Bye Bye [preauth],1.2453093528747559
Received disconnect from 183.62.140.253: 11: Bye Bye [preauth],Received disconnect from <*>: <*>: Bye Bye [preauth],OpenSSH,Unseen,Received disconnect from <*>: <*>: Bye Bye [preauth],1.2471635341644287
Received disconnect from 183.62.140.253: 11: Bye Bye [preauth],Received disconnect from <*>: <*>: Bye Bye [preauth],OpenSSH,Unseen,Received disconnect from <*>: <*>: Bye Bye [preauth],1.2476179599761963
Received disconnect from 183.62.140.253: 11: Bye Bye [preauth],Received disconnect from <*>: <*>: Bye Bye [preauth],OpenSSH,Unseen,Received disconnect from <*>: <*>: Bye Bye [preauth],1.2433826923370361
Received disconnect from 183.62.140.253: 11: Bye Bye [preauth],Received disconnect from <*>: <*>: Bye Bye [preauth],OpenSSH,Unseen,Received disconnect from <*>: <*>: Bye Bye [preauth],1.245281457901001
Received disconnect from 183.62.140.253: 11: Bye Bye [preauth],Received disconnect from <*>: <*>: Bye Bye [preauth],OpenSSH,Unseen,Received disconnect from <*>: <*>: Bye Bye [preauth],1.2507598400115967
Received disconnect from 183.62.140.253: 11: Bye Bye [preauth],Received disconnect from <*>: <*>: Bye Bye [preauth],OpenSSH,Unseen,Received disconnect from <*>: <*>: Bye Bye [preauth],1.2478587627410889
Received disconnect from 183.62.140.253: 11: Bye Bye [preauth],Received disconnect from <*>: <*>: Bye Bye [preauth],OpenSSH,Unseen,Received disconnect from <*>: <*>: Bye Bye [preauth],1.2504558563232422
Received disconnect from 183.62.140.253: 11: Bye Bye [preauth],Received disconnect from <*>: <*>: Bye Bye [preauth],OpenSSH,Unseen,Received disconnect from <*>: <*>: Bye Bye [preauth],1.2738523483276367
Received disconnect from 183.62.140.253: 11: Bye Bye [preauth],Received disconnect from <*>: <*>: Bye Bye [preauth],OpenSSH,Unseen,Received disconnect from <*>: <*>: Bye Bye [preauth],1.2585489749908447
Received disconnect from 183.62.140.253: 11: Bye Bye [preauth],Received disconnect from <*>: <*>: Bye Bye [preauth],OpenSSH,Unseen,Received disconnect from <*>: <*>: Bye Bye [preauth],1.2534873485565186
Received disconnect from 183.62.140.253: 11: Bye Bye [preauth],Received disconnect from <*>: <*>: Bye Bye [preauth],OpenSSH,Unseen,Received disconnect from <*>: <*>: Bye Bye [preauth],1.2534735202789307
Received disconnect from 183.62.140.253: 11: Bye Bye [preauth],Received disconnect from <*>: <*>: Bye Bye [preauth],OpenSSH,Unseen,Received disconnect from <*>: <*>: Bye Bye [preauth],1.2465507984161377
Received disconnect from 183.62.140.253: 11: Bye Bye [preauth],Received disconnect from <*>: <*>: Bye Bye [preauth],OpenSSH,Unseen,Received disconnect from <*>: <*>: Bye Bye [preauth],1.2468905448913574
Received disconnect from 183.62.140.253: 11: Bye Bye [preauth],Received disconnect from <*>: <*>: Bye Bye [preauth],OpenSSH,Unseen,Received disconnect from <*>: <*>: Bye Bye [preauth],1.2381093502044678
Received disconnect from 183.62.140.253: 11: Bye Bye [preauth],Received disconnect from <*>: <*>: Bye Bye [preauth],OpenSSH,Unseen,Received disconnect from <*>: <*>: Bye Bye [preauth],1.2402620315551758
Received disconnect from 183.62.140.253: 11: Bye Bye [preauth],Received disconnect from <*>: <*>: Bye Bye [preauth],OpenSSH,Unseen,Received disconnect from <*>: <*>: Bye Bye [preauth],1.2421841621398926
Received disconnect from 183.62.140.253: 11: Bye Bye [preauth],Received disconnect from <*>: <*>: Bye Bye [preauth],OpenSSH,Unseen,Received disconnect from <*>: <*>: Bye Bye [preauth],1.267397165298462
Received disconnect from 183.62.140.253: 11: Bye Bye [preauth],Received disconnect from <*>: <*>: Bye Bye [preauth],OpenSSH,Unseen,Received disconnect from <*>: <*>: Bye Bye [preauth],1.2739152908325195
Received disconnect from 183.62.140.253: 11: Bye Bye [preauth],Received disconnect from <*>: <*>: Bye Bye [preauth],OpenSSH,Unseen,Received disconnect from <*>: <*>: Bye Bye [preauth],1.2620604038238525
Received disconnect from 183.62.140.253: 11: Bye Bye [preauth],Received disconnect from <*>: <*>: Bye Bye [preauth],OpenSSH,Unseen,Received disconnect from <*>: <*>: Bye Bye [preauth],1.2699456214904785
Received disconnect from 183.62.140.253: 11: Bye Bye [preauth],Received disconnect from <*>: <*>: Bye Bye [preauth],OpenSSH,Unseen,Received disconnect from <*>: <*>: Bye Bye [preauth],1.264085054397583
Received disconnect from 183.62.140.253: 11: Bye Bye [preauth],Received disconnect from <*>: <*>: Bye Bye [preauth],OpenSSH,Unseen,Received disconnect from <*>: <*>: Bye Bye [preauth],1.278087854385376
Received disconnect from 183.62.140.253: 11: Bye Bye [preauth],Received disconnect from <*>: <*>: Bye Bye [preauth],OpenSSH,Unseen,Received disconnect from <*>: <*>: Bye Bye [preauth],1.2564802169799805
Received disconnect from 183.62.140.253: 11: Bye Bye [preauth],Received disconnect from <*>: <*>: Bye Bye [preauth],OpenSSH,Unseen,Received disconnect from <*>: <*>: Bye Bye [preauth],1.2656304836273193
Received disconnect from 183.62.140.253: 11: Bye Bye [preauth],Received disconnect from <*>: <*>: Bye Bye [preauth],OpenSSH,Unseen,Received disconnect from <*>: <*>: Bye Bye [preauth],1.2645668983459473
Received disconnect from 183.62.140.253: 11: Bye Bye [preauth],Received disconnect from <*>: <*>: Bye Bye [preauth],OpenSSH,Unseen,Received disconnect from <*>: <*>: Bye Bye [preauth],1.2950160503387451
Received disconnect from 183.62.140.253: 11: Bye Bye [preauth],Received disconnect from <*>: <*>: Bye Bye [preauth],OpenSSH,Unseen,Received disconnect from <*>: <*>: Bye Bye [preauth],1.2678122520446777
Received disconnect from 183.62.140.253: 11: Bye Bye [preauth],Received disconnect from <*>: <*>: Bye Bye [preauth],OpenSSH,Unseen,Received disconnect from <*>: <*>: Bye Bye [preauth],1.2634267807006836
Received disconnect from 183.62.140.253: 11: Bye Bye [preauth],Received disconnect from <*>: <*>: Bye Bye [preauth],OpenSSH,Unseen,Received disconnect from <*>: <*>: Bye Bye [preauth],1.2614798545837402
Received disconnect from 183.62.140.253: 11: Bye Bye [preauth],Received disconnect from <*>: <*>: Bye Bye [preauth],OpenSSH,Unseen,Received disconnect from <*>: <*>: Bye Bye [preauth],1.2730472087860107
Received disconnect from 183.62.140.253: 11: Bye Bye [preauth],Received disconnect from <*>: <*>: Bye Bye [preauth],OpenSSH,Unseen,Received disconnect from <*>: <*>: Bye Bye [preauth],1.2519149780273438
Received disconnect from 183.62.140.253: 11: Bye Bye [preauth],Received disconnect from <*>: <*>: Bye Bye [preauth],OpenSSH,Unseen,Received disconnect from <*>: <*>: Bye Bye [preauth],1.2597713470458984
Received disconnect from 183.62.140.253: 11: Bye Bye [preauth],Received disconnect from <*>: <*>: Bye Bye [preauth],OpenSSH,Unseen,Received disconnect from <*>: <*>: Bye Bye [preauth],1.2671539783477783
Received disconnect from 183.62.140.253: 11: Bye Bye [preauth],Received disconnect from <*>: <*>: Bye Bye [preauth],OpenSSH,Unseen,Received disconnect from <*>: <*>: Bye Bye [preauth],1.2784667015075684
Received disconnect from 183.62.140.253: 11: Bye Bye [preauth],Received disconnect from <*>: <*>: Bye Bye [preauth],OpenSSH,Unseen,Received disconnect from <*>: <*>: Bye Bye [preauth],1.3099937438964844
Received disconnect from 183.62.140.253: 11: Bye Bye [preauth],Received disconnect from <*>: <*>: Bye Bye [preauth],OpenSSH,Unseen,Received disconnect from <*>: <*>: Bye Bye [preauth],1.2519409656524658
Received disconnect from 183.62.140.253: 11: Bye Bye [preauth],Received disconnect from <*>: <*>: Bye Bye [preauth],OpenSSH,Unseen,Received disconnect from <*>: <*>: Bye Bye [preauth],1.243490219116211
Received disconnect from 183.62.140.253: 11: Bye Bye [preauth],Received disconnect from <*>: <*>: Bye Bye [preauth],OpenSSH,Unseen,Received disconnect from <*>: <*>: Bye Bye [preauth],1.2448148727416992
Received disconnect from 183.62.140.253: 11: Bye Bye [preauth],Received disconnect from <*>: <*>: Bye Bye [preauth],OpenSSH,Unseen,Received disconnect from <*>: <*>: Bye Bye [preauth],1.2400448322296143
Received disconnect from 183.62.140.253: 11: Bye Bye [preauth],Received disconnect from <*>: <*>: Bye Bye [preauth],OpenSSH,Unseen,Received disconnect from <*>: <*>: Bye Bye [preauth],1.240598440170288
Received disconnect from 183.62.140.253: 11: Bye Bye [preauth],Received disconnect from <*>: <*>: Bye Bye [preauth],OpenSSH,Unseen,Received disconnect from <*>: <*>: Bye Bye [preauth],1.2383396625518799
Received disconnect from 183.62.140.253: 11: Bye Bye [preauth],Received disconnect from <*>: <*>: Bye Bye [preauth],OpenSSH,Unseen,Received disconnect from <*>: <*>: Bye Bye [preauth],1.235950231552124
Received disconnect from 183.62.140.253: 11: Bye Bye [preauth],Received disconnect from <*>: <*>: Bye Bye [preauth],OpenSSH,Unseen,Received disconnect from <*>: <*>: Bye Bye [preauth],1.2436778545379639
Received disconnect from 183.62.140.253: 11: Bye Bye [preauth],Received disconnect from <*>: <*>: Bye Bye [preauth],OpenSSH,Unseen,Received disconnect from <*>: <*>: Bye Bye [preauth],1.2541210651397705
Received disconnect from 183.62.140.253: 11: Bye Bye [preauth],Received disconnect from <*>: <*>: Bye Bye [preauth],OpenSSH,Unseen,Received disconnect from <*>: <*>: Bye Bye [preauth],1.2564842700958252
Received disconnect from 183.62.140.253: 11: Bye Bye [preauth],Received disconnect from <*>: <*>: Bye Bye [preauth],OpenSSH,Unseen,Received disconnect from <*>: <*>: Bye Bye [preauth],1.241633415222168
Received disconnect from 183.62.140.253: 11: Bye Bye [preauth],Received disconnect from <*>: <*>: Bye Bye [preauth],OpenSSH,Unseen,Received disconnect from <*>: <*>: Bye Bye [preauth],1.2264747619628906
Received disconnect from 183.62.140.253: 11: Bye Bye [preauth],Received disconnect from <*>: <*>: Bye Bye [preauth],OpenSSH,Unseen,Received disconnect from <*>: <*>: Bye Bye [preauth],1.2234067916870117
Received disconnect from 183.62.140.253: 11: Bye Bye [preauth],Received disconnect from <*>: <*>: Bye Bye [preauth],OpenSSH,Unseen,Received disconnect from <*>: <*>: Bye Bye [preauth],1.222031831741333
Received disconnect from 183.62.140.253: 11: Bye Bye [preauth],Received disconnect from <*>: <*>: Bye Bye [preauth],OpenSSH,Unseen,Received disconnect from <*>: <*>: Bye Bye [preauth],1.2276010513305664
Received disconnect from 183.62.140.253: 11: Bye Bye [preauth],Received disconnect from <*>: <*>: Bye Bye [preauth],OpenSSH,Unseen,Received disconnect from <*>: <*>: Bye Bye [preauth],1.2255463600158691
Received disconnect from 183.62.140.253: 11: Bye Bye [preauth],Received disconnect from <*>: <*>: Bye Bye [preauth],OpenSSH,Unseen,Received disconnect from <*>: <*>: Bye Bye [preauth],1.2241857051849365
Received disconnect from 183.62.140.253: 11: Bye Bye [preauth],Received disconnect from <*>: <*>: Bye Bye [preauth],OpenSSH,Unseen,Received disconnect from <*>: <*>: Bye Bye [preauth],1.2383708953857422
Received disconnect from 183.62.140.253: 11: Bye Bye [preauth],Received disconnect from <*>: <*>: Bye Bye [preauth],OpenSSH,Unseen,Received disconnect from <*>: <*>: Bye Bye [preauth],1.2412755489349365
Received disconnect from 183.62.140.253: 11: Bye Bye [preauth],Received disconnect from <*>: <*>: Bye Bye [preauth],OpenSSH,Unseen,Received disconnect from <*>: <*>: Bye Bye [preauth],1.2333495616912842
Received disconnect from 183.62.140.253: 11: Bye Bye [preauth],Received disconnect from <*>: <*>: Bye Bye [preauth],OpenSSH,Unseen,Received disconnect from <*>: <*>: Bye Bye [preauth],1.2341887950897217
Received disconnect from 183.62.140.253: 11: Bye Bye [preauth],Received disconnect from <*>: <*>: Bye Bye [preauth],OpenSSH,Unseen,Received disconnect from <*>: <*>: Bye Bye [preauth],1.231107234954834
Received disconnect from 183.62.140.253: 11: Bye Bye [preauth],Received disconnect from <*>: <*>: Bye Bye [preauth],OpenSSH,Unseen,Received disconnect from <*>: <*>: Bye Bye [preauth],1.230276107788086
Received disconnect from 183.62.140.253: 11: Bye Bye [preauth],Received disconnect from <*>: <*>: Bye Bye [preauth],OpenSSH,Unseen,Received disconnect from <*>: <*>: Bye Bye [preauth],1.230973482131958
Received disconnect from 183.62.140.253: 11: Bye Bye [preauth],Received disconnect from <*>: <*>: Bye Bye [preauth],OpenSSH,Unseen,Received disconnect from <*>: <*>: Bye Bye [preauth],1.2482473850250244
Received disconnect from 183.62.140.253: 11: Bye Bye [preauth],Received disconnect from <*>: <*>: Bye Bye [preauth],OpenSSH,Unseen,Received disconnect from <*>: <*>: Bye Bye [preauth],1.2753069400787354
Received disconnect from 183.62.140.253: 11: Bye Bye [preauth],Received disconnect from <*>: <*>: Bye Bye [preauth],OpenSSH,Unseen,Received disconnect from <*>: <*>: Bye Bye [preauth],1.2718548774719238
Received disconnect from 183.62.140.253: 11: Bye Bye [preauth],Received disconnect from <*>: <*>: Bye Bye [preauth],OpenSSH,Unseen,Received disconnect from <*>: <*>: Bye Bye [preauth],1.256838083267212
Received disconnect from 183.62.140.253: 11: Bye Bye [preauth],Received disconnect from <*>: <*>: Bye Bye [preauth],OpenSSH,Unseen,Received disconnect from <*>: <*>: Bye Bye [preauth],1.249016284942627
Received disconnect from 183.62.140.253: 11: Bye Bye [preauth],Received disconnect from <*>: <*>: Bye Bye [preauth],OpenSSH,Unseen,Received disconnect from <*>: <*>: Bye Bye [preauth],1.2381260395050049
Received disconnect from 183.62.140.253: 11: Bye Bye [preauth],Received disconnect from <*>: <*>: Bye Bye [preauth],OpenSSH,Unseen,Received disconnect from <*>: <*>: Bye Bye [preauth],1.2476301193237305
Received disconnect from 183.62.140.253: 11: Bye Bye [preauth],Received disconnect from <*>: <*>: Bye Bye [preauth],OpenSSH,Unseen,Received disconnect from <*>: <*>: Bye Bye [preauth],1.2471067905426025
Received disconnect from 183.62.140.253: 11: Bye Bye [preauth],Received disconnect from <*>: <*>: Bye Bye [preauth],OpenSSH,Unseen,Received disconnect from <*>: <*>: Bye Bye [preauth],1.2467243671417236
Received disconnect from 183.62.140.253: 11: Bye Bye [preauth],Received disconnect from <*>: <*>: Bye Bye [preauth],OpenSSH,Unseen,Received disconnect from <*>: <*>: Bye Bye [preauth],1.2458508014678955
Received disconnect from 183.62.140.253: 11: Bye Bye [preauth],Received disconnect from <*>: <*>: Bye Bye [preauth],OpenSSH,Unseen,Received disconnect from <*>: <*>: Bye Bye [preauth],1.2509286403656006
Received disconnect from 183.62.140.253: 11: Bye Bye [preauth],Received disconnect from <*>: <*>: Bye Bye [preauth],OpenSSH,Unseen,Received disconnect from <*>: <*>: Bye Bye [preauth],1.2463459968566895
Received disconnect from 183.62.140.253: 11: Bye Bye [preauth],Received disconnect from <*>: <*>: Bye Bye [preauth],OpenSSH,Unseen,Received disconnect from <*>: <*>: Bye Bye [preauth],1.2604632377624512
Received disconnect from 183.62.140.253: 11: Bye Bye [preauth],Received disconnect from <*>: <*>: Bye Bye [preauth],OpenSSH,Unseen,Received disconnect from <*>: <*>: Bye Bye [preauth],1.2437872886657715
Received disconnect from 183.62.140.253: 11: Bye Bye [preauth],Received disconnect from <*>: <*>: Bye Bye [preauth],OpenSSH,Unseen,Received disconnect from <*>: <*>: Bye Bye [preauth],1.2426223754882812
Received disconnect from 183.62.140.253: 11: Bye Bye [preauth],Received disconnect from <*>: <*>: Bye Bye [preauth],OpenSSH,Unseen,Received disconnect from <*>: <*>: Bye Bye [preauth],1.2519915103912354
Received disconnect from 183.62.140.253: 11: Bye Bye [preauth],Received disconnect from <*>: <*>: Bye Bye [preauth],OpenSSH,Unseen,Received disconnect from <*>: <*>: Bye Bye [preauth],1.2400696277618408
Connection closed by 88.147.143.242 [preauth],Connection closed by <*> [preauth],OpenSSH,Unseen,Connection closed by <*> [preauth],0.6848022937774658
Received disconnect from 183.62.140.253: 11: Bye Bye [preauth],Received disconnect from <*>: <*>: Bye Bye [preauth],OpenSSH,Unseen,Received disconnect from <*>: <*>: Bye Bye [preauth],1.2340989112854004
Received disconnect from 183.62.140.253: 11: Bye Bye [preauth],Received disconnect from <*>: <*>: Bye Bye [preauth],OpenSSH,Unseen,Received disconnect from <*>: <*>: Bye Bye [preauth],1.2497286796569824
Received disconnect from 183.62.140.253: 11: Bye Bye [preauth],Received disconnect from <*>: <*>: Bye Bye [preauth],OpenSSH,Unseen,Received disconnect from <*>: <*>: Bye Bye [preauth],1.2402472496032715
Received disconnect from 183.62.140.253: 11: Bye Bye [preauth],Received disconnect from <*>: <*>: Bye Bye [preauth],OpenSSH,Unseen,Received disconnect from <*>: <*>: Bye Bye [preauth],1.2487421035766602
Received disconnect from 183.62.140.253: 11: Bye Bye [preauth],Received disconnect from <*>: <*>: Bye Bye [preauth],OpenSSH,Unseen,Received disconnect from <*>: <*>: Bye Bye [preauth],1.2526276111602783
Received disconnect from 183.62.140.253: 11: Bye Bye [preauth],Received disconnect from <*>: <*>: Bye Bye [preauth],OpenSSH,Unseen,Received disconnect from <*>: <*>: Bye Bye [preauth],1.2319066524505615
Received disconnect from 183.62.140.253: 11: Bye Bye [preauth],Received disconnect from <*>: <*>: Bye Bye [preauth],OpenSSH,Unseen,Received disconnect from <*>: <*>: Bye Bye [preauth],1.2412080764770508
Received disconnect from 183.62.140.253: 11: Bye Bye [preauth],Received disconnect from <*>: <*>: Bye Bye [preauth],OpenSSH,Unseen,Received disconnect from <*>: <*>: Bye Bye [preauth],1.2362942695617676
Received disconnect from 183.62.140.253: 11: Bye Bye [preauth],Received disconnect from <*>: <*>: Bye Bye [preauth],OpenSSH,Unseen,Received disconnect from <*>: <*>: Bye Bye [preauth],1.229599952697754
Received disconnect from 183.62.140.253: 11: Bye Bye [preauth],Received disconnect from <*>: <*>: Bye Bye [preauth],OpenSSH,Unseen,Received disconnect from <*>: <*>: Bye Bye [preauth],1.2459020614624023
Received disconnect from 183.62.140.253: 11: Bye Bye [preauth],Received disconnect from <*>: <*>: Bye Bye [preauth],OpenSSH,Unseen,Received disconnect from <*>: <*>: Bye Bye [preauth],1.2367503643035889
Received disconnect from 183.62.140.253: 11: Bye Bye [preauth],Received disconnect from <*>: <*>: Bye Bye [preauth],OpenSSH,Unseen,Received disconnect from <*>: <*>: Bye Bye [preauth],1.2580626010894775
Received disconnect from 183.62.140.253: 11: Bye Bye [preauth],Received disconnect from <*>: <*>: Bye Bye [preauth],OpenSSH,Unseen,Received disconnect from <*>: <*>: Bye Bye [preauth],1.2597439289093018
Received disconnect from 183.62.140.253: 11: Bye Bye [preauth],Received disconnect from <*>: <*>: Bye Bye [preauth],OpenSSH,Unseen,Received disconnect from <*>: <*>: Bye Bye [preauth],1.2604117393493652
Received disconnect from 183.62.140.253: 11: Bye Bye [preauth],Received disconnect from <*>: <*>: Bye Bye [preauth],OpenSSH,Unseen,Received disconnect from <*>: <*>: Bye Bye [preauth],1.245413064956665
Received disconnect from 183.62.140.253: 11: Bye Bye [preauth],Received disconnect from <*>: <*>: Bye Bye [preauth],OpenSSH,Unseen,Received disconnect from <*>: <*>: Bye Bye [preauth],1.2411587238311768
Received disconnect from 183.62.140.253: 11: Bye Bye [preauth],Received disconnect from <*>: <*>: Bye Bye [preauth],OpenSSH,Unseen,Received disconnect from <*>: <*>: Bye Bye [preauth],1.2459144592285156
Received disconnect from 183.62.140.253: 11: Bye Bye [preauth],Received disconnect from <*>: <*>: Bye Bye [preauth],OpenSSH,Unseen,Received disconnect from <*>: <*>: Bye Bye [preauth],1.2840418815612793
Received disconnect from 183.62.140.253: 11: Bye Bye [preauth],Received disconnect from <*>: <*>: Bye Bye [preauth],OpenSSH,Unseen,Received disconnect from <*>: <*>: Bye Bye [preauth],1.2496206760406494
Received disconnect from 183.62.140.253: 11: Bye Bye [preauth],Received disconnect from <*>: <*>: Bye Bye [preauth],OpenSSH,Unseen,Received disconnect from <*>: <*>: Bye Bye [preauth],1.2446067333221436
Received disconnect from 183.62.140.253: 11: Bye Bye [preauth],Received disconnect from <*>: <*>: Bye Bye [preauth],OpenSSH,Unseen,Received disconnect from <*>: <*>: Bye Bye [preauth],1.2426843643188477
Received disconnect from 183.62.140.253: 11: Bye Bye [preauth],Received disconnect from <*>: <*>: Bye Bye [preauth],OpenSSH,Unseen,Received disconnect from <*>: <*>: Bye Bye [preauth],1.251072883605957
Received disconnect from 183.62.140.253: 11: Bye Bye [preauth],Received disconnect from <*>: <*>: Bye Bye [preauth],OpenSSH,Unseen,Received disconnect from <*>: <*>: Bye Bye [preauth],1.2951128482818604
Received disconnect from 183.62.140.253: 11: Bye Bye [preauth],Received disconnect from <*>: <*>: Bye Bye [preauth],OpenSSH,Unseen,Received disconnect from <*>: <*>: Bye Bye [preauth],1.2457036972045898
Received disconnect from 183.62.140.253: 11: Bye Bye [preauth],Received disconnect from <*>: <*>: Bye Bye [preauth],OpenSSH,Unseen,Received disconnect from <*>: <*>: Bye Bye [preauth],1.2431061267852783
Received disconnect from 183.62.140.253: 11: Bye Bye [preauth],Received disconnect from <*>: <*>: Bye Bye [preauth],OpenSSH,Unseen,Received disconnect from <*>: <*>: Bye Bye [preauth],1.2445666790008545
Received disconnect from 183.62.140.253: 11: Bye Bye [preauth],Received disconnect from <*>: <*>: Bye Bye [preauth],OpenSSH,Unseen,Received disconnect from <*>: <*>: Bye Bye [preauth],1.2466707229614258
Received disconnect from 183.62.140.253: 11: Bye Bye [preauth],Received disconnect from <*>: <*>: Bye Bye [preauth],OpenSSH,Unseen,Received disconnect from <*>: <*>: Bye Bye [preauth],1.2418186664581299
Received disconnect from 183.62.140.253: 11: Bye Bye [preauth],Received disconnect from <*>: <*>: Bye Bye [preauth],OpenSSH,Unseen,Received disconnect from <*>: <*>: Bye Bye [preauth],1.243614912033081
Received disconnect from 183.62.140.253: 11: Bye Bye [preauth],Received disconnect from <*>: <*>: Bye Bye [preauth],OpenSSH,Unseen,Received disconnect from <*>: <*>: Bye Bye [preauth],1.2486536502838135
Received disconnect from 183.62.140.253: 11: Bye Bye [preauth],Received disconnect from <*>: <*>: Bye Bye [preauth],OpenSSH,Unseen,Received disconnect from <*>: <*>: Bye Bye [preauth],1.255096435546875
Received disconnect from 183.62.140.253: 11: Bye Bye [preauth],Received disconnect from <*>: <*>: Bye Bye [preauth],OpenSSH,Unseen,Received disconnect from <*>: <*>: Bye Bye [preauth],1.2891221046447754
Received disconnect from 183.62.140.253: 11: Bye Bye [preauth],Received disconnect from <*>: <*>: Bye Bye [preauth],OpenSSH,Unseen,Received disconnect from <*>: <*>: Bye Bye [preauth],1.2461159229278564
Received disconnect from 183.62.140.253: 11: Bye Bye [preauth],Received disconnect from <*>: <*>: Bye Bye [preauth],OpenSSH,Unseen,Received disconnect from <*>: <*>: Bye Bye [preauth],1.2512123584747314
Received disconnect from 183.62.140.253: 11: Bye Bye [preauth],Received disconnect from <*>: <*>: Bye Bye [preauth],OpenSSH,Unseen,Received disconnect from <*>: <*>: Bye Bye [preauth],1.2495622634887695
Received disconnect from 183.62.140.253: 11: Bye Bye [preauth],Received disconnect from <*>: <*>: Bye Bye [preauth],OpenSSH,Unseen,Received disconnect from <*>: <*>: Bye Bye [preauth],1.252629280090332
Received disconnect from 183.62.140.253: 11: Bye Bye [preauth],Received disconnect from <*>: <*>: Bye Bye [preauth],OpenSSH,Unseen,Received disconnect from <*>: <*>: Bye Bye [preauth],1.2459111213684082
Received disconnect from 183.62.140.253: 11: Bye Bye [preauth],Received disconnect from <*>: <*>: Bye Bye [preauth],OpenSSH,Unseen,Received disconnect from <*>: <*>: Bye Bye [preauth],1.2478172779083252
Received disconnect from 183.62.140.253: 11: Bye Bye [preauth],Received disconnect from <*>: <*>: Bye Bye [preauth],OpenSSH,Unseen,Received disconnect from <*>: <*>: Bye Bye [preauth],1.2528743743896484
Received disconnect from 183.62.140.253: 11: Bye Bye [preauth],Received disconnect from <*>: <*>: Bye Bye [preauth],OpenSSH,Unseen,Received disconnect from <*>: <*>: Bye Bye [preauth],1.248896837234497
Received disconnect from 183.62.140.253: 11: Bye Bye [preauth],Received disconnect from <*>: <*>: Bye Bye [preauth],OpenSSH,Unseen,Received disconnect from <*>: <*>: Bye Bye [preauth],1.2797069549560547
Received disconnect from 183.62.140.253: 11: Bye Bye [preauth],Received disconnect from <*>: <*>: Bye Bye [preauth],OpenSSH,Unseen,Received disconnect from <*>: <*>: Bye Bye [preauth],1.2522211074829102
Received disconnect from 183.62.140.253: 11: Bye Bye [preauth],Received disconnect from <*>: <*>: Bye Bye [preauth],OpenSSH,Unseen,Received disconnect from <*>: <*>: Bye Bye [preauth],1.2438113689422607
Received disconnect from 183.62.140.253: 11: Bye Bye [preauth],Received disconnect from <*>: <*>: Bye Bye [preauth],OpenSSH,Unseen,Received disconnect from <*>: <*>: Bye Bye [preauth],1.2417893409729004
Received disconnect from 183.62.140.253: 11: Bye Bye [preauth],Received disconnect from <*>: <*>: Bye Bye [preauth],OpenSSH,Unseen,Received disconnect from <*>: <*>: Bye Bye [preauth],1.2520105838775635
Received disconnect from 183.62.140.253: 11: Bye Bye [preauth],Received disconnect from <*>: <*>: Bye Bye [preauth],OpenSSH,Unseen,Received disconnect from <*>: <*>: Bye Bye [preauth],1.2402377128601074
Received disconnect from 183.62.140.253: 11: Bye Bye [preauth],Received disconnect from <*>: <*>: Bye Bye [preauth],OpenSSH,Unseen,Received disconnect from <*>: <*>: Bye Bye [preauth],1.2572202682495117
Received disconnect from 183.62.140.253: 11: Bye Bye [preauth],Received disconnect from <*>: <*>: Bye Bye [preauth],OpenSSH,Unseen,Received disconnect from <*>: <*>: Bye Bye [preauth],1.2324552536010742
Received disconnect from 183.62.140.253: 11: Bye Bye [preauth],Received disconnect from <*>: <*>: Bye Bye [preauth],OpenSSH,Unseen,Received disconnect from <*>: <*>: Bye Bye [preauth],1.2463955879211426
Received disconnect from 183.62.140.253: 11: Bye Bye [preauth],Received disconnect from <*>: <*>: Bye Bye [preauth],OpenSSH,Unseen,Received disconnect from <*>: <*>: Bye Bye [preauth],1.296839714050293
Received disconnect from 183.62.140.253: 11: Bye Bye [preauth],Received disconnect from <*>: <*>: Bye Bye [preauth],OpenSSH,Unseen,Received disconnect from <*>: <*>: Bye Bye [preauth],1.2832252979278564
Received disconnect from 183.62.140.253: 11: Bye Bye [preauth],Received disconnect from <*>: <*>: Bye Bye [preauth],OpenSSH,Unseen,Received disconnect from <*>: <*>: Bye Bye [preauth],1.2869279384613037
Received disconnect from 183.62.140.253: 11: Bye Bye [preauth],Received disconnect from <*>: <*>: Bye Bye [preauth],OpenSSH,Unseen,Received disconnect from <*>: <*>: Bye Bye [preauth],1.2578282356262207
Received disconnect from 183.62.140.253: 11: Bye Bye [preauth],Received disconnect from <*>: <*>: Bye Bye [preauth],OpenSSH,Unseen,Received disconnect from <*>: <*>: Bye Bye [preauth],1.2657227516174316
Received disconnect from 183.62.140.253: 11: Bye Bye [preauth],Received disconnect from <*>: <*>: Bye Bye [preauth],OpenSSH,Unseen,Received disconnect from <*>: <*>: Bye Bye [preauth],1.2526161670684814
Received disconnect from 183.62.140.253: 11: Bye Bye [preauth],Received disconnect from <*>: <*>: Bye Bye [preauth],OpenSSH,Unseen,Received disconnect from <*>: <*>: Bye Bye [preauth],1.2474424839019775
Received disconnect from 183.62.140.253: 11: Bye Bye [preauth],Received disconnect from <*>: <*>: Bye Bye [preauth],OpenSSH,Unseen,Received disconnect from <*>: <*>: Bye Bye [preauth],1.2591545581817627
Received disconnect from 183.62.140.253: 11: Bye Bye [preauth],Received disconnect from <*>: <*>: Bye Bye [preauth],OpenSSH,Unseen,Received disconnect from <*>: <*>: Bye Bye [preauth],1.255387783050537
Received disconnect from 183.62.140.253: 11: Bye Bye [preauth],Received disconnect from <*>: <*>: Bye Bye [preauth],OpenSSH,Unseen,Received disconnect from <*>: <*>: Bye Bye [preauth],1.2650089263916016
Received disconnect from 183.62.140.253: 11: Bye Bye [preauth],Received disconnect from <*>: <*>: Bye Bye [preauth],OpenSSH,Unseen,Received disconnect from <*>: <*>: Bye Bye [preauth],1.251323938369751
Received disconnect from 183.62.140.253: 11: Bye Bye [preauth],Received disconnect from <*>: <*>: Bye Bye [preauth],OpenSSH,Unseen,Received disconnect from <*>: <*>: Bye Bye [preauth],1.244001865386963
Received disconnect from 183.62.140.253: 11: Bye Bye [preauth],Received disconnect from <*>: <*>: Bye Bye [preauth],OpenSSH,Unseen,Received disconnect from <*>: <*>: Bye Bye [preauth],1.238276481628418
Received disconnect from 183.62.140.253: 11: Bye Bye [preauth],Received disconnect from <*>: <*>: Bye Bye [preauth],OpenSSH,Unseen,Received disconnect from <*>: <*>: Bye Bye [preauth],1.2459056377410889
Received disconnect from 183.62.140.253: 11: Bye Bye [preauth],Received disconnect from <*>: <*>: Bye Bye [preauth],OpenSSH,Unseen,Received disconnect from <*>: <*>: Bye Bye [preauth],1.2452867031097412
Received disconnect from 183.62.140.253: 11: Bye Bye [preauth],Received disconnect from <*>: <*>: Bye Bye [preauth],OpenSSH,Unseen,Received disconnect from <*>: <*>: Bye Bye [preauth],1.2628483772277832
Received disconnect from 183.62.140.253: 11: Bye Bye [preauth],Received disconnect from <*>: <*>: Bye Bye [preauth],OpenSSH,Unseen,Received disconnect from <*>: <*>: Bye Bye [preauth],1.247668981552124
Received disconnect from 183.62.140.253: 11: Bye Bye [preauth],Received disconnect from <*>: <*>: Bye Bye [preauth],OpenSSH,Unseen,Received disconnect from <*>: <*>: Bye Bye [preauth],1.2454254627227783
Received disconnect from 183.62.140.253: 11: Bye Bye [preauth],Received disconnect from <*>: <*>: Bye Bye [preauth],OpenSSH,Unseen,Received disconnect from <*>: <*>: Bye Bye [preauth],1.262150764465332
Received disconnect from 183.62.140.253: 11: Bye Bye [preauth],Received disconnect from <*>: <*>: Bye Bye [preauth],OpenSSH,Unseen,Received disconnect from <*>: <*>: Bye Bye [preauth],1.2632238864898682
Received disconnect from 183.62.140.253: 11: Bye Bye [preauth],Received disconnect from <*>: <*>: Bye Bye [preauth],OpenSSH,Unseen,Received disconnect from <*>: <*>: Bye Bye [preauth],1.2430951595306396
Received disconnect from 183.62.140.253: 11: Bye Bye [preauth],Received disconnect from <*>: <*>: Bye Bye [preauth],OpenSSH,Unseen,Received disconnect from <*>: <*>: Bye Bye [preauth],1.2431988716125488
Received disconnect from 183.62.140.253: 11: Bye Bye [preauth],Received disconnect from <*>: <*>: Bye Bye [preauth],OpenSSH,Unseen,Received disconnect from <*>: <*>: Bye Bye [preauth],1.2472350597381592
Received disconnect from 183.62.140.253: 11: Bye Bye [preauth],Received disconnect from <*>: <*>: Bye Bye [preauth],OpenSSH,Unseen,Received disconnect from <*>: <*>: Bye Bye [preauth],1.2434296607971191
Received disconnect from 183.62.140.253: 11: Bye Bye [preauth],Received disconnect from <*>: <*>: Bye Bye [preauth],OpenSSH,Unseen,Received disconnect from <*>: <*>: Bye Bye [preauth],1.2465472221374512
Received disconnect from 183.62.140.253: 11: Bye Bye [preauth],Received disconnect from <*>: <*>: Bye Bye [preauth],OpenSSH,Unseen,Received disconnect from <*>: <*>: Bye Bye [preauth],1.243819236755371
Received disconnect from 183.62.140.253: 11: Bye Bye [preauth],Received disconnect from <*>: <*>: Bye Bye [preauth],OpenSSH,Unseen,Received disconnect from <*>: <*>: Bye Bye [preauth],1.2385063171386719
Received disconnect from 183.62.140.253: 11: Bye Bye [preauth],Received disconnect from <*>: <*>: Bye Bye [preauth],OpenSSH,Unseen,Received disconnect from <*>: <*>: Bye Bye [preauth],1.2571306228637695
Received disconnect from 183.62.140.253: 11: Bye Bye [preauth],Received disconnect from <*>: <*>: Bye Bye [preauth],OpenSSH,Unseen,Received disconnect from <*>: <*>: Bye Bye [preauth],1.261354923248291
Received disconnect from 183.62.140.253: 11: Bye Bye [preauth],Received disconnect from <*>: <*>: Bye Bye [preauth],OpenSSH,Unseen,Received disconnect from <*>: <*>: Bye Bye [preauth],1.240854263305664
Received disconnect from 183.62.140.253: 11: Bye Bye [preauth],Received disconnect from <*>: <*>: Bye Bye [preauth],OpenSSH,Unseen,Received disconnect from <*>: <*>: Bye Bye [preauth],1.2454328536987305
Received disconnect from 183.62.140.253: 11: Bye Bye [preauth],Received disconnect from <*>: <*>: Bye Bye [preauth],OpenSSH,Unseen,Received disconnect from <*>: <*>: Bye Bye [preauth],1.2576069831848145
Received disconnect from 183.62.140.253: 11: Bye Bye [preauth],Received disconnect from <*>: <*>: Bye Bye [preauth],OpenSSH,Unseen,Received disconnect from <*>: <*>: Bye Bye [preauth],1.2590930461883545
Received disconnect from 183.62.140.253: 11: Bye Bye [preauth],Received disconnect from <*>: <*>: Bye Bye [preauth],OpenSSH,Unseen,Received disconnect from <*>: <*>: Bye Bye [preauth],1.242568016052246
Received disconnect from 183.62.140.253: 11: Bye Bye [preauth],Received disconnect from <*>: <*>: Bye Bye [preauth],OpenSSH,Unseen,Received disconnect from <*>: <*>: Bye Bye [preauth],1.2402129173278809
Received disconnect from 183.62.140.253: 11: Bye Bye [preauth],Received disconnect from <*>: <*>: Bye Bye [preauth],OpenSSH,Unseen,Received disconnect from <*>: <*>: Bye Bye [preauth],1.2438523769378662
Received disconnect from 183.62.140.253: 11: Bye Bye [preauth],Received disconnect from <*>: <*>: Bye Bye [preauth],OpenSSH,Unseen,Received disconnect from <*>: <*>: Bye Bye [preauth],1.2534496784210205
Received disconnect from 183.62.140.253: 11: Bye Bye [preauth],Received disconnect from <*>: <*>: Bye Bye [preauth],OpenSSH,Unseen,Received disconnect from <*>: <*>: Bye Bye [preauth],1.2603082656860352
Received disconnect from 183.62.140.253: 11: Bye Bye [preauth],Received disconnect from <*>: <*>: Bye Bye [preauth],OpenSSH,Unseen,Received disconnect from <*>: <*>: Bye Bye [preauth],1.2497773170471191
Received disconnect from 183.62.140.253: 11: Bye Bye [preauth],Received disconnect from <*>: <*>: Bye Bye [preauth],OpenSSH,Unseen,Received disconnect from <*>: <*>: Bye Bye [preauth],1.2485244274139404
Received disconnect from 183.62.140.253: 11: Bye Bye [preauth],Received disconnect from <*>: <*>: Bye Bye [preauth],OpenSSH,Unseen,Received disconnect from <*>: <*>: Bye Bye [preauth],1.2441751956939697
Received disconnect from 183.62.140.253: 11: Bye Bye [preauth],Received disconnect from <*>: <*>: Bye Bye [preauth],OpenSSH,Unseen,Received disconnect from <*>: <*>: Bye Bye [preauth],1.2519512176513672
Received disconnect from 183.62.140.253: 11: Bye Bye [preauth],Received disconnect from <*>: <*>: Bye Bye [preauth],OpenSSH,Unseen,Received disconnect from <*>: <*>: Bye Bye [preauth],1.253000259399414
Received disconnect from 183.62.140.253: 11: Bye Bye [preauth],Received disconnect from <*>: <*>: Bye Bye [preauth],OpenSSH,Unseen,Received disconnect from <*>: <*>: Bye Bye [preauth],1.2430672645568848
Received disconnect from 183.62.140.253: 11: Bye Bye [preauth],Received disconnect from <*>: <*>: Bye Bye [preauth],OpenSSH,Unseen,Received disconnect from <*>: <*>: Bye Bye [preauth],1.2448534965515137
Received disconnect from 183.62.140.253: 11: Bye Bye [preauth],Received disconnect from <*>: <*>: Bye Bye [preauth],OpenSSH,Unseen,Received disconnect from <*>: <*>: Bye Bye [preauth],1.2642924785614014
Received disconnect from 183.62.140.253: 11: Bye Bye [preauth],Received disconnect from <*>: <*>: Bye Bye [preauth],OpenSSH,Unseen,Received disconnect from <*>: <*>: Bye Bye [preauth],1.2600128650665283
Received disconnect from 183.62.140.253: 11: Bye Bye [preauth],Received disconnect from <*>: <*>: Bye Bye [preauth],OpenSSH,Unseen,Received disconnect from <*>: <*>: Bye Bye [preauth],1.2370500564575195
Received disconnect from 183.62.140.253: 11: Bye Bye [preauth],Received disconnect from <*>: <*>: Bye Bye [preauth],OpenSSH,Unseen,Received disconnect from <*>: <*>: Bye Bye [preauth],1.2432641983032227
