Content,EventTemplate,Dataset,Category,Unseen_LLAMA_FT_Zookeeper_3,Inference_time_3
"Connection broken for id 188978561024, my id = 1, error =","Connection broken for id <*>, my id = <*>, error =",Zookeeper,Unseen,"Connection broken for id <*>, my id = <*>, error = <*>",1.1907107830047607
"Connection broken for id 188978561024, my id = 1, error =","Connection broken for id <*>, my id = <*>, error =",Zookeeper,Unseen,"Connection broken for id <*>, my id = <*>, error = <*>",1.1810781955718994
"Connection broken for id 188978561024, my id = 1, error =","Connection broken for id <*>, my id = <*>, error =",Zookeeper,Unseen,"Connection broken for id <*>, my id = <*>, error = <*>",1.1887781620025635
"Connection broken for id 188978561024, my id = 1, error =","Connection broken for id <*>, my id = <*>, error =",Zookeeper,Unseen,"Connection broken for id <*>, my id = <*>, error = <*>",1.1899819374084473
"Connection broken for id 188978561024, my id = 1, error =","Connection broken for id <*>, my id = <*>, error =",Zookeeper,Unseen,"Connection broken for id <*>, my id = <*>, error = <*>",1.2043769359588623
"Connection broken for id 188978561024, my id = 1, error =","Connection broken for id <*>, my id = <*>, error =",Zookeeper,Unseen,"Connection broken for id <*>, my id = <*>, error = <*>",1.238342523574829
"Connection broken for id 188978561024, my id = 1, error =","Connection broken for id <*>, my id = <*>, error =",Zookeeper,Unseen,"Connection broken for id <*>, my id = <*>, error = <*>",1.1824233531951904
"Connection broken for id 188978561024, my id = 1, error =","Connection broken for id <*>, my id = <*>, error =",Zookeeper,Unseen,"Connection broken for id <*>, my id = <*>, error = <*>",1.1990506649017334
"Connection broken for id 188978561024, my id = 1, error =","Connection broken for id <*>, my id = <*>, error =",Zookeeper,Unseen,"Connection broken for id <*>, my id = <*>, error = <*>",1.182783842086792
"Connection broken for id 188978561024, my id = 1, error =","Connection broken for id <*>, my id = <*>, error =",Zookeeper,Unseen,"Connection broken for id <*>, my id = <*>, error = <*>",1.200505018234253
"Connection broken for id 188978561024, my id = 1, error =","Connection broken for id <*>, my id = <*>, error =",Zookeeper,Unseen,"Connection broken for id <*>, my id = <*>, error = <*>",1.1825892925262451
"Connection broken for id 188978561024, my id = 1, error =","Connection broken for id <*>, my id = <*>, error =",Zookeeper,Unseen,"Connection broken for id <*>, my id = <*>, error = <*>",1.1869761943817139
"Connection broken for id 188978561024, my id = 1, error =","Connection broken for id <*>, my id = <*>, error =",Zookeeper,Unseen,"Connection broken for id <*>, my id = <*>, error = <*>",1.18817138671875
"Connection broken for id 188978561024, my id = 1, error =","Connection broken for id <*>, my id = <*>, error =",Zookeeper,Unseen,"Connection broken for id <*>, my id = <*>, error = <*>",1.1876425743103027
"Connection broken for id 188978561024, my id = 1, error =","Connection broken for id <*>, my id = <*>, error =",Zookeeper,Unseen,"Connection broken for id <*>, my id = <*>, error = <*>",1.2762377262115479
"Connection broken for id 188978561024, my id = 1, error =","Connection broken for id <*>, my id = <*>, error =",Zookeeper,Unseen,"Connection broken for id <*>, my id = <*>, error = <*>",1.2271296977996826
"Connection broken for id 188978561024, my id = 1, error =","Connection broken for id <*>, my id = <*>, error =",Zookeeper,Unseen,"Connection broken for id <*>, my id = <*>, error = <*>",1.201676607131958
"Connection broken for id 188978561024, my id = 1, error =","Connection broken for id <*>, my id = <*>, error =",Zookeeper,Unseen,"Connection broken for id <*>, my id = <*>, error = <*>",1.201613187789917
"Connection broken for id 188978561024, my id = 1, error =","Connection broken for id <*>, my id = <*>, error =",Zookeeper,Unseen,"Connection broken for id <*>, my id = <*>, error = <*>",1.1954700946807861
"Connection broken for id 188978561024, my id = 1, error =","Connection broken for id <*>, my id = <*>, error =",Zookeeper,Unseen,"Connection broken for id <*>, my id = <*>, error = <*>",1.1895673274993896
"Connection broken for id 188978561024, my id = 1, error =","Connection broken for id <*>, my id = <*>, error =",Zookeeper,Unseen,"Connection broken for id <*>, my id = <*>, error = <*>",1.1991403102874756
"Connection broken for id 188978561024, my id = 1, error =","Connection broken for id <*>, my id = <*>, error =",Zookeeper,Unseen,"Connection broken for id <*>, my id = <*>, error = <*>",1.2013165950775146
"Connection broken for id 188978561024, my id = 1, error =","Connection broken for id <*>, my id = <*>, error =",Zookeeper,Unseen,"Connection broken for id <*>, my id = <*>, error = <*>",1.202702522277832
"Connection broken for id 188978561024, my id = 1, error =","Connection broken for id <*>, my id = <*>, error =",Zookeeper,Unseen,"Connection broken for id <*>, my id = <*>, error = <*>",1.2135288715362549
"Connection broken for id 188978561024, my id = 1, error =","Connection broken for id <*>, my id = <*>, error =",Zookeeper,Unseen,"Connection broken for id <*>, my id = <*>, error = <*>",1.2392735481262207
"Connection broken for id 188978561024, my id = 1, error =","Connection broken for id <*>, my id = <*>, error =",Zookeeper,Unseen,"Connection broken for id <*>, my id = <*>, error = <*>",1.208740472793579
"Connection broken for id 188978561024, my id = 1, error =","Connection broken for id <*>, my id = <*>, error =",Zookeeper,Unseen,"Connection broken for id <*>, my id = <*>, error = <*>",1.3303954601287842
"Connection broken for id 188978561024, my id = 1, error =","Connection broken for id <*>, my id = <*>, error =",Zookeeper,Unseen,"Connection broken for id <*>, my id = <*>, error = <*>",1.3294122219085693
"Connection broken for id 188978561024, my id = 1, error =","Connection broken for id <*>, my id = <*>, error =",Zookeeper,Unseen,"Connection broken for id <*>, my id = <*>, error = <*>",1.2126071453094482
"Connection broken for id 188978561024, my id = 1, error =","Connection broken for id <*>, my id = <*>, error =",Zookeeper,Unseen,"Connection broken for id <*>, my id = <*>, error = <*>",1.3989982604980469
"Connection broken for id 188978561024, my id = 1, error =","Connection broken for id <*>, my id = <*>, error =",Zookeeper,Unseen,"Connection broken for id <*>, my id = <*>, error = <*>",1.259493350982666
"Connection broken for id 188978561024, my id = 1, error =","Connection broken for id <*>, my id = <*>, error =",Zookeeper,Unseen,"Connection broken for id <*>, my id = <*>, error = <*>",1.304818868637085
"Connection broken for id 188978561024, my id = 1, error =","Connection broken for id <*>, my id = <*>, error =",Zookeeper,Unseen,"Connection broken for id <*>, my id = <*>, error = <*>",1.2096662521362305
"Connection broken for id 188978561024, my id = 1, error =","Connection broken for id <*>, my id = <*>, error =",Zookeeper,Unseen,"Connection broken for id <*>, my id = <*>, error = <*>",1.2413818836212158
"Connection broken for id 188978561024, my id = 1, error =","Connection broken for id <*>, my id = <*>, error =",Zookeeper,Unseen,"Connection broken for id <*>, my id = <*>, error = <*>",1.347465991973877
"Connection broken for id 188978561024, my id = 1, error =","Connection broken for id <*>, my id = <*>, error =",Zookeeper,Unseen,"Connection broken for id <*>, my id = <*>, error = <*>",1.2501497268676758
"Connection broken for id 188978561024, my id = 1, error =","Connection broken for id <*>, my id = <*>, error =",Zookeeper,Unseen,"Connection broken for id <*>, my id = <*>, error = <*>",1.3437244892120361
"Connection broken for id 188978561024, my id = 1, error =","Connection broken for id <*>, my id = <*>, error =",Zookeeper,Unseen,"Connection broken for id <*>, my id = <*>, error = <*>",1.187371015548706
"Connection broken for id 188978561024, my id = 1, error =","Connection broken for id <*>, my id = <*>, error =",Zookeeper,Unseen,"Connection broken for id <*>, my id = <*>, error = <*>",1.1871192455291748
"Connection broken for id 188978561024, my id = 1, error =","Connection broken for id <*>, my id = <*>, error =",Zookeeper,Unseen,"Connection broken for id <*>, my id = <*>, error = <*>",1.195364236831665
"Connection broken for id 188978561024, my id = 1, error =","Connection broken for id <*>, my id = <*>, error =",Zookeeper,Unseen,"Connection broken for id <*>, my id = <*>, error = <*>",1.192044973373413
"Connection broken for id 188978561024, my id = 1, error =","Connection broken for id <*>, my id = <*>, error =",Zookeeper,Unseen,"Connection broken for id <*>, my id = <*>, error = <*>",1.2530665397644043
"Connection broken for id 188978561024, my id = 1, error =","Connection broken for id <*>, my id = <*>, error =",Zookeeper,Unseen,"Connection broken for id <*>, my id = <*>, error = <*>",1.3617136478424072
"Connection broken for id 188978561024, my id = 1, error =","Connection broken for id <*>, my id = <*>, error =",Zookeeper,Unseen,"Connection broken for id <*>, my id = <*>, error = <*>",1.3080697059631348
"Connection broken for id 188978561024, my id = 1, error =","Connection broken for id <*>, my id = <*>, error =",Zookeeper,Unseen,"Connection broken for id <*>, my id = <*>, error = <*>",1.2446422576904297
"Connection broken for id 188978561024, my id = 1, error =","Connection broken for id <*>, my id = <*>, error =",Zookeeper,Unseen,"Connection broken for id <*>, my id = <*>, error = <*>",1.3412752151489258
"Connection broken for id 188978561024, my id = 1, error =","Connection broken for id <*>, my id = <*>, error =",Zookeeper,Unseen,"Connection broken for id <*>, my id = <*>, error = <*>",1.205305814743042
"Connection broken for id 188978561024, my id = 1, error =","Connection broken for id <*>, my id = <*>, error =",Zookeeper,Unseen,"Connection broken for id <*>, my id = <*>, error = <*>",1.197805643081665
"Connection broken for id 188978561024, my id = 1, error =","Connection broken for id <*>, my id = <*>, error =",Zookeeper,Unseen,"Connection broken for id <*>, my id = <*>, error = <*>",1.1896140575408936
"Connection broken for id 188978561024, my id = 1, error =","Connection broken for id <*>, my id = <*>, error =",Zookeeper,Unseen,"Connection broken for id <*>, my id = <*>, error = <*>",1.1987130641937256
"Connection broken for id 188978561024, my id = 1, error =","Connection broken for id <*>, my id = <*>, error =",Zookeeper,Unseen,"Connection broken for id <*>, my id = <*>, error = <*>",1.1949715614318848
"Connection broken for id 188978561024, my id = 1, error =","Connection broken for id <*>, my id = <*>, error =",Zookeeper,Unseen,"Connection broken for id <*>, my id = <*>, error = <*>",1.224952220916748
"Connection broken for id 188978561024, my id = 1, error =","Connection broken for id <*>, my id = <*>, error =",Zookeeper,Unseen,"Connection broken for id <*>, my id = <*>, error = <*>",1.210083246231079
"Connection broken for id 188978561024, my id = 1, error =","Connection broken for id <*>, my id = <*>, error =",Zookeeper,Unseen,"Connection broken for id <*>, my id = <*>, error = <*>",1.1967072486877441
"Connection broken for id 188978561024, my id = 1, error =","Connection broken for id <*>, my id = <*>, error =",Zookeeper,Unseen,"Connection broken for id <*>, my id = <*>, error = <*>",1.1911299228668213
"Connection broken for id 188978561024, my id = 1, error =","Connection broken for id <*>, my id = <*>, error =",Zookeeper,Unseen,"Connection broken for id <*>, my id = <*>, error = <*>",1.1882739067077637
"Connection broken for id 188978561024, my id = 1, error =","Connection broken for id <*>, my id = <*>, error =",Zookeeper,Unseen,"Connection broken for id <*>, my id = <*>, error = <*>",1.1909558773040771
"Connection broken for id 188978561024, my id = 1, error =","Connection broken for id <*>, my id = <*>, error =",Zookeeper,Unseen,"Connection broken for id <*>, my id = <*>, error = <*>",1.1765704154968262
"Connection broken for id 188978561024, my id = 1, error =","Connection broken for id <*>, my id = <*>, error =",Zookeeper,Unseen,"Connection broken for id <*>, my id = <*>, error = <*>",1.1928844451904297
"Connection broken for id 188978561024, my id = 1, error =","Connection broken for id <*>, my id = <*>, error =",Zookeeper,Unseen,"Connection broken for id <*>, my id = <*>, error = <*>",1.1773133277893066
"Connection broken for id 188978561024, my id = 1, error =","Connection broken for id <*>, my id = <*>, error =",Zookeeper,Unseen,"Connection broken for id <*>, my id = <*>, error = <*>",1.1894497871398926
"Connection broken for id 188978561024, my id = 1, error =","Connection broken for id <*>, my id = <*>, error =",Zookeeper,Unseen,"Connection broken for id <*>, my id = <*>, error = <*>",1.2217228412628174
"Connection broken for id 188978561024, my id = 1, error =","Connection broken for id <*>, my id = <*>, error =",Zookeeper,Unseen,"Connection broken for id <*>, my id = <*>, error = <*>",1.182337999343872
"Connection broken for id 188978561024, my id = 1, error =","Connection broken for id <*>, my id = <*>, error =",Zookeeper,Unseen,"Connection broken for id <*>, my id = <*>, error = <*>",1.1689767837524414
"Connection broken for id 188978561024, my id = 1, error =","Connection broken for id <*>, my id = <*>, error =",Zookeeper,Unseen,"Connection broken for id <*>, my id = <*>, error = <*>",1.1844508647918701
"Connection broken for id 188978561024, my id = 1, error =","Connection broken for id <*>, my id = <*>, error =",Zookeeper,Unseen,"Connection broken for id <*>, my id = <*>, error = <*>",1.1859958171844482
"Connection broken for id 188978561024, my id = 1, error =","Connection broken for id <*>, my id = <*>, error =",Zookeeper,Unseen,"Connection broken for id <*>, my id = <*>, error = <*>",1.1715950965881348
"Connection broken for id 188978561024, my id = 1, error =","Connection broken for id <*>, my id = <*>, error =",Zookeeper,Unseen,"Connection broken for id <*>, my id = <*>, error = <*>",1.1855354309082031
"Connection broken for id 188978561024, my id = 1, error =","Connection broken for id <*>, my id = <*>, error =",Zookeeper,Unseen,"Connection broken for id <*>, my id = <*>, error = <*>",1.1749191284179688
"Connection broken for id 188978561024, my id = 1, error =","Connection broken for id <*>, my id = <*>, error =",Zookeeper,Unseen,"Connection broken for id <*>, my id = <*>, error = <*>",1.1691913604736328
"Connection broken for id 188978561024, my id = 1, error =","Connection broken for id <*>, my id = <*>, error =",Zookeeper,Unseen,"Connection broken for id <*>, my id = <*>, error = <*>",1.20975661277771
"Connection broken for id 188978561024, my id = 1, error =","Connection broken for id <*>, my id = <*>, error =",Zookeeper,Unseen,"Connection broken for id <*>, my id = <*>, error = <*>",1.2022314071655273
"Connection broken for id 188978561024, my id = 1, error =","Connection broken for id <*>, my id = <*>, error =",Zookeeper,Unseen,"Connection broken for id <*>, my id = <*>, error = <*>",1.1754093170166016
"Connection broken for id 188978561024, my id = 1, error =","Connection broken for id <*>, my id = <*>, error =",Zookeeper,Unseen,"Connection broken for id <*>, my id = <*>, error = <*>",1.168846845626831
"Connection broken for id 188978561024, my id = 1, error =","Connection broken for id <*>, my id = <*>, error =",Zookeeper,Unseen,"Connection broken for id <*>, my id = <*>, error = <*>",1.1880717277526855
"Connection broken for id 188978561024, my id = 1, error =","Connection broken for id <*>, my id = <*>, error =",Zookeeper,Unseen,"Connection broken for id <*>, my id = <*>, error = <*>",1.2172198295593262
"Connection broken for id 188978561024, my id = 1, error =","Connection broken for id <*>, my id = <*>, error =",Zookeeper,Unseen,"Connection broken for id <*>, my id = <*>, error = <*>",1.1845192909240723
"Connection broken for id 188978561024, my id = 1, error =","Connection broken for id <*>, my id = <*>, error =",Zookeeper,Unseen,"Connection broken for id <*>, my id = <*>, error = <*>",1.1850290298461914
"Connection broken for id 188978561024, my id = 1, error =","Connection broken for id <*>, my id = <*>, error =",Zookeeper,Unseen,"Connection broken for id <*>, my id = <*>, error = <*>",1.171746015548706
"Connection broken for id 188978561024, my id = 1, error =","Connection broken for id <*>, my id = <*>, error =",Zookeeper,Unseen,"Connection broken for id <*>, my id = <*>, error = <*>",1.1777706146240234
"Connection broken for id 188978561024, my id = 1, error =","Connection broken for id <*>, my id = <*>, error =",Zookeeper,Unseen,"Connection broken for id <*>, my id = <*>, error = <*>",1.2578647136688232
"Connection broken for id 188978561024, my id = 1, error =","Connection broken for id <*>, my id = <*>, error =",Zookeeper,Unseen,"Connection broken for id <*>, my id = <*>, error = <*>",1.2511482238769531
"Connection broken for id 188978561024, my id = 1, error =","Connection broken for id <*>, my id = <*>, error =",Zookeeper,Unseen,"Connection broken for id <*>, my id = <*>, error = <*>",1.1741502285003662
"Connection broken for id 188978561024, my id = 1, error =","Connection broken for id <*>, my id = <*>, error =",Zookeeper,Unseen,"Connection broken for id <*>, my id = <*>, error = <*>",1.1999566555023193
"Connection broken for id 188978561024, my id = 1, error =","Connection broken for id <*>, my id = <*>, error =",Zookeeper,Unseen,"Connection broken for id <*>, my id = <*>, error = <*>",1.3363673686981201
"Connection broken for id 188978561024, my id = 1, error =","Connection broken for id <*>, my id = <*>, error =",Zookeeper,Unseen,"Connection broken for id <*>, my id = <*>, error = <*>",1.1972522735595703
"Connection broken for id 188978561024, my id = 1, error =","Connection broken for id <*>, my id = <*>, error =",Zookeeper,Unseen,"Connection broken for id <*>, my id = <*>, error = <*>",1.1840169429779053
"Connection broken for id 188978561024, my id = 1, error =","Connection broken for id <*>, my id = <*>, error =",Zookeeper,Unseen,"Connection broken for id <*>, my id = <*>, error = <*>",1.1765146255493164
"Connection broken for id 188978561024, my id = 1, error =","Connection broken for id <*>, my id = <*>, error =",Zookeeper,Unseen,"Connection broken for id <*>, my id = <*>, error = <*>",1.1683604717254639
"Connection broken for id 188978561024, my id = 1, error =","Connection broken for id <*>, my id = <*>, error =",Zookeeper,Unseen,"Connection broken for id <*>, my id = <*>, error = <*>",1.2063562870025635
"Connection broken for id 188978561024, my id = 1, error =","Connection broken for id <*>, my id = <*>, error =",Zookeeper,Unseen,"Connection broken for id <*>, my id = <*>, error = <*>",1.207963466644287
"Connection broken for id 188978561024, my id = 1, error =","Connection broken for id <*>, my id = <*>, error =",Zookeeper,Unseen,"Connection broken for id <*>, my id = <*>, error = <*>",1.1721906661987305
"Connection broken for id 188978561024, my id = 1, error =","Connection broken for id <*>, my id = <*>, error =",Zookeeper,Unseen,"Connection broken for id <*>, my id = <*>, error = <*>",1.1701910495758057
"Connection broken for id 188978561024, my id = 1, error =","Connection broken for id <*>, my id = <*>, error =",Zookeeper,Unseen,"Connection broken for id <*>, my id = <*>, error = <*>",1.1708369255065918
Server environment:user.dir=/,Server environment:<*>,Zookeeper,Unseen,Server environment:user.dir=<*>,0.6785202026367188
******* GOODBYE /10.10.34.12:35276 ********,******* GOODBYE <*>:<*> ********,Zookeeper,Unseen,******* GOODBYE <*>:<*> ********,0.9396824836730957
"Have smaller server identifier, so dropping the connection: (2, 1)","Have smaller server identifier, so dropping the connection: (<*>, <*>)",Zookeeper,Unseen,"Have smaller server identifier, so dropping the connection: (<*>, <*>)",1.187903881072998
FOLLOWING,FOLLOWING,Zookeeper,Unseen,FOLLOWING,0.3782765865325928
Server environment:host.name=mesos-master-1,Server environment:<*>,Zookeeper,Unseen,Server environment:host.name=<*>,0.7103784084320068
Server environment:java.vendor=Oracle Corporation,Server environment:<*>,Zookeeper,Unseen,Server environment:java.vendor=<*>,0.678816556930542
"Server environment:zookeeper.version=3.4.5--1, built on 06/10/2013 17:26 GMT",Server environment:<*>,Zookeeper,Unseen,"Server environment:zookeeper.version=<*>, built on <*>",1.1136128902435303
Server environment:user.name=zookeeper,Server environment:<*>,Zookeeper,Unseen,Server environment:user.name=<*>,0.7060105800628662
Server environment:os.name=Linux,Server environment:<*>,Zookeeper,Unseen,Server environment:os.name=<*>,0.7052402496337891
Exception causing close of session 0x0 due to java.io.IOException: ZooKeeperServer not running,Exception causing close of session <*> due to java.io.IOException: ZooKeeperServer not running,Zookeeper,Unseen,Exception causing close of session <*> due to java.io.IOException: ZooKeeperServer not running,1.5483672618865967
"Notification: 3 (n.leader), 0xb0000007b (n.zxid), 0x2 (n.round), LOOKING (n.state), 3 (n.sid), 0xb (n.peerEPoch), FOLLOWING (my state)","Notification: <*> (n.leader), <*> (n.zxid), <*> (n.round), LOOKING (n.state), <*> (n.sid), <*> (n.peerEPoch), FOLLOWING (my state)",Zookeeper,Unseen,"Notification: <*> (n.leader), <*> (n.zxid), <*> (n.round), LOOKING (n.state), <*> (n.sid), <*> (n.peerEPoch), FOLLOWING (my state)",3.755025625228882
"Connection broken for id 3, my id = 1, error =","Connection broken for id <*>, my id = <*>, error =",Zookeeper,Unseen,"Connection broken for id <*>, my id = <*>, error = <*>",1.1914100646972656
Server environment:java.vendor=Oracle Corporation,Server environment:<*>,Zookeeper,Unseen,Server environment:java.vendor=<*>,0.6912682056427002
******* GOODBYE /10.10.34.11:52264 ********,******* GOODBYE <*>:<*> ********,Zookeeper,Unseen,******* GOODBYE <*>:<*> ********,0.9395310878753662
******* GOODBYE /10.10.34.11:52308 ********,******* GOODBYE <*>:<*> ********,Zookeeper,Unseen,******* GOODBYE <*>:<*> ********,0.9293560981750488
******* GOODBYE /10.10.34.12:59060 ********,******* GOODBYE <*>:<*> ********,Zookeeper,Unseen,******* GOODBYE <*>:<*> ********,0.9289736747741699
******* GOODBYE /10.10.34.12:59103 ********,******* GOODBYE <*>:<*> ********,Zookeeper,Unseen,******* GOODBYE <*>:<*> ********,0.9652905464172363
******* GOODBYE /10.10.34.13:57247 ********,******* GOODBYE <*>:<*> ********,Zookeeper,Unseen,******* GOODBYE <*>:<*> ********,0.9594700336456299
******* GOODBYE /10.10.34.13:57319 ********,******* GOODBYE <*>:<*> ********,Zookeeper,Unseen,******* GOODBYE <*>:<*> ********,0.9271879196166992
******* GOODBYE /10.10.34.11:52476 ********,******* GOODBYE <*>:<*> ********,Zookeeper,Unseen,******* GOODBYE <*>:<*> ********,0.9274523258209229
******* GOODBYE /10.10.34.12:59203 ********,******* GOODBYE <*>:<*> ********,Zookeeper,Unseen,******* GOODBYE <*>:<*> ********,0.9253907203674316
******* GOODBYE /10.10.34.12:59211 ********,******* GOODBYE <*>:<*> ********,Zookeeper,Unseen,******* GOODBYE <*>:<*> ********,0.9314563274383545
******* GOODBYE /10.10.34.11:52502 ********,******* GOODBYE <*>:<*> ********,Zookeeper,Unseen,******* GOODBYE <*>:<*> ********,0.9728190898895264
******* GOODBYE /10.10.34.13:57458 ********,******* GOODBYE <*>:<*> ********,Zookeeper,Unseen,******* GOODBYE <*>:<*> ********,0.9368019104003906
******* GOODBYE /10.10.34.13:57502 ********,******* GOODBYE <*>:<*> ********,Zookeeper,Unseen,******* GOODBYE <*>:<*> ********,0.9400537014007568
******* GOODBYE /10.10.34.11:52703 ********,******* GOODBYE <*>:<*> ********,Zookeeper,Unseen,******* GOODBYE <*>:<*> ********,0.9287171363830566
******* GOODBYE /10.10.34.12:59406 ********,******* GOODBYE <*>:<*> ********,Zookeeper,Unseen,******* GOODBYE <*>:<*> ********,0.9418661594390869
******* GOODBYE /10.10.34.13:57580 ********,******* GOODBYE <*>:<*> ********,Zookeeper,Unseen,******* GOODBYE <*>:<*> ********,0.9373965263366699
******* GOODBYE /10.10.34.11:52818 ********,******* GOODBYE <*>:<*> ********,Zookeeper,Unseen,******* GOODBYE <*>:<*> ********,0.9788446426391602
******* GOODBYE /10.10.34.11:52844 ********,******* GOODBYE <*>:<*> ********,Zookeeper,Unseen,******* GOODBYE <*>:<*> ********,0.9458036422729492
******* GOODBYE /10.10.34.13:57653 ********,******* GOODBYE <*>:<*> ********,Zookeeper,Unseen,******* GOODBYE <*>:<*> ********,0.9122052192687988
"Connection broken for id 188978561024, my id = 2, error =","Connection broken for id <*>, my id = <*>, error =",Zookeeper,Unseen,"Connection broken for id <*>, my id = <*>, error = <*>",1.1724576950073242
"Connection broken for id 188978561024, my id = 2, error =","Connection broken for id <*>, my id = <*>, error =",Zookeeper,Unseen,"Connection broken for id <*>, my id = <*>, error = <*>",1.1861655712127686
"Connection broken for id 188978561024, my id = 2, error =","Connection broken for id <*>, my id = <*>, error =",Zookeeper,Unseen,"Connection broken for id <*>, my id = <*>, error = <*>",1.17964768409729
"Connection broken for id 188978561024, my id = 2, error =","Connection broken for id <*>, my id = <*>, error =",Zookeeper,Unseen,"Connection broken for id <*>, my id = <*>, error = <*>",1.1863481998443604
"Connection broken for id 188978561024, my id = 2, error =","Connection broken for id <*>, my id = <*>, error =",Zookeeper,Unseen,"Connection broken for id <*>, my id = <*>, error = <*>",1.1789181232452393
"Connection broken for id 188978561024, my id = 2, error =","Connection broken for id <*>, my id = <*>, error =",Zookeeper,Unseen,"Connection broken for id <*>, my id = <*>, error = <*>",1.1869480609893799
"Connection broken for id 188978561024, my id = 2, error =","Connection broken for id <*>, my id = <*>, error =",Zookeeper,Unseen,"Connection broken for id <*>, my id = <*>, error = <*>",1.1857507228851318
"Connection broken for id 188978561024, my id = 2, error =","Connection broken for id <*>, my id = <*>, error =",Zookeeper,Unseen,"Connection broken for id <*>, my id = <*>, error = <*>",1.2025325298309326
"Connection broken for id 188978561024, my id = 2, error =","Connection broken for id <*>, my id = <*>, error =",Zookeeper,Unseen,"Connection broken for id <*>, my id = <*>, error = <*>",1.2130968570709229
"Connection broken for id 188978561024, my id = 2, error =","Connection broken for id <*>, my id = <*>, error =",Zookeeper,Unseen,"Connection broken for id <*>, my id = <*>, error = <*>",1.1803879737854004
"Connection broken for id 188978561024, my id = 2, error =","Connection broken for id <*>, my id = <*>, error =",Zookeeper,Unseen,"Connection broken for id <*>, my id = <*>, error = <*>",1.1789138317108154
"Connection broken for id 188978561024, my id = 2, error =","Connection broken for id <*>, my id = <*>, error =",Zookeeper,Unseen,"Connection broken for id <*>, my id = <*>, error = <*>",1.2051150798797607
"Connection broken for id 188978561024, my id = 2, error =","Connection broken for id <*>, my id = <*>, error =",Zookeeper,Unseen,"Connection broken for id <*>, my id = <*>, error = <*>",1.1807341575622559
"Connection broken for id 188978561024, my id = 2, error =","Connection broken for id <*>, my id = <*>, error =",Zookeeper,Unseen,"Connection broken for id <*>, my id = <*>, error = <*>",1.1900675296783447
"Connection broken for id 188978561024, my id = 2, error =","Connection broken for id <*>, my id = <*>, error =",Zookeeper,Unseen,"Connection broken for id <*>, my id = <*>, error = <*>",1.1855525970458984
"Connection broken for id 188978561024, my id = 2, error =","Connection broken for id <*>, my id = <*>, error =",Zookeeper,Unseen,"Connection broken for id <*>, my id = <*>, error = <*>",1.1744580268859863
"Connection broken for id 188978561024, my id = 2, error =","Connection broken for id <*>, my id = <*>, error =",Zookeeper,Unseen,"Connection broken for id <*>, my id = <*>, error = <*>",1.2025070190429688
"Connection broken for id 188978561024, my id = 2, error =","Connection broken for id <*>, my id = <*>, error =",Zookeeper,Unseen,"Connection broken for id <*>, my id = <*>, error = <*>",1.230442762374878
"Connection broken for id 188978561024, my id = 2, error =","Connection broken for id <*>, my id = <*>, error =",Zookeeper,Unseen,"Connection broken for id <*>, my id = <*>, error = <*>",1.1879875659942627
"Connection broken for id 188978561024, my id = 2, error =","Connection broken for id <*>, my id = <*>, error =",Zookeeper,Unseen,"Connection broken for id <*>, my id = <*>, error = <*>",1.1754395961761475
"Connection broken for id 188978561024, my id = 2, error =","Connection broken for id <*>, my id = <*>, error =",Zookeeper,Unseen,"Connection broken for id <*>, my id = <*>, error = <*>",1.1730904579162598
"Connection broken for id 188978561024, my id = 2, error =","Connection broken for id <*>, my id = <*>, error =",Zookeeper,Unseen,"Connection broken for id <*>, my id = <*>, error = <*>",1.1767034530639648
"Connection broken for id 188978561024, my id = 2, error =","Connection broken for id <*>, my id = <*>, error =",Zookeeper,Unseen,"Connection broken for id <*>, my id = <*>, error = <*>",1.1799683570861816
"Connection broken for id 188978561024, my id = 2, error =","Connection broken for id <*>, my id = <*>, error =",Zookeeper,Unseen,"Connection broken for id <*>, my id = <*>, error = <*>",1.1742539405822754
"Connection broken for id 188978561024, my id = 2, error =","Connection broken for id <*>, my id = <*>, error =",Zookeeper,Unseen,"Connection broken for id <*>, my id = <*>, error = <*>",1.1680958271026611
"Connection broken for id 188978561024, my id = 2, error =","Connection broken for id <*>, my id = <*>, error =",Zookeeper,Unseen,"Connection broken for id <*>, my id = <*>, error = <*>",1.2936420440673828
"Connection broken for id 188978561024, my id = 2, error =","Connection broken for id <*>, my id = <*>, error =",Zookeeper,Unseen,"Connection broken for id <*>, my id = <*>, error = <*>",1.2397749423980713
"Connection broken for id 188978561024, my id = 2, error =","Connection broken for id <*>, my id = <*>, error =",Zookeeper,Unseen,"Connection broken for id <*>, my id = <*>, error = <*>",1.1986241340637207
"Connection broken for id 188978561024, my id = 2, error =","Connection broken for id <*>, my id = <*>, error =",Zookeeper,Unseen,"Connection broken for id <*>, my id = <*>, error = <*>",1.1540627479553223
"Connection broken for id 188978561024, my id = 2, error =","Connection broken for id <*>, my id = <*>, error =",Zookeeper,Unseen,"Connection broken for id <*>, my id = <*>, error = <*>",1.1497280597686768
"Connection broken for id 188978561024, my id = 2, error =","Connection broken for id <*>, my id = <*>, error =",Zookeeper,Unseen,"Connection broken for id <*>, my id = <*>, error = <*>",1.1465353965759277
"Connection broken for id 188978561024, my id = 2, error =","Connection broken for id <*>, my id = <*>, error =",Zookeeper,Unseen,"Connection broken for id <*>, my id = <*>, error = <*>",1.1549177169799805
"Connection broken for id 188978561024, my id = 2, error =","Connection broken for id <*>, my id = <*>, error =",Zookeeper,Unseen,"Connection broken for id <*>, my id = <*>, error = <*>",1.1558518409729004
"Connection broken for id 188978561024, my id = 2, error =","Connection broken for id <*>, my id = <*>, error =",Zookeeper,Unseen,"Connection broken for id <*>, my id = <*>, error = <*>",1.1590549945831299
"Connection broken for id 188978561024, my id = 2, error =","Connection broken for id <*>, my id = <*>, error =",Zookeeper,Unseen,"Connection broken for id <*>, my id = <*>, error = <*>",1.148970603942871
"Connection broken for id 188978561024, my id = 2, error =","Connection broken for id <*>, my id = <*>, error =",Zookeeper,Unseen,"Connection broken for id <*>, my id = <*>, error = <*>",1.1559557914733887
"Connection broken for id 188978561024, my id = 2, error =","Connection broken for id <*>, my id = <*>, error =",Zookeeper,Unseen,"Connection broken for id <*>, my id = <*>, error = <*>",1.1883113384246826
"Connection broken for id 188978561024, my id = 2, error =","Connection broken for id <*>, my id = <*>, error =",Zookeeper,Unseen,"Connection broken for id <*>, my id = <*>, error = <*>",1.1868042945861816
"Connection broken for id 188978561024, my id = 2, error =","Connection broken for id <*>, my id = <*>, error =",Zookeeper,Unseen,"Connection broken for id <*>, my id = <*>, error = <*>",1.154646873474121
"Connection broken for id 188978561024, my id = 2, error =","Connection broken for id <*>, my id = <*>, error =",Zookeeper,Unseen,"Connection broken for id <*>, my id = <*>, error = <*>",1.165306568145752
"Connection broken for id 188978561024, my id = 2, error =","Connection broken for id <*>, my id = <*>, error =",Zookeeper,Unseen,"Connection broken for id <*>, my id = <*>, error = <*>",1.1512432098388672
"Connection broken for id 188978561024, my id = 2, error =","Connection broken for id <*>, my id = <*>, error =",Zookeeper,Unseen,"Connection broken for id <*>, my id = <*>, error = <*>",1.1688275337219238
"Connection broken for id 188978561024, my id = 2, error =","Connection broken for id <*>, my id = <*>, error =",Zookeeper,Unseen,"Connection broken for id <*>, my id = <*>, error = <*>",1.1502392292022705
"Connection broken for id 188978561024, my id = 2, error =","Connection broken for id <*>, my id = <*>, error =",Zookeeper,Unseen,"Connection broken for id <*>, my id = <*>, error = <*>",1.154139518737793
"Connection broken for id 188978561024, my id = 2, error =","Connection broken for id <*>, my id = <*>, error =",Zookeeper,Unseen,"Connection broken for id <*>, my id = <*>, error = <*>",1.1545963287353516
"Connection broken for id 188978561024, my id = 2, error =","Connection broken for id <*>, my id = <*>, error =",Zookeeper,Unseen,"Connection broken for id <*>, my id = <*>, error = <*>",1.151749849319458
"Connection broken for id 188978561024, my id = 2, error =","Connection broken for id <*>, my id = <*>, error =",Zookeeper,Unseen,"Connection broken for id <*>, my id = <*>, error = <*>",1.2025086879730225
"Connection broken for id 188978561024, my id = 2, error =","Connection broken for id <*>, my id = <*>, error =",Zookeeper,Unseen,"Connection broken for id <*>, my id = <*>, error = <*>",1.1905574798583984
"Connection broken for id 188978561024, my id = 2, error =","Connection broken for id <*>, my id = <*>, error =",Zookeeper,Unseen,"Connection broken for id <*>, my id = <*>, error = <*>",1.1538641452789307
"Connection broken for id 188978561024, my id = 2, error =","Connection broken for id <*>, my id = <*>, error =",Zookeeper,Unseen,"Connection broken for id <*>, my id = <*>, error = <*>",1.1589910984039307
"Connection broken for id 188978561024, my id = 2, error =","Connection broken for id <*>, my id = <*>, error =",Zookeeper,Unseen,"Connection broken for id <*>, my id = <*>, error = <*>",1.1608521938323975
"Connection broken for id 188978561024, my id = 2, error =","Connection broken for id <*>, my id = <*>, error =",Zookeeper,Unseen,"Connection broken for id <*>, my id = <*>, error = <*>",1.1654129028320312
"Connection broken for id 188978561024, my id = 2, error =","Connection broken for id <*>, my id = <*>, error =",Zookeeper,Unseen,"Connection broken for id <*>, my id = <*>, error = <*>",1.175081491470337
"Connection broken for id 188978561024, my id = 2, error =","Connection broken for id <*>, my id = <*>, error =",Zookeeper,Unseen,"Connection broken for id <*>, my id = <*>, error = <*>",1.1603002548217773
"Connection broken for id 188978561024, my id = 2, error =","Connection broken for id <*>, my id = <*>, error =",Zookeeper,Unseen,"Connection broken for id <*>, my id = <*>, error = <*>",1.1730544567108154
"Connection broken for id 188978561024, my id = 2, error =","Connection broken for id <*>, my id = <*>, error =",Zookeeper,Unseen,"Connection broken for id <*>, my id = <*>, error = <*>",1.2189648151397705
"Connection broken for id 188978561024, my id = 2, error =","Connection broken for id <*>, my id = <*>, error =",Zookeeper,Unseen,"Connection broken for id <*>, my id = <*>, error = <*>",1.2923223972320557
"Connection broken for id 188978561024, my id = 2, error =","Connection broken for id <*>, my id = <*>, error =",Zookeeper,Unseen,"Connection broken for id <*>, my id = <*>, error = <*>",1.1902570724487305
"Connection broken for id 188978561024, my id = 2, error =","Connection broken for id <*>, my id = <*>, error =",Zookeeper,Unseen,"Connection broken for id <*>, my id = <*>, error = <*>",1.1796281337738037
"Connection broken for id 188978561024, my id = 2, error =","Connection broken for id <*>, my id = <*>, error =",Zookeeper,Unseen,"Connection broken for id <*>, my id = <*>, error = <*>",1.1724884510040283
"Connection broken for id 188978561024, my id = 2, error =","Connection broken for id <*>, my id = <*>, error =",Zookeeper,Unseen,"Connection broken for id <*>, my id = <*>, error = <*>",1.2037789821624756
"Connection broken for id 188978561024, my id = 2, error =","Connection broken for id <*>, my id = <*>, error =",Zookeeper,Unseen,"Connection broken for id <*>, my id = <*>, error = <*>",1.1940419673919678
"Connection broken for id 188978561024, my id = 2, error =","Connection broken for id <*>, my id = <*>, error =",Zookeeper,Unseen,"Connection broken for id <*>, my id = <*>, error = <*>",1.1762974262237549
"Connection broken for id 188978561024, my id = 2, error =","Connection broken for id <*>, my id = <*>, error =",Zookeeper,Unseen,"Connection broken for id <*>, my id = <*>, error = <*>",1.1738953590393066
"Connection broken for id 188978561024, my id = 2, error =","Connection broken for id <*>, my id = <*>, error =",Zookeeper,Unseen,"Connection broken for id <*>, my id = <*>, error = <*>",1.1769719123840332
"Connection broken for id 188978561024, my id = 2, error =","Connection broken for id <*>, my id = <*>, error =",Zookeeper,Unseen,"Connection broken for id <*>, my id = <*>, error = <*>",1.2096459865570068
"Connection broken for id 188978561024, my id = 2, error =","Connection broken for id <*>, my id = <*>, error =",Zookeeper,Unseen,"Connection broken for id <*>, my id = <*>, error = <*>",1.2182607650756836
"Connection broken for id 188978561024, my id = 2, error =","Connection broken for id <*>, my id = <*>, error =",Zookeeper,Unseen,"Connection broken for id <*>, my id = <*>, error = <*>",1.1890389919281006
"Connection broken for id 188978561024, my id = 2, error =","Connection broken for id <*>, my id = <*>, error =",Zookeeper,Unseen,"Connection broken for id <*>, my id = <*>, error = <*>",1.1773340702056885
"Connection broken for id 188978561024, my id = 2, error =","Connection broken for id <*>, my id = <*>, error =",Zookeeper,Unseen,"Connection broken for id <*>, my id = <*>, error = <*>",1.1772081851959229
"Connection broken for id 188978561024, my id = 2, error =","Connection broken for id <*>, my id = <*>, error =",Zookeeper,Unseen,"Connection broken for id <*>, my id = <*>, error = <*>",1.183333396911621
"Connection broken for id 188978561024, my id = 2, error =","Connection broken for id <*>, my id = <*>, error =",Zookeeper,Unseen,"Connection broken for id <*>, my id = <*>, error = <*>",1.1782073974609375
"Connection broken for id 188978561024, my id = 2, error =","Connection broken for id <*>, my id = <*>, error =",Zookeeper,Unseen,"Connection broken for id <*>, my id = <*>, error = <*>",1.2906088829040527
"Connection broken for id 188978561024, my id = 2, error =","Connection broken for id <*>, my id = <*>, error =",Zookeeper,Unseen,"Connection broken for id <*>, my id = <*>, error = <*>",1.164602518081665
"Connection broken for id 188978561024, my id = 2, error =","Connection broken for id <*>, my id = <*>, error =",Zookeeper,Unseen,"Connection broken for id <*>, my id = <*>, error = <*>",1.17274808883667
"Connection broken for id 188978561024, my id = 2, error =","Connection broken for id <*>, my id = <*>, error =",Zookeeper,Unseen,"Connection broken for id <*>, my id = <*>, error = <*>",1.22237229347229
"Connection broken for id 188978561024, my id = 2, error =","Connection broken for id <*>, my id = <*>, error =",Zookeeper,Unseen,"Connection broken for id <*>, my id = <*>, error = <*>",1.1904637813568115
"Connection broken for id 188978561024, my id = 2, error =","Connection broken for id <*>, my id = <*>, error =",Zookeeper,Unseen,"Connection broken for id <*>, my id = <*>, error = <*>",1.1804463863372803
"Connection broken for id 188978561024, my id = 2, error =","Connection broken for id <*>, my id = <*>, error =",Zookeeper,Unseen,"Connection broken for id <*>, my id = <*>, error = <*>",1.1838510036468506
"Connection broken for id 188978561024, my id = 2, error =","Connection broken for id <*>, my id = <*>, error =",Zookeeper,Unseen,"Connection broken for id <*>, my id = <*>, error = <*>",1.1856789588928223
"Connection broken for id 188978561024, my id = 2, error =","Connection broken for id <*>, my id = <*>, error =",Zookeeper,Unseen,"Connection broken for id <*>, my id = <*>, error = <*>",1.1709916591644287
"Connection broken for id 188978561024, my id = 2, error =","Connection broken for id <*>, my id = <*>, error =",Zookeeper,Unseen,"Connection broken for id <*>, my id = <*>, error = <*>",1.1769893169403076
"Connection broken for id 188978561024, my id = 2, error =","Connection broken for id <*>, my id = <*>, error =",Zookeeper,Unseen,"Connection broken for id <*>, my id = <*>, error = <*>",1.1692936420440674
"Connection broken for id 188978561024, my id = 2, error =","Connection broken for id <*>, my id = <*>, error =",Zookeeper,Unseen,"Connection broken for id <*>, my id = <*>, error = <*>",1.170971155166626
"Connection broken for id 188978561024, my id = 2, error =","Connection broken for id <*>, my id = <*>, error =",Zookeeper,Unseen,"Connection broken for id <*>, my id = <*>, error = <*>",1.1912987232208252
"Connection broken for id 188978561024, my id = 2, error =","Connection broken for id <*>, my id = <*>, error =",Zookeeper,Unseen,"Connection broken for id <*>, my id = <*>, error = <*>",1.2131767272949219
"Connection broken for id 188978561024, my id = 2, error =","Connection broken for id <*>, my id = <*>, error =",Zookeeper,Unseen,"Connection broken for id <*>, my id = <*>, error = <*>",1.1728200912475586
"Connection broken for id 188978561024, my id = 2, error =","Connection broken for id <*>, my id = <*>, error =",Zookeeper,Unseen,"Connection broken for id <*>, my id = <*>, error = <*>",1.1843016147613525
"Connection broken for id 188978561024, my id = 2, error =","Connection broken for id <*>, my id = <*>, error =",Zookeeper,Unseen,"Connection broken for id <*>, my id = <*>, error = <*>",1.1867246627807617
"Connection broken for id 188978561024, my id = 2, error =","Connection broken for id <*>, my id = <*>, error =",Zookeeper,Unseen,"Connection broken for id <*>, my id = <*>, error = <*>",1.1737663745880127
"Connection broken for id 188978561024, my id = 2, error =","Connection broken for id <*>, my id = <*>, error =",Zookeeper,Unseen,"Connection broken for id <*>, my id = <*>, error = <*>",1.1844561100006104
"Connection broken for id 188978561024, my id = 2, error =","Connection broken for id <*>, my id = <*>, error =",Zookeeper,Unseen,"Connection broken for id <*>, my id = <*>, error = <*>",1.1721370220184326
"Connection broken for id 188978561024, my id = 2, error =","Connection broken for id <*>, my id = <*>, error =",Zookeeper,Unseen,"Connection broken for id <*>, my id = <*>, error = <*>",1.1757323741912842
"Connection broken for id 188978561024, my id = 2, error =","Connection broken for id <*>, my id = <*>, error =",Zookeeper,Unseen,"Connection broken for id <*>, my id = <*>, error = <*>",1.170262098312378
"Connection broken for id 188978561024, my id = 2, error =","Connection broken for id <*>, my id = <*>, error =",Zookeeper,Unseen,"Connection broken for id <*>, my id = <*>, error = <*>",1.231097936630249
"Connection broken for id 188978561024, my id = 2, error =","Connection broken for id <*>, my id = <*>, error =",Zookeeper,Unseen,"Connection broken for id <*>, my id = <*>, error = <*>",1.1963109970092773
FOLLOWING,FOLLOWING,Zookeeper,Unseen,FOLLOWING,0.37516164779663086
Server environment:java.class.path=/etc/zookeeper/conf:/usr/share/java/jline.jar:/usr/share/java/log4j-1.2.jar:/usr/share/java/xercesImpl.jar:/usr/share/java/xmlParserAPIs.jar:/usr/share/java/netty.jar:/usr/share/java/slf4j-api.jar:/usr/share/java/slf4j-log4j12.jar:/usr/share/java/zookeeper.jar,Server environment:<*>,Zookeeper,Unseen,Server environment:java.class.path=<*>:<*>:<*>:<*>:<*>:<*>:<*>:<*>,2.133033037185669
"Notification: 2 (n.leader), 0xa0000009a (n.zxid), 0x1 (n.round), FOLLOWING (n.state), 1 (n.sid), 0xa (n.peerEPoch), LEADING (my state)","Notification: <*> (n.leader), <*> (n.zxid), <*> (n.round), FOLLOWING (n.state), <*> (n.sid), <*> (n.peerEPoch), LEADING (my state)",Zookeeper,Unseen,"Notification: <*> (n.leader), <*> (n.zxid), <*> (n.round), FOLLOWING (n.state), <*> (n.sid), <*> (n.peerEPoch), LEADING (my state)",3.757718801498413
shutdown of request processor complete,shutdown of request processor complete,Zookeeper,Unseen,shutdown of request processor complete,0.5008852481842041
Exception causing close of session 0x0 due to java.io.IOException: ZooKeeperServer not running,Exception causing close of session <*> due to java.io.IOException: ZooKeeperServer not running,Zookeeper,Unseen,Exception causing close of session <*> due to java.io.IOException: ZooKeeperServer not running,1.5408453941345215
Exception causing close of session 0x0 due to java.io.IOException: ZooKeeperServer not running,Exception causing close of session <*> due to java.io.IOException: ZooKeeperServer not running,Zookeeper,Unseen,Exception causing close of session <*> due to java.io.IOException: ZooKeeperServer not running,1.5739543437957764
"Connection broken for id 188978561024, my id = 3, error =","Connection broken for id <*>, my id = <*>, error =",Zookeeper,Unseen,"Connection broken for id <*>, my id = <*>, error = <*>",1.2161426544189453
"Connection broken for id 188978561024, my id = 3, error =","Connection broken for id <*>, my id = <*>, error =",Zookeeper,Unseen,"Connection broken for id <*>, my id = <*>, error = <*>",1.3485352993011475
"Connection broken for id 188978561024, my id = 3, error =","Connection broken for id <*>, my id = <*>, error =",Zookeeper,Unseen,"Connection broken for id <*>, my id = <*>, error = <*>",1.2337112426757812
"Connection broken for id 188978561024, my id = 3, error =","Connection broken for id <*>, my id = <*>, error =",Zookeeper,Unseen,"Connection broken for id <*>, my id = <*>, error = <*>",1.1729979515075684
"Connection broken for id 188978561024, my id = 3, error =","Connection broken for id <*>, my id = <*>, error =",Zookeeper,Unseen,"Connection broken for id <*>, my id = <*>, error = <*>",1.1746001243591309
"Connection broken for id 188978561024, my id = 3, error =","Connection broken for id <*>, my id = <*>, error =",Zookeeper,Unseen,"Connection broken for id <*>, my id = <*>, error = <*>",1.1781127452850342
"Connection broken for id 188978561024, my id = 3, error =","Connection broken for id <*>, my id = <*>, error =",Zookeeper,Unseen,"Connection broken for id <*>, my id = <*>, error = <*>",1.1867856979370117
"Connection broken for id 188978561024, my id = 3, error =","Connection broken for id <*>, my id = <*>, error =",Zookeeper,Unseen,"Connection broken for id <*>, my id = <*>, error = <*>",1.1798205375671387
"Connection broken for id 188978561024, my id = 3, error =","Connection broken for id <*>, my id = <*>, error =",Zookeeper,Unseen,"Connection broken for id <*>, my id = <*>, error = <*>",1.178969383239746
"Connection broken for id 188978561024, my id = 3, error =","Connection broken for id <*>, my id = <*>, error =",Zookeeper,Unseen,"Connection broken for id <*>, my id = <*>, error = <*>",1.23478102684021
"Connection broken for id 188978561024, my id = 3, error =","Connection broken for id <*>, my id = <*>, error =",Zookeeper,Unseen,"Connection broken for id <*>, my id = <*>, error = <*>",1.2168827056884766
"Connection broken for id 188978561024, my id = 3, error =","Connection broken for id <*>, my id = <*>, error =",Zookeeper,Unseen,"Connection broken for id <*>, my id = <*>, error = <*>",1.1804134845733643
"Connection broken for id 188978561024, my id = 3, error =","Connection broken for id <*>, my id = <*>, error =",Zookeeper,Unseen,"Connection broken for id <*>, my id = <*>, error = <*>",1.1882822513580322
"Connection broken for id 188978561024, my id = 3, error =","Connection broken for id <*>, my id = <*>, error =",Zookeeper,Unseen,"Connection broken for id <*>, my id = <*>, error = <*>",1.228731632232666
"Connection broken for id 188978561024, my id = 3, error =","Connection broken for id <*>, my id = <*>, error =",Zookeeper,Unseen,"Connection broken for id <*>, my id = <*>, error = <*>",1.1886754035949707
"Connection broken for id 188978561024, my id = 3, error =","Connection broken for id <*>, my id = <*>, error =",Zookeeper,Unseen,"Connection broken for id <*>, my id = <*>, error = <*>",1.163388967514038
"Connection broken for id 188978561024, my id = 3, error =","Connection broken for id <*>, my id = <*>, error =",Zookeeper,Unseen,"Connection broken for id <*>, my id = <*>, error = <*>",1.1593174934387207
"Connection broken for id 188978561024, my id = 3, error =","Connection broken for id <*>, my id = <*>, error =",Zookeeper,Unseen,"Connection broken for id <*>, my id = <*>, error = <*>",1.1615633964538574
"Connection broken for id 188978561024, my id = 3, error =","Connection broken for id <*>, my id = <*>, error =",Zookeeper,Unseen,"Connection broken for id <*>, my id = <*>, error = <*>",1.181502342224121
"Connection broken for id 188978561024, my id = 3, error =","Connection broken for id <*>, my id = <*>, error =",Zookeeper,Unseen,"Connection broken for id <*>, my id = <*>, error = <*>",1.1936471462249756
"Connection broken for id 188978561024, my id = 3, error =","Connection broken for id <*>, my id = <*>, error =",Zookeeper,Unseen,"Connection broken for id <*>, my id = <*>, error = <*>",1.1611535549163818
"Connection broken for id 188978561024, my id = 3, error =","Connection broken for id <*>, my id = <*>, error =",Zookeeper,Unseen,"Connection broken for id <*>, my id = <*>, error = <*>",1.1648340225219727
"Connection broken for id 188978561024, my id = 3, error =","Connection broken for id <*>, my id = <*>, error =",Zookeeper,Unseen,"Connection broken for id <*>, my id = <*>, error = <*>",1.172783374786377
"Connection broken for id 188978561024, my id = 3, error =","Connection broken for id <*>, my id = <*>, error =",Zookeeper,Unseen,"Connection broken for id <*>, my id = <*>, error = <*>",1.2023308277130127
"Connection broken for id 188978561024, my id = 3, error =","Connection broken for id <*>, my id = <*>, error =",Zookeeper,Unseen,"Connection broken for id <*>, my id = <*>, error = <*>",1.1813926696777344
"Connection broken for id 188978561024, my id = 3, error =","Connection broken for id <*>, my id = <*>, error =",Zookeeper,Unseen,"Connection broken for id <*>, my id = <*>, error = <*>",1.1675736904144287
"Connection broken for id 188978561024, my id = 3, error =","Connection broken for id <*>, my id = <*>, error =",Zookeeper,Unseen,"Connection broken for id <*>, my id = <*>, error = <*>",1.1672863960266113
"Connection broken for id 188978561024, my id = 3, error =","Connection broken for id <*>, my id = <*>, error =",Zookeeper,Unseen,"Connection broken for id <*>, my id = <*>, error = <*>",1.1671886444091797
"Connection broken for id 188978561024, my id = 3, error =","Connection broken for id <*>, my id = <*>, error =",Zookeeper,Unseen,"Connection broken for id <*>, my id = <*>, error = <*>",1.21195387840271
"Connection broken for id 188978561024, my id = 3, error =","Connection broken for id <*>, my id = <*>, error =",Zookeeper,Unseen,"Connection broken for id <*>, my id = <*>, error = <*>",1.1961650848388672
"Connection broken for id 188978561024, my id = 3, error =","Connection broken for id <*>, my id = <*>, error =",Zookeeper,Unseen,"Connection broken for id <*>, my id = <*>, error = <*>",1.1659553050994873
"Connection broken for id 188978561024, my id = 3, error =","Connection broken for id <*>, my id = <*>, error =",Zookeeper,Unseen,"Connection broken for id <*>, my id = <*>, error = <*>",1.1848218441009521
"Connection broken for id 188978561024, my id = 3, error =","Connection broken for id <*>, my id = <*>, error =",Zookeeper,Unseen,"Connection broken for id <*>, my id = <*>, error = <*>",1.1710219383239746
"Connection broken for id 188978561024, my id = 3, error =","Connection broken for id <*>, my id = <*>, error =",Zookeeper,Unseen,"Connection broken for id <*>, my id = <*>, error = <*>",1.1860933303833008
"Connection broken for id 188978561024, my id = 3, error =","Connection broken for id <*>, my id = <*>, error =",Zookeeper,Unseen,"Connection broken for id <*>, my id = <*>, error = <*>",1.1834712028503418
"Connection broken for id 188978561024, my id = 3, error =","Connection broken for id <*>, my id = <*>, error =",Zookeeper,Unseen,"Connection broken for id <*>, my id = <*>, error = <*>",1.1671173572540283
"Connection broken for id 188978561024, my id = 3, error =","Connection broken for id <*>, my id = <*>, error =",Zookeeper,Unseen,"Connection broken for id <*>, my id = <*>, error = <*>",1.183166265487671
"Connection broken for id 188978561024, my id = 3, error =","Connection broken for id <*>, my id = <*>, error =",Zookeeper,Unseen,"Connection broken for id <*>, my id = <*>, error = <*>",1.1791629791259766
"Connection broken for id 188978561024, my id = 3, error =","Connection broken for id <*>, my id = <*>, error =",Zookeeper,Unseen,"Connection broken for id <*>, my id = <*>, error = <*>",1.235030174255371
"Connection broken for id 188978561024, my id = 3, error =","Connection broken for id <*>, my id = <*>, error =",Zookeeper,Unseen,"Connection broken for id <*>, my id = <*>, error = <*>",1.1761388778686523
"Connection broken for id 188978561024, my id = 3, error =","Connection broken for id <*>, my id = <*>, error =",Zookeeper,Unseen,"Connection broken for id <*>, my id = <*>, error = <*>",1.1844353675842285
"Connection broken for id 188978561024, my id = 3, error =","Connection broken for id <*>, my id = <*>, error =",Zookeeper,Unseen,"Connection broken for id <*>, my id = <*>, error = <*>",1.181912899017334
"Connection broken for id 188978561024, my id = 3, error =","Connection broken for id <*>, my id = <*>, error =",Zookeeper,Unseen,"Connection broken for id <*>, my id = <*>, error = <*>",1.1737017631530762
"Connection broken for id 188978561024, my id = 3, error =","Connection broken for id <*>, my id = <*>, error =",Zookeeper,Unseen,"Connection broken for id <*>, my id = <*>, error = <*>",1.1859118938446045
"Connection broken for id 188978561024, my id = 3, error =","Connection broken for id <*>, my id = <*>, error =",Zookeeper,Unseen,"Connection broken for id <*>, my id = <*>, error = <*>",1.1855390071868896
"Connection broken for id 188978561024, my id = 3, error =","Connection broken for id <*>, my id = <*>, error =",Zookeeper,Unseen,"Connection broken for id <*>, my id = <*>, error = <*>",1.1737282276153564
"Connection broken for id 188978561024, my id = 3, error =","Connection broken for id <*>, my id = <*>, error =",Zookeeper,Unseen,"Connection broken for id <*>, my id = <*>, error = <*>",1.1718463897705078
"Connection broken for id 188978561024, my id = 3, error =","Connection broken for id <*>, my id = <*>, error =",Zookeeper,Unseen,"Connection broken for id <*>, my id = <*>, error = <*>",1.201770544052124
"Connection broken for id 188978561024, my id = 3, error =","Connection broken for id <*>, my id = <*>, error =",Zookeeper,Unseen,"Connection broken for id <*>, my id = <*>, error = <*>",1.2110145092010498
"Connection broken for id 188978561024, my id = 3, error =","Connection broken for id <*>, my id = <*>, error =",Zookeeper,Unseen,"Connection broken for id <*>, my id = <*>, error = <*>",1.17643404006958
"Connection broken for id 188978561024, my id = 3, error =","Connection broken for id <*>, my id = <*>, error =",Zookeeper,Unseen,"Connection broken for id <*>, my id = <*>, error = <*>",1.1886732578277588
"Connection broken for id 188978561024, my id = 3, error =","Connection broken for id <*>, my id = <*>, error =",Zookeeper,Unseen,"Connection broken for id <*>, my id = <*>, error = <*>",1.1839795112609863
"Connection broken for id 188978561024, my id = 3, error =","Connection broken for id <*>, my id = <*>, error =",Zookeeper,Unseen,"Connection broken for id <*>, my id = <*>, error = <*>",1.1742498874664307
"Connection broken for id 188978561024, my id = 3, error =","Connection broken for id <*>, my id = <*>, error =",Zookeeper,Unseen,"Connection broken for id <*>, my id = <*>, error = <*>",1.1816341876983643
"Connection broken for id 188978561024, my id = 3, error =","Connection broken for id <*>, my id = <*>, error =",Zookeeper,Unseen,"Connection broken for id <*>, my id = <*>, error = <*>",1.1793036460876465
"Connection broken for id 188978561024, my id = 3, error =","Connection broken for id <*>, my id = <*>, error =",Zookeeper,Unseen,"Connection broken for id <*>, my id = <*>, error = <*>",1.1745426654815674
"Connection broken for id 188978561024, my id = 3, error =","Connection broken for id <*>, my id = <*>, error =",Zookeeper,Unseen,"Connection broken for id <*>, my id = <*>, error = <*>",1.1721179485321045
"Connection broken for id 188978561024, my id = 3, error =","Connection broken for id <*>, my id = <*>, error =",Zookeeper,Unseen,"Connection broken for id <*>, my id = <*>, error = <*>",1.2486248016357422
"Connection broken for id 188978561024, my id = 3, error =","Connection broken for id <*>, my id = <*>, error =",Zookeeper,Unseen,"Connection broken for id <*>, my id = <*>, error = <*>",1.1893377304077148
"Connection broken for id 188978561024, my id = 3, error =","Connection broken for id <*>, my id = <*>, error =",Zookeeper,Unseen,"Connection broken for id <*>, my id = <*>, error = <*>",1.178560733795166
"Connection broken for id 188978561024, my id = 3, error =","Connection broken for id <*>, my id = <*>, error =",Zookeeper,Unseen,"Connection broken for id <*>, my id = <*>, error = <*>",1.1786394119262695
"Connection broken for id 188978561024, my id = 3, error =","Connection broken for id <*>, my id = <*>, error =",Zookeeper,Unseen,"Connection broken for id <*>, my id = <*>, error = <*>",1.1852355003356934
"Connection broken for id 188978561024, my id = 3, error =","Connection broken for id <*>, my id = <*>, error =",Zookeeper,Unseen,"Connection broken for id <*>, my id = <*>, error = <*>",1.1739428043365479
"Connection broken for id 188978561024, my id = 3, error =","Connection broken for id <*>, my id = <*>, error =",Zookeeper,Unseen,"Connection broken for id <*>, my id = <*>, error = <*>",1.1798064708709717
"Connection broken for id 188978561024, my id = 3, error =","Connection broken for id <*>, my id = <*>, error =",Zookeeper,Unseen,"Connection broken for id <*>, my id = <*>, error = <*>",1.180572271347046
"Connection broken for id 188978561024, my id = 3, error =","Connection broken for id <*>, my id = <*>, error =",Zookeeper,Unseen,"Connection broken for id <*>, my id = <*>, error = <*>",1.1802620887756348
"Connection broken for id 188978561024, my id = 3, error =","Connection broken for id <*>, my id = <*>, error =",Zookeeper,Unseen,"Connection broken for id <*>, my id = <*>, error = <*>",1.1895723342895508
"Connection broken for id 188978561024, my id = 3, error =","Connection broken for id <*>, my id = <*>, error =",Zookeeper,Unseen,"Connection broken for id <*>, my id = <*>, error = <*>",1.2662959098815918
"Connection broken for id 188978561024, my id = 3, error =","Connection broken for id <*>, my id = <*>, error =",Zookeeper,Unseen,"Connection broken for id <*>, my id = <*>, error = <*>",1.1960477828979492
"Connection broken for id 188978561024, my id = 3, error =","Connection broken for id <*>, my id = <*>, error =",Zookeeper,Unseen,"Connection broken for id <*>, my id = <*>, error = <*>",1.2368366718292236
"Connection broken for id 188978561024, my id = 3, error =","Connection broken for id <*>, my id = <*>, error =",Zookeeper,Unseen,"Connection broken for id <*>, my id = <*>, error = <*>",1.1768827438354492
"Connection broken for id 188978561024, my id = 3, error =","Connection broken for id <*>, my id = <*>, error =",Zookeeper,Unseen,"Connection broken for id <*>, my id = <*>, error = <*>",1.2278599739074707
"Connection broken for id 188978561024, my id = 3, error =","Connection broken for id <*>, my id = <*>, error =",Zookeeper,Unseen,"Connection broken for id <*>, my id = <*>, error = <*>",1.185744047164917
"Connection broken for id 188978561024, my id = 3, error =","Connection broken for id <*>, my id = <*>, error =",Zookeeper,Unseen,"Connection broken for id <*>, my id = <*>, error = <*>",1.192030429840088
"Connection broken for id 188978561024, my id = 3, error =","Connection broken for id <*>, my id = <*>, error =",Zookeeper,Unseen,"Connection broken for id <*>, my id = <*>, error = <*>",1.1933238506317139
"Connection broken for id 188978561024, my id = 3, error =","Connection broken for id <*>, my id = <*>, error =",Zookeeper,Unseen,"Connection broken for id <*>, my id = <*>, error = <*>",1.1905524730682373
"Connection broken for id 188978561024, my id = 3, error =","Connection broken for id <*>, my id = <*>, error =",Zookeeper,Unseen,"Connection broken for id <*>, my id = <*>, error = <*>",1.2243597507476807
"Connection broken for id 188978561024, my id = 3, error =","Connection broken for id <*>, my id = <*>, error =",Zookeeper,Unseen,"Connection broken for id <*>, my id = <*>, error = <*>",1.2083475589752197
"Connection broken for id 188978561024, my id = 3, error =","Connection broken for id <*>, my id = <*>, error =",Zookeeper,Unseen,"Connection broken for id <*>, my id = <*>, error = <*>",1.1981151103973389
"Connection broken for id 188978561024, my id = 3, error =","Connection broken for id <*>, my id = <*>, error =",Zookeeper,Unseen,"Connection broken for id <*>, my id = <*>, error = <*>",1.1906402111053467
"Connection broken for id 188978561024, my id = 3, error =","Connection broken for id <*>, my id = <*>, error =",Zookeeper,Unseen,"Connection broken for id <*>, my id = <*>, error = <*>",1.1938998699188232
"Connection broken for id 188978561024, my id = 3, error =","Connection broken for id <*>, my id = <*>, error =",Zookeeper,Unseen,"Connection broken for id <*>, my id = <*>, error = <*>",1.189638614654541
"Connection broken for id 188978561024, my id = 3, error =","Connection broken for id <*>, my id = <*>, error =",Zookeeper,Unseen,"Connection broken for id <*>, my id = <*>, error = <*>",1.1860015392303467
"Connection broken for id 188978561024, my id = 3, error =","Connection broken for id <*>, my id = <*>, error =",Zookeeper,Unseen,"Connection broken for id <*>, my id = <*>, error = <*>",1.1888034343719482
"Connection broken for id 188978561024, my id = 3, error =","Connection broken for id <*>, my id = <*>, error =",Zookeeper,Unseen,"Connection broken for id <*>, my id = <*>, error = <*>",1.2087688446044922
"Connection broken for id 188978561024, my id = 3, error =","Connection broken for id <*>, my id = <*>, error =",Zookeeper,Unseen,"Connection broken for id <*>, my id = <*>, error = <*>",1.2147061824798584
"Connection broken for id 188978561024, my id = 3, error =","Connection broken for id <*>, my id = <*>, error =",Zookeeper,Unseen,"Connection broken for id <*>, my id = <*>, error = <*>",1.2036759853363037
"Connection broken for id 188978561024, my id = 3, error =","Connection broken for id <*>, my id = <*>, error =",Zookeeper,Unseen,"Connection broken for id <*>, my id = <*>, error = <*>",1.1892001628875732
"Connection broken for id 188978561024, my id = 3, error =","Connection broken for id <*>, my id = <*>, error =",Zookeeper,Unseen,"Connection broken for id <*>, my id = <*>, error = <*>",1.1976838111877441
"Connection broken for id 188978561024, my id = 3, error =","Connection broken for id <*>, my id = <*>, error =",Zookeeper,Unseen,"Connection broken for id <*>, my id = <*>, error = <*>",1.1934022903442383
"Connection broken for id 188978561024, my id = 3, error =","Connection broken for id <*>, my id = <*>, error =",Zookeeper,Unseen,"Connection broken for id <*>, my id = <*>, error = <*>",1.1897873878479004
"Connection broken for id 188978561024, my id = 3, error =","Connection broken for id <*>, my id = <*>, error =",Zookeeper,Unseen,"Connection broken for id <*>, my id = <*>, error = <*>",1.1902844905853271
"Connection broken for id 188978561024, my id = 3, error =","Connection broken for id <*>, my id = <*>, error =",Zookeeper,Unseen,"Connection broken for id <*>, my id = <*>, error = <*>",1.1930310726165771
"Connection broken for id 188978561024, my id = 3, error =","Connection broken for id <*>, my id = <*>, error =",Zookeeper,Unseen,"Connection broken for id <*>, my id = <*>, error = <*>",1.1986100673675537
"Connection broken for id 188978561024, my id = 3, error =","Connection broken for id <*>, my id = <*>, error =",Zookeeper,Unseen,"Connection broken for id <*>, my id = <*>, error = <*>",1.195249080657959
"Connection broken for id 188978561024, my id = 3, error =","Connection broken for id <*>, my id = <*>, error =",Zookeeper,Unseen,"Connection broken for id <*>, my id = <*>, error = <*>",1.1988551616668701
"Connection broken for id 188978561024, my id = 3, error =","Connection broken for id <*>, my id = <*>, error =",Zookeeper,Unseen,"Connection broken for id <*>, my id = <*>, error = <*>",1.2055513858795166
"Connection broken for id 188978561024, my id = 3, error =","Connection broken for id <*>, my id = <*>, error =",Zookeeper,Unseen,"Connection broken for id <*>, my id = <*>, error = <*>",1.199779987335205
"Connection broken for id 188978561024, my id = 3, error =","Connection broken for id <*>, my id = <*>, error =",Zookeeper,Unseen,"Connection broken for id <*>, my id = <*>, error = <*>",1.1884386539459229
"Connection broken for id 1, my id = 3, error =","Connection broken for id <*>, my id = <*>, error =",Zookeeper,Unseen,"Connection broken for id <*>, my id = <*>, error = <*>",1.1988961696624756
minSessionTimeout set to -1,minSessionTimeout set to <*>,Zookeeper,Unseen,minSessionTimeout set to <*>,0.5697994232177734
Server environment:os.name=Linux,Server environment:<*>,Zookeeper,Unseen,Server environment:os.name=<*>,0.6931078433990479
Server environment:user.name=zookeeper,Server environment:<*>,Zookeeper,Unseen,Server environment:user.name=<*>,0.696732759475708
minSessionTimeout set to -1,minSessionTimeout set to <*>,Zookeeper,Unseen,minSessionTimeout set to <*>,0.5864503383636475
Server environment:java.home=/usr/lib/jvm/java-7-openjdk-amd64/jre,Server environment:<*>,Zookeeper,Unseen,Server environment:java.home=<*>,0.6935327053070068
