Content,EventTemplate,Dataset,Category,Unseen_LLAMA_FT_HealthApp_2,Inference_time_2
onReceive action: android.intent.action.SCREEN_ON,onReceive action: android.intent.action.SCREEN_ON,HealthApp,Unseen,onReceive action: android.intent.action.SCREEN_ON,4.498885631561279
setTodayTotalDetailSteps=1514038440000##7007##548365##8661##12361##27173954,setTodayTotalDetailSteps=<*>##<*>##<*>##<*>##<*>##<*>,HealthApp,Unseen,setTodayTotalDetailSteps=<*>##<*>##<*>##<*>##<*>##<*>,1.7352373600006104
REPORT : 7007 5002 150089 240,REPORT : <*> <*> <*> <*>,HealthApp,Unseen,REPORT : <*> <*> <*> <*>,0.8240292072296143
setTodayTotalDetailSteps=1514038440000##7008##548365##8661##12456##27174269,setTodayTotalDetailSteps=<*>##<*>##<*>##<*>##<*>##<*>,HealthApp,Unseen,setTodayTotalDetailSteps=<*>##<*>##<*>##<*>##<*>##<*>,1.7127571105957031
REPORT : 7008 5003 150111 240,REPORT : <*> <*> <*> <*>,HealthApp,Unseen,REPORT : <*> <*> <*> <*>,0.8409106731414795
setTodayTotalDetailSteps=1514038440000##7009##548365##8661##12551##27174951,setTodayTotalDetailSteps=<*>##<*>##<*>##<*>##<*>##<*>,HealthApp,Unseen,setTodayTotalDetailSteps=<*>##<*>##<*>##<*>##<*>##<*>,1.7026240825653076
REPORT : 7009 5004 150132 240,REPORT : <*> <*> <*> <*>,HealthApp,Unseen,REPORT : <*> <*> <*> <*>,0.827441930770874
setTodayTotalDetailSteps=1514038440000##7011##548365##8661##12646##27175461,setTodayTotalDetailSteps=<*>##<*>##<*>##<*>##<*>##<*>,HealthApp,Unseen,setTodayTotalDetailSteps=<*>##<*>##<*>##<*>##<*>##<*>,1.706676959991455
REPORT : 7011 5005 150175 240,REPORT : <*> <*> <*> <*>,HealthApp,Unseen,REPORT : <*> <*> <*> <*>,0.8323793411254883
setTodayTotalDetailSteps=1514038440000##7012##548365##8661##12741##27176464,setTodayTotalDetailSteps=<*>##<*>##<*>##<*>##<*>##<*>,HealthApp,Unseen,setTodayTotalDetailSteps=<*>##<*>##<*>##<*>##<*>##<*>,1.6886625289916992
REPORT : 7012 5006 150197 240,REPORT : <*> <*> <*> <*>,HealthApp,Unseen,REPORT : <*> <*> <*> <*>,0.8358719348907471
setTodayTotalDetailSteps=1514038440000##7013##548365##8661##12836##27176966,setTodayTotalDetailSteps=<*>##<*>##<*>##<*>##<*>##<*>,HealthApp,Unseen,setTodayTotalDetailSteps=<*>##<*>##<*>##<*>##<*>##<*>,1.7050011157989502
REPORT : 7013 5007 150218 240,REPORT : <*> <*> <*> <*>,HealthApp,Unseen,REPORT : <*> <*> <*> <*>,0.8196656703948975
setTodayTotalDetailSteps=1514038440000##7014##548365##8661##12931##27177463,setTodayTotalDetailSteps=<*>##<*>##<*>##<*>##<*>##<*>,HealthApp,Unseen,setTodayTotalDetailSteps=<*>##<*>##<*>##<*>##<*>##<*>,1.7081077098846436
REPORT : 7014 5007 150239 240,REPORT : <*> <*> <*> <*>,HealthApp,Unseen,REPORT : <*> <*> <*> <*>,0.8383281230926514
setTodayTotalDetailSteps=1514038440000##7015##548365##8661##13026##27177962,setTodayTotalDetailSteps=<*>##<*>##<*>##<*>##<*>##<*>,HealthApp,Unseen,setTodayTotalDetailSteps=<*>##<*>##<*>##<*>##<*>##<*>,1.685342788696289
REPORT : 7015 5008 150261 240,REPORT : <*> <*> <*> <*>,HealthApp,Unseen,REPORT : <*> <*> <*> <*>,0.839552640914917
onReceive action: android.intent.action.SCREEN_OFF,onReceive action: android.intent.action.SCREEN_OFF,HealthApp,Unseen,onReceive action: android.intent.action.SCREEN_OFF,1.090008020401001
setTodayTotalDetailSteps=1514038440000##7017##548365##8661##13121##27179330,setTodayTotalDetailSteps=<*>##<*>##<*>##<*>##<*>##<*>,HealthApp,Unseen,setTodayTotalDetailSteps=<*>##<*>##<*>##<*>##<*>##<*>,1.7062897682189941
"screen status unknown,think screen on","screen status unknown,think screen on",HealthApp,Unseen,"screen status unknown,think screen on",0.5836501121520996
REPORT : 7017 5010 150304 240,REPORT : <*> <*> <*> <*>,HealthApp,Unseen,REPORT : <*> <*> <*> <*>,0.8267543315887451
onReceive action: android.intent.action.SCREEN_ON,onReceive action: android.intent.action.SCREEN_ON,HealthApp,Unseen,onReceive action: android.intent.action.SCREEN_ON,1.0793280601501465
setTodayTotalDetailSteps=1514038440000##7017##548365##8661##13216##27179417,setTodayTotalDetailSteps=<*>##<*>##<*>##<*>##<*>##<*>,HealthApp,Unseen,setTodayTotalDetailSteps=<*>##<*>##<*>##<*>##<*>##<*>,1.684264898300171
REPORT : 7017 5010 150304 240,REPORT : <*> <*> <*> <*>,HealthApp,Unseen,REPORT : <*> <*> <*> <*>,0.8294956684112549
setTodayTotalDetailSteps=1514038440000##7018##548365##8661##13311##27179732,setTodayTotalDetailSteps=<*>##<*>##<*>##<*>##<*>##<*>,HealthApp,Unseen,setTodayTotalDetailSteps=<*>##<*>##<*>##<*>##<*>##<*>,1.7054524421691895
REPORT : 7018 5010 150325 240,REPORT : <*> <*> <*> <*>,HealthApp,Unseen,REPORT : <*> <*> <*> <*>,0.8268578052520752
setTodayTotalDetailSteps=1514038440000##7019##548365##8661##13406##27180468,setTodayTotalDetailSteps=<*>##<*>##<*>##<*>##<*>##<*>,HealthApp,Unseen,setTodayTotalDetailSteps=<*>##<*>##<*>##<*>##<*>##<*>,1.695909023284912
REPORT : 7019 5011 150346 240,REPORT : <*> <*> <*> <*>,HealthApp,Unseen,REPORT : <*> <*> <*> <*>,0.823563814163208
setTodayTotalDetailSteps=1514038440000##7020##548365##8661##13501##27180976,setTodayTotalDetailSteps=<*>##<*>##<*>##<*>##<*>##<*>,HealthApp,Unseen,setTodayTotalDetailSteps=<*>##<*>##<*>##<*>##<*>##<*>,1.6951112747192383
REPORT : 7020 5012 150368 240,REPORT : <*> <*> <*> <*>,HealthApp,Unseen,REPORT : <*> <*> <*> <*>,0.8188290596008301
setTodayTotalDetailSteps=1514038440000##7021##548365##8661##13596##27181971,setTodayTotalDetailSteps=<*>##<*>##<*>##<*>##<*>##<*>,HealthApp,Unseen,setTodayTotalDetailSteps=<*>##<*>##<*>##<*>##<*>##<*>,1.7161853313446045
REPORT : 7021 5012 150389 240,REPORT : <*> <*> <*> <*>,HealthApp,Unseen,REPORT : <*> <*> <*> <*>,0.8372995853424072
setTodayTotalDetailSteps=1514038440000##7022##548365##8661##13691##27182468,setTodayTotalDetailSteps=<*>##<*>##<*>##<*>##<*>##<*>,HealthApp,Unseen,setTodayTotalDetailSteps=<*>##<*>##<*>##<*>##<*>##<*>,1.7366766929626465
REPORT : 7022 5013 150411 240,REPORT : <*> <*> <*> <*>,HealthApp,Unseen,REPORT : <*> <*> <*> <*>,0.8546574115753174
setTodayTotalDetailSteps=1514038440000##7023##548365##8661##13786##27182973,setTodayTotalDetailSteps=<*>##<*>##<*>##<*>##<*>##<*>,HealthApp,Unseen,setTodayTotalDetailSteps=<*>##<*>##<*>##<*>##<*>##<*>,1.7038674354553223
REPORT : 7023 5014 150432 240,REPORT : <*> <*> <*> <*>,HealthApp,Unseen,REPORT : <*> <*> <*> <*>,0.8281919956207275
setTodayTotalDetailSteps=1514038440000##7024##548365##8661##13881##27183469,setTodayTotalDetailSteps=<*>##<*>##<*>##<*>##<*>##<*>,HealthApp,Unseen,setTodayTotalDetailSteps=<*>##<*>##<*>##<*>##<*>##<*>,1.6992368698120117
REPORT : 7024 5015 150454 240,REPORT : <*> <*> <*> <*>,HealthApp,Unseen,REPORT : <*> <*> <*> <*>,0.8177034854888916
setTodayTotalDetailSteps=1514038440000##7025##548365##8661##13976##27183974,setTodayTotalDetailSteps=<*>##<*>##<*>##<*>##<*>##<*>,HealthApp,Unseen,setTodayTotalDetailSteps=<*>##<*>##<*>##<*>##<*>##<*>,1.6979126930236816
REPORT : 7025 5015 150475 240,REPORT : <*> <*> <*> <*>,HealthApp,Unseen,REPORT : <*> <*> <*> <*>,0.8137085437774658
setTodayTotalDetailSteps=1514038440000##7026##548365##8661##14071##27184972,setTodayTotalDetailSteps=<*>##<*>##<*>##<*>##<*>##<*>,HealthApp,Unseen,setTodayTotalDetailSteps=<*>##<*>##<*>##<*>##<*>##<*>,1.6947150230407715
REPORT : 7026 5016 150496 240,REPORT : <*> <*> <*> <*>,HealthApp,Unseen,REPORT : <*> <*> <*> <*>,0.8396594524383545
setTodayTotalDetailSteps=1514038440000##7027##548365##8661##14166##27185467,setTodayTotalDetailSteps=<*>##<*>##<*>##<*>##<*>##<*>,HealthApp,Unseen,setTodayTotalDetailSteps=<*>##<*>##<*>##<*>##<*>##<*>,1.7110707759857178
REPORT : 7027 5017 150518 240,REPORT : <*> <*> <*> <*>,HealthApp,Unseen,REPORT : <*> <*> <*> <*>,0.8088793754577637
setTodayTotalDetailSteps=1514038440000##7028##548365##8661##14261##27185977,setTodayTotalDetailSteps=<*>##<*>##<*>##<*>##<*>##<*>,HealthApp,Unseen,setTodayTotalDetailSteps=<*>##<*>##<*>##<*>##<*>##<*>,1.7024357318878174
REPORT : 7028 5017 150539 240,REPORT : <*> <*> <*> <*>,HealthApp,Unseen,REPORT : <*> <*> <*> <*>,0.8250026702880859
setTodayTotalDetailSteps=1514038440000##7029##548365##8661##14356##27186469,setTodayTotalDetailSteps=<*>##<*>##<*>##<*>##<*>##<*>,HealthApp,Unseen,setTodayTotalDetailSteps=<*>##<*>##<*>##<*>##<*>##<*>,1.6912376880645752
REPORT : 7029 5018 150561 240,REPORT : <*> <*> <*> <*>,HealthApp,Unseen,REPORT : <*> <*> <*> <*>,0.8306179046630859
setTodayTotalDetailSteps=1514038440000##7030##548365##8661##14451##27187468,setTodayTotalDetailSteps=<*>##<*>##<*>##<*>##<*>##<*>,HealthApp,Unseen,setTodayTotalDetailSteps=<*>##<*>##<*>##<*>##<*>##<*>,1.7105183601379395
REPORT : 7030 5019 150582 240,REPORT : <*> <*> <*> <*>,HealthApp,Unseen,REPORT : <*> <*> <*> <*>,0.8223910331726074
setTodayTotalDetailSteps=1514038440000##7031##548365##8661##14546##27187968,setTodayTotalDetailSteps=<*>##<*>##<*>##<*>##<*>##<*>,HealthApp,Unseen,setTodayTotalDetailSteps=<*>##<*>##<*>##<*>##<*>##<*>,1.7160136699676514
REPORT : 7031 5020 150604 240,REPORT : <*> <*> <*> <*>,HealthApp,Unseen,REPORT : <*> <*> <*> <*>,0.8476822376251221
setTodayTotalDetailSteps=1514038440000##7032##548365##8661##14641##27188471,setTodayTotalDetailSteps=<*>##<*>##<*>##<*>##<*>##<*>,HealthApp,Unseen,setTodayTotalDetailSteps=<*>##<*>##<*>##<*>##<*>##<*>,1.7097556591033936
REPORT : 7032 5020 150625 240,REPORT : <*> <*> <*> <*>,HealthApp,Unseen,REPORT : <*> <*> <*> <*>,0.8069572448730469
setTodayTotalDetailSteps=1514038440000##7033##548365##8661##14736##27189469,setTodayTotalDetailSteps=<*>##<*>##<*>##<*>##<*>##<*>,HealthApp,Unseen,setTodayTotalDetailSteps=<*>##<*>##<*>##<*>##<*>##<*>,1.68052339553833
REPORT : 7033 5021 150646 240,REPORT : <*> <*> <*> <*>,HealthApp,Unseen,REPORT : <*> <*> <*> <*>,0.8091015815734863
setTodayTotalDetailSteps=1514038440000##7034##548365##8661##14831##27189969,setTodayTotalDetailSteps=<*>##<*>##<*>##<*>##<*>##<*>,HealthApp,Unseen,setTodayTotalDetailSteps=<*>##<*>##<*>##<*>##<*>##<*>,1.6806213855743408
REPORT : 7034 5022 150668 240,REPORT : <*> <*> <*> <*>,HealthApp,Unseen,REPORT : <*> <*> <*> <*>,0.8165652751922607
setTodayTotalDetailSteps=1514038440000##7035##548365##8661##14926##27190469,setTodayTotalDetailSteps=<*>##<*>##<*>##<*>##<*>##<*>,HealthApp,Unseen,setTodayTotalDetailSteps=<*>##<*>##<*>##<*>##<*>##<*>,1.6891698837280273
REPORT : 7035 5022 150689 240,REPORT : <*> <*> <*> <*>,HealthApp,Unseen,REPORT : <*> <*> <*> <*>,0.8173165321350098
setTodayTotalDetailSteps=1514038440000##7036##548365##8661##15021##27190970,setTodayTotalDetailSteps=<*>##<*>##<*>##<*>##<*>##<*>,HealthApp,Unseen,setTodayTotalDetailSteps=<*>##<*>##<*>##<*>##<*>##<*>,1.6934723854064941
REPORT : 7036 5023 150711 240,REPORT : <*> <*> <*> <*>,HealthApp,Unseen,REPORT : <*> <*> <*> <*>,0.8226118087768555
setTodayTotalDetailSteps=1514038440000##7037##548365##8661##15116##27191969,setTodayTotalDetailSteps=<*>##<*>##<*>##<*>##<*>##<*>,HealthApp,Unseen,setTodayTotalDetailSteps=<*>##<*>##<*>##<*>##<*>##<*>,1.692234992980957
REPORT : 7037 5024 150732 240,REPORT : <*> <*> <*> <*>,HealthApp,Unseen,REPORT : <*> <*> <*> <*>,0.8227319717407227
setTodayTotalDetailSteps=1514038440000##7038##548365##8661##15211##27192478,setTodayTotalDetailSteps=<*>##<*>##<*>##<*>##<*>##<*>,HealthApp,Unseen,setTodayTotalDetailSteps=<*>##<*>##<*>##<*>##<*>##<*>,1.7339909076690674
REPORT : 7038 5025 150753 240,REPORT : <*> <*> <*> <*>,HealthApp,Unseen,REPORT : <*> <*> <*> <*>,0.8290393352508545
setTodayTotalDetailSteps=1514038440000##7039##548365##8661##15306##27192971,setTodayTotalDetailSteps=<*>##<*>##<*>##<*>##<*>##<*>,HealthApp,Unseen,setTodayTotalDetailSteps=<*>##<*>##<*>##<*>##<*>##<*>,1.7049694061279297
REPORT : 7039 5025 150775 240,REPORT : <*> <*> <*> <*>,HealthApp,Unseen,REPORT : <*> <*> <*> <*>,0.8215847015380859
setTodayTotalDetailSteps=1514038440000##7040##548365##8661##15401##27193971,setTodayTotalDetailSteps=<*>##<*>##<*>##<*>##<*>##<*>,HealthApp,Unseen,setTodayTotalDetailSteps=<*>##<*>##<*>##<*>##<*>##<*>,1.7195358276367188
REPORT : 7040 5026 150796 240,REPORT : <*> <*> <*> <*>,HealthApp,Unseen,REPORT : <*> <*> <*> <*>,0.8480095863342285
setTodayTotalDetailSteps=1514038440000##7041##548365##8661##15496##27194480,setTodayTotalDetailSteps=<*>##<*>##<*>##<*>##<*>##<*>,HealthApp,Unseen,setTodayTotalDetailSteps=<*>##<*>##<*>##<*>##<*>##<*>,1.6919159889221191
REPORT : 7041 5027 150818 240,REPORT : <*> <*> <*> <*>,HealthApp,Unseen,REPORT : <*> <*> <*> <*>,0.8142967224121094
setTodayTotalDetailSteps=1514038440000##7042##548365##8661##15591##27195470,setTodayTotalDetailSteps=<*>##<*>##<*>##<*>##<*>##<*>,HealthApp,Unseen,setTodayTotalDetailSteps=<*>##<*>##<*>##<*>##<*>##<*>,1.7038564682006836
REPORT : 7042 5027 150839 240,REPORT : <*> <*> <*> <*>,HealthApp,Unseen,REPORT : <*> <*> <*> <*>,0.8203914165496826
setTodayTotalDetailSteps=1514038440000##7044##548365##8661##15686##27196480,setTodayTotalDetailSteps=<*>##<*>##<*>##<*>##<*>##<*>,HealthApp,Unseen,setTodayTotalDetailSteps=<*>##<*>##<*>##<*>##<*>##<*>,1.6811141967773438
REPORT : 7044 5029 150882 240,REPORT : <*> <*> <*> <*>,HealthApp,Unseen,REPORT : <*> <*> <*> <*>,0.8082461357116699
setTodayTotalDetailSteps=1514038440000##7045##548365##8661##15781##27196970,setTodayTotalDetailSteps=<*>##<*>##<*>##<*>##<*>##<*>,HealthApp,Unseen,setTodayTotalDetailSteps=<*>##<*>##<*>##<*>##<*>##<*>,1.7011146545410156
REPORT : 7045 5030 150903 240,REPORT : <*> <*> <*> <*>,HealthApp,Unseen,REPORT : <*> <*> <*> <*>,0.8221793174743652
setTodayTotalDetailSteps=1514038440000##7047##548365##8661##15876##27197972,setTodayTotalDetailSteps=<*>##<*>##<*>##<*>##<*>##<*>,HealthApp,Unseen,setTodayTotalDetailSteps=<*>##<*>##<*>##<*>##<*>##<*>,1.6947507858276367
REPORT : 7047 5031 150946 240,REPORT : <*> <*> <*> <*>,HealthApp,Unseen,REPORT : <*> <*> <*> <*>,0.816572904586792
setTodayTotalDetailSteps=1514038440000##7048##548365##8661##15971##27198970,setTodayTotalDetailSteps=<*>##<*>##<*>##<*>##<*>##<*>,HealthApp,Unseen,setTodayTotalDetailSteps=<*>##<*>##<*>##<*>##<*>##<*>,1.705871343612671
REPORT : 7048 5032 150968 240,REPORT : <*> <*> <*> <*>,HealthApp,Unseen,REPORT : <*> <*> <*> <*>,0.8179721832275391
setTodayTotalDetailSteps=1514038440000##7050##548365##8661##16066##27199969,setTodayTotalDetailSteps=<*>##<*>##<*>##<*>##<*>##<*>,HealthApp,Unseen,setTodayTotalDetailSteps=<*>##<*>##<*>##<*>##<*>##<*>,1.6962623596191406
REPORT : 7050 5033 151011 240,REPORT : <*> <*> <*> <*>,HealthApp,Unseen,REPORT : <*> <*> <*> <*>,0.815645694732666
setTodayTotalDetailSteps=1514038440000##7052##548365##8661##16161##27200470,setTodayTotalDetailSteps=<*>##<*>##<*>##<*>##<*>##<*>,HealthApp,Unseen,setTodayTotalDetailSteps=<*>##<*>##<*>##<*>##<*>##<*>,1.7005071640014648
REPORT : 7052 5035 151053 240,REPORT : <*> <*> <*> <*>,HealthApp,Unseen,REPORT : <*> <*> <*> <*>,0.8133025169372559
setTodayTotalDetailSteps=1514038440000##7053##548365##8661##16256##27202475,setTodayTotalDetailSteps=<*>##<*>##<*>##<*>##<*>##<*>,HealthApp,Unseen,setTodayTotalDetailSteps=<*>##<*>##<*>##<*>##<*>##<*>,1.6940500736236572
REPORT : 7053 5035 151075 240,REPORT : <*> <*> <*> <*>,HealthApp,Unseen,REPORT : <*> <*> <*> <*>,0.8319811820983887
setTodayTotalDetailSteps=1514038500000##7054##548458##8661##16256##27204469,setTodayTotalDetailSteps=<*>##<*>##<*>##<*>##<*>##<*>,HealthApp,Unseen,setTodayTotalDetailSteps=<*>##<*>##<*>##<*>##<*>##<*>,1.7069299221038818
REPORT : 7054 5036 151096 240,REPORT : <*> <*> <*> <*>,HealthApp,Unseen,REPORT : <*> <*> <*> <*>,0.8253133296966553
setTodayTotalDetailSteps=1514038500000##7054##548551##8661##16256##27205469,setTodayTotalDetailSteps=<*>##<*>##<*>##<*>##<*>##<*>,HealthApp,Unseen,setTodayTotalDetailSteps=<*>##<*>##<*>##<*>##<*>##<*>,1.6932077407836914
setTodayTotalDetailSteps=1514038560000##7054##548552##8661##16256##27283470,setTodayTotalDetailSteps=<*>##<*>##<*>##<*>##<*>##<*>,HealthApp,Unseen,setTodayTotalDetailSteps=<*>##<*>##<*>##<*>##<*>##<*>,1.7041115760803223
setTodayTotalDetailSteps=1514038560000##7056##548553##8661##16256##27284971,setTodayTotalDetailSteps=<*>##<*>##<*>##<*>##<*>##<*>,HealthApp,Unseen,setTodayTotalDetailSteps=<*>##<*>##<*>##<*>##<*>##<*>,1.6828176975250244
REPORT : 7056 5037 151139 240,REPORT : <*> <*> <*> <*>,HealthApp,Unseen,REPORT : <*> <*> <*> <*>,0.8134140968322754
setTodayTotalDetailSteps=1514038560000##7058##548554##8661##16256##27285475,setTodayTotalDetailSteps=<*>##<*>##<*>##<*>##<*>##<*>,HealthApp,Unseen,setTodayTotalDetailSteps=<*>##<*>##<*>##<*>##<*>##<*>,1.6913745403289795
REPORT : 7058 5039 151182 240,REPORT : <*> <*> <*> <*>,HealthApp,Unseen,REPORT : <*> <*> <*> <*>,0.8336191177368164
setTodayTotalDetailSteps=1514038560000##7060##548555##8661##16256##27285968,setTodayTotalDetailSteps=<*>##<*>##<*>##<*>##<*>##<*>,HealthApp,Unseen,setTodayTotalDetailSteps=<*>##<*>##<*>##<*>##<*>##<*>,1.7083361148834229
REPORT : 7060 5040 151225 240,REPORT : <*> <*> <*> <*>,HealthApp,Unseen,REPORT : <*> <*> <*> <*>,0.828331708908081
setTodayTotalDetailSteps=1514038560000##7062##548556##8661##16256##27286470,setTodayTotalDetailSteps=<*>##<*>##<*>##<*>##<*>##<*>,HealthApp,Unseen,setTodayTotalDetailSteps=<*>##<*>##<*>##<*>##<*>##<*>,1.6951282024383545
REPORT : 7062 5042 151268 240,REPORT : <*> <*> <*> <*>,HealthApp,Unseen,REPORT : <*> <*> <*> <*>,0.8332352638244629
setTodayTotalDetailSteps=1514038560000##7064##548557##8661##16256##27286970,setTodayTotalDetailSteps=<*>##<*>##<*>##<*>##<*>##<*>,HealthApp,Unseen,setTodayTotalDetailSteps=<*>##<*>##<*>##<*>##<*>##<*>,1.7048931121826172
REPORT : 7064 5043 151310 240,REPORT : <*> <*> <*> <*>,HealthApp,Unseen,REPORT : <*> <*> <*> <*>,0.8264849185943604
setTodayTotalDetailSteps=1514038560000##7066##548558##8661##16256##27287469,setTodayTotalDetailSteps=<*>##<*>##<*>##<*>##<*>##<*>,HealthApp,Unseen,setTodayTotalDetailSteps=<*>##<*>##<*>##<*>##<*>##<*>,1.7091526985168457
REPORT : 7066 5045 151353 240,REPORT : <*> <*> <*> <*>,HealthApp,Unseen,REPORT : <*> <*> <*> <*>,0.8151073455810547
setTodayTotalDetailSteps=1514038560000##7068##548559##8661##16256##27287972,setTodayTotalDetailSteps=<*>##<*>##<*>##<*>##<*>##<*>,HealthApp,Unseen,setTodayTotalDetailSteps=<*>##<*>##<*>##<*>##<*>##<*>,1.7019579410552979
REPORT : 7068 5046 151396 240,REPORT : <*> <*> <*> <*>,HealthApp,Unseen,REPORT : <*> <*> <*> <*>,0.8255624771118164
setTodayTotalDetailSteps=1514038560000##7070##548560##8661##16256##27288471,setTodayTotalDetailSteps=<*>##<*>##<*>##<*>##<*>##<*>,HealthApp,Unseen,setTodayTotalDetailSteps=<*>##<*>##<*>##<*>##<*>##<*>,1.6916897296905518
REPORT : 7070 5047 151439 240,REPORT : <*> <*> <*> <*>,HealthApp,Unseen,REPORT : <*> <*> <*> <*>,0.8267781734466553
setTodayTotalDetailSteps=1514038560000##7071##548561##8661##16256##27288973,setTodayTotalDetailSteps=<*>##<*>##<*>##<*>##<*>##<*>,HealthApp,Unseen,setTodayTotalDetailSteps=<*>##<*>##<*>##<*>##<*>##<*>,1.7019274234771729
REPORT : 7071 5048 151460 240,REPORT : <*> <*> <*> <*>,HealthApp,Unseen,REPORT : <*> <*> <*> <*>,0.8286235332489014
setTodayTotalDetailSteps=1514038560000##7074##548562##8661##16256##27289470,setTodayTotalDetailSteps=<*>##<*>##<*>##<*>##<*>##<*>,HealthApp,Unseen,setTodayTotalDetailSteps=<*>##<*>##<*>##<*>##<*>##<*>,1.7012062072753906
REPORT : 7074 5050 151525 240,REPORT : <*> <*> <*> <*>,HealthApp,Unseen,REPORT : <*> <*> <*> <*>,0.811985969543457
setTodayTotalDetailSteps=1514038560000##7074##548563##8661##16256##27292475,setTodayTotalDetailSteps=<*>##<*>##<*>##<*>##<*>##<*>,HealthApp,Unseen,setTodayTotalDetailSteps=<*>##<*>##<*>##<*>##<*>##<*>,1.7075080871582031
setTodayTotalDetailSteps=1514038560000##7075##548564##8661##16256##27309470,setTodayTotalDetailSteps=<*>##<*>##<*>##<*>##<*>##<*>,HealthApp,Unseen,setTodayTotalDetailSteps=<*>##<*>##<*>##<*>##<*>##<*>,1.7000112533569336
REPORT : 7075 5051 151546 240,REPORT : <*> <*> <*> <*>,HealthApp,Unseen,REPORT : <*> <*> <*> <*>,0.8225553035736084
setTodayTotalDetailSteps=1514038560000##7077##548565##8661##16256##27309969,setTodayTotalDetailSteps=<*>##<*>##<*>##<*>##<*>##<*>,HealthApp,Unseen,setTodayTotalDetailSteps=<*>##<*>##<*>##<*>##<*>##<*>,1.685776948928833
REPORT : 7077 5052 151589 240,REPORT : <*> <*> <*> <*>,HealthApp,Unseen,REPORT : <*> <*> <*> <*>,0.8217320442199707
setTodayTotalDetailSteps=1514038560000##7079##548566##8661##16256##27310473,setTodayTotalDetailSteps=<*>##<*>##<*>##<*>##<*>##<*>,HealthApp,Unseen,setTodayTotalDetailSteps=<*>##<*>##<*>##<*>##<*>##<*>,1.6806702613830566
REPORT : 7079 5054 151632 240,REPORT : <*> <*> <*> <*>,HealthApp,Unseen,REPORT : <*> <*> <*> <*>,0.8242793083190918
setTodayTotalDetailSteps=1514038560000##7081##548567##8661##16256##27310970,setTodayTotalDetailSteps=<*>##<*>##<*>##<*>##<*>##<*>,HealthApp,Unseen,setTodayTotalDetailSteps=<*>##<*>##<*>##<*>##<*>##<*>,1.7075040340423584
REPORT : 7081 5055 151675 240,REPORT : <*> <*> <*> <*>,HealthApp,Unseen,REPORT : <*> <*> <*> <*>,0.8244659900665283
setTodayTotalDetailSteps=1514038560000##7083##548568##8661##16256##27311472,setTodayTotalDetailSteps=<*>##<*>##<*>##<*>##<*>##<*>,HealthApp,Unseen,setTodayTotalDetailSteps=<*>##<*>##<*>##<*>##<*>##<*>,1.696638822555542
REPORT : 7083 5057 151717 240,REPORT : <*> <*> <*> <*>,HealthApp,Unseen,REPORT : <*> <*> <*> <*>,0.8194034099578857
setTodayTotalDetailSteps=1514038560000##7084##548569##8661##16256##27311970,setTodayTotalDetailSteps=<*>##<*>##<*>##<*>##<*>##<*>,HealthApp,Unseen,setTodayTotalDetailSteps=<*>##<*>##<*>##<*>##<*>##<*>,1.6989843845367432
REPORT : 7084 5057 151739 240,REPORT : <*> <*> <*> <*>,HealthApp,Unseen,REPORT : <*> <*> <*> <*>,0.8216125965118408
setTodayTotalDetailSteps=1514038560000##7086##548570##8661##16256##27312467,setTodayTotalDetailSteps=<*>##<*>##<*>##<*>##<*>##<*>,HealthApp,Unseen,setTodayTotalDetailSteps=<*>##<*>##<*>##<*>##<*>##<*>,1.694786787033081
REPORT : 7086 5059 151782 240,REPORT : <*> <*> <*> <*>,HealthApp,Unseen,REPORT : <*> <*> <*> <*>,0.8226509094238281
setTodayTotalDetailSteps=1514038560000##7088##548571##8661##16256##27312967,setTodayTotalDetailSteps=<*>##<*>##<*>##<*>##<*>##<*>,HealthApp,Unseen,setTodayTotalDetailSteps=<*>##<*>##<*>##<*>##<*>##<*>,1.694589376449585
REPORT : 7088 5060 151824 240,REPORT : <*> <*> <*> <*>,HealthApp,Unseen,REPORT : <*> <*> <*> <*>,0.8181235790252686
setTodayTotalDetailSteps=1514038560000##7090##548572##8661##16256##27313468,setTodayTotalDetailSteps=<*>##<*>##<*>##<*>##<*>##<*>,HealthApp,Unseen,setTodayTotalDetailSteps=<*>##<*>##<*>##<*>##<*>##<*>,1.6915478706359863
REPORT : 7090 5062 151867 240,REPORT : <*> <*> <*> <*>,HealthApp,Unseen,REPORT : <*> <*> <*> <*>,0.8215012550354004
setTodayTotalDetailSteps=1514038560000##7092##548573##8661##16256##27313974,setTodayTotalDetailSteps=<*>##<*>##<*>##<*>##<*>##<*>,HealthApp,Unseen,setTodayTotalDetailSteps=<*>##<*>##<*>##<*>##<*>##<*>,1.7013225555419922
REPORT : 7092 5063 151910 240,REPORT : <*> <*> <*> <*>,HealthApp,Unseen,REPORT : <*> <*> <*> <*>,0.8269057273864746
setTodayTotalDetailSteps=1514038560000##7094##548574##8661##16256##27314468,setTodayTotalDetailSteps=<*>##<*>##<*>##<*>##<*>##<*>,HealthApp,Unseen,setTodayTotalDetailSteps=<*>##<*>##<*>##<*>##<*>##<*>,1.6945216655731201
REPORT : 7094 5065 151953 240,REPORT : <*> <*> <*> <*>,HealthApp,Unseen,REPORT : <*> <*> <*> <*>,0.81980299949646
setTodayTotalDetailSteps=1514038560000##7095##548575##8661##16256##27314968,setTodayTotalDetailSteps=<*>##<*>##<*>##<*>##<*>##<*>,HealthApp,Unseen,setTodayTotalDetailSteps=<*>##<*>##<*>##<*>##<*>##<*>,1.7122159004211426
REPORT : 7095 5065 151974 240,REPORT : <*> <*> <*> <*>,HealthApp,Unseen,REPORT : <*> <*> <*> <*>,0.835770845413208
setTodayTotalDetailSteps=1514038560000##7097##548576##8661##16256##27315469,setTodayTotalDetailSteps=<*>##<*>##<*>##<*>##<*>##<*>,HealthApp,Unseen,setTodayTotalDetailSteps=<*>##<*>##<*>##<*>##<*>##<*>,1.6844735145568848
REPORT : 7097 5067 152017 240,REPORT : <*> <*> <*> <*>,HealthApp,Unseen,REPORT : <*> <*> <*> <*>,0.8273444175720215
setTodayTotalDetailSteps=1514038560000##7099##548577##8661##16256##27315983,setTodayTotalDetailSteps=<*>##<*>##<*>##<*>##<*>##<*>,HealthApp,Unseen,setTodayTotalDetailSteps=<*>##<*>##<*>##<*>##<*>##<*>,1.7166311740875244
REPORT : 7099 5068 152060 240,REPORT : <*> <*> <*> <*>,HealthApp,Unseen,REPORT : <*> <*> <*> <*>,0.8320205211639404
setTodayTotalDetailSteps=1514038560000##7101##548578##8661##16256##27316470,setTodayTotalDetailSteps=<*>##<*>##<*>##<*>##<*>##<*>,HealthApp,Unseen,setTodayTotalDetailSteps=<*>##<*>##<*>##<*>##<*>##<*>,1.709517002105713
REPORT : 7101 5070 152103 240,REPORT : <*> <*> <*> <*>,HealthApp,Unseen,REPORT : <*> <*> <*> <*>,0.8261079788208008
setTodayTotalDetailSteps=1514038560000##7102##548579##8661##16256##27317468,setTodayTotalDetailSteps=<*>##<*>##<*>##<*>##<*>##<*>,HealthApp,Unseen,setTodayTotalDetailSteps=<*>##<*>##<*>##<*>##<*>##<*>,1.7033419609069824
REPORT : 7102 5070 152124 240,REPORT : <*> <*> <*> <*>,HealthApp,Unseen,REPORT : <*> <*> <*> <*>,0.8241462707519531
setTodayTotalDetailSteps=1514038560000##7103##548580##8661##16256##27318472,setTodayTotalDetailSteps=<*>##<*>##<*>##<*>##<*>##<*>,HealthApp,Unseen,setTodayTotalDetailSteps=<*>##<*>##<*>##<*>##<*>##<*>,1.7050979137420654
REPORT : 7103 5071 152146 240,REPORT : <*> <*> <*> <*>,HealthApp,Unseen,REPORT : <*> <*> <*> <*>,0.8266012668609619
setTodayTotalDetailSteps=1514038560000##7104##548581##8661##16256##27319473,setTodayTotalDetailSteps=<*>##<*>##<*>##<*>##<*>##<*>,HealthApp,Unseen,setTodayTotalDetailSteps=<*>##<*>##<*>##<*>##<*>##<*>,1.7030909061431885
REPORT : 7104 5072 152167 240,REPORT : <*> <*> <*> <*>,HealthApp,Unseen,REPORT : <*> <*> <*> <*>,0.8237571716308594
setTodayTotalDetailSteps=1514038560000##7105##548582##8661##16256##27319968,setTodayTotalDetailSteps=<*>##<*>##<*>##<*>##<*>##<*>,HealthApp,Unseen,setTodayTotalDetailSteps=<*>##<*>##<*>##<*>##<*>##<*>,1.7296099662780762
REPORT : 7105 5072 152189 240,REPORT : <*> <*> <*> <*>,HealthApp,Unseen,REPORT : <*> <*> <*> <*>,0.8116180896759033
setTodayTotalDetailSteps=1514038560000##7106##548583##8661##16256##27320969,setTodayTotalDetailSteps=<*>##<*>##<*>##<*>##<*>##<*>,HealthApp,Unseen,setTodayTotalDetailSteps=<*>##<*>##<*>##<*>##<*>##<*>,1.703244924545288
REPORT : 7106 5073 152210 240,REPORT : <*> <*> <*> <*>,HealthApp,Unseen,REPORT : <*> <*> <*> <*>,0.8305354118347168
setTodayTotalDetailSteps=1514038560000##7107##548584##8661##16256##27321969,setTodayTotalDetailSteps=<*>##<*>##<*>##<*>##<*>##<*>,HealthApp,Unseen,setTodayTotalDetailSteps=<*>##<*>##<*>##<*>##<*>##<*>,1.70601487159729
REPORT : 7107 5074 152231 240,REPORT : <*> <*> <*> <*>,HealthApp,Unseen,REPORT : <*> <*> <*> <*>,0.8193912506103516
setTodayTotalDetailSteps=1514038560000##7109##548585##8661##16256##27322469,setTodayTotalDetailSteps=<*>##<*>##<*>##<*>##<*>##<*>,HealthApp,Unseen,setTodayTotalDetailSteps=<*>##<*>##<*>##<*>##<*>##<*>,1.6963987350463867
REPORT : 7109 5075 152274 240,REPORT : <*> <*> <*> <*>,HealthApp,Unseen,REPORT : <*> <*> <*> <*>,0.8263568878173828
setTodayTotalDetailSteps=1514038620000##7111##548640##8661##16256##27324478,setTodayTotalDetailSteps=<*>##<*>##<*>##<*>##<*>##<*>,HealthApp,Unseen,setTodayTotalDetailSteps=<*>##<*>##<*>##<*>##<*>##<*>,1.7170052528381348
REPORT : 7111 5077 152317 240,REPORT : <*> <*> <*> <*>,HealthApp,Unseen,REPORT : <*> <*> <*> <*>,0.824333906173706
setTodayTotalDetailSteps=1514038620000##7112##548695##8661##16256##27325968,setTodayTotalDetailSteps=<*>##<*>##<*>##<*>##<*>##<*>,HealthApp,Unseen,setTodayTotalDetailSteps=<*>##<*>##<*>##<*>##<*>##<*>,1.6822268962860107
REPORT : 7112 5077 152339 240,REPORT : <*> <*> <*> <*>,HealthApp,Unseen,REPORT : <*> <*> <*> <*>,0.8208529949188232
setTodayTotalDetailSteps=1514038620000##7113##548750##8661##16256##27326969,setTodayTotalDetailSteps=<*>##<*>##<*>##<*>##<*>##<*>,HealthApp,Unseen,setTodayTotalDetailSteps=<*>##<*>##<*>##<*>##<*>##<*>,1.6856448650360107
REPORT : 7113 5078 152360 240,REPORT : <*> <*> <*> <*>,HealthApp,Unseen,REPORT : <*> <*> <*> <*>,0.8249435424804688
setTodayTotalDetailSteps=1514038620000##7114##548805##8661##16256##27329972,setTodayTotalDetailSteps=<*>##<*>##<*>##<*>##<*>##<*>,HealthApp,Unseen,setTodayTotalDetailSteps=<*>##<*>##<*>##<*>##<*>##<*>,1.7085638046264648
REPORT : 7114 5079 152381 240,REPORT : <*> <*> <*> <*>,HealthApp,Unseen,REPORT : <*> <*> <*> <*>,0.8209166526794434
setTodayTotalDetailSteps=1514038620000##7114##548860##8661##16256##27330470,setTodayTotalDetailSteps=<*>##<*>##<*>##<*>##<*>##<*>,HealthApp,Unseen,setTodayTotalDetailSteps=<*>##<*>##<*>##<*>##<*>##<*>,1.6872596740722656
setTodayTotalDetailSteps=1514038680000##7117##548865##8661##16256##27392475,setTodayTotalDetailSteps=<*>##<*>##<*>##<*>##<*>##<*>,HealthApp,Unseen,setTodayTotalDetailSteps=<*>##<*>##<*>##<*>##<*>##<*>,1.724794626235962
REPORT : 7117 5081 152446 240,REPORT : <*> <*> <*> <*>,HealthApp,Unseen,REPORT : <*> <*> <*> <*>,0.8301784992218018
setTodayTotalDetailSteps=1514038680000##7122##548870##8661##16256##27392978,setTodayTotalDetailSteps=<*>##<*>##<*>##<*>##<*>##<*>,HealthApp,Unseen,setTodayTotalDetailSteps=<*>##<*>##<*>##<*>##<*>##<*>,1.704355239868164
REPORT : 7122 5085 152553 240,REPORT : <*> <*> <*> <*>,HealthApp,Unseen,REPORT : <*> <*> <*> <*>,0.8286962509155273
setTodayTotalDetailSteps=1514038680000##7124##548875##8661##16256##27393470,setTodayTotalDetailSteps=<*>##<*>##<*>##<*>##<*>##<*>,HealthApp,Unseen,setTodayTotalDetailSteps=<*>##<*>##<*>##<*>##<*>##<*>,1.6925005912780762
REPORT : 7124 5086 152596 240,REPORT : <*> <*> <*> <*>,HealthApp,Unseen,REPORT : <*> <*> <*> <*>,0.831270694732666
setTodayTotalDetailSteps=1514038680000##7126##548880##8661##16256##27393971,setTodayTotalDetailSteps=<*>##<*>##<*>##<*>##<*>##<*>,HealthApp,Unseen,setTodayTotalDetailSteps=<*>##<*>##<*>##<*>##<*>##<*>,1.7144567966461182
REPORT : 7126 5087 152638 240,REPORT : <*> <*> <*> <*>,HealthApp,Unseen,REPORT : <*> <*> <*> <*>,0.8282790184020996
setTodayTotalDetailSteps=1514038680000##7128##548885##8661##16256##27394469,setTodayTotalDetailSteps=<*>##<*>##<*>##<*>##<*>##<*>,HealthApp,Unseen,setTodayTotalDetailSteps=<*>##<*>##<*>##<*>##<*>##<*>,1.6937692165374756
REPORT : 7128 5089 152681 240,REPORT : <*> <*> <*> <*>,HealthApp,Unseen,REPORT : <*> <*> <*> <*>,0.8248558044433594
setTodayTotalDetailSteps=1514038680000##7130##548890##8661##16256##27394969,setTodayTotalDetailSteps=<*>##<*>##<*>##<*>##<*>##<*>,HealthApp,Unseen,setTodayTotalDetailSteps=<*>##<*>##<*>##<*>##<*>##<*>,1.6957991123199463
REPORT : 7130 5090 152724 240,REPORT : <*> <*> <*> <*>,HealthApp,Unseen,REPORT : <*> <*> <*> <*>,0.827754020690918
setTodayTotalDetailSteps=1514038680000##7132##548895##8661##16256##27395468,setTodayTotalDetailSteps=<*>##<*>##<*>##<*>##<*>##<*>,HealthApp,Unseen,setTodayTotalDetailSteps=<*>##<*>##<*>##<*>##<*>##<*>,1.7056210041046143
REPORT : 7132 5092 152767 240,REPORT : <*> <*> <*> <*>,HealthApp,Unseen,REPORT : <*> <*> <*> <*>,0.8298251628875732
setTodayTotalDetailSteps=1514038680000##7135##548900##8661##16256##27395969,setTodayTotalDetailSteps=<*>##<*>##<*>##<*>##<*>##<*>,HealthApp,Unseen,setTodayTotalDetailSteps=<*>##<*>##<*>##<*>##<*>##<*>,1.698683738708496
REPORT : 7135 5094 152831 240,REPORT : <*> <*> <*> <*>,HealthApp,Unseen,REPORT : <*> <*> <*> <*>,0.8241808414459229
setTodayTotalDetailSteps=1514038680000##7139##548905##8661##16256##27396473,setTodayTotalDetailSteps=<*>##<*>##<*>##<*>##<*>##<*>,HealthApp,Unseen,setTodayTotalDetailSteps=<*>##<*>##<*>##<*>##<*>##<*>,1.7053463459014893
REPORT : 7139 5097 152917 240,REPORT : <*> <*> <*> <*>,HealthApp,Unseen,REPORT : <*> <*> <*> <*>,0.8297045230865479
setTodayTotalDetailSteps=1514038680000##7140##548910##8661##16256##27396969,setTodayTotalDetailSteps=<*>##<*>##<*>##<*>##<*>##<*>,HealthApp,Unseen,setTodayTotalDetailSteps=<*>##<*>##<*>##<*>##<*>##<*>,1.6924269199371338
REPORT : 7140 5097 152938 240,REPORT : <*> <*> <*> <*>,HealthApp,Unseen,REPORT : <*> <*> <*> <*>,0.8158466815948486
setTodayTotalDetailSteps=1514038680000##7154##548915##8661##16256##27398975,setTodayTotalDetailSteps=<*>##<*>##<*>##<*>##<*>##<*>,HealthApp,Unseen,setTodayTotalDetailSteps=<*>##<*>##<*>##<*>##<*>##<*>,1.6984224319458008
REPORT : 7154 5107 153238 240,REPORT : <*> <*> <*> <*>,HealthApp,Unseen,REPORT : <*> <*> <*> <*>,0.8262321949005127
setTodayTotalDetailSteps=1514038680000##7154##548920##8661##16256##27400475,setTodayTotalDetailSteps=<*>##<*>##<*>##<*>##<*>##<*>,HealthApp,Unseen,setTodayTotalDetailSteps=<*>##<*>##<*>##<*>##<*>##<*>,1.7115514278411865
onReceive action: android.intent.action.SCREEN_OFF,onReceive action: android.intent.action.SCREEN_OFF,HealthApp,Unseen,onReceive action: android.intent.action.SCREEN_OFF,1.0822172164916992
onReceive action: android.intent.action.SCREEN_ON,onReceive action: android.intent.action.SCREEN_ON,HealthApp,Unseen,onReceive action: android.intent.action.SCREEN_ON,1.053981065750122
setTodayTotalDetailSteps=1514038680000##7160##548925##8661##16256##27442097,setTodayTotalDetailSteps=<*>##<*>##<*>##<*>##<*>##<*>,HealthApp,Unseen,setTodayTotalDetailSteps=<*>##<*>##<*>##<*>##<*>##<*>,1.7012250423431396
REPORT : 7160 5112 153367 240,REPORT : <*> <*> <*> <*>,HealthApp,Unseen,REPORT : <*> <*> <*> <*>,0.8224973678588867
setTodayTotalDetailSteps=1514038680000##7160##548930##8661##16256##27442416,setTodayTotalDetailSteps=<*>##<*>##<*>##<*>##<*>##<*>,HealthApp,Unseen,setTodayTotalDetailSteps=<*>##<*>##<*>##<*>##<*>##<*>,1.7110309600830078
"saveStatData() type =40002,time = 1513958400000,statClient = 2,who is 1","saveStatData() type =<*>,time = <*>,statClient = <*>,who is <*>",HealthApp,Unseen,"saveStatData() type =<*>,time = <*>,statClient = <*>,who is <*>",1.6663732528686523
"saveStatData() type =40003,time = 1513958400000,statClient = 2,who is 1","saveStatData() type =<*>,time = <*>,statClient = <*>,who is <*>",HealthApp,Unseen,"saveStatData() type =<*>,time = <*>,statClient = <*>,who is <*>",1.6481094360351562
"saveStatData() type =40005,time = 1513958400000,statClient = 2,who is 1","saveStatData() type =<*>,time = <*>,statClient = <*>,who is <*>",HealthApp,Unseen,"saveStatData() type =<*>,time = <*>,statClient = <*>,who is <*>",1.6446568965911865
"saveStatData() type =40004,time = 1513958400000,statClient = 2,who is 1","saveStatData() type =<*>,time = <*>,statClient = <*>,who is <*>",HealthApp,Unseen,"saveStatData() type =<*>,time = <*>,statClient = <*>,who is <*>",1.6339268684387207
startListenerChange subscribeList = [1],startListenerChange subscribeList = [<*>],HealthApp,Unseen,startListenerChange subscribeList = [<*>],0.8222301006317139
insertHiHealthData() end totalTime = 45,insertHiHealthData() end totalTime = <*>,HealthApp,Unseen,insertHiHealthData() end totalTime = <*>,0.9077534675598145
"initUserPrivacy the userPrivacy switch is open, start push user data!","initUserPrivacy the userPrivacy switch is open, start push user data!",HealthApp,Unseen,"initUserPrivacy the userPrivacy switch is open, start push user data!",1.1999223232269287
sendSyncFailedBroadcast,sendSyncFailedBroadcast,HealthApp,Unseen,sendSyncFailedBroadcast,0.445631742477417
startListenerChange subscribeList = [1],startListenerChange subscribeList = [<*>],HealthApp,Unseen,startListenerChange subscribeList = [<*>],0.8323476314544678
insertHiHealthData() end totalTime = 94,insertHiHealthData() end totalTime = <*>,HealthApp,Unseen,insertHiHealthData() end totalTime = <*>,0.8327906131744385
setTodayTotalDetailSteps=1514038680000##7163##548935##8661##16256##27442827,setTodayTotalDetailSteps=<*>##<*>##<*>##<*>##<*>##<*>,HealthApp,Unseen,setTodayTotalDetailSteps=<*>##<*>##<*>##<*>##<*>##<*>,1.7200334072113037
"initUserPrivacy the userPrivacy switch is open, start push user data!","initUserPrivacy the userPrivacy switch is open, start push user data!",HealthApp,Unseen,"initUserPrivacy the userPrivacy switch is open, start push user data!",1.215073585510254
sendSyncFailedBroadcast,sendSyncFailedBroadcast,HealthApp,Unseen,sendSyncFailedBroadcast,0.4460301399230957
REPORT : 7163 5114 153431 240,REPORT : <*> <*> <*> <*>,HealthApp,Unseen,REPORT : <*> <*> <*> <*>,0.8250062465667725
setTodayTotalDetailSteps=1514038680000##7165##548940##8661##16256##27443484,setTodayTotalDetailSteps=<*>##<*>##<*>##<*>##<*>##<*>,HealthApp,Unseen,setTodayTotalDetailSteps=<*>##<*>##<*>##<*>##<*>##<*>,1.7081294059753418
REPORT : 7165 5115 153474 240,REPORT : <*> <*> <*> <*>,HealthApp,Unseen,REPORT : <*> <*> <*> <*>,0.8273284435272217
setTodayTotalDetailSteps=1514038680000##7167##548945##8661##16256##27443986,setTodayTotalDetailSteps=<*>##<*>##<*>##<*>##<*>##<*>,HealthApp,Unseen,setTodayTotalDetailSteps=<*>##<*>##<*>##<*>##<*>##<*>,1.7071058750152588
REPORT : 7167 5117 153517 240,REPORT : <*> <*> <*> <*>,HealthApp,Unseen,REPORT : <*> <*> <*> <*>,0.8344347476959229
setTodayTotalDetailSteps=1514038740000##7170##548996##8661##16256##27444484,setTodayTotalDetailSteps=<*>##<*>##<*>##<*>##<*>##<*>,HealthApp,Unseen,setTodayTotalDetailSteps=<*>##<*>##<*>##<*>##<*>##<*>,1.7068705558776855
REPORT : 7170 5119 153581 240,REPORT : <*> <*> <*> <*>,HealthApp,Unseen,REPORT : <*> <*> <*> <*>,0.824383020401001
setTodayTotalDetailSteps=1514038740000##7173##549047##8661##16256##27444985,setTodayTotalDetailSteps=<*>##<*>##<*>##<*>##<*>##<*>,HealthApp,Unseen,setTodayTotalDetailSteps=<*>##<*>##<*>##<*>##<*>##<*>,1.7140698432922363
REPORT : 7173 5121 153645 240,REPORT : <*> <*> <*> <*>,HealthApp,Unseen,REPORT : <*> <*> <*> <*>,0.8242907524108887
setTodayTotalDetailSteps=1514038740000##7174##549098##8661##16256##27445485,setTodayTotalDetailSteps=<*>##<*>##<*>##<*>##<*>##<*>,HealthApp,Unseen,setTodayTotalDetailSteps=<*>##<*>##<*>##<*>##<*>##<*>,1.690636396408081
REPORT : 7174 5122 153667 240,REPORT : <*> <*> <*> <*>,HealthApp,Unseen,REPORT : <*> <*> <*> <*>,0.8223781585693359
setTodayTotalDetailSteps=1514038740000##7176##549149##8661##16256##27445983,setTodayTotalDetailSteps=<*>##<*>##<*>##<*>##<*>##<*>,HealthApp,Unseen,setTodayTotalDetailSteps=<*>##<*>##<*>##<*>##<*>##<*>,1.6887915134429932
REPORT : 7176 5123 153709 240,REPORT : <*> <*> <*> <*>,HealthApp,Unseen,REPORT : <*> <*> <*> <*>,0.8344597816467285
setTodayTotalDetailSteps=1514038740000##7179##549200##8661##16256##27446483,setTodayTotalDetailSteps=<*>##<*>##<*>##<*>##<*>##<*>,HealthApp,Unseen,setTodayTotalDetailSteps=<*>##<*>##<*>##<*>##<*>##<*>,1.7179486751556396
REPORT : 7179 5125 153774 240,REPORT : <*> <*> <*> <*>,HealthApp,Unseen,REPORT : <*> <*> <*> <*>,0.8379642963409424
setTodayTotalDetailSteps=1514038740000##7181##549251##8661##16256##27446989,setTodayTotalDetailSteps=<*>##<*>##<*>##<*>##<*>##<*>,HealthApp,Unseen,setTodayTotalDetailSteps=<*>##<*>##<*>##<*>##<*>##<*>,1.7266595363616943
REPORT : 7181 5127 153817 240,REPORT : <*> <*> <*> <*>,HealthApp,Unseen,REPORT : <*> <*> <*> <*>,0.8348913192749023
setTodayTotalDetailSteps=1514038740000##7183##549302##8661##16256##27447483,setTodayTotalDetailSteps=<*>##<*>##<*>##<*>##<*>##<*>,HealthApp,Unseen,setTodayTotalDetailSteps=<*>##<*>##<*>##<*>##<*>##<*>,1.7104418277740479
REPORT : 7183 5128 153859 240,REPORT : <*> <*> <*> <*>,HealthApp,Unseen,REPORT : <*> <*> <*> <*>,0.8330225944519043
setTodayTotalDetailSteps=1514038740000##7185##549353##8661##16256##27448486,setTodayTotalDetailSteps=<*>##<*>##<*>##<*>##<*>##<*>,HealthApp,Unseen,setTodayTotalDetailSteps=<*>##<*>##<*>##<*>##<*>##<*>,1.7086780071258545
REPORT : 7185 5130 153902 240,REPORT : <*> <*> <*> <*>,HealthApp,Unseen,REPORT : <*> <*> <*> <*>,0.8342220783233643
setTodayTotalDetailSteps=1514038740000##7186##549404##8661##16256##27448983,setTodayTotalDetailSteps=<*>##<*>##<*>##<*>##<*>##<*>,HealthApp,Unseen,setTodayTotalDetailSteps=<*>##<*>##<*>##<*>##<*>##<*>,1.7036092281341553
REPORT : 7186 5130 153924 240,REPORT : <*> <*> <*> <*>,HealthApp,Unseen,REPORT : <*> <*> <*> <*>,0.8340842723846436
setTodayTotalDetailSteps=1514038740000##7187##549455##8661##16256##27449982,setTodayTotalDetailSteps=<*>##<*>##<*>##<*>##<*>##<*>,HealthApp,Unseen,setTodayTotalDetailSteps=<*>##<*>##<*>##<*>##<*>##<*>,1.7135827541351318
REPORT : 7187 5131 153945 240,REPORT : <*> <*> <*> <*>,HealthApp,Unseen,REPORT : <*> <*> <*> <*>,0.8380651473999023
setTodayTotalDetailSteps=1514038740000##7188##549506##8661##16256##27451985,setTodayTotalDetailSteps=<*>##<*>##<*>##<*>##<*>##<*>,HealthApp,Unseen,setTodayTotalDetailSteps=<*>##<*>##<*>##<*>##<*>##<*>,1.7149887084960938
REPORT : 7188 5132 153966 240,REPORT : <*> <*> <*> <*>,HealthApp,Unseen,REPORT : <*> <*> <*> <*>,0.830547571182251
setTodayTotalDetailSteps=1514038740000##7189##549557##8661##16256##27452491,setTodayTotalDetailSteps=<*>##<*>##<*>##<*>##<*>##<*>,HealthApp,Unseen,setTodayTotalDetailSteps=<*>##<*>##<*>##<*>##<*>##<*>,1.6981732845306396
REPORT : 7189 5132 153988 240,REPORT : <*> <*> <*> <*>,HealthApp,Unseen,REPORT : <*> <*> <*> <*>,0.8235580921173096
setTodayTotalDetailSteps=1514038740000##7189##549608##8661##16256##27457484,setTodayTotalDetailSteps=<*>##<*>##<*>##<*>##<*>##<*>,HealthApp,Unseen,setTodayTotalDetailSteps=<*>##<*>##<*>##<*>##<*>##<*>,1.680802583694458
setTodayTotalDetailSteps=1514038740000##7189##549659##8661##16256##27460494,setTodayTotalDetailSteps=<*>##<*>##<*>##<*>##<*>##<*>,HealthApp,Unseen,setTodayTotalDetailSteps=<*>##<*>##<*>##<*>##<*>##<*>,1.696836233139038
onReceive action: android.intent.action.SCREEN_OFF,onReceive action: android.intent.action.SCREEN_OFF,HealthApp,Unseen,onReceive action: android.intent.action.SCREEN_OFF,1.0673530101776123
onReceive action: android.intent.action.SCREEN_ON,onReceive action: android.intent.action.SCREEN_ON,HealthApp,Unseen,onReceive action: android.intent.action.SCREEN_ON,1.067077875137329
setTodayTotalDetailSteps=1514038980000##7189##549659##8661##16256##27706526,setTodayTotalDetailSteps=<*>##<*>##<*>##<*>##<*>##<*>,HealthApp,Unseen,setTodayTotalDetailSteps=<*>##<*>##<*>##<*>##<*>##<*>,1.6787891387939453
REPORT : 7189 5132 153988 240,REPORT : <*> <*> <*> <*>,HealthApp,Unseen,REPORT : <*> <*> <*> <*>,0.8157598972320557
setTodayTotalDetailSteps=1514038980000##7189##549659##8661##16256##27706835,setTodayTotalDetailSteps=<*>##<*>##<*>##<*>##<*>##<*>,HealthApp,Unseen,setTodayTotalDetailSteps=<*>##<*>##<*>##<*>##<*>##<*>,1.7130684852600098
setTodayTotalDetailSteps=1514038980000##7189##549659##8661##16256##27736503,setTodayTotalDetailSteps=<*>##<*>##<*>##<*>##<*>##<*>,HealthApp,Unseen,setTodayTotalDetailSteps=<*>##<*>##<*>##<*>##<*>##<*>,1.7085962295532227
setTodayTotalDetailSteps=1514038980000##7189##549659##8661##16256##27738504,setTodayTotalDetailSteps=<*>##<*>##<*>##<*>##<*>##<*>,HealthApp,Unseen,setTodayTotalDetailSteps=<*>##<*>##<*>##<*>##<*>##<*>,1.6826260089874268
setTodayTotalDetailSteps=1514038980000##7189##549659##8661##16256##27743510,setTodayTotalDetailSteps=<*>##<*>##<*>##<*>##<*>##<*>,HealthApp,Unseen,setTodayTotalDetailSteps=<*>##<*>##<*>##<*>##<*>##<*>,1.6979079246520996
onReceive action: android.intent.action.SCREEN_OFF,onReceive action: android.intent.action.SCREEN_OFF,HealthApp,Unseen,onReceive action: android.intent.action.SCREEN_OFF,1.0664596557617188
onReceive action: android.intent.action.SCREEN_ON,onReceive action: android.intent.action.SCREEN_ON,HealthApp,Unseen,onReceive action: android.intent.action.SCREEN_ON,1.0656418800354004
setTodayTotalDetailSteps=1514039340000##7189##549659##8661##16256##28068346,setTodayTotalDetailSteps=<*>##<*>##<*>##<*>##<*>##<*>,HealthApp,Unseen,setTodayTotalDetailSteps=<*>##<*>##<*>##<*>##<*>##<*>,1.7185118198394775
REPORT : 7189 5132 153988 240,REPORT : <*> <*> <*> <*>,HealthApp,Unseen,REPORT : <*> <*> <*> <*>,0.8148891925811768
setTodayTotalDetailSteps=1514039340000##7189##549659##8661##16256##28068666,setTodayTotalDetailSteps=<*>##<*>##<*>##<*>##<*>##<*>,HealthApp,Unseen,setTodayTotalDetailSteps=<*>##<*>##<*>##<*>##<*>##<*>,1.688462257385254
setTodayTotalDetailSteps=1514039400000##7189##549659##8661##16256##28136544,setTodayTotalDetailSteps=<*>##<*>##<*>##<*>##<*>##<*>,HealthApp,Unseen,setTodayTotalDetailSteps=<*>##<*>##<*>##<*>##<*>##<*>,1.6984405517578125
onReceive action: android.intent.action.SCREEN_OFF,onReceive action: android.intent.action.SCREEN_OFF,HealthApp,Unseen,onReceive action: android.intent.action.SCREEN_OFF,1.0727124214172363
onReceive action: android.intent.action.SCREEN_ON,onReceive action: android.intent.action.SCREEN_ON,HealthApp,Unseen,onReceive action: android.intent.action.SCREEN_ON,1.0727710723876953
setTodayTotalDetailSteps=1514039400000##7189##549659##8661##16256##28163940,setTodayTotalDetailSteps=<*>##<*>##<*>##<*>##<*>##<*>,HealthApp,Unseen,setTodayTotalDetailSteps=<*>##<*>##<*>##<*>##<*>##<*>,1.7158126831054688
REPORT : 7189 5132 153988 240,REPORT : <*> <*> <*> <*>,HealthApp,Unseen,REPORT : <*> <*> <*> <*>,0.8269846439361572
"timeStamp back,extendReportTimeStamp=1514039575000","timeStamp back,extendReportTimeStamp=<*>",HealthApp,Unseen,"timeStamp back,extendReportTimeStamp=<*>",0.9702410697937012
setTodayTotalDetailSteps=1514039400000##7189##549659##8661##16256##28164276,setTodayTotalDetailSteps=<*>##<*>##<*>##<*>##<*>##<*>,HealthApp,Unseen,setTodayTotalDetailSteps=<*>##<*>##<*>##<*>##<*>##<*>,1.6915671825408936
stepSyncOrNot appSynTimes is 0,stepSyncOrNot appSynTimes is <*>,HealthApp,Unseen,stepSyncOrNot appSynTimes is <*>,0.8222498893737793
"initUserPrivacy the userPrivacy switch is open, start push user data!","initUserPrivacy the userPrivacy switch is open, start push user data!",HealthApp,Unseen,"initUserPrivacy the userPrivacy switch is open, start push user data!",1.2050244808197021
sendSyncFailedBroadcast,sendSyncFailedBroadcast,HealthApp,Unseen,sendSyncFailedBroadcast,0.4429953098297119
setTodayTotalDetailSteps=1514039520000##7189##549659##8661##16256##28234547,setTodayTotalDetailSteps=<*>##<*>##<*>##<*>##<*>##<*>,HealthApp,Unseen,setTodayTotalDetailSteps=<*>##<*>##<*>##<*>##<*>##<*>,1.6944422721862793
onReceive action: android.intent.action.SCREEN_OFF,onReceive action: android.intent.action.SCREEN_OFF,HealthApp,Unseen,onReceive action: android.intent.action.SCREEN_OFF,1.076103687286377
onReceive action: android.intent.action.SCREEN_ON,onReceive action: android.intent.action.SCREEN_ON,HealthApp,Unseen,onReceive action: android.intent.action.SCREEN_ON,1.0666611194610596
setTodayTotalDetailSteps=1514039520000##7189##549659##8661##16256##28270623,setTodayTotalDetailSteps=<*>##<*>##<*>##<*>##<*>##<*>,HealthApp,Unseen,setTodayTotalDetailSteps=<*>##<*>##<*>##<*>##<*>##<*>,1.691667079925537
REPORT : 7189 5132 153988 240,REPORT : <*> <*> <*> <*>,HealthApp,Unseen,REPORT : <*> <*> <*> <*>,0.8177704811096191
setTodayTotalDetailSteps=1514039520000##7189##549659##8661##16256##28270935,setTodayTotalDetailSteps=<*>##<*>##<*>##<*>##<*>##<*>,HealthApp,Unseen,setTodayTotalDetailSteps=<*>##<*>##<*>##<*>##<*>##<*>,1.7059013843536377
setTodayTotalDetailSteps=1514039760000##7189##549659##8661##16256##28479559,setTodayTotalDetailSteps=<*>##<*>##<*>##<*>##<*>##<*>,HealthApp,Unseen,setTodayTotalDetailSteps=<*>##<*>##<*>##<*>##<*>##<*>,1.7025697231292725
onReceive action: android.intent.action.SCREEN_OFF,onReceive action: android.intent.action.SCREEN_OFF,HealthApp,Unseen,onReceive action: android.intent.action.SCREEN_OFF,1.0802295207977295
onReceive action: android.intent.action.SCREEN_ON,onReceive action: android.intent.action.SCREEN_ON,HealthApp,Unseen,onReceive action: android.intent.action.SCREEN_ON,1.0736660957336426
setTodayTotalDetailSteps=1514039880000##7189##549659##8661##16256##28609620,setTodayTotalDetailSteps=<*>##<*>##<*>##<*>##<*>##<*>,HealthApp,Unseen,setTodayTotalDetailSteps=<*>##<*>##<*>##<*>##<*>##<*>,1.7153046131134033
REPORT : 7189 5132 153988 240,REPORT : <*> <*> <*> <*>,HealthApp,Unseen,REPORT : <*> <*> <*> <*>,0.8316457271575928
"timeStamp back,extendReportTimeStamp=1514039977000","timeStamp back,extendReportTimeStamp=<*>",HealthApp,Unseen,"timeStamp back,extendReportTimeStamp=<*>",0.958726167678833
setTodayTotalDetailSteps=1514039880000##7189##549659##8661##16256##28609933,setTodayTotalDetailSteps=<*>##<*>##<*>##<*>##<*>##<*>,HealthApp,Unseen,setTodayTotalDetailSteps=<*>##<*>##<*>##<*>##<*>##<*>,1.7150778770446777
setTodayTotalDetailSteps=1514040240000##7189##549659##8661##16256##28993578,setTodayTotalDetailSteps=<*>##<*>##<*>##<*>##<*>##<*>,HealthApp,Unseen,setTodayTotalDetailSteps=<*>##<*>##<*>##<*>##<*>##<*>,1.712552547454834
setTodayTotalDetailSteps=1514040240000##7189##549659##8661##16256##28999575,setTodayTotalDetailSteps=<*>##<*>##<*>##<*>##<*>##<*>,HealthApp,Unseen,setTodayTotalDetailSteps=<*>##<*>##<*>##<*>##<*>##<*>,1.7008624076843262
setTodayTotalDetailSteps=1514040600000##7189##549659##8661##16256##29307585,setTodayTotalDetailSteps=<*>##<*>##<*>##<*>##<*>##<*>,HealthApp,Unseen,setTodayTotalDetailSteps=<*>##<*>##<*>##<*>##<*>##<*>,1.7032051086425781
onReceive action: android.intent.action.SCREEN_OFF,onReceive action: android.intent.action.SCREEN_OFF,HealthApp,Unseen,onReceive action: android.intent.action.SCREEN_OFF,1.0732414722442627
onReceive action: android.intent.action.SCREEN_ON,onReceive action: android.intent.action.SCREEN_ON,HealthApp,Unseen,onReceive action: android.intent.action.SCREEN_ON,1.075054407119751
setTodayTotalDetailSteps=1514040600000##7189##549659##8661##16256##29341612,setTodayTotalDetailSteps=<*>##<*>##<*>##<*>##<*>##<*>,HealthApp,Unseen,setTodayTotalDetailSteps=<*>##<*>##<*>##<*>##<*>##<*>,1.6946966648101807
REPORT : 7189 5132 153988 240,REPORT : <*> <*> <*> <*>,HealthApp,Unseen,REPORT : <*> <*> <*> <*>,0.8169116973876953
setTodayTotalDetailSteps=1514040600000##7189##549659##8661##16256##29341927,setTodayTotalDetailSteps=<*>##<*>##<*>##<*>##<*>##<*>,HealthApp,Unseen,setTodayTotalDetailSteps=<*>##<*>##<*>##<*>##<*>##<*>,1.7142117023468018
setTodayTotalDetailSteps=1514040600000##7189##549659##8661##16256##29344951,setTodayTotalDetailSteps=<*>##<*>##<*>##<*>##<*>##<*>,HealthApp,Unseen,setTodayTotalDetailSteps=<*>##<*>##<*>##<*>##<*>##<*>,1.7123780250549316
setTodayTotalDetailSteps=1514040600000##7189##549659##8661##16256##29353602,setTodayTotalDetailSteps=<*>##<*>##<*>##<*>##<*>##<*>,HealthApp,Unseen,setTodayTotalDetailSteps=<*>##<*>##<*>##<*>##<*>##<*>,1.7225341796875
onReceive action: android.intent.action.SCREEN_OFF,onReceive action: android.intent.action.SCREEN_OFF,HealthApp,Unseen,onReceive action: android.intent.action.SCREEN_OFF,1.078944206237793
onReceive action: android.intent.action.SCREEN_ON,onReceive action: android.intent.action.SCREEN_ON,HealthApp,Unseen,onReceive action: android.intent.action.SCREEN_ON,1.068833351135254
setTodayTotalDetailSteps=1514040660000##7189##549659##8661##16256##29409806,setTodayTotalDetailSteps=<*>##<*>##<*>##<*>##<*>##<*>,HealthApp,Unseen,setTodayTotalDetailSteps=<*>##<*>##<*>##<*>##<*>##<*>,1.7033612728118896
REPORT : 7189 5132 153988 240,REPORT : <*> <*> <*> <*>,HealthApp,Unseen,REPORT : <*> <*> <*> <*>,0.8209021091461182
setTodayTotalDetailSteps=1514040660000##7189##549659##8661##16256##29410120,setTodayTotalDetailSteps=<*>##<*>##<*>##<*>##<*>##<*>,HealthApp,Unseen,setTodayTotalDetailSteps=<*>##<*>##<*>##<*>##<*>##<*>,1.70005202293396
setTodayTotalDetailSteps=1514040660000##7189##549659##8661##16256##29410605,setTodayTotalDetailSteps=<*>##<*>##<*>##<*>##<*>##<*>,HealthApp,Unseen,setTodayTotalDetailSteps=<*>##<*>##<*>##<*>##<*>##<*>,1.7020409107208252
setTodayTotalDetailSteps=1514040660000##7189##549659##8661##16256##29416607,setTodayTotalDetailSteps=<*>##<*>##<*>##<*>##<*>##<*>,HealthApp,Unseen,setTodayTotalDetailSteps=<*>##<*>##<*>##<*>##<*>##<*>,1.7087278366088867
onReceive action: android.intent.action.SCREEN_OFF,onReceive action: android.intent.action.SCREEN_OFF,HealthApp,Unseen,onReceive action: android.intent.action.SCREEN_OFF,1.090975046157837
onReceive action: android.intent.action.SCREEN_ON,onReceive action: android.intent.action.SCREEN_ON,HealthApp,Unseen,onReceive action: android.intent.action.SCREEN_ON,1.0727252960205078
setTodayTotalDetailSteps=1514040720000##7189##549659##8661##16256##29425533,setTodayTotalDetailSteps=<*>##<*>##<*>##<*>##<*>##<*>,HealthApp,Unseen,setTodayTotalDetailSteps=<*>##<*>##<*>##<*>##<*>##<*>,1.714968204498291
REPORT : 7189 5132 153988 240,REPORT : <*> <*> <*> <*>,HealthApp,Unseen,REPORT : <*> <*> <*> <*>,0.8313355445861816
"timeStamp back,extendReportTimeStamp=1514040836000","timeStamp back,extendReportTimeStamp=<*>",HealthApp,Unseen,"timeStamp back,extendReportTimeStamp=<*>",0.943864107131958
setTodayTotalDetailSteps=1514040720000##7189##549659##8661##16256##29425847,setTodayTotalDetailSteps=<*>##<*>##<*>##<*>##<*>##<*>,HealthApp,Unseen,setTodayTotalDetailSteps=<*>##<*>##<*>##<*>##<*>##<*>,1.6983284950256348
setTodayTotalDetailSteps=1514040720000##7189##549659##8661##16256##29431618,setTodayTotalDetailSteps=<*>##<*>##<*>##<*>##<*>##<*>,HealthApp,Unseen,setTodayTotalDetailSteps=<*>##<*>##<*>##<*>##<*>##<*>,1.7070093154907227
onReceive action: android.intent.action.SCREEN_OFF,onReceive action: android.intent.action.SCREEN_OFF,HealthApp,Unseen,onReceive action: android.intent.action.SCREEN_OFF,1.0812256336212158
onReceive action: android.intent.action.SCREEN_ON,onReceive action: android.intent.action.SCREEN_ON,HealthApp,Unseen,onReceive action: android.intent.action.SCREEN_ON,1.0588099956512451
setTodayTotalDetailSteps=1514040720000##7189##549659##8661##16256##29437037,setTodayTotalDetailSteps=<*>##<*>##<*>##<*>##<*>##<*>,HealthApp,Unseen,setTodayTotalDetailSteps=<*>##<*>##<*>##<*>##<*>##<*>,1.695249080657959
REPORT : 7189 5132 153988 240,REPORT : <*> <*> <*> <*>,HealthApp,Unseen,REPORT : <*> <*> <*> <*>,0.8207254409790039
setTodayTotalDetailSteps=1514040720000##7189##549659##8661##16256##29437358,setTodayTotalDetailSteps=<*>##<*>##<*>##<*>##<*>##<*>,HealthApp,Unseen,setTodayTotalDetailSteps=<*>##<*>##<*>##<*>##<*>##<*>,1.6915085315704346
setTodayTotalDetailSteps=1514040780000##7189##549659##8661##16256##29539649,setTodayTotalDetailSteps=<*>##<*>##<*>##<*>##<*>##<*>,HealthApp,Unseen,setTodayTotalDetailSteps=<*>##<*>##<*>##<*>##<*>##<*>,1.6825120449066162
onReceive action: android.intent.action.SCREEN_OFF,onReceive action: android.intent.action.SCREEN_OFF,HealthApp,Unseen,onReceive action: android.intent.action.SCREEN_OFF,1.0778040885925293
onReceive action: android.intent.action.SCREEN_ON,onReceive action: android.intent.action.SCREEN_ON,HealthApp,Unseen,onReceive action: android.intent.action.SCREEN_ON,1.0864894390106201
setTodayTotalDetailSteps=1514040840000##7189##549659##8661##16256##29600053,setTodayTotalDetailSteps=<*>##<*>##<*>##<*>##<*>##<*>,HealthApp,Unseen,setTodayTotalDetailSteps=<*>##<*>##<*>##<*>##<*>##<*>,1.6942377090454102
REPORT : 7189 5132 153988 240,REPORT : <*> <*> <*> <*>,HealthApp,Unseen,REPORT : <*> <*> <*> <*>,0.8311328887939453
setTodayTotalDetailSteps=1514040840000##7189##549659##8661##16256##29600372,setTodayTotalDetailSteps=<*>##<*>##<*>##<*>##<*>##<*>,HealthApp,Unseen,setTodayTotalDetailSteps=<*>##<*>##<*>##<*>##<*>##<*>,1.7135255336761475
onReceive action: android.intent.action.SCREEN_OFF,onReceive action: android.intent.action.SCREEN_OFF,HealthApp,Unseen,onReceive action: android.intent.action.SCREEN_OFF,1.067939281463623
onReceive action: android.intent.action.SCREEN_ON,onReceive action: android.intent.action.SCREEN_ON,HealthApp,Unseen,onReceive action: android.intent.action.SCREEN_ON,1.0725648403167725
setTodayTotalDetailSteps=1514041560000##7189##549659##8661##16256##30270445,setTodayTotalDetailSteps=<*>##<*>##<*>##<*>##<*>##<*>,HealthApp,Unseen,setTodayTotalDetailSteps=<*>##<*>##<*>##<*>##<*>##<*>,1.7087385654449463
REPORT : 7189 5132 153988 240,REPORT : <*> <*> <*> <*>,HealthApp,Unseen,REPORT : <*> <*> <*> <*>,0.8186330795288086
setTodayTotalDetailSteps=1514041560000##7189##549659##8661##16256##30270764,setTodayTotalDetailSteps=<*>##<*>##<*>##<*>##<*>##<*>,HealthApp,Unseen,setTodayTotalDetailSteps=<*>##<*>##<*>##<*>##<*>##<*>,1.692220687866211
setTodayTotalDetailSteps=1514041560000##7189##549659##8661##16256##30271693,setTodayTotalDetailSteps=<*>##<*>##<*>##<*>##<*>##<*>,HealthApp,Unseen,setTodayTotalDetailSteps=<*>##<*>##<*>##<*>##<*>##<*>,1.7017643451690674
REPORT : 7189 5132 153988 240,REPORT : <*> <*> <*> <*>,HealthApp,Unseen,REPORT : <*> <*> <*> <*>,0.8242819309234619
setTodayTotalDetailSteps=1514041560000##7189##549659##8661##16256##30314585,setTodayTotalDetailSteps=<*>##<*>##<*>##<*>##<*>##<*>,HealthApp,Unseen,setTodayTotalDetailSteps=<*>##<*>##<*>##<*>##<*>##<*>,1.7325091361999512
REPORT : 7189 5132 153988 240,REPORT : <*> <*> <*> <*>,HealthApp,Unseen,REPORT : <*> <*> <*> <*>,0.837472677230835
setTodayTotalDetailSteps=1514041560000##7189##549659##8661##16256##30315546,setTodayTotalDetailSteps=<*>##<*>##<*>##<*>##<*>##<*>,HealthApp,Unseen,setTodayTotalDetailSteps=<*>##<*>##<*>##<*>##<*>##<*>,1.7060203552246094
REPORT : 7189 5132 153988 240,REPORT : <*> <*> <*> <*>,HealthApp,Unseen,REPORT : <*> <*> <*> <*>,0.821561336517334
setTodayTotalDetailSteps=1514041620000##7189##549659##8661##16256##30333554,setTodayTotalDetailSteps=<*>##<*>##<*>##<*>##<*>##<*>,HealthApp,Unseen,setTodayTotalDetailSteps=<*>##<*>##<*>##<*>##<*>##<*>,1.7085351943969727
setTodayTotalDetailSteps=1514041620000##7189##549659##8661##16256##30343722,setTodayTotalDetailSteps=<*>##<*>##<*>##<*>##<*>##<*>,HealthApp,Unseen,setTodayTotalDetailSteps=<*>##<*>##<*>##<*>##<*>##<*>,1.7044179439544678
onReceive action: android.intent.action.SCREEN_OFF,onReceive action: android.intent.action.SCREEN_OFF,HealthApp,Unseen,onReceive action: android.intent.action.SCREEN_OFF,1.0649163722991943
onReceive action: android.intent.action.SCREEN_ON,onReceive action: android.intent.action.SCREEN_ON,HealthApp,Unseen,onReceive action: android.intent.action.SCREEN_ON,1.073542594909668
setTodayTotalDetailSteps=1514041980000##7189##549659##8661##16256##30708710,setTodayTotalDetailSteps=<*>##<*>##<*>##<*>##<*>##<*>,HealthApp,Unseen,setTodayTotalDetailSteps=<*>##<*>##<*>##<*>##<*>##<*>,1.7048513889312744
REPORT : 7189 5132 153988 240,REPORT : <*> <*> <*> <*>,HealthApp,Unseen,REPORT : <*> <*> <*> <*>,0.8285911083221436
"timeStamp back,extendReportTimeStamp=1514042082000","timeStamp back,extendReportTimeStamp=<*>",HealthApp,Unseen,"timeStamp back,extendReportTimeStamp=<*>",0.9555714130401611
setTodayTotalDetailSteps=1514041980000##7189##549659##8661##16256##30709030,setTodayTotalDetailSteps=<*>##<*>##<*>##<*>##<*>##<*>,HealthApp,Unseen,setTodayTotalDetailSteps=<*>##<*>##<*>##<*>##<*>##<*>,1.7015407085418701
setTodayTotalDetailSteps=1514041980000##7189##549659##8661##16256##30709727,setTodayTotalDetailSteps=<*>##<*>##<*>##<*>##<*>##<*>,HealthApp,Unseen,setTodayTotalDetailSteps=<*>##<*>##<*>##<*>##<*>##<*>,1.696579933166504
setTodayTotalDetailSteps=1514041980000##7191##549659##8661##16256##30727229,setTodayTotalDetailSteps=<*>##<*>##<*>##<*>##<*>##<*>,HealthApp,Unseen,setTodayTotalDetailSteps=<*>##<*>##<*>##<*>##<*>##<*>,1.6997156143188477
REPORT : 7191 5134 154031 240,REPORT : <*> <*> <*> <*>,HealthApp,Unseen,REPORT : <*> <*> <*> <*>,0.8318824768066406
setTodayTotalDetailSteps=1514041980000##7192##549659##8661##16256##30727733,setTodayTotalDetailSteps=<*>##<*>##<*>##<*>##<*>##<*>,HealthApp,Unseen,setTodayTotalDetailSteps=<*>##<*>##<*>##<*>##<*>##<*>,1.6793625354766846
REPORT : 7192 5135 154052 240,REPORT : <*> <*> <*> <*>,HealthApp,Unseen,REPORT : <*> <*> <*> <*>,0.8122143745422363
setTodayTotalDetailSteps=1514041980000##7193##549659##8661##16256##30728232,setTodayTotalDetailSteps=<*>##<*>##<*>##<*>##<*>##<*>,HealthApp,Unseen,setTodayTotalDetailSteps=<*>##<*>##<*>##<*>##<*>##<*>,1.7050130367279053
REPORT : 7193 5135 154074 240,REPORT : <*> <*> <*> <*>,HealthApp,Unseen,REPORT : <*> <*> <*> <*>,0.832970142364502
setTodayTotalDetailSteps=1514041980000##7196##549659##8661##16256##30728728,setTodayTotalDetailSteps=<*>##<*>##<*>##<*>##<*>##<*>,HealthApp,Unseen,setTodayTotalDetailSteps=<*>##<*>##<*>##<*>##<*>##<*>,1.7024915218353271
REPORT : 7196 5137 154138 240,REPORT : <*> <*> <*> <*>,HealthApp,Unseen,REPORT : <*> <*> <*> <*>,0.8225018978118896
setTodayTotalDetailSteps=1514041980000##7198##549659##8661##16256##30729233,setTodayTotalDetailSteps=<*>##<*>##<*>##<*>##<*>##<*>,HealthApp,Unseen,setTodayTotalDetailSteps=<*>##<*>##<*>##<*>##<*>##<*>,1.7032935619354248
REPORT : 7198 5139 154181 240,REPORT : <*> <*> <*> <*>,HealthApp,Unseen,REPORT : <*> <*> <*> <*>,0.8175911903381348
setTodayTotalDetailSteps=1514041980000##7200##549659##8661##16256##30729733,setTodayTotalDetailSteps=<*>##<*>##<*>##<*>##<*>##<*>,HealthApp,Unseen,setTodayTotalDetailSteps=<*>##<*>##<*>##<*>##<*>##<*>,1.7021372318267822
REPORT : 7200 5140 154223 240,REPORT : <*> <*> <*> <*>,HealthApp,Unseen,REPORT : <*> <*> <*> <*>,0.824089527130127
setTodayTotalDetailSteps=1514041980000##7202##549659##8661##16256##30730227,setTodayTotalDetailSteps=<*>##<*>##<*>##<*>##<*>##<*>,HealthApp,Unseen,setTodayTotalDetailSteps=<*>##<*>##<*>##<*>##<*>##<*>,1.6796460151672363
REPORT : 7202 5142 154266 240,REPORT : <*> <*> <*> <*>,HealthApp,Unseen,REPORT : <*> <*> <*> <*>,0.8242502212524414
setTodayTotalDetailSteps=1514041980000##7205##549659##8661##16256##30730728,setTodayTotalDetailSteps=<*>##<*>##<*>##<*>##<*>##<*>,HealthApp,Unseen,setTodayTotalDetailSteps=<*>##<*>##<*>##<*>##<*>##<*>,1.7111783027648926
REPORT : 7205 5144 154331 240,REPORT : <*> <*> <*> <*>,HealthApp,Unseen,REPORT : <*> <*> <*> <*>,0.8290715217590332
setTodayTotalDetailSteps=1514041980000##7208##549659##8661##16256##30731232,setTodayTotalDetailSteps=<*>##<*>##<*>##<*>##<*>##<*>,HealthApp,Unseen,setTodayTotalDetailSteps=<*>##<*>##<*>##<*>##<*>##<*>,1.6957364082336426
REPORT : 7208 5146 154395 240,REPORT : <*> <*> <*> <*>,HealthApp,Unseen,REPORT : <*> <*> <*> <*>,0.8256876468658447
setTodayTotalDetailSteps=1514041980000##7211##549659##8661##16256##30731730,setTodayTotalDetailSteps=<*>##<*>##<*>##<*>##<*>##<*>,HealthApp,Unseen,setTodayTotalDetailSteps=<*>##<*>##<*>##<*>##<*>##<*>,1.678595781326294
REPORT : 7211 5148 154459 240,REPORT : <*> <*> <*> <*>,HealthApp,Unseen,REPORT : <*> <*> <*> <*>,0.8075158596038818
setTodayTotalDetailSteps=1514041980000##7212##549659##8661##16256##30732729,setTodayTotalDetailSteps=<*>##<*>##<*>##<*>##<*>##<*>,HealthApp,Unseen,setTodayTotalDetailSteps=<*>##<*>##<*>##<*>##<*>##<*>,1.6694130897521973
REPORT : 7212 5149 154481 240,REPORT : <*> <*> <*> <*>,HealthApp,Unseen,REPORT : <*> <*> <*> <*>,0.8242905139923096
setTodayTotalDetailSteps=1514041980000##7214##549659##8661##16256##30733226,setTodayTotalDetailSteps=<*>##<*>##<*>##<*>##<*>##<*>,HealthApp,Unseen,setTodayTotalDetailSteps=<*>##<*>##<*>##<*>##<*>##<*>,1.6972463130950928
REPORT : 7214 5150 154523 240,REPORT : <*> <*> <*> <*>,HealthApp,Unseen,REPORT : <*> <*> <*> <*>,0.824052095413208
setTodayTotalDetailSteps=1514041980000##7214##549659##8661##16256##30736730,setTodayTotalDetailSteps=<*>##<*>##<*>##<*>##<*>##<*>,HealthApp,Unseen,setTodayTotalDetailSteps=<*>##<*>##<*>##<*>##<*>##<*>,1.696333646774292
setTodayTotalDetailSteps=1514042100000##7214##549659##8661##16256##30827730,setTodayTotalDetailSteps=<*>##<*>##<*>##<*>##<*>##<*>,HealthApp,Unseen,setTodayTotalDetailSteps=<*>##<*>##<*>##<*>##<*>##<*>,1.677438735961914
onReceive action: android.intent.action.SCREEN_OFF,onReceive action: android.intent.action.SCREEN_OFF,HealthApp,Unseen,onReceive action: android.intent.action.SCREEN_OFF,1.0635712146759033
onReceive action: android.intent.action.SCREEN_ON,onReceive action: android.intent.action.SCREEN_ON,HealthApp,Unseen,onReceive action: android.intent.action.SCREEN_ON,1.0685043334960938
setTodayTotalDetailSteps=1514042160000##7214##549659##8661##16256##30905315,setTodayTotalDetailSteps=<*>##<*>##<*>##<*>##<*>##<*>,HealthApp,Unseen,setTodayTotalDetailSteps=<*>##<*>##<*>##<*>##<*>##<*>,1.6962285041809082
REPORT : 7214 5150 154523 240,REPORT : <*> <*> <*> <*>,HealthApp,Unseen,REPORT : <*> <*> <*> <*>,0.8219189643859863
"timeStamp back,extendReportTimeStamp=1514042265000","timeStamp back,extendReportTimeStamp=<*>",HealthApp,Unseen,"timeStamp back,extendReportTimeStamp=<*>",0.9501757621765137
setTodayTotalDetailSteps=1514042160000##7214##549659##8661##16256##30905625,setTodayTotalDetailSteps=<*>##<*>##<*>##<*>##<*>##<*>,HealthApp,Unseen,setTodayTotalDetailSteps=<*>##<*>##<*>##<*>##<*>##<*>,1.7014257907867432
onReceive action: android.intent.action.SCREEN_OFF,onReceive action: android.intent.action.SCREEN_OFF,HealthApp,Unseen,onReceive action: android.intent.action.SCREEN_OFF,1.0891549587249756
onReceive action: android.intent.action.SCREEN_ON,onReceive action: android.intent.action.SCREEN_ON,HealthApp,Unseen,onReceive action: android.intent.action.SCREEN_ON,1.0798754692077637
setTodayTotalDetailSteps=1514042160000##7214##549659##8661##16256##30906310,setTodayTotalDetailSteps=<*>##<*>##<*>##<*>##<*>##<*>,HealthApp,Unseen,setTodayTotalDetailSteps=<*>##<*>##<*>##<*>##<*>##<*>,1.7040998935699463
REPORT : 7214 5150 154523 240,REPORT : <*> <*> <*> <*>,HealthApp,Unseen,REPORT : <*> <*> <*> <*>,0.8134498596191406
setTodayTotalDetailSteps=1514042160000##7214##549659##8661##16256##30906710,setTodayTotalDetailSteps=<*>##<*>##<*>##<*>##<*>##<*>,HealthApp,Unseen,setTodayTotalDetailSteps=<*>##<*>##<*>##<*>##<*>##<*>,1.690833568572998
setTodayTotalDetailSteps=1514042280000##7214##549659##8661##16256##31004759,setTodayTotalDetailSteps=<*>##<*>##<*>##<*>##<*>##<*>,HealthApp,Unseen,setTodayTotalDetailSteps=<*>##<*>##<*>##<*>##<*>##<*>,1.6938340663909912
setTodayTotalDetailSteps=1514042280000##7214##549659##8661##16256##31005759,setTodayTotalDetailSteps=<*>##<*>##<*>##<*>##<*>##<*>,HealthApp,Unseen,setTodayTotalDetailSteps=<*>##<*>##<*>##<*>##<*>##<*>,1.6911640167236328
setTodayTotalDetailSteps=1514042520000##7214##549659##8661##16256##31239760,setTodayTotalDetailSteps=<*>##<*>##<*>##<*>##<*>##<*>,HealthApp,Unseen,setTodayTotalDetailSteps=<*>##<*>##<*>##<*>##<*>##<*>,1.7115893363952637
setTodayTotalDetailSteps=1514042520000##7214##549659##8661##16256##31243766,setTodayTotalDetailSteps=<*>##<*>##<*>##<*>##<*>##<*>,HealthApp,Unseen,setTodayTotalDetailSteps=<*>##<*>##<*>##<*>##<*>##<*>,1.70615816116333
setTodayTotalDetailSteps=1514042880000##7214##549659##8661##16256##31588757,setTodayTotalDetailSteps=<*>##<*>##<*>##<*>##<*>##<*>,HealthApp,Unseen,setTodayTotalDetailSteps=<*>##<*>##<*>##<*>##<*>##<*>,1.7065887451171875
setTodayTotalDetailSteps=1514042880000##7214##549659##8661##16256##31589757,setTodayTotalDetailSteps=<*>##<*>##<*>##<*>##<*>##<*>,HealthApp,Unseen,setTodayTotalDetailSteps=<*>##<*>##<*>##<*>##<*>##<*>,1.6972346305847168
stepSyncOrNot appSynTimes is 0,stepSyncOrNot appSynTimes is <*>,HealthApp,Unseen,stepSyncOrNot appSynTimes is <*>,0.8252725601196289
"initUserPrivacy the userPrivacy switch is open, start push user data!","initUserPrivacy the userPrivacy switch is open, start push user data!",HealthApp,Unseen,"initUserPrivacy the userPrivacy switch is open, start push user data!",1.1956658363342285
sendSyncFailedBroadcast,sendSyncFailedBroadcast,HealthApp,Unseen,sendSyncFailedBroadcast,0.4432239532470703
setTodayTotalDetailSteps=1514043360000##7214##549659##8661##16256##32078759,setTodayTotalDetailSteps=<*>##<*>##<*>##<*>##<*>##<*>,HealthApp,Unseen,setTodayTotalDetailSteps=<*>##<*>##<*>##<*>##<*>##<*>,1.7138607501983643
setTodayTotalDetailSteps=1514043360000##7214##549659##8661##16256##32080760,setTodayTotalDetailSteps=<*>##<*>##<*>##<*>##<*>##<*>,HealthApp,Unseen,setTodayTotalDetailSteps=<*>##<*>##<*>##<*>##<*>##<*>,1.7199163436889648
setTodayTotalDetailSteps=1514043540000##7214##549659##8661##16256##32254765,setTodayTotalDetailSteps=<*>##<*>##<*>##<*>##<*>##<*>,HealthApp,Unseen,setTodayTotalDetailSteps=<*>##<*>##<*>##<*>##<*>##<*>,1.729832649230957
setTodayTotalDetailSteps=1514043540000##7214##549659##8661##16256##32258759,setTodayTotalDetailSteps=<*>##<*>##<*>##<*>##<*>##<*>,HealthApp,Unseen,setTodayTotalDetailSteps=<*>##<*>##<*>##<*>##<*>##<*>,1.7163097858428955
setTodayTotalDetailSteps=1514043660000##7214##549659##8661##16256##32403526,setTodayTotalDetailSteps=<*>##<*>##<*>##<*>##<*>##<*>,HealthApp,Unseen,setTodayTotalDetailSteps=<*>##<*>##<*>##<*>##<*>##<*>,1.7313082218170166
setTodayTotalDetailSteps=1514043900000##7214##549659##8661##16256##32611763,setTodayTotalDetailSteps=<*>##<*>##<*>##<*>##<*>##<*>,HealthApp,Unseen,setTodayTotalDetailSteps=<*>##<*>##<*>##<*>##<*>##<*>,1.722721815109253
setTodayTotalDetailSteps=1514043900000##7214##549659##8661##16256##32618758,setTodayTotalDetailSteps=<*>##<*>##<*>##<*>##<*>##<*>,HealthApp,Unseen,setTodayTotalDetailSteps=<*>##<*>##<*>##<*>##<*>##<*>,1.7188377380371094
setTodayTotalDetailSteps=1514044140000##7214##549659##8661##16256##32893026,setTodayTotalDetailSteps=<*>##<*>##<*>##<*>##<*>##<*>,HealthApp,Unseen,setTodayTotalDetailSteps=<*>##<*>##<*>##<*>##<*>##<*>,1.7176461219787598
setTodayTotalDetailSteps=1514044260000##7214##549659##8661##16256##33021763,setTodayTotalDetailSteps=<*>##<*>##<*>##<*>##<*>##<*>,HealthApp,Unseen,setTodayTotalDetailSteps=<*>##<*>##<*>##<*>##<*>##<*>,1.7252509593963623
setTodayTotalDetailSteps=1514044320000##7214##549659##8661##16256##33024761,setTodayTotalDetailSteps=<*>##<*>##<*>##<*>##<*>##<*>,HealthApp,Unseen,setTodayTotalDetailSteps=<*>##<*>##<*>##<*>##<*>##<*>,1.6989314556121826
setTodayTotalDetailSteps=1514044320000##7214##549659##8661##16256##33039758,setTodayTotalDetailSteps=<*>##<*>##<*>##<*>##<*>##<*>,HealthApp,Unseen,setTodayTotalDetailSteps=<*>##<*>##<*>##<*>##<*>##<*>,1.7099802494049072
setTodayTotalDetailSteps=1514044320000##7214##549659##8661##16256##33041763,setTodayTotalDetailSteps=<*>##<*>##<*>##<*>##<*>##<*>,HealthApp,Unseen,setTodayTotalDetailSteps=<*>##<*>##<*>##<*>##<*>##<*>,1.7205164432525635
setTodayTotalDetailSteps=1514044320000##7214##549659##8661##16256##33049759,setTodayTotalDetailSteps=<*>##<*>##<*>##<*>##<*>##<*>,HealthApp,Unseen,setTodayTotalDetailSteps=<*>##<*>##<*>##<*>##<*>##<*>,1.726308822631836
setTodayTotalDetailSteps=1514044320000##7214##549659##8661##16256##33055760,setTodayTotalDetailSteps=<*>##<*>##<*>##<*>##<*>##<*>,HealthApp,Unseen,setTodayTotalDetailSteps=<*>##<*>##<*>##<*>##<*>##<*>,1.6748065948486328
setTodayTotalDetailSteps=1514044320000##7214##549659##8661##16256##33064766,setTodayTotalDetailSteps=<*>##<*>##<*>##<*>##<*>##<*>,HealthApp,Unseen,setTodayTotalDetailSteps=<*>##<*>##<*>##<*>##<*>##<*>,1.7067158222198486
setTodayTotalDetailSteps=1514044320000##7214##549659##8661##16256##33066759,setTodayTotalDetailSteps=<*>##<*>##<*>##<*>##<*>##<*>,HealthApp,Unseen,setTodayTotalDetailSteps=<*>##<*>##<*>##<*>##<*>##<*>,1.7226552963256836
setTodayTotalDetailSteps=1514044320000##7214##549659##8661##16256##33075759,setTodayTotalDetailSteps=<*>##<*>##<*>##<*>##<*>##<*>,HealthApp,Unseen,setTodayTotalDetailSteps=<*>##<*>##<*>##<*>##<*>##<*>,1.716874599456787
setTodayTotalDetailSteps=1514044320000##7214##549659##8661##16256##33081765,setTodayTotalDetailSteps=<*>##<*>##<*>##<*>##<*>##<*>,HealthApp,Unseen,setTodayTotalDetailSteps=<*>##<*>##<*>##<*>##<*>##<*>,1.7180945873260498
setTodayTotalDetailSteps=1514044380000##7214##549659##8661##16256##33112771,setTodayTotalDetailSteps=<*>##<*>##<*>##<*>##<*>##<*>,HealthApp,Unseen,setTodayTotalDetailSteps=<*>##<*>##<*>##<*>##<*>##<*>,1.7187535762786865
setTodayTotalDetailSteps=1514044380000##7214##549659##8661##16256##33113758,setTodayTotalDetailSteps=<*>##<*>##<*>##<*>##<*>##<*>,HealthApp,Unseen,setTodayTotalDetailSteps=<*>##<*>##<*>##<*>##<*>##<*>,1.7118642330169678
setTodayTotalDetailSteps=1514044380000##7214##549659##8661##16256##33118758,setTodayTotalDetailSteps=<*>##<*>##<*>##<*>##<*>##<*>,HealthApp,Unseen,setTodayTotalDetailSteps=<*>##<*>##<*>##<*>##<*>##<*>,1.6904804706573486
setTodayTotalDetailSteps=1514044380000##7214##549659##8661##16256##33119761,setTodayTotalDetailSteps=<*>##<*>##<*>##<*>##<*>##<*>,HealthApp,Unseen,setTodayTotalDetailSteps=<*>##<*>##<*>##<*>##<*>##<*>,1.711592435836792
setTodayTotalDetailSteps=1514044380000##7214##549659##8661##16256##33129767,setTodayTotalDetailSteps=<*>##<*>##<*>##<*>##<*>##<*>,HealthApp,Unseen,setTodayTotalDetailSteps=<*>##<*>##<*>##<*>##<*>##<*>,1.738553762435913
setTodayTotalDetailSteps=1514044380000##7214##549659##8661##16256##33131773,setTodayTotalDetailSteps=<*>##<*>##<*>##<*>##<*>##<*>,HealthApp,Unseen,setTodayTotalDetailSteps=<*>##<*>##<*>##<*>##<*>##<*>,1.6826140880584717
setTodayTotalDetailSteps=1514044380000##7214##549659##8661##16256##33138759,setTodayTotalDetailSteps=<*>##<*>##<*>##<*>##<*>##<*>,HealthApp,Unseen,setTodayTotalDetailSteps=<*>##<*>##<*>##<*>##<*>##<*>,1.6922690868377686
setTodayTotalDetailSteps=1514044380000##7214##549659##8661##16256##33140770,setTodayTotalDetailSteps=<*>##<*>##<*>##<*>##<*>##<*>,HealthApp,Unseen,setTodayTotalDetailSteps=<*>##<*>##<*>##<*>##<*>##<*>,1.7059834003448486
setTodayTotalDetailSteps=1514044440000##7214##549659##8661##16256##33168762,setTodayTotalDetailSteps=<*>##<*>##<*>##<*>##<*>##<*>,HealthApp,Unseen,setTodayTotalDetailSteps=<*>##<*>##<*>##<*>##<*>##<*>,1.693432331085205
setTodayTotalDetailSteps=1514044440000##7214##549659##8661##16256##33169760,setTodayTotalDetailSteps=<*>##<*>##<*>##<*>##<*>##<*>,HealthApp,Unseen,setTodayTotalDetailSteps=<*>##<*>##<*>##<*>##<*>##<*>,1.7140719890594482
setTodayTotalDetailSteps=1514044500000##7214##549659##8661##16256##33216767,setTodayTotalDetailSteps=<*>##<*>##<*>##<*>##<*>##<*>,HealthApp,Unseen,setTodayTotalDetailSteps=<*>##<*>##<*>##<*>##<*>##<*>,1.7071199417114258
setTodayTotalDetailSteps=1514044500000##7214##549659##8661##16256##33217764,setTodayTotalDetailSteps=<*>##<*>##<*>##<*>##<*>##<*>,HealthApp,Unseen,setTodayTotalDetailSteps=<*>##<*>##<*>##<*>##<*>##<*>,1.708303451538086
setTodayTotalDetailSteps=1514044500000##7214##549659##8661##16256##33232763,setTodayTotalDetailSteps=<*>##<*>##<*>##<*>##<*>##<*>,HealthApp,Unseen,setTodayTotalDetailSteps=<*>##<*>##<*>##<*>##<*>##<*>,1.6947250366210938
setTodayTotalDetailSteps=1514044500000##7214##549659##8661##16256##33239758,setTodayTotalDetailSteps=<*>##<*>##<*>##<*>##<*>##<*>,HealthApp,Unseen,setTodayTotalDetailSteps=<*>##<*>##<*>##<*>##<*>##<*>,1.7196643352508545
setTodayTotalDetailSteps=1514044560000##7214##549659##8661##16256##33298759,setTodayTotalDetailSteps=<*>##<*>##<*>##<*>##<*>##<*>,HealthApp,Unseen,setTodayTotalDetailSteps=<*>##<*>##<*>##<*>##<*>##<*>,1.7025668621063232
setTodayTotalDetailSteps=1514044560000##7214##549659##8661##16256##33306763,setTodayTotalDetailSteps=<*>##<*>##<*>##<*>##<*>##<*>,HealthApp,Unseen,setTodayTotalDetailSteps=<*>##<*>##<*>##<*>##<*>##<*>,1.6675918102264404
theDayChanged 1514044800216,theDayChanged <*>,HealthApp,Unseen,theDayChanged <*>,0.4402916431427002
registersensorsuccess: true,registersensorsuccess: <*>,HealthApp,Unseen,registersensorsuccess: <*>,0.6415693759918213
setBasicStandardSteps basicStandardStep=3786 restartSteps=0,setBasicStandardSteps basicStandardStep=<*> restartSteps=<*>,HealthApp,Unseen,setBasicStandardSteps basicStandardStep=<*> restartSteps=<*>,1.1963093280792236
setTodayTotalDetailSteps=1514044740000##0##549659##8661##16256##33444553,setTodayTotalDetailSteps=<*>##<*>##<*>##<*>##<*>##<*>,HealthApp,Unseen,setTodayTotalDetailSteps=<*>##<*>##<*>##<*>##<*>##<*>,1.7057790756225586
REPORT : 0 0 0 0,REPORT : <*> <*> <*> <*>,HealthApp,Unseen,REPORT : <*> <*> <*> <*>,0.8173010349273682
setTodayTotalDetailSteps=1514044740000##0##549659##8661##16256##33444943,setTodayTotalDetailSteps=<*>##<*>##<*>##<*>##<*>##<*>,HealthApp,Unseen,setTodayTotalDetailSteps=<*>##<*>##<*>##<*>##<*>##<*>,1.701852798461914
setTodayTotalDetailSteps=1514044740000##0##549659##8661##16256##33449757,setTodayTotalDetailSteps=<*>##<*>##<*>##<*>##<*>##<*>,HealthApp,Unseen,setTodayTotalDetailSteps=<*>##<*>##<*>##<*>##<*>##<*>,1.7080209255218506
setTodayTotalDetailSteps=1514044740000##0##549659##8661##16256##33450764,setTodayTotalDetailSteps=<*>##<*>##<*>##<*>##<*>##<*>,HealthApp,Unseen,setTodayTotalDetailSteps=<*>##<*>##<*>##<*>##<*>##<*>,1.6831977367401123
setTodayTotalDetailSteps=1514045040000##0##549659##8661##16256##33767093,setTodayTotalDetailSteps=<*>##<*>##<*>##<*>##<*>##<*>,HealthApp,Unseen,setTodayTotalDetailSteps=<*>##<*>##<*>##<*>##<*>##<*>,1.689192295074463
setTodayTotalDetailSteps=1514045100000##0##549659##8661##16256##33821183,setTodayTotalDetailSteps=<*>##<*>##<*>##<*>##<*>##<*>,HealthApp,Unseen,setTodayTotalDetailSteps=<*>##<*>##<*>##<*>##<*>##<*>,1.7040650844573975
setTodayTotalDetailSteps=1514045160000##0##549659##8661##16256##33866758,setTodayTotalDetailSteps=<*>##<*>##<*>##<*>##<*>##<*>,HealthApp,Unseen,setTodayTotalDetailSteps=<*>##<*>##<*>##<*>##<*>##<*>,1.7189102172851562
setTodayTotalDetailSteps=1514045160000##0##549659##8661##16256##33868758,setTodayTotalDetailSteps=<*>##<*>##<*>##<*>##<*>##<*>,HealthApp,Unseen,setTodayTotalDetailSteps=<*>##<*>##<*>##<*>##<*>##<*>,1.735980749130249
setTodayTotalDetailSteps=1514045160000##0##549659##8661##16256##33884757,setTodayTotalDetailSteps=<*>##<*>##<*>##<*>##<*>##<*>,HealthApp,Unseen,setTodayTotalDetailSteps=<*>##<*>##<*>##<*>##<*>##<*>,1.7059197425842285
setTodayTotalDetailSteps=1514045160000##0##549659##8661##16256##33885759,setTodayTotalDetailSteps=<*>##<*>##<*>##<*>##<*>##<*>,HealthApp,Unseen,setTodayTotalDetailSteps=<*>##<*>##<*>##<*>##<*>##<*>,1.722494125366211
setTodayTotalDetailSteps=1514045280000##0##549659##8661##16256##33988760,setTodayTotalDetailSteps=<*>##<*>##<*>##<*>##<*>##<*>,HealthApp,Unseen,setTodayTotalDetailSteps=<*>##<*>##<*>##<*>##<*>##<*>,1.7164607048034668
setTodayTotalDetailSteps=1514045280000##0##549659##8661##16256##33990761,setTodayTotalDetailSteps=<*>##<*>##<*>##<*>##<*>##<*>,HealthApp,Unseen,setTodayTotalDetailSteps=<*>##<*>##<*>##<*>##<*>##<*>,1.71575927734375
setTodayTotalDetailSteps=1514045280000##0##549659##8661##16256##34018758,setTodayTotalDetailSteps=<*>##<*>##<*>##<*>##<*>##<*>,HealthApp,Unseen,setTodayTotalDetailSteps=<*>##<*>##<*>##<*>##<*>##<*>,1.707592487335205
setTodayTotalDetailSteps=1514045280000##0##549659##8661##16256##34019759,setTodayTotalDetailSteps=<*>##<*>##<*>##<*>##<*>##<*>,HealthApp,Unseen,setTodayTotalDetailSteps=<*>##<*>##<*>##<*>##<*>##<*>,1.7434091567993164
setTodayTotalDetailSteps=1514045340000##0##549659##8661##16256##34053757,setTodayTotalDetailSteps=<*>##<*>##<*>##<*>##<*>##<*>,HealthApp,Unseen,setTodayTotalDetailSteps=<*>##<*>##<*>##<*>##<*>##<*>,1.7057609558105469
setTodayTotalDetailSteps=1514045340000##0##549659##8661##16256##34054759,setTodayTotalDetailSteps=<*>##<*>##<*>##<*>##<*>##<*>,HealthApp,Unseen,setTodayTotalDetailSteps=<*>##<*>##<*>##<*>##<*>##<*>,1.7058131694793701
setTodayTotalDetailSteps=1514045340000##0##549659##8661##16256##34086757,setTodayTotalDetailSteps=<*>##<*>##<*>##<*>##<*>##<*>,HealthApp,Unseen,setTodayTotalDetailSteps=<*>##<*>##<*>##<*>##<*>##<*>,1.7069008350372314
setTodayTotalDetailSteps=1514045340000##0##549659##8661##16256##34087759,setTodayTotalDetailSteps=<*>##<*>##<*>##<*>##<*>##<*>,HealthApp,Unseen,setTodayTotalDetailSteps=<*>##<*>##<*>##<*>##<*>##<*>,1.6917550563812256
setTodayTotalDetailSteps=1514045400000##0##549659##8661##16256##34160765,setTodayTotalDetailSteps=<*>##<*>##<*>##<*>##<*>##<*>,HealthApp,Unseen,setTodayTotalDetailSteps=<*>##<*>##<*>##<*>##<*>##<*>,1.6916067600250244
setTodayTotalDetailSteps=1514045400000##0##549659##8661##16256##34161762,setTodayTotalDetailSteps=<*>##<*>##<*>##<*>##<*>##<*>,HealthApp,Unseen,setTodayTotalDetailSteps=<*>##<*>##<*>##<*>##<*>##<*>,1.7089576721191406
setTodayTotalDetailSteps=1514045640000##0##549659##8661##16256##34397604,setTodayTotalDetailSteps=<*>##<*>##<*>##<*>##<*>##<*>,HealthApp,Unseen,setTodayTotalDetailSteps=<*>##<*>##<*>##<*>##<*>##<*>,1.7467355728149414
setTodayTotalDetailSteps=1514046240000##0##549659##8661##16256##34960758,setTodayTotalDetailSteps=<*>##<*>##<*>##<*>##<*>##<*>,HealthApp,Unseen,setTodayTotalDetailSteps=<*>##<*>##<*>##<*>##<*>##<*>,1.719811201095581
setTodayTotalDetailSteps=1514046240000##0##549659##8661##16256##34961757,setTodayTotalDetailSteps=<*>##<*>##<*>##<*>##<*>##<*>,HealthApp,Unseen,setTodayTotalDetailSteps=<*>##<*>##<*>##<*>##<*>##<*>,1.7132854461669922
setTodayTotalDetailSteps=1514046420000##0##549659##8661##16256##35149773,setTodayTotalDetailSteps=<*>##<*>##<*>##<*>##<*>##<*>,HealthApp,Unseen,setTodayTotalDetailSteps=<*>##<*>##<*>##<*>##<*>##<*>,1.7238731384277344
onReceive action: android.intent.action.SCREEN_OFF,onReceive action: android.intent.action.SCREEN_OFF,HealthApp,Unseen,onReceive action: android.intent.action.SCREEN_OFF,1.072188377380371
stepSyncOrNot appSynTimes is 0,stepSyncOrNot appSynTimes is <*>,HealthApp,Unseen,stepSyncOrNot appSynTimes is <*>,0.8214926719665527
"initUserPrivacy the userPrivacy switch is open, start push user data!","initUserPrivacy the userPrivacy switch is open, start push user data!",HealthApp,Unseen,"initUserPrivacy the userPrivacy switch is open, start push user data!",1.2045190334320068
sendSyncFailedBroadcast,sendSyncFailedBroadcast,HealthApp,Unseen,sendSyncFailedBroadcast,0.44454145431518555
