Content,EventTemplate,Dataset,Category,Unseen_LLAMA_FT_Thunderbird_3,Inference_time_3
session opened for user root by (uid=0),session opened for user <*> by (uid=<*>),Thunderbird,Unseen,session opened for user <*> by (uid=<*>),0.9595930576324463
session opened for user root by (uid=0),session opened for user <*> by (uid=<*>),Thunderbird,Unseen,session opened for user <*> by (uid=<*>),0.9516925811767578
session opened for user root by (uid=0),session opened for user <*> by (uid=<*>),Thunderbird,Unseen,session opened for user <*> by (uid=<*>),0.9508888721466064
session opened for user root by (uid=0),session opened for user <*> by (uid=<*>),Thunderbird,Unseen,session opened for user <*> by (uid=<*>),0.9482619762420654
session opened for user root by (uid=0),session opened for user <*> by (uid=<*>),Thunderbird,Unseen,session opened for user <*> by (uid=<*>),0.9518961906433105
session opened for user root by (uid=0),session opened for user <*> by (uid=<*>),Thunderbird,Unseen,session opened for user <*> by (uid=<*>),0.9513852596282959
session opened for user root by (uid=0),session opened for user <*> by (uid=<*>),Thunderbird,Unseen,session opened for user <*> by (uid=<*>),0.9495389461517334
session opened for user root by (uid=0),session opened for user <*> by (uid=<*>),Thunderbird,Unseen,session opened for user <*> by (uid=<*>),0.9495959281921387
session opened for user root by (uid=0),session opened for user <*> by (uid=<*>),Thunderbird,Unseen,session opened for user <*> by (uid=<*>),0.958275318145752
session opened for user root by (uid=0),session opened for user <*> by (uid=<*>),Thunderbird,Unseen,session opened for user <*> by (uid=<*>),0.9620771408081055
session opened for user root by (uid=0),session opened for user <*> by (uid=<*>),Thunderbird,Unseen,session opened for user <*> by (uid=<*>),0.9606962203979492
session opened for user root by (uid=0),session opened for user <*> by (uid=<*>),Thunderbird,Unseen,session opened for user <*> by (uid=<*>),0.9614119529724121
session opened for user root by (uid=0),session opened for user <*> by (uid=<*>),Thunderbird,Unseen,session opened for user <*> by (uid=<*>),0.9587135314941406
session opened for user root by (uid=0),session opened for user <*> by (uid=<*>),Thunderbird,Unseen,session opened for user <*> by (uid=<*>),0.9595165252685547
"synchronized to 10.100.20.250, stratum 3","synchronized to <*>, stratum <*>",Thunderbird,Unseen,"synchronized to <*>, stratum <*>",0.8324298858642578
"synchronized to 10.100.28.250, stratum 3","synchronized to <*>, stratum <*>",Thunderbird,Unseen,"synchronized to <*>, stratum <*>",0.8300421237945557
"synchronized to 10.100.24.250, stratum 3","synchronized to <*>, stratum <*>",Thunderbird,Unseen,"synchronized to <*>, stratum <*>",0.8296847343444824
"synchronized to 10.100.16.250, stratum 3","synchronized to <*>, stratum <*>",Thunderbird,Unseen,"synchronized to <*>, stratum <*>",0.8378665447235107
"synchronized to 10.100.18.250, stratum 3","synchronized to <*>, stratum <*>",Thunderbird,Unseen,"synchronized to <*>, stratum <*>",0.8341741561889648
"synchronized to 10.100.20.250, stratum 3","synchronized to <*>, stratum <*>",Thunderbird,Unseen,"synchronized to <*>, stratum <*>",0.8297221660614014
"synchronized to 10.100.26.250, stratum 3","synchronized to <*>, stratum <*>",Thunderbird,Unseen,"synchronized to <*>, stratum <*>",0.8357372283935547
"synchronized to 10.100.18.250, stratum 3","synchronized to <*>, stratum <*>",Thunderbird,Unseen,"synchronized to <*>, stratum <*>",0.8298702239990234
"synchronized to 10.100.20.250, stratum 3","synchronized to <*>, stratum <*>",Thunderbird,Unseen,"synchronized to <*>, stratum <*>",0.8325362205505371
"synchronized to 10.100.22.250, stratum 3","synchronized to <*>, stratum <*>",Thunderbird,Unseen,"synchronized to <*>, stratum <*>",0.8270621299743652
"synchronized to 10.100.18.250, stratum 3","synchronized to <*>, stratum <*>",Thunderbird,Unseen,"synchronized to <*>, stratum <*>",0.8277492523193359
"synchronized to 10.100.22.250, stratum 3","synchronized to <*>, stratum <*>",Thunderbird,Unseen,"synchronized to <*>, stratum <*>",0.8307642936706543
"synchronized to 10.100.28.250, stratum 3","synchronized to <*>, stratum <*>",Thunderbird,Unseen,"synchronized to <*>, stratum <*>",0.8287732601165771
"synchronized to 10.100.20.250, stratum 3","synchronized to <*>, stratum <*>",Thunderbird,Unseen,"synchronized to <*>, stratum <*>",0.8225820064544678
"synchronized to 10.100.24.250, stratum 3","synchronized to <*>, stratum <*>",Thunderbird,Unseen,"synchronized to <*>, stratum <*>",0.8234171867370605
"synchronized to 10.100.20.250, stratum 3","synchronized to <*>, stratum <*>",Thunderbird,Unseen,"synchronized to <*>, stratum <*>",0.8208558559417725
"synchronized to 10.100.26.250, stratum 3","synchronized to <*>, stratum <*>",Thunderbird,Unseen,"synchronized to <*>, stratum <*>",0.8227474689483643
"synchronized to 10.100.26.250, stratum 3","synchronized to <*>, stratum <*>",Thunderbird,Unseen,"synchronized to <*>, stratum <*>",0.8265430927276611
"synchronized to 10.100.16.250, stratum 3","synchronized to <*>, stratum <*>",Thunderbird,Unseen,"synchronized to <*>, stratum <*>",0.8242084980010986
"synchronized to 10.100.22.250, stratum 3","synchronized to <*>, stratum <*>",Thunderbird,Unseen,"synchronized to <*>, stratum <*>",0.8253889083862305
"synchronized to 10.100.20.250, stratum 3","synchronized to <*>, stratum <*>",Thunderbird,Unseen,"synchronized to <*>, stratum <*>",0.8359544277191162
"synchronized to 10.100.20.250, stratum 3","synchronized to <*>, stratum <*>",Thunderbird,Unseen,"synchronized to <*>, stratum <*>",0.8422932624816895
"synchronized to 10.100.20.250, stratum 3","synchronized to <*>, stratum <*>",Thunderbird,Unseen,"synchronized to <*>, stratum <*>",0.8368117809295654
DHCPDISCOVER from 00:11:43:e3:ba:c3 via eth1,DHCPDISCOVER from <*> via eth1,Thunderbird,Unseen,DHCPDISCOVER from <*> via eth1,0.8915469646453857
"synchronized to 10.100.18.250, stratum 3","synchronized to <*>, stratum <*>",Thunderbird,Unseen,"synchronized to <*>, stratum <*>",0.817847490310669
"synchronized to 10.100.30.250, stratum 3","synchronized to <*>, stratum <*>",Thunderbird,Unseen,"synchronized to <*>, stratum <*>",0.8193056583404541
"synchronized to 10.100.20.250, stratum 3","synchronized to <*>, stratum <*>",Thunderbird,Unseen,"synchronized to <*>, stratum <*>",0.8193564414978027
"synchronized to 10.100.30.250, stratum 3","synchronized to <*>, stratum <*>",Thunderbird,Unseen,"synchronized to <*>, stratum <*>",0.8177974224090576
"synchronized to 10.100.20.250, stratum 3","synchronized to <*>, stratum <*>",Thunderbird,Unseen,"synchronized to <*>, stratum <*>",0.8188433647155762
"synchronized to 10.100.20.250, stratum 3","synchronized to <*>, stratum <*>",Thunderbird,Unseen,"synchronized to <*>, stratum <*>",0.8102090358734131
"synchronized to 10.100.18.250, stratum 3","synchronized to <*>, stratum <*>",Thunderbird,Unseen,"synchronized to <*>, stratum <*>",0.823272705078125
"synchronized to 10.100.18.250, stratum 3","synchronized to <*>, stratum <*>",Thunderbird,Unseen,"synchronized to <*>, stratum <*>",0.8241574764251709
"synchronized to 10.100.22.250, stratum 3","synchronized to <*>, stratum <*>",Thunderbird,Unseen,"synchronized to <*>, stratum <*>",0.8223974704742432
"synchronized to 10.100.16.250, stratum 3","synchronized to <*>, stratum <*>",Thunderbird,Unseen,"synchronized to <*>, stratum <*>",0.8281998634338379
"synchronized to 10.100.22.250, stratum 3","synchronized to <*>, stratum <*>",Thunderbird,Unseen,"synchronized to <*>, stratum <*>",0.8344626426696777
"synchronized to 10.100.18.250, stratum 3","synchronized to <*>, stratum <*>",Thunderbird,Unseen,"synchronized to <*>, stratum <*>",0.8572912216186523
"synchronized to 10.100.28.250, stratum 3","synchronized to <*>, stratum <*>",Thunderbird,Unseen,"synchronized to <*>, stratum <*>",0.8311271667480469
"synchronized to 10.100.16.250, stratum 3","synchronized to <*>, stratum <*>",Thunderbird,Unseen,"synchronized to <*>, stratum <*>",0.8199875354766846
"synchronized to 10.100.22.250, stratum 3","synchronized to <*>, stratum <*>",Thunderbird,Unseen,"synchronized to <*>, stratum <*>",0.8235251903533936
"synchronized to 10.100.22.250, stratum 3","synchronized to <*>, stratum <*>",Thunderbird,Unseen,"synchronized to <*>, stratum <*>",0.8302371501922607
"synchronized to 10.100.24.250, stratum 3","synchronized to <*>, stratum <*>",Thunderbird,Unseen,"synchronized to <*>, stratum <*>",0.8316295146942139
DHCPDISCOVER from 00:11:43:e3:ba:c3 via eth1,DHCPDISCOVER from <*> via eth1,Thunderbird,Unseen,DHCPDISCOVER from <*> via eth1,0.8979852199554443
DHCPDISCOVER from 00:11:43:e3:ba:c3 via eth1,DHCPDISCOVER from <*> via eth1,Thunderbird,Unseen,DHCPDISCOVER from <*> via eth1,0.8920111656188965
"synchronized to 10.100.20.250, stratum 3","synchronized to <*>, stratum <*>",Thunderbird,Unseen,"synchronized to <*>, stratum <*>",0.8224658966064453
DHCPDISCOVER from 00:11:43:e3:ba:c3 via eth1,DHCPDISCOVER from <*> via eth1,Thunderbird,Unseen,DHCPDISCOVER from <*> via eth1,0.8868820667266846
DHCPDISCOVER from 00:11:43:e3:ba:c3 via eth1,DHCPDISCOVER from <*> via eth1,Thunderbird,Unseen,DHCPDISCOVER from <*> via eth1,0.8829596042633057
"synchronized to 10.100.20.250, stratum 3","synchronized to <*>, stratum <*>",Thunderbird,Unseen,"synchronized to <*>, stratum <*>",0.8230600357055664
"synchronized to 10.100.30.250, stratum 3","synchronized to <*>, stratum <*>",Thunderbird,Unseen,"synchronized to <*>, stratum <*>",0.8291432857513428
"synchronized to 10.100.18.250, stratum 3","synchronized to <*>, stratum <*>",Thunderbird,Unseen,"synchronized to <*>, stratum <*>",0.8425607681274414
"synchronized to 10.100.20.250, stratum 3","synchronized to <*>, stratum <*>",Thunderbird,Unseen,"synchronized to <*>, stratum <*>",0.8464572429656982
"synchronized to 10.100.22.250, stratum 3","synchronized to <*>, stratum <*>",Thunderbird,Unseen,"synchronized to <*>, stratum <*>",0.8317949771881104
"synchronized to 10.100.22.250, stratum 3","synchronized to <*>, stratum <*>",Thunderbird,Unseen,"synchronized to <*>, stratum <*>",0.8368854522705078
"synchronized to 10.100.20.250, stratum 3","synchronized to <*>, stratum <*>",Thunderbird,Unseen,"synchronized to <*>, stratum <*>",0.8434064388275146
"synchronized to 10.100.30.250, stratum 3","synchronized to <*>, stratum <*>",Thunderbird,Unseen,"synchronized to <*>, stratum <*>",0.836005687713623
"synchronized to 10.100.20.250, stratum 3","synchronized to <*>, stratum <*>",Thunderbird,Unseen,"synchronized to <*>, stratum <*>",0.8393244743347168
"synchronized to 10.100.18.250, stratum 3","synchronized to <*>, stratum <*>",Thunderbird,Unseen,"synchronized to <*>, stratum <*>",0.8732712268829346
"synchronized to 10.100.20.250, stratum 3","synchronized to <*>, stratum <*>",Thunderbird,Unseen,"synchronized to <*>, stratum <*>",0.8465332984924316
"synchronized to 10.100.20.250, stratum 3","synchronized to <*>, stratum <*>",Thunderbird,Unseen,"synchronized to <*>, stratum <*>",0.838458776473999
"synchronized to 10.100.20.250, stratum 3","synchronized to <*>, stratum <*>",Thunderbird,Unseen,"synchronized to <*>, stratum <*>",0.8380045890808105
"synchronized to 10.100.28.250, stratum 3","synchronized to <*>, stratum <*>",Thunderbird,Unseen,"synchronized to <*>, stratum <*>",0.8357377052307129
"synchronized to 10.100.20.250, stratum 3","synchronized to <*>, stratum <*>",Thunderbird,Unseen,"synchronized to <*>, stratum <*>",0.8340749740600586
"synchronized to 10.100.20.250, stratum 3","synchronized to <*>, stratum <*>",Thunderbird,Unseen,"synchronized to <*>, stratum <*>",0.8503472805023193
"synchronized to 10.100.20.250, stratum 3","synchronized to <*>, stratum <*>",Thunderbird,Unseen,"synchronized to <*>, stratum <*>",0.8473830223083496
"synchronized to 10.100.16.250, stratum 3","synchronized to <*>, stratum <*>",Thunderbird,Unseen,"synchronized to <*>, stratum <*>",0.8423867225646973
"synchronized to 10.100.20.250, stratum 3","synchronized to <*>, stratum <*>",Thunderbird,Unseen,"synchronized to <*>, stratum <*>",0.8411171436309814
"synchronized to 10.100.22.250, stratum 3","synchronized to <*>, stratum <*>",Thunderbird,Unseen,"synchronized to <*>, stratum <*>",0.8380959033966064
"synchronized to 10.100.20.250, stratum 3","synchronized to <*>, stratum <*>",Thunderbird,Unseen,"synchronized to <*>, stratum <*>",0.8344888687133789
"synchronized to 10.100.20.250, stratum 3","synchronized to <*>, stratum <*>",Thunderbird,Unseen,"synchronized to <*>, stratum <*>",0.8373479843139648
"synchronized to 10.100.22.250, stratum 3","synchronized to <*>, stratum <*>",Thunderbird,Unseen,"synchronized to <*>, stratum <*>",0.8331570625305176
"synchronized to 10.100.16.250, stratum 3","synchronized to <*>, stratum <*>",Thunderbird,Unseen,"synchronized to <*>, stratum <*>",0.8309381008148193
"synchronized to 10.100.16.250, stratum 3","synchronized to <*>, stratum <*>",Thunderbird,Unseen,"synchronized to <*>, stratum <*>",0.8324127197265625
"synchronized to 10.100.22.250, stratum 3","synchronized to <*>, stratum <*>",Thunderbird,Unseen,"synchronized to <*>, stratum <*>",0.8287827968597412
"synchronized to 10.100.20.250, stratum 3","synchronized to <*>, stratum <*>",Thunderbird,Unseen,"synchronized to <*>, stratum <*>",0.8597533702850342
"synchronized to 10.100.22.250, stratum 3","synchronized to <*>, stratum <*>",Thunderbird,Unseen,"synchronized to <*>, stratum <*>",0.8378458023071289
"synchronized to 10.100.18.250, stratum 3","synchronized to <*>, stratum <*>",Thunderbird,Unseen,"synchronized to <*>, stratum <*>",0.8340649604797363
"synchronized to 10.100.20.250, stratum 3","synchronized to <*>, stratum <*>",Thunderbird,Unseen,"synchronized to <*>, stratum <*>",0.842853307723999
"synchronized to 10.100.16.250, stratum 3","synchronized to <*>, stratum <*>",Thunderbird,Unseen,"synchronized to <*>, stratum <*>",0.8359715938568115
"synchronized to 10.100.20.250, stratum 3","synchronized to <*>, stratum <*>",Thunderbird,Unseen,"synchronized to <*>, stratum <*>",0.8483834266662598
"synchronized to 10.100.20.250, stratum 3","synchronized to <*>, stratum <*>",Thunderbird,Unseen,"synchronized to <*>, stratum <*>",0.8235304355621338
"synchronized to 10.100.20.250, stratum 3","synchronized to <*>, stratum <*>",Thunderbird,Unseen,"synchronized to <*>, stratum <*>",0.8307147026062012
"synchronized to 10.100.14.250, stratum 3","synchronized to <*>, stratum <*>",Thunderbird,Unseen,"synchronized to <*>, stratum <*>",0.8184447288513184
"synchronized to 10.100.20.250, stratum 3","synchronized to <*>, stratum <*>",Thunderbird,Unseen,"synchronized to <*>, stratum <*>",0.8137052059173584
"synchronized to 10.100.20.250, stratum 3","synchronized to <*>, stratum <*>",Thunderbird,Unseen,"synchronized to <*>, stratum <*>",0.8167538642883301
"synchronized to 10.100.22.250, stratum 3","synchronized to <*>, stratum <*>",Thunderbird,Unseen,"synchronized to <*>, stratum <*>",0.8155250549316406
"synchronized to 10.100.18.250, stratum 3","synchronized to <*>, stratum <*>",Thunderbird,Unseen,"synchronized to <*>, stratum <*>",0.8224282264709473
"synchronized to 10.100.20.250, stratum 3","synchronized to <*>, stratum <*>",Thunderbird,Unseen,"synchronized to <*>, stratum <*>",0.8225774765014648
"synchronized to 10.100.18.250, stratum 3","synchronized to <*>, stratum <*>",Thunderbird,Unseen,"synchronized to <*>, stratum <*>",0.815969705581665
"synchronized to 10.100.20.250, stratum 3","synchronized to <*>, stratum <*>",Thunderbird,Unseen,"synchronized to <*>, stratum <*>",0.8244960308074951
"synchronized to 10.100.22.250, stratum 3","synchronized to <*>, stratum <*>",Thunderbird,Unseen,"synchronized to <*>, stratum <*>",0.8418786525726318
"synchronized to 10.100.18.250, stratum 3","synchronized to <*>, stratum <*>",Thunderbird,Unseen,"synchronized to <*>, stratum <*>",0.8322644233703613
"synchronized to 10.100.22.250, stratum 3","synchronized to <*>, stratum <*>",Thunderbird,Unseen,"synchronized to <*>, stratum <*>",0.8234207630157471
"synchronized to 10.100.24.250, stratum 3","synchronized to <*>, stratum <*>",Thunderbird,Unseen,"synchronized to <*>, stratum <*>",0.8259518146514893
"synchronized to 10.100.28.250, stratum 3","synchronized to <*>, stratum <*>",Thunderbird,Unseen,"synchronized to <*>, stratum <*>",0.8146998882293701
"synchronized to 10.100.20.250, stratum 3","synchronized to <*>, stratum <*>",Thunderbird,Unseen,"synchronized to <*>, stratum <*>",0.8152260780334473
"synchronized to 10.100.20.250, stratum 3","synchronized to <*>, stratum <*>",Thunderbird,Unseen,"synchronized to <*>, stratum <*>",0.8165297508239746
"synchronized to 10.100.12.250, stratum 3","synchronized to <*>, stratum <*>",Thunderbird,Unseen,"synchronized to <*>, stratum <*>",0.8092827796936035
"synchronized to 10.100.22.250, stratum 3","synchronized to <*>, stratum <*>",Thunderbird,Unseen,"synchronized to <*>, stratum <*>",0.8091468811035156
"synchronized to 10.100.20.250, stratum 3","synchronized to <*>, stratum <*>",Thunderbird,Unseen,"synchronized to <*>, stratum <*>",0.8128402233123779
"synchronized to 10.100.18.250, stratum 3","synchronized to <*>, stratum <*>",Thunderbird,Unseen,"synchronized to <*>, stratum <*>",0.8107340335845947
"synchronized to 10.100.28.250, stratum 3","synchronized to <*>, stratum <*>",Thunderbird,Unseen,"synchronized to <*>, stratum <*>",0.81394362449646
"synchronized to 10.100.18.250, stratum 3","synchronized to <*>, stratum <*>",Thunderbird,Unseen,"synchronized to <*>, stratum <*>",0.8155727386474609
"synchronized to 10.100.22.250, stratum 3","synchronized to <*>, stratum <*>",Thunderbird,Unseen,"synchronized to <*>, stratum <*>",0.8621199131011963
"synchronized to 10.100.22.250, stratum 3","synchronized to <*>, stratum <*>",Thunderbird,Unseen,"synchronized to <*>, stratum <*>",0.829479455947876
"synchronized to 10.100.14.250, stratum 3","synchronized to <*>, stratum <*>",Thunderbird,Unseen,"synchronized to <*>, stratum <*>",0.8244631290435791
"synchronized to 10.100.18.250, stratum 3","synchronized to <*>, stratum <*>",Thunderbird,Unseen,"synchronized to <*>, stratum <*>",0.8295714855194092
"synchronized to 10.100.22.250, stratum 3","synchronized to <*>, stratum <*>",Thunderbird,Unseen,"synchronized to <*>, stratum <*>",0.8118941783905029
"synchronized to 10.100.20.250, stratum 3","synchronized to <*>, stratum <*>",Thunderbird,Unseen,"synchronized to <*>, stratum <*>",0.8069384098052979
"synchronized to 10.100.18.250, stratum 3","synchronized to <*>, stratum <*>",Thunderbird,Unseen,"synchronized to <*>, stratum <*>",0.810405969619751
"synchronized to 10.100.22.250, stratum 3","synchronized to <*>, stratum <*>",Thunderbird,Unseen,"synchronized to <*>, stratum <*>",0.8298254013061523
"synchronized to 10.100.18.250, stratum 3","synchronized to <*>, stratum <*>",Thunderbird,Unseen,"synchronized to <*>, stratum <*>",0.8320891857147217
"synchronized to 10.100.18.250, stratum 3","synchronized to <*>, stratum <*>",Thunderbird,Unseen,"synchronized to <*>, stratum <*>",0.8093936443328857
"synchronized to 10.100.22.250, stratum 3","synchronized to <*>, stratum <*>",Thunderbird,Unseen,"synchronized to <*>, stratum <*>",0.8040893077850342
"synchronized to 10.100.30.250, stratum 3","synchronized to <*>, stratum <*>",Thunderbird,Unseen,"synchronized to <*>, stratum <*>",0.802952766418457
"synchronized to 10.100.22.250, stratum 3","synchronized to <*>, stratum <*>",Thunderbird,Unseen,"synchronized to <*>, stratum <*>",0.8051052093505859
"synchronized to 10.100.20.250, stratum 3","synchronized to <*>, stratum <*>",Thunderbird,Unseen,"synchronized to <*>, stratum <*>",0.806149959564209
"synchronized to 10.100.16.250, stratum 3","synchronized to <*>, stratum <*>",Thunderbird,Unseen,"synchronized to <*>, stratum <*>",0.8062067031860352
"synchronized to 10.100.18.250, stratum 3","synchronized to <*>, stratum <*>",Thunderbird,Unseen,"synchronized to <*>, stratum <*>",0.8247146606445312
"synchronized to 10.100.28.250, stratum 3","synchronized to <*>, stratum <*>",Thunderbird,Unseen,"synchronized to <*>, stratum <*>",0.8255555629730225
"synchronized to 10.100.20.250, stratum 3","synchronized to <*>, stratum <*>",Thunderbird,Unseen,"synchronized to <*>, stratum <*>",0.8366992473602295
"synchronized to 10.100.20.250, stratum 3","synchronized to <*>, stratum <*>",Thunderbird,Unseen,"synchronized to <*>, stratum <*>",0.8203039169311523
"synchronized to 10.100.16.250, stratum 3","synchronized to <*>, stratum <*>",Thunderbird,Unseen,"synchronized to <*>, stratum <*>",0.8241894245147705
"synchronized to 10.100.16.250, stratum 3","synchronized to <*>, stratum <*>",Thunderbird,Unseen,"synchronized to <*>, stratum <*>",0.8220515251159668
"synchronized to 10.100.28.250, stratum 3","synchronized to <*>, stratum <*>",Thunderbird,Unseen,"synchronized to <*>, stratum <*>",0.8325951099395752
"synchronized to 10.100.22.250, stratum 3","synchronized to <*>, stratum <*>",Thunderbird,Unseen,"synchronized to <*>, stratum <*>",0.8156871795654297
"synchronized to 10.100.18.250, stratum 3","synchronized to <*>, stratum <*>",Thunderbird,Unseen,"synchronized to <*>, stratum <*>",0.8144400119781494
"synchronized to 10.100.20.250, stratum 3","synchronized to <*>, stratum <*>",Thunderbird,Unseen,"synchronized to <*>, stratum <*>",0.8145036697387695
"synchronized to 10.100.20.250, stratum 3","synchronized to <*>, stratum <*>",Thunderbird,Unseen,"synchronized to <*>, stratum <*>",0.8217425346374512
"synchronized to 10.100.16.250, stratum 3","synchronized to <*>, stratum <*>",Thunderbird,Unseen,"synchronized to <*>, stratum <*>",0.8176963329315186
"synchronized to 10.100.18.250, stratum 3","synchronized to <*>, stratum <*>",Thunderbird,Unseen,"synchronized to <*>, stratum <*>",0.8045117855072021
"synchronized to 10.100.20.250, stratum 3","synchronized to <*>, stratum <*>",Thunderbird,Unseen,"synchronized to <*>, stratum <*>",0.8086287975311279
"synchronized to 10.100.18.250, stratum 3","synchronized to <*>, stratum <*>",Thunderbird,Unseen,"synchronized to <*>, stratum <*>",0.8653802871704102
"synchronized to 10.100.26.250, stratum 3","synchronized to <*>, stratum <*>",Thunderbird,Unseen,"synchronized to <*>, stratum <*>",0.830695390701294
"synchronized to 10.100.22.250, stratum 3","synchronized to <*>, stratum <*>",Thunderbird,Unseen,"synchronized to <*>, stratum <*>",0.8260080814361572
"synchronized to 10.100.22.250, stratum 3","synchronized to <*>, stratum <*>",Thunderbird,Unseen,"synchronized to <*>, stratum <*>",0.8140077590942383
"synchronized to 10.100.20.250, stratum 3","synchronized to <*>, stratum <*>",Thunderbird,Unseen,"synchronized to <*>, stratum <*>",0.809729814529419
"synchronized to 10.100.18.250, stratum 3","synchronized to <*>, stratum <*>",Thunderbird,Unseen,"synchronized to <*>, stratum <*>",0.8029062747955322
"synchronized to 10.100.22.250, stratum 3","synchronized to <*>, stratum <*>",Thunderbird,Unseen,"synchronized to <*>, stratum <*>",0.8028507232666016
"synchronized to 10.100.18.250, stratum 3","synchronized to <*>, stratum <*>",Thunderbird,Unseen,"synchronized to <*>, stratum <*>",0.8081541061401367
"synchronized to 10.100.16.250, stratum 3","synchronized to <*>, stratum <*>",Thunderbird,Unseen,"synchronized to <*>, stratum <*>",0.8139834403991699
"synchronized to 10.100.20.250, stratum 3","synchronized to <*>, stratum <*>",Thunderbird,Unseen,"synchronized to <*>, stratum <*>",0.8160295486450195
"synchronized to 10.100.22.250, stratum 3","synchronized to <*>, stratum <*>",Thunderbird,Unseen,"synchronized to <*>, stratum <*>",0.8049070835113525
"synchronized to 10.100.18.250, stratum 3","synchronized to <*>, stratum <*>",Thunderbird,Unseen,"synchronized to <*>, stratum <*>",0.8069605827331543
"synchronized to 10.100.18.250, stratum 3","synchronized to <*>, stratum <*>",Thunderbird,Unseen,"synchronized to <*>, stratum <*>",0.8069233894348145
"synchronized to 10.100.16.250, stratum 3","synchronized to <*>, stratum <*>",Thunderbird,Unseen,"synchronized to <*>, stratum <*>",0.8080337047576904
"synchronized to 10.100.22.250, stratum 3","synchronized to <*>, stratum <*>",Thunderbird,Unseen,"synchronized to <*>, stratum <*>",0.8484957218170166
"synchronized to 10.100.22.250, stratum 3","synchronized to <*>, stratum <*>",Thunderbird,Unseen,"synchronized to <*>, stratum <*>",0.8172628879547119
"synchronized to 10.100.22.250, stratum 3","synchronized to <*>, stratum <*>",Thunderbird,Unseen,"synchronized to <*>, stratum <*>",0.8167150020599365
"synchronized to 10.100.14.250, stratum 3","synchronized to <*>, stratum <*>",Thunderbird,Unseen,"synchronized to <*>, stratum <*>",0.815230131149292
"synchronized to 10.100.20.250, stratum 3","synchronized to <*>, stratum <*>",Thunderbird,Unseen,"synchronized to <*>, stratum <*>",0.810173749923706
"synchronized to 10.100.16.250, stratum 3","synchronized to <*>, stratum <*>",Thunderbird,Unseen,"synchronized to <*>, stratum <*>",0.8094334602355957
"synchronized to 10.100.20.250, stratum 3","synchronized to <*>, stratum <*>",Thunderbird,Unseen,"synchronized to <*>, stratum <*>",0.8033542633056641
"synchronized to 10.100.20.250, stratum 3","synchronized to <*>, stratum <*>",Thunderbird,Unseen,"synchronized to <*>, stratum <*>",0.8062496185302734
"synchronized to 10.100.16.250, stratum 3","synchronized to <*>, stratum <*>",Thunderbird,Unseen,"synchronized to <*>, stratum <*>",0.8083395957946777
"synchronized to 10.100.22.250, stratum 3","synchronized to <*>, stratum <*>",Thunderbird,Unseen,"synchronized to <*>, stratum <*>",0.807020902633667
"synchronized to 10.100.20.250, stratum 3","synchronized to <*>, stratum <*>",Thunderbird,Unseen,"synchronized to <*>, stratum <*>",0.8025875091552734
"synchronized to 10.100.28.250, stratum 3","synchronized to <*>, stratum <*>",Thunderbird,Unseen,"synchronized to <*>, stratum <*>",0.8007705211639404
"synchronized to 10.100.20.250, stratum 3","synchronized to <*>, stratum <*>",Thunderbird,Unseen,"synchronized to <*>, stratum <*>",0.8036940097808838
"synchronized to 10.100.16.250, stratum 3","synchronized to <*>, stratum <*>",Thunderbird,Unseen,"synchronized to <*>, stratum <*>",0.8030965328216553
"synchronized to 10.100.16.250, stratum 3","synchronized to <*>, stratum <*>",Thunderbird,Unseen,"synchronized to <*>, stratum <*>",0.8097851276397705
"synchronized to 10.100.22.250, stratum 3","synchronized to <*>, stratum <*>",Thunderbird,Unseen,"synchronized to <*>, stratum <*>",0.8081302642822266
"synchronized to 10.100.22.250, stratum 3","synchronized to <*>, stratum <*>",Thunderbird,Unseen,"synchronized to <*>, stratum <*>",0.8140032291412354
"synchronized to 10.100.22.250, stratum 3","synchronized to <*>, stratum <*>",Thunderbird,Unseen,"synchronized to <*>, stratum <*>",0.8061866760253906
"synchronized to 10.100.22.250, stratum 3","synchronized to <*>, stratum <*>",Thunderbird,Unseen,"synchronized to <*>, stratum <*>",0.8151135444641113
"synchronized to 10.100.18.250, stratum 3","synchronized to <*>, stratum <*>",Thunderbird,Unseen,"synchronized to <*>, stratum <*>",0.8085718154907227
"synchronized to 10.100.20.250, stratum 3","synchronized to <*>, stratum <*>",Thunderbird,Unseen,"synchronized to <*>, stratum <*>",0.8056454658508301
"synchronized to 10.100.20.250, stratum 3","synchronized to <*>, stratum <*>",Thunderbird,Unseen,"synchronized to <*>, stratum <*>",0.8044905662536621
"synchronized to 10.100.28.250, stratum 3","synchronized to <*>, stratum <*>",Thunderbird,Unseen,"synchronized to <*>, stratum <*>",0.8044614791870117
"synchronized to 10.100.22.250, stratum 3","synchronized to <*>, stratum <*>",Thunderbird,Unseen,"synchronized to <*>, stratum <*>",0.8037843704223633
"synchronized to 10.100.24.250, stratum 3","synchronized to <*>, stratum <*>",Thunderbird,Unseen,"synchronized to <*>, stratum <*>",0.8053758144378662
"synchronized to 10.100.20.250, stratum 3","synchronized to <*>, stratum <*>",Thunderbird,Unseen,"synchronized to <*>, stratum <*>",0.8024899959564209
"synchronized to 10.100.20.250, stratum 3","synchronized to <*>, stratum <*>",Thunderbird,Unseen,"synchronized to <*>, stratum <*>",0.8040294647216797
"synchronized to 10.100.18.250, stratum 3","synchronized to <*>, stratum <*>",Thunderbird,Unseen,"synchronized to <*>, stratum <*>",0.8027644157409668
"synchronized to 10.100.22.250, stratum 3","synchronized to <*>, stratum <*>",Thunderbird,Unseen,"synchronized to <*>, stratum <*>",0.803368330001831
"synchronized to 10.100.18.250, stratum 3","synchronized to <*>, stratum <*>",Thunderbird,Unseen,"synchronized to <*>, stratum <*>",0.8088030815124512
"synchronized to 10.100.20.250, stratum 3","synchronized to <*>, stratum <*>",Thunderbird,Unseen,"synchronized to <*>, stratum <*>",0.8101522922515869
"synchronized to 10.100.16.250, stratum 3","synchronized to <*>, stratum <*>",Thunderbird,Unseen,"synchronized to <*>, stratum <*>",0.8030593395233154
"synchronized to 10.100.20.250, stratum 3","synchronized to <*>, stratum <*>",Thunderbird,Unseen,"synchronized to <*>, stratum <*>",0.8032877445220947
"synchronized to 10.100.16.250, stratum 3","synchronized to <*>, stratum <*>",Thunderbird,Unseen,"synchronized to <*>, stratum <*>",0.8034236431121826
Received SNMP packet(s) from #34#,Received SNMP packet(s) from #<*>#,Thunderbird,Unseen,Received SNMP packet(s) from <*>,0.7485637664794922
"synchronized to 10.100.30.250, stratum 3","synchronized to <*>, stratum <*>",Thunderbird,Unseen,"synchronized to <*>, stratum <*>",0.8034498691558838
"synchronized to 10.100.20.250, stratum 3","synchronized to <*>, stratum <*>",Thunderbird,Unseen,"synchronized to <*>, stratum <*>",0.7997963428497314
"synchronized to 10.100.28.250, stratum 3","synchronized to <*>, stratum <*>",Thunderbird,Unseen,"synchronized to <*>, stratum <*>",0.7994778156280518
"synchronized to 10.100.22.250, stratum 3","synchronized to <*>, stratum <*>",Thunderbird,Unseen,"synchronized to <*>, stratum <*>",0.7999396324157715
"synchronized to 10.100.18.250, stratum 3","synchronized to <*>, stratum <*>",Thunderbird,Unseen,"synchronized to <*>, stratum <*>",0.8012990951538086
"synchronized to 10.100.28.250, stratum 3","synchronized to <*>, stratum <*>",Thunderbird,Unseen,"synchronized to <*>, stratum <*>",0.8016839027404785
"synchronized to 10.100.20.250, stratum 3","synchronized to <*>, stratum <*>",Thunderbird,Unseen,"synchronized to <*>, stratum <*>",0.8030626773834229
"synchronized to 10.100.20.250, stratum 3","synchronized to <*>, stratum <*>",Thunderbird,Unseen,"synchronized to <*>, stratum <*>",0.800706148147583
"synchronized to 10.100.22.250, stratum 3","synchronized to <*>, stratum <*>",Thunderbird,Unseen,"synchronized to <*>, stratum <*>",0.8135929107666016
"synchronized to 10.100.20.250, stratum 3","synchronized to <*>, stratum <*>",Thunderbird,Unseen,"synchronized to <*>, stratum <*>",0.8188624382019043
"synchronized to 10.100.20.250, stratum 3","synchronized to <*>, stratum <*>",Thunderbird,Unseen,"synchronized to <*>, stratum <*>",0.8180782794952393
"synchronized to 10.100.22.250, stratum 3","synchronized to <*>, stratum <*>",Thunderbird,Unseen,"synchronized to <*>, stratum <*>",0.8150012493133545
"synchronized to 10.100.28.250, stratum 3","synchronized to <*>, stratum <*>",Thunderbird,Unseen,"synchronized to <*>, stratum <*>",0.8198356628417969
"synchronized to 10.100.18.250, stratum 3","synchronized to <*>, stratum <*>",Thunderbird,Unseen,"synchronized to <*>, stratum <*>",0.8203697204589844
"synchronized to 10.100.20.250, stratum 3","synchronized to <*>, stratum <*>",Thunderbird,Unseen,"synchronized to <*>, stratum <*>",0.814504861831665
"synchronized to 10.100.20.250, stratum 3","synchronized to <*>, stratum <*>",Thunderbird,Unseen,"synchronized to <*>, stratum <*>",0.8239302635192871
"synchronized to 10.100.22.250, stratum 3","synchronized to <*>, stratum <*>",Thunderbird,Unseen,"synchronized to <*>, stratum <*>",0.8095197677612305
"synchronized to 10.100.20.250, stratum 3","synchronized to <*>, stratum <*>",Thunderbird,Unseen,"synchronized to <*>, stratum <*>",0.7982516288757324
"synchronized to 10.100.28.250, stratum 3","synchronized to <*>, stratum <*>",Thunderbird,Unseen,"synchronized to <*>, stratum <*>",0.7995767593383789
"synchronized to 10.100.12.250, stratum 3","synchronized to <*>, stratum <*>",Thunderbird,Unseen,"synchronized to <*>, stratum <*>",0.8001420497894287
"synchronized to 10.100.18.250, stratum 3","synchronized to <*>, stratum <*>",Thunderbird,Unseen,"synchronized to <*>, stratum <*>",0.805717945098877
"synchronized to 10.100.28.250, stratum 3","synchronized to <*>, stratum <*>",Thunderbird,Unseen,"synchronized to <*>, stratum <*>",0.7966766357421875
"synchronized to 10.100.20.250, stratum 3","synchronized to <*>, stratum <*>",Thunderbird,Unseen,"synchronized to <*>, stratum <*>",0.8162229061126709
"synchronized to 10.100.20.250, stratum 3","synchronized to <*>, stratum <*>",Thunderbird,Unseen,"synchronized to <*>, stratum <*>",0.8214287757873535
"synchronized to 10.100.28.250, stratum 3","synchronized to <*>, stratum <*>",Thunderbird,Unseen,"synchronized to <*>, stratum <*>",0.8101282119750977
"synchronized to 10.100.20.250, stratum 3","synchronized to <*>, stratum <*>",Thunderbird,Unseen,"synchronized to <*>, stratum <*>",0.8042359352111816
"synchronized to 10.100.22.250, stratum 3","synchronized to <*>, stratum <*>",Thunderbird,Unseen,"synchronized to <*>, stratum <*>",0.8112876415252686
"synchronized to 10.100.22.250, stratum 3","synchronized to <*>, stratum <*>",Thunderbird,Unseen,"synchronized to <*>, stratum <*>",0.8327391147613525
"synchronized to 10.100.20.250, stratum 3","synchronized to <*>, stratum <*>",Thunderbird,Unseen,"synchronized to <*>, stratum <*>",0.8184888362884521
"synchronized to 10.100.22.250, stratum 3","synchronized to <*>, stratum <*>",Thunderbird,Unseen,"synchronized to <*>, stratum <*>",0.815314531326294
"synchronized to 10.100.16.250, stratum 3","synchronized to <*>, stratum <*>",Thunderbird,Unseen,"synchronized to <*>, stratum <*>",0.8134331703186035
"synchronized to 10.100.18.250, stratum 3","synchronized to <*>, stratum <*>",Thunderbird,Unseen,"synchronized to <*>, stratum <*>",0.8098645210266113
"synchronized to 10.100.20.250, stratum 3","synchronized to <*>, stratum <*>",Thunderbird,Unseen,"synchronized to <*>, stratum <*>",0.8099448680877686
"synchronized to 10.100.18.250, stratum 3","synchronized to <*>, stratum <*>",Thunderbird,Unseen,"synchronized to <*>, stratum <*>",0.8088655471801758
"synchronized to 10.100.16.250, stratum 3","synchronized to <*>, stratum <*>",Thunderbird,Unseen,"synchronized to <*>, stratum <*>",0.8141024112701416
"synchronized to 10.100.20.250, stratum 3","synchronized to <*>, stratum <*>",Thunderbird,Unseen,"synchronized to <*>, stratum <*>",0.8104183673858643
"synchronized to 10.100.16.250, stratum 3","synchronized to <*>, stratum <*>",Thunderbird,Unseen,"synchronized to <*>, stratum <*>",0.828679084777832
"synchronized to 10.100.20.250, stratum 3","synchronized to <*>, stratum <*>",Thunderbird,Unseen,"synchronized to <*>, stratum <*>",0.836251974105835
"synchronized to 10.100.20.250, stratum 3","synchronized to <*>, stratum <*>",Thunderbird,Unseen,"synchronized to <*>, stratum <*>",0.8188652992248535
"synchronized to 10.100.26.250, stratum 3","synchronized to <*>, stratum <*>",Thunderbird,Unseen,"synchronized to <*>, stratum <*>",0.8164775371551514
"synchronized to 10.100.22.250, stratum 3","synchronized to <*>, stratum <*>",Thunderbird,Unseen,"synchronized to <*>, stratum <*>",0.8172154426574707
"synchronized to 10.100.18.250, stratum 3","synchronized to <*>, stratum <*>",Thunderbird,Unseen,"synchronized to <*>, stratum <*>",0.816950798034668
"synchronized to 10.100.20.250, stratum 3","synchronized to <*>, stratum <*>",Thunderbird,Unseen,"synchronized to <*>, stratum <*>",0.8158407211303711
"synchronized to 10.100.20.250, stratum 3","synchronized to <*>, stratum <*>",Thunderbird,Unseen,"synchronized to <*>, stratum <*>",0.8228204250335693
"synchronized to 10.100.20.250, stratum 3","synchronized to <*>, stratum <*>",Thunderbird,Unseen,"synchronized to <*>, stratum <*>",0.8247933387756348
"synchronized to 10.100.20.250, stratum 3","synchronized to <*>, stratum <*>",Thunderbird,Unseen,"synchronized to <*>, stratum <*>",0.8225553035736084
"synchronized to 10.100.16.250, stratum 3","synchronized to <*>, stratum <*>",Thunderbird,Unseen,"synchronized to <*>, stratum <*>",0.8399643898010254
"synchronized to 10.100.20.250, stratum 3","synchronized to <*>, stratum <*>",Thunderbird,Unseen,"synchronized to <*>, stratum <*>",0.8428268432617188
"synchronized to 10.100.16.250, stratum 3","synchronized to <*>, stratum <*>",Thunderbird,Unseen,"synchronized to <*>, stratum <*>",0.8128190040588379
"synchronized to 10.100.18.250, stratum 3","synchronized to <*>, stratum <*>",Thunderbird,Unseen,"synchronized to <*>, stratum <*>",0.8002557754516602
"synchronized to 10.100.26.250, stratum 3","synchronized to <*>, stratum <*>",Thunderbird,Unseen,"synchronized to <*>, stratum <*>",0.8124310970306396
"synchronized to 10.100.22.250, stratum 3","synchronized to <*>, stratum <*>",Thunderbird,Unseen,"synchronized to <*>, stratum <*>",0.8173036575317383
"synchronized to 10.100.24.250, stratum 3","synchronized to <*>, stratum <*>",Thunderbird,Unseen,"synchronized to <*>, stratum <*>",0.8071537017822266
"synchronized to 10.100.20.250, stratum 3","synchronized to <*>, stratum <*>",Thunderbird,Unseen,"synchronized to <*>, stratum <*>",0.8049700260162354
"synchronized to 10.100.20.250, stratum 3","synchronized to <*>, stratum <*>",Thunderbird,Unseen,"synchronized to <*>, stratum <*>",0.8054125308990479
"synchronized to 10.100.22.250, stratum 3","synchronized to <*>, stratum <*>",Thunderbird,Unseen,"synchronized to <*>, stratum <*>",0.8039555549621582
"synchronized to 10.100.22.250, stratum 3","synchronized to <*>, stratum <*>",Thunderbird,Unseen,"synchronized to <*>, stratum <*>",0.8036055564880371
"synchronized to 10.100.22.250, stratum 3","synchronized to <*>, stratum <*>",Thunderbird,Unseen,"synchronized to <*>, stratum <*>",0.8139891624450684
"synchronized to 10.100.12.250, stratum 3","synchronized to <*>, stratum <*>",Thunderbird,Unseen,"synchronized to <*>, stratum <*>",0.8074688911437988
"synchronized to 10.100.16.250, stratum 3","synchronized to <*>, stratum <*>",Thunderbird,Unseen,"synchronized to <*>, stratum <*>",0.8172478675842285
"synchronized to 10.100.22.250, stratum 3","synchronized to <*>, stratum <*>",Thunderbird,Unseen,"synchronized to <*>, stratum <*>",0.8205678462982178
"synchronized to 10.100.22.250, stratum 3","synchronized to <*>, stratum <*>",Thunderbird,Unseen,"synchronized to <*>, stratum <*>",0.8138375282287598
"synchronized to 10.100.20.250, stratum 3","synchronized to <*>, stratum <*>",Thunderbird,Unseen,"synchronized to <*>, stratum <*>",0.8140180110931396
"synchronized to 10.100.20.250, stratum 3","synchronized to <*>, stratum <*>",Thunderbird,Unseen,"synchronized to <*>, stratum <*>",0.8154685497283936
"synchronized to 10.100.24.250, stratum 3","synchronized to <*>, stratum <*>",Thunderbird,Unseen,"synchronized to <*>, stratum <*>",0.8221962451934814
"synchronized to 10.100.18.250, stratum 3","synchronized to <*>, stratum <*>",Thunderbird,Unseen,"synchronized to <*>, stratum <*>",0.825261116027832
"synchronized to 10.100.20.250, stratum 3","synchronized to <*>, stratum <*>",Thunderbird,Unseen,"synchronized to <*>, stratum <*>",0.8182971477508545
"synchronized to 10.100.20.250, stratum 3","synchronized to <*>, stratum <*>",Thunderbird,Unseen,"synchronized to <*>, stratum <*>",0.8147985935211182
"synchronized to 10.100.16.250, stratum 3","synchronized to <*>, stratum <*>",Thunderbird,Unseen,"synchronized to <*>, stratum <*>",0.8125832080841064
"synchronized to 10.100.18.250, stratum 3","synchronized to <*>, stratum <*>",Thunderbird,Unseen,"synchronized to <*>, stratum <*>",0.8137133121490479
"synchronized to 10.100.14.250, stratum 3","synchronized to <*>, stratum <*>",Thunderbird,Unseen,"synchronized to <*>, stratum <*>",0.8140928745269775
"synchronized to 10.100.20.250, stratum 3","synchronized to <*>, stratum <*>",Thunderbird,Unseen,"synchronized to <*>, stratum <*>",0.8131988048553467
"synchronized to 10.100.20.250, stratum 3","synchronized to <*>, stratum <*>",Thunderbird,Unseen,"synchronized to <*>, stratum <*>",0.8127491474151611
"synchronized to 10.100.20.250, stratum 3","synchronized to <*>, stratum <*>",Thunderbird,Unseen,"synchronized to <*>, stratum <*>",0.8177080154418945
"synchronized to 10.100.12.250, stratum 3","synchronized to <*>, stratum <*>",Thunderbird,Unseen,"synchronized to <*>, stratum <*>",0.8171322345733643
"synchronized to 10.100.22.250, stratum 3","synchronized to <*>, stratum <*>",Thunderbird,Unseen,"synchronized to <*>, stratum <*>",0.8184466361999512
"synchronized to 10.100.20.250, stratum 3","synchronized to <*>, stratum <*>",Thunderbird,Unseen,"synchronized to <*>, stratum <*>",0.8181295394897461
"synchronized to 10.100.20.250, stratum 3","synchronized to <*>, stratum <*>",Thunderbird,Unseen,"synchronized to <*>, stratum <*>",0.8131618499755859
"synchronized to 10.100.22.250, stratum 3","synchronized to <*>, stratum <*>",Thunderbird,Unseen,"synchronized to <*>, stratum <*>",0.8261635303497314
"synchronized to 10.100.20.250, stratum 3","synchronized to <*>, stratum <*>",Thunderbird,Unseen,"synchronized to <*>, stratum <*>",0.8208217620849609
"synchronized to 10.100.18.250, stratum 3","synchronized to <*>, stratum <*>",Thunderbird,Unseen,"synchronized to <*>, stratum <*>",0.8160293102264404
"synchronized to 10.100.18.250, stratum 3","synchronized to <*>, stratum <*>",Thunderbird,Unseen,"synchronized to <*>, stratum <*>",0.8141815662384033
"synchronized to 10.100.22.250, stratum 3","synchronized to <*>, stratum <*>",Thunderbird,Unseen,"synchronized to <*>, stratum <*>",0.8154900074005127
"synchronized to 10.100.10.250, stratum 3","synchronized to <*>, stratum <*>",Thunderbird,Unseen,"synchronized to <*>, stratum <*>",0.8171465396881104
"synchronized to 10.100.18.250, stratum 3","synchronized to <*>, stratum <*>",Thunderbird,Unseen,"synchronized to <*>, stratum <*>",0.8129065036773682
"synchronized to 10.100.20.250, stratum 3","synchronized to <*>, stratum <*>",Thunderbird,Unseen,"synchronized to <*>, stratum <*>",0.8127913475036621
"synchronized to 10.100.18.250, stratum 3","synchronized to <*>, stratum <*>",Thunderbird,Unseen,"synchronized to <*>, stratum <*>",0.810556173324585
"synchronized to 10.100.22.250, stratum 3","synchronized to <*>, stratum <*>",Thunderbird,Unseen,"synchronized to <*>, stratum <*>",0.8133175373077393
"synchronized to 10.100.20.250, stratum 3","synchronized to <*>, stratum <*>",Thunderbird,Unseen,"synchronized to <*>, stratum <*>",0.8163173198699951
"synchronized to 10.100.22.250, stratum 3","synchronized to <*>, stratum <*>",Thunderbird,Unseen,"synchronized to <*>, stratum <*>",0.8173344135284424
"synchronized to 10.100.16.250, stratum 3","synchronized to <*>, stratum <*>",Thunderbird,Unseen,"synchronized to <*>, stratum <*>",0.8163294792175293
"synchronized to 10.100.20.250, stratum 3","synchronized to <*>, stratum <*>",Thunderbird,Unseen,"synchronized to <*>, stratum <*>",0.819373369216919
"synchronized to 10.100.22.250, stratum 3","synchronized to <*>, stratum <*>",Thunderbird,Unseen,"synchronized to <*>, stratum <*>",0.8259799480438232
"synchronized to 10.100.22.250, stratum 3","synchronized to <*>, stratum <*>",Thunderbird,Unseen,"synchronized to <*>, stratum <*>",0.825275182723999
"synchronized to 10.100.20.250, stratum 3","synchronized to <*>, stratum <*>",Thunderbird,Unseen,"synchronized to <*>, stratum <*>",0.8339033126831055
"synchronized to 10.100.20.250, stratum 3","synchronized to <*>, stratum <*>",Thunderbird,Unseen,"synchronized to <*>, stratum <*>",0.8056144714355469
"synchronized to 10.100.26.250, stratum 3","synchronized to <*>, stratum <*>",Thunderbird,Unseen,"synchronized to <*>, stratum <*>",0.8104002475738525
"synchronized to 10.100.22.250, stratum 3","synchronized to <*>, stratum <*>",Thunderbird,Unseen,"synchronized to <*>, stratum <*>",0.8157200813293457
"synchronized to 10.100.22.250, stratum 3","synchronized to <*>, stratum <*>",Thunderbird,Unseen,"synchronized to <*>, stratum <*>",0.8106424808502197
"synchronized to 10.100.18.250, stratum 3","synchronized to <*>, stratum <*>",Thunderbird,Unseen,"synchronized to <*>, stratum <*>",0.817399263381958
"synchronized to 10.100.16.250, stratum 3","synchronized to <*>, stratum <*>",Thunderbird,Unseen,"synchronized to <*>, stratum <*>",0.8155176639556885
"synchronized to 10.100.22.250, stratum 3","synchronized to <*>, stratum <*>",Thunderbird,Unseen,"synchronized to <*>, stratum <*>",0.815086841583252
"synchronized to 10.100.22.250, stratum 3","synchronized to <*>, stratum <*>",Thunderbird,Unseen,"synchronized to <*>, stratum <*>",0.8189623355865479
"synchronized to 10.100.10.250, stratum 3","synchronized to <*>, stratum <*>",Thunderbird,Unseen,"synchronized to <*>, stratum <*>",0.8123688697814941
"synchronized to 10.100.18.250, stratum 3","synchronized to <*>, stratum <*>",Thunderbird,Unseen,"synchronized to <*>, stratum <*>",0.8039793968200684
"synchronized to 10.100.20.250, stratum 3","synchronized to <*>, stratum <*>",Thunderbird,Unseen,"synchronized to <*>, stratum <*>",0.8062937259674072
"synchronized to 10.100.22.250, stratum 3","synchronized to <*>, stratum <*>",Thunderbird,Unseen,"synchronized to <*>, stratum <*>",0.8134870529174805
"synchronized to 10.100.20.250, stratum 3","synchronized to <*>, stratum <*>",Thunderbird,Unseen,"synchronized to <*>, stratum <*>",0.8095476627349854
"synchronized to 10.100.20.250, stratum 3","synchronized to <*>, stratum <*>",Thunderbird,Unseen,"synchronized to <*>, stratum <*>",0.8190720081329346
"synchronized to 10.100.20.250, stratum 3","synchronized to <*>, stratum <*>",Thunderbird,Unseen,"synchronized to <*>, stratum <*>",0.8219127655029297
"synchronized to 10.100.26.250, stratum 3","synchronized to <*>, stratum <*>",Thunderbird,Unseen,"synchronized to <*>, stratum <*>",0.8278765678405762
"synchronized to 10.100.20.250, stratum 3","synchronized to <*>, stratum <*>",Thunderbird,Unseen,"synchronized to <*>, stratum <*>",0.8190302848815918
"synchronized to 10.100.20.250, stratum 3","synchronized to <*>, stratum <*>",Thunderbird,Unseen,"synchronized to <*>, stratum <*>",0.8189573287963867
"synchronized to 10.100.20.250, stratum 3","synchronized to <*>, stratum <*>",Thunderbird,Unseen,"synchronized to <*>, stratum <*>",0.8231356143951416
"synchronized to 10.100.22.250, stratum 3","synchronized to <*>, stratum <*>",Thunderbird,Unseen,"synchronized to <*>, stratum <*>",0.820218563079834
"synchronized to 10.100.18.250, stratum 3","synchronized to <*>, stratum <*>",Thunderbird,Unseen,"synchronized to <*>, stratum <*>",0.8364987373352051
"synchronized to 10.100.20.250, stratum 3","synchronized to <*>, stratum <*>",Thunderbird,Unseen,"synchronized to <*>, stratum <*>",0.817129373550415
"synchronized to 10.100.18.250, stratum 3","synchronized to <*>, stratum <*>",Thunderbird,Unseen,"synchronized to <*>, stratum <*>",0.8191523551940918
"synchronized to 10.100.16.250, stratum 3","synchronized to <*>, stratum <*>",Thunderbird,Unseen,"synchronized to <*>, stratum <*>",0.8165016174316406
"synchronized to 10.100.16.250, stratum 3","synchronized to <*>, stratum <*>",Thunderbird,Unseen,"synchronized to <*>, stratum <*>",0.8152899742126465
"synchronized to 10.100.18.250, stratum 3","synchronized to <*>, stratum <*>",Thunderbird,Unseen,"synchronized to <*>, stratum <*>",0.8167939186096191
"synchronized to 10.100.28.250, stratum 3","synchronized to <*>, stratum <*>",Thunderbird,Unseen,"synchronized to <*>, stratum <*>",0.8225066661834717
"synchronized to 10.100.18.250, stratum 3","synchronized to <*>, stratum <*>",Thunderbird,Unseen,"synchronized to <*>, stratum <*>",0.8130197525024414
"synchronized to 10.100.22.250, stratum 3","synchronized to <*>, stratum <*>",Thunderbird,Unseen,"synchronized to <*>, stratum <*>",0.8090126514434814
"synchronized to 10.100.16.250, stratum 3","synchronized to <*>, stratum <*>",Thunderbird,Unseen,"synchronized to <*>, stratum <*>",0.8126239776611328
"synchronized to 10.100.20.250, stratum 3","synchronized to <*>, stratum <*>",Thunderbird,Unseen,"synchronized to <*>, stratum <*>",0.8141434192657471
"synchronized to 10.100.22.250, stratum 3","synchronized to <*>, stratum <*>",Thunderbird,Unseen,"synchronized to <*>, stratum <*>",0.8084514141082764
"synchronized to 10.100.16.250, stratum 3","synchronized to <*>, stratum <*>",Thunderbird,Unseen,"synchronized to <*>, stratum <*>",0.8062574863433838
"synchronized to 10.100.14.250, stratum 3","synchronized to <*>, stratum <*>",Thunderbird,Unseen,"synchronized to <*>, stratum <*>",0.8102807998657227
"synchronized to 10.100.18.250, stratum 3","synchronized to <*>, stratum <*>",Thunderbird,Unseen,"synchronized to <*>, stratum <*>",0.81569504737854
"synchronized to 10.100.20.250, stratum 3","synchronized to <*>, stratum <*>",Thunderbird,Unseen,"synchronized to <*>, stratum <*>",0.8149259090423584
"synchronized to 10.100.18.250, stratum 3","synchronized to <*>, stratum <*>",Thunderbird,Unseen,"synchronized to <*>, stratum <*>",0.8197879791259766
"synchronized to 10.100.24.250, stratum 3","synchronized to <*>, stratum <*>",Thunderbird,Unseen,"synchronized to <*>, stratum <*>",0.8131394386291504
"synchronized to 10.100.16.250, stratum 3","synchronized to <*>, stratum <*>",Thunderbird,Unseen,"synchronized to <*>, stratum <*>",0.8141353130340576
"synchronized to 10.100.28.250, stratum 3","synchronized to <*>, stratum <*>",Thunderbird,Unseen,"synchronized to <*>, stratum <*>",0.8303072452545166
"synchronized to 10.100.18.250, stratum 3","synchronized to <*>, stratum <*>",Thunderbird,Unseen,"synchronized to <*>, stratum <*>",0.8511331081390381
"synchronized to 10.100.22.250, stratum 3","synchronized to <*>, stratum <*>",Thunderbird,Unseen,"synchronized to <*>, stratum <*>",0.8195908069610596
"synchronized to 10.100.16.250, stratum 3","synchronized to <*>, stratum <*>",Thunderbird,Unseen,"synchronized to <*>, stratum <*>",0.812225341796875
"synchronized to 10.100.20.250, stratum 3","synchronized to <*>, stratum <*>",Thunderbird,Unseen,"synchronized to <*>, stratum <*>",0.8105640411376953
"synchronized to 10.100.22.250, stratum 3","synchronized to <*>, stratum <*>",Thunderbird,Unseen,"synchronized to <*>, stratum <*>",0.811549186706543
"synchronized to 10.100.20.250, stratum 3","synchronized to <*>, stratum <*>",Thunderbird,Unseen,"synchronized to <*>, stratum <*>",0.8125824928283691
"synchronized to 10.100.22.250, stratum 3","synchronized to <*>, stratum <*>",Thunderbird,Unseen,"synchronized to <*>, stratum <*>",0.8086717128753662
"synchronized to 10.100.20.250, stratum 3","synchronized to <*>, stratum <*>",Thunderbird,Unseen,"synchronized to <*>, stratum <*>",0.8089809417724609
"synchronized to 10.100.16.250, stratum 3","synchronized to <*>, stratum <*>",Thunderbird,Unseen,"synchronized to <*>, stratum <*>",0.8087782859802246
"synchronized to 10.100.18.250, stratum 3","synchronized to <*>, stratum <*>",Thunderbird,Unseen,"synchronized to <*>, stratum <*>",0.8091108798980713
"synchronized to 10.100.22.250, stratum 3","synchronized to <*>, stratum <*>",Thunderbird,Unseen,"synchronized to <*>, stratum <*>",0.8179881572723389
"synchronized to LOCAL(0), stratum 10","synchronized to <*>, stratum <*>",Thunderbird,Unseen,"synchronized to LOCAL(<*>), stratum <*>",0.9981472492218018
"synchronized to 10.100.18.250, stratum 3","synchronized to <*>, stratum <*>",Thunderbird,Unseen,"synchronized to <*>, stratum <*>",0.8409759998321533
"synchronized to #3#, stratum 1","synchronized to <*>, stratum <*>",Thunderbird,Unseen,"synchronized to <*>, stratum <*>",0.8279719352722168
"synchronized to 10.100.16.250, stratum 3","synchronized to <*>, stratum <*>",Thunderbird,Unseen,"synchronized to <*>, stratum <*>",0.8306601047515869
"synchronized to 10.100.20.250, stratum 3","synchronized to <*>, stratum <*>",Thunderbird,Unseen,"synchronized to <*>, stratum <*>",0.8184778690338135
"synchronized to 10.100.20.250, stratum 3","synchronized to <*>, stratum <*>",Thunderbird,Unseen,"synchronized to <*>, stratum <*>",0.8195681571960449
"synchronized to 10.100.20.250, stratum 3","synchronized to <*>, stratum <*>",Thunderbird,Unseen,"synchronized to <*>, stratum <*>",0.8217525482177734
"synchronized to 10.100.18.250, stratum 3","synchronized to <*>, stratum <*>",Thunderbird,Unseen,"synchronized to <*>, stratum <*>",0.8237433433532715
"synchronized to 10.100.26.250, stratum 3","synchronized to <*>, stratum <*>",Thunderbird,Unseen,"synchronized to <*>, stratum <*>",0.8174729347229004
"synchronized to 10.100.18.250, stratum 3","synchronized to <*>, stratum <*>",Thunderbird,Unseen,"synchronized to <*>, stratum <*>",0.8179569244384766
"synchronized to 10.100.28.250, stratum 3","synchronized to <*>, stratum <*>",Thunderbird,Unseen,"synchronized to <*>, stratum <*>",0.819401741027832
"synchronized to 10.100.22.250, stratum 3","synchronized to <*>, stratum <*>",Thunderbird,Unseen,"synchronized to <*>, stratum <*>",0.8208227157592773
"synchronized to 10.100.22.250, stratum 3","synchronized to <*>, stratum <*>",Thunderbird,Unseen,"synchronized to <*>, stratum <*>",0.8214333057403564
"synchronized to 10.100.20.250, stratum 3","synchronized to <*>, stratum <*>",Thunderbird,Unseen,"synchronized to <*>, stratum <*>",0.8462121486663818
"synchronized to 10.100.20.250, stratum 3","synchronized to <*>, stratum <*>",Thunderbird,Unseen,"synchronized to <*>, stratum <*>",0.8135347366333008
"synchronized to 10.100.24.250, stratum 3","synchronized to <*>, stratum <*>",Thunderbird,Unseen,"synchronized to <*>, stratum <*>",0.8069717884063721
"synchronized to 10.100.20.250, stratum 3","synchronized to <*>, stratum <*>",Thunderbird,Unseen,"synchronized to <*>, stratum <*>",0.8446934223175049
"synchronized to 10.100.16.250, stratum 3","synchronized to <*>, stratum <*>",Thunderbird,Unseen,"synchronized to <*>, stratum <*>",0.8236091136932373
"synchronized to 10.100.20.250, stratum 3","synchronized to <*>, stratum <*>",Thunderbird,Unseen,"synchronized to <*>, stratum <*>",0.8198397159576416
"synchronized to 10.100.20.250, stratum 3","synchronized to <*>, stratum <*>",Thunderbird,Unseen,"synchronized to <*>, stratum <*>",0.820106029510498
"synchronized to 10.100.20.250, stratum 3","synchronized to <*>, stratum <*>",Thunderbird,Unseen,"synchronized to <*>, stratum <*>",0.8172059059143066
"synchronized to 10.100.20.250, stratum 3","synchronized to <*>, stratum <*>",Thunderbird,Unseen,"synchronized to <*>, stratum <*>",0.8236010074615479
"synchronized to 10.100.18.250, stratum 3","synchronized to <*>, stratum <*>",Thunderbird,Unseen,"synchronized to <*>, stratum <*>",0.821688175201416
"synchronized to 10.100.20.250, stratum 3","synchronized to <*>, stratum <*>",Thunderbird,Unseen,"synchronized to <*>, stratum <*>",0.8206799030303955
"synchronized to 10.100.10.250, stratum 3","synchronized to <*>, stratum <*>",Thunderbird,Unseen,"synchronized to <*>, stratum <*>",0.8214144706726074
"synchronized to 10.100.20.250, stratum 3","synchronized to <*>, stratum <*>",Thunderbird,Unseen,"synchronized to <*>, stratum <*>",0.823493242263794
"synchronized to 10.100.18.250, stratum 3","synchronized to <*>, stratum <*>",Thunderbird,Unseen,"synchronized to <*>, stratum <*>",0.8213529586791992
"synchronized to 10.100.26.250, stratum 3","synchronized to <*>, stratum <*>",Thunderbird,Unseen,"synchronized to <*>, stratum <*>",0.8218996524810791
"synchronized to 10.100.20.250, stratum 3","synchronized to <*>, stratum <*>",Thunderbird,Unseen,"synchronized to <*>, stratum <*>",0.8186192512512207
"synchronized to 10.100.16.250, stratum 3","synchronized to <*>, stratum <*>",Thunderbird,Unseen,"synchronized to <*>, stratum <*>",0.8245744705200195
"synchronized to 10.100.20.250, stratum 3","synchronized to <*>, stratum <*>",Thunderbird,Unseen,"synchronized to <*>, stratum <*>",0.8287374973297119
"synchronized to 10.100.10.250, stratum 3","synchronized to <*>, stratum <*>",Thunderbird,Unseen,"synchronized to <*>, stratum <*>",0.8394715785980225
"synchronized to 10.100.16.250, stratum 3","synchronized to <*>, stratum <*>",Thunderbird,Unseen,"synchronized to <*>, stratum <*>",0.8112425804138184
"synchronized to 10.100.20.250, stratum 3","synchronized to <*>, stratum <*>",Thunderbird,Unseen,"synchronized to <*>, stratum <*>",0.8104522228240967
"synchronized to 10.100.28.250, stratum 3","synchronized to <*>, stratum <*>",Thunderbird,Unseen,"synchronized to <*>, stratum <*>",0.8104188442230225
"synchronized to 10.100.28.250, stratum 3","synchronized to <*>, stratum <*>",Thunderbird,Unseen,"synchronized to <*>, stratum <*>",0.8075394630432129
"synchronized to 10.100.26.250, stratum 3","synchronized to <*>, stratum <*>",Thunderbird,Unseen,"synchronized to <*>, stratum <*>",0.8062186241149902
"synchronized to 10.100.16.250, stratum 3","synchronized to <*>, stratum <*>",Thunderbird,Unseen,"synchronized to <*>, stratum <*>",0.8061144351959229
"synchronized to 10.100.20.250, stratum 3","synchronized to <*>, stratum <*>",Thunderbird,Unseen,"synchronized to <*>, stratum <*>",0.8257045745849609
"synchronized to 10.100.26.250, stratum 3","synchronized to <*>, stratum <*>",Thunderbird,Unseen,"synchronized to <*>, stratum <*>",0.8250892162322998
"synchronized to 10.100.20.250, stratum 3","synchronized to <*>, stratum <*>",Thunderbird,Unseen,"synchronized to <*>, stratum <*>",0.8154294490814209
"synchronized to 10.100.16.250, stratum 3","synchronized to <*>, stratum <*>",Thunderbird,Unseen,"synchronized to <*>, stratum <*>",0.8080921173095703
"synchronized to 10.100.16.250, stratum 3","synchronized to <*>, stratum <*>",Thunderbird,Unseen,"synchronized to <*>, stratum <*>",0.8116016387939453
"synchronized to 10.100.20.250, stratum 3","synchronized to <*>, stratum <*>",Thunderbird,Unseen,"synchronized to <*>, stratum <*>",0.8186967372894287
"synchronized to 10.100.20.250, stratum 3","synchronized to <*>, stratum <*>",Thunderbird,Unseen,"synchronized to <*>, stratum <*>",0.8212933540344238
"synchronized to 10.100.28.250, stratum 3","synchronized to <*>, stratum <*>",Thunderbird,Unseen,"synchronized to <*>, stratum <*>",0.8254778385162354
"synchronized to 10.100.20.250, stratum 3","synchronized to <*>, stratum <*>",Thunderbird,Unseen,"synchronized to <*>, stratum <*>",0.8093886375427246
"synchronized to 10.100.24.250, stratum 3","synchronized to <*>, stratum <*>",Thunderbird,Unseen,"synchronized to <*>, stratum <*>",0.808506965637207
"synchronized to 10.100.14.250, stratum 3","synchronized to <*>, stratum <*>",Thunderbird,Unseen,"synchronized to <*>, stratum <*>",0.8095452785491943
"synchronized to 10.100.18.250, stratum 3","synchronized to <*>, stratum <*>",Thunderbird,Unseen,"synchronized to <*>, stratum <*>",0.8156633377075195
"synchronized to 10.100.22.250, stratum 3","synchronized to <*>, stratum <*>",Thunderbird,Unseen,"synchronized to <*>, stratum <*>",0.8191318511962891
"synchronized to 10.100.10.250, stratum 3","synchronized to <*>, stratum <*>",Thunderbird,Unseen,"synchronized to <*>, stratum <*>",0.8218042850494385
"synchronized to 10.100.18.250, stratum 3","synchronized to <*>, stratum <*>",Thunderbird,Unseen,"synchronized to <*>, stratum <*>",0.8169069290161133
"synchronized to 10.100.18.250, stratum 3","synchronized to <*>, stratum <*>",Thunderbird,Unseen,"synchronized to <*>, stratum <*>",0.819138765335083
"synchronized to 10.100.16.250, stratum 3","synchronized to <*>, stratum <*>",Thunderbird,Unseen,"synchronized to <*>, stratum <*>",0.8203983306884766
"synchronized to 10.100.18.250, stratum 3","synchronized to <*>, stratum <*>",Thunderbird,Unseen,"synchronized to <*>, stratum <*>",0.8210024833679199
session opened for user root by (uid=0),session opened for user <*> by (uid=<*>),Thunderbird,Unseen,session opened for user <*> by (uid=<*>),0.9465498924255371
session opened for user root by (uid=0),session opened for user <*> by (uid=<*>),Thunderbird,Unseen,session opened for user <*> by (uid=<*>),0.9529659748077393
session opened for user root by (uid=0),session opened for user <*> by (uid=<*>),Thunderbird,Unseen,session opened for user <*> by (uid=<*>),0.9486603736877441
session opened for user root by (uid=0),session opened for user <*> by (uid=<*>),Thunderbird,Unseen,session opened for user <*> by (uid=<*>),0.9606940746307373
session opened for user root by (uid=0),session opened for user <*> by (uid=<*>),Thunderbird,Unseen,session opened for user <*> by (uid=<*>),0.9442000389099121
"synchronized to 10.100.16.250, stratum 3","synchronized to <*>, stratum <*>",Thunderbird,Unseen,"synchronized to <*>, stratum <*>",0.8182270526885986
"synchronized to 10.100.28.250, stratum 3","synchronized to <*>, stratum <*>",Thunderbird,Unseen,"synchronized to <*>, stratum <*>",0.8211276531219482
"synchronized to 10.100.20.250, stratum 3","synchronized to <*>, stratum <*>",Thunderbird,Unseen,"synchronized to <*>, stratum <*>",0.8210890293121338
"synchronized to 10.100.16.250, stratum 3","synchronized to <*>, stratum <*>",Thunderbird,Unseen,"synchronized to <*>, stratum <*>",0.819981575012207
"synchronized to 10.100.20.250, stratum 3","synchronized to <*>, stratum <*>",Thunderbird,Unseen,"synchronized to <*>, stratum <*>",0.8205764293670654
"synchronized to 10.100.22.250, stratum 3","synchronized to <*>, stratum <*>",Thunderbird,Unseen,"synchronized to <*>, stratum <*>",0.8245248794555664
"synchronized to 10.100.20.250, stratum 3","synchronized to <*>, stratum <*>",Thunderbird,Unseen,"synchronized to <*>, stratum <*>",0.8184406757354736
"synchronized to 10.100.16.250, stratum 3","synchronized to <*>, stratum <*>",Thunderbird,Unseen,"synchronized to <*>, stratum <*>",0.818617582321167
"synchronized to 10.100.18.250, stratum 3","synchronized to <*>, stratum <*>",Thunderbird,Unseen,"synchronized to <*>, stratum <*>",0.8189444541931152
"synchronized to 10.100.20.250, stratum 3","synchronized to <*>, stratum <*>",Thunderbird,Unseen,"synchronized to <*>, stratum <*>",0.8199238777160645
"synchronized to 10.100.20.250, stratum 3","synchronized to <*>, stratum <*>",Thunderbird,Unseen,"synchronized to <*>, stratum <*>",0.8270821571350098
"synchronized to 10.100.22.250, stratum 3","synchronized to <*>, stratum <*>",Thunderbird,Unseen,"synchronized to <*>, stratum <*>",0.819232702255249
"synchronized to 10.100.18.250, stratum 3","synchronized to <*>, stratum <*>",Thunderbird,Unseen,"synchronized to <*>, stratum <*>",0.8160479068756104
"synchronized to 10.100.16.250, stratum 3","synchronized to <*>, stratum <*>",Thunderbird,Unseen,"synchronized to <*>, stratum <*>",0.8189139366149902
"synchronized to 10.100.18.250, stratum 3","synchronized to <*>, stratum <*>",Thunderbird,Unseen,"synchronized to <*>, stratum <*>",0.8193628787994385
"synchronized to 10.100.18.250, stratum 3","synchronized to <*>, stratum <*>",Thunderbird,Unseen,"synchronized to <*>, stratum <*>",0.8174736499786377
"synchronized to 10.100.22.250, stratum 3","synchronized to <*>, stratum <*>",Thunderbird,Unseen,"synchronized to <*>, stratum <*>",0.8202543258666992
"synchronized to 10.100.24.250, stratum 3","synchronized to <*>, stratum <*>",Thunderbird,Unseen,"synchronized to <*>, stratum <*>",0.8183221817016602
My unqualified host name (eadmin1) unknown; sleeping for retry,My unqualified host name (<*>) unknown; sleeping for retry,Thunderbird,Unseen,My unqualified host name (<*>) unknown; sleeping for retry,1.0736043453216553
My unqualified host name (aadmin1) unknown; sleeping for retry,My unqualified host name (<*>) unknown; sleeping for retry,Thunderbird,Unseen,My unqualified host name (<*>) unknown; sleeping for retry,1.0706446170806885
My unqualified host name (badmin1) unknown; sleeping for retry,My unqualified host name (<*>) unknown; sleeping for retry,Thunderbird,Unseen,My unqualified host name (<*>) unknown; sleeping for retry,1.0699615478515625
"synchronized to 10.100.24.250, stratum 3","synchronized to <*>, stratum <*>",Thunderbird,Unseen,"synchronized to <*>, stratum <*>",0.8211190700531006
My unqualified host name (cadmin1) unknown; sleeping for retry,My unqualified host name (<*>) unknown; sleeping for retry,Thunderbird,Unseen,My unqualified host name (<*>) unknown; sleeping for retry,1.0766010284423828
"synchronized to 10.100.18.250, stratum 3","synchronized to <*>, stratum <*>",Thunderbird,Unseen,"synchronized to <*>, stratum <*>",0.820256233215332
My unqualified host name (dadmin1) unknown; sleeping for retry,My unqualified host name (<*>) unknown; sleeping for retry,Thunderbird,Unseen,My unqualified host name (<*>) unknown; sleeping for retry,1.0733458995819092
"synchronized to 10.100.24.250, stratum 3","synchronized to <*>, stratum <*>",Thunderbird,Unseen,"synchronized to <*>, stratum <*>",0.8198518753051758
"synchronized to 10.100.20.250, stratum 3","synchronized to <*>, stratum <*>",Thunderbird,Unseen,"synchronized to <*>, stratum <*>",0.827293872833252
"synchronized to 10.100.20.250, stratum 3","synchronized to <*>, stratum <*>",Thunderbird,Unseen,"synchronized to <*>, stratum <*>",0.8232793807983398
Interpreter enabled,Interpreter enabled,Thunderbird,Unseen,Interpreter enabled,0.3176460266113281
PCI Interrupt Link [LNKB] (IRQs 3 4 5 6 7 10 *11 12),PCI Interrupt Link [<*>] (IRQs <*> <*> <*> <*> <*> <*> <*> <*>),Thunderbird,Unseen,PCI Interrupt Link [LNKB] (IRQs <*> <*> <*> <*> <*> <*> <*> <*>),2.0091512203216553
PCI Root Bridge [PCI0] (00:00),PCI <*> Bridge [PCI0] (<*>:<*>),Thunderbird,Unseen,PCI Root Bridge [<*>] (<*>),0.8290243148803711
"PCI interrupt 0000:00:02.0[A] -> GSI 16 (level, low) -> IRQ 169","PCI interrupt <*> -> GSI <*> (level, low) -> IRQ <*>",Thunderbird,Unseen,"PCI interrupt <*>[A] -> GSI <*> (level, low) -> IRQ <*>",1.517362356185913
"PCI interrupt 0000:00:04.0[A] -> GSI 16 (level, low) -> IRQ 169","PCI interrupt <*> -> GSI <*> (level, low) -> IRQ <*>",Thunderbird,Unseen,"PCI interrupt <*>[A] -> GSI <*> (level, low) -> IRQ <*>",1.516014814376831
"PCI interrupt 0000:00:05.0[A] -> GSI 16 (level, low) -> IRQ 169","PCI interrupt <*> -> GSI <*> (level, low) -> IRQ <*>",Thunderbird,Unseen,"PCI interrupt <*>[A] -> GSI <*> (level, low) -> IRQ <*>",1.5238394737243652
"PCI interrupt 0000:00:06.0[A] -> GSI 16 (level, low) -> IRQ 169","PCI interrupt <*> -> GSI <*> (level, low) -> IRQ <*>",Thunderbird,Unseen,"PCI interrupt <*>[A] -> GSI <*> (level, low) -> IRQ <*>",1.5264945030212402
"PCI interrupt 0000:02:0e.0[A] -> GSI 46 (level, low) -> IRQ 177","PCI interrupt <*> -> GSI <*> (level, low) -> IRQ <*>",Thunderbird,Unseen,"PCI interrupt <*>[A] -> GSI <*> (level, low) -> IRQ <*>",1.5164790153503418
"PCI interrupt 0000:02:0e.0[A] -> GSI 46 (level, low) -> IRQ 177","PCI interrupt <*> -> GSI <*> (level, low) -> IRQ <*>",Thunderbird,Unseen,"PCI interrupt <*>[A] -> GSI <*> (level, low) -> IRQ <*>",1.518082618713379
"PCI interrupt 0000:06:07.0[A] -> GSI 64 (level, low) -> IRQ 185","PCI interrupt <*> -> GSI <*> (level, low) -> IRQ <*>",Thunderbird,Unseen,"PCI interrupt <*>[A] -> GSI <*> (level, low) -> IRQ <*>",1.496598720550537
"PCI interrupt 0000:06:07.0[A] -> GSI 64 (level, low) -> IRQ 185","PCI interrupt <*> -> GSI <*> (level, low) -> IRQ <*>",Thunderbird,Unseen,"PCI interrupt <*>[A] -> GSI <*> (level, low) -> IRQ <*>",1.5374557971954346
"PCI interrupt 0000:07:08.0[A] -> GSI 65 (level, low) -> IRQ 193","PCI interrupt <*> -> GSI <*> (level, low) -> IRQ <*>",Thunderbird,Unseen,"PCI interrupt <*>[A] -> GSI <*> (level, low) -> IRQ <*>",1.5126383304595947
"PCI interrupt 0000:07:08.0[A] -> GSI 65 (level, low) -> IRQ 193","PCI interrupt <*> -> GSI <*> (level, low) -> IRQ <*>",Thunderbird,Unseen,"PCI interrupt <*>[A] -> GSI <*> (level, low) -> IRQ <*>",1.5150647163391113
"PCI interrupt 0000:09:0d.0[A] -> GSI 18 (level, low) -> IRQ 201","PCI interrupt <*> -> GSI <*> (level, low) -> IRQ <*>",Thunderbird,Unseen,"PCI interrupt <*>[A] -> GSI <*> (level, low) -> IRQ <*>",1.5175230503082275
"Trace cache: 12K uops, L1 D cache: 16K","Trace cache: <*> uops, L1 D cache: <*>",Thunderbird,Unseen,"Trace cache: <*> uops, L1 D cache: <*>",1.081366777420044
"Trace cache: 12K uops, L1 D cache: 16K","Trace cache: <*> uops, L1 D cache: <*>",Thunderbird,Unseen,"Trace cache: <*> uops, L1 D cache: <*>",1.0860788822174072
"Trace cache: 12K uops, L1 D cache: 16K","Trace cache: <*> uops, L1 D cache: <*>",Thunderbird,Unseen,"Trace cache: <*> uops, L1 D cache: <*>",1.0870509147644043
"Trace cache: 12K uops, L1 D cache: 16K","Trace cache: <*> uops, L1 D cache: <*>",Thunderbird,Unseen,"Trace cache: <*> uops, L1 D cache: <*>",1.0790512561798096
"Trace cache: 12K uops, L1 D cache: 16K","Trace cache: <*> uops, L1 D cache: <*>",Thunderbird,Unseen,"Trace cache: <*> uops, L1 D cache: <*>",1.084120750427246
colour VGA+ 80x25,colour VGA+ <*>,Thunderbird,Unseen,colour VGA+ <*>,0.5781352519989014
"apic_id 8, version 32, address 0xfec00000, GSI 0-23","apic_id <*>, version <*>, address <*>, GSI <*>",Thunderbird,Unseen,"apic_id <*>, version <*>, address <*>, GSI <*>-<*>",1.5360970497131348
"apic_id 9, version 32, address 0xfec80000, GSI 32-55","apic_id <*>, version <*>, address <*>, GSI <*>",Thunderbird,Unseen,"apic_id <*>, version <*>, address <*>, GSI <*>-<*>",1.529308557510376
"apic_id 10, version 32, address 0xfec83000, GSI 64-87","apic_id <*>, version <*>, address <*>, GSI <*>",Thunderbird,Unseen,"apic_id <*>, version <*>, address <*>, GSI <*>-<*>",1.5437068939208984
Using software bounce buffering for IO (SWIOTLB),Using software bounce buffering for IO (SWIOTLB),Thunderbird,Unseen,Using software bounce buffering for IO (SWIOTLB),1.0820696353912354
Transparent bridge - 0000:00:1e.0,Transparent bridge - <*>,Thunderbird,Unseen,Transparent bridge - <*>,0.5146074295043945
Disabled at runtime.,Disabled at runtime.,Thunderbird,Unseen,Disabled at runtime.,0.38256335258483887
4.1.0-ioctl (2003-12-10) initialised: #36#@#37#,<*>-ioctl (<*>) initialised: #<*>#@#<*>#,Thunderbird,Unseen,<*>(<*>) initialised: <*><*><*>,1.0782561302185059
eth0: e1000_probe: Intel(R) PRO/1000 Network Connection,<*>: <*>: Intel(R) PRO/<*> Network Connection,Thunderbird,Unseen,eth0: e1000_probe: Intel(R) PRO/<*> Network Connection,1.4448802471160889
eth1: e1000_probe: Intel(R) PRO/1000 Network Connection,<*>: <*>: Intel(R) PRO/<*> Network Connection,Thunderbird,Unseen,eth1: e1000_probe: Intel(R) PRO/<*> Network Connection,1.444145679473877
(C) 2000-2002 Netfilter core team,(C) <*>-<*> Netfilter core team,Thunderbird,Unseen,(C) <*>,0.45026659965515137
(C) 2000-2002 Netfilter core team,(C) <*>-<*> Netfilter core team,Thunderbird,Unseen,(C) <*>,0.44740748405456543
(C) 2000-2002 Netfilter core team,(C) <*>-<*> Netfilter core team,Thunderbird,Unseen,(C) <*>,0.4455451965332031
(C) 2000-2002 Netfilter core team,(C) <*>-<*> Netfilter core team,Thunderbird,Unseen,(C) <*>,0.4451782703399658
Installing public key data,Installing public key data,Thunderbird,Unseen,Installing public key data,0.4473073482513428
... autorun DONE.,... autorun DONE.,Thunderbird,Unseen,... autorun DONE.,0.5090057849884033
... autorun DONE.,... autorun DONE.,Thunderbird,Unseen,... autorun DONE.,0.5101809501647949
#38#-rh1 (Release Date: Fri Dec 10 19:02:14 EST 2004),<*> (Release Date: <*> <*>),Thunderbird,Unseen,#<*> (Release Date: Fri Dec <*> <*>:<*>:<*> EST <*>),1.7135627269744873
#39# (Release Date: Mon Sep 27 22:15:07 EDT 2004),<*> (Release Date: <*> <*>),Thunderbird,Unseen,#<*> (Release Date: <*>),0.7667531967163086
LSI Logic MegaRAID driver,LSI Logic MegaRAID driver,Thunderbird,Unseen,LSI Logic MegaRAID driver,0.7072622776031494
Registering secondary module capability,Registering secondary module capability,Thunderbird,Unseen,Registering secondary module capability,0.44689369201660156
Using HPET based timekeeping.,Using HPET based timekeeping.,Thunderbird,Unseen,Using HPET based timekeeping.,0.6375987529754639
"synchronized to 10.100.22.250, stratum 3","synchronized to <*>, stratum <*>",Thunderbird,Unseen,"synchronized to <*>, stratum <*>",0.8198161125183105
"synchronized to 10.100.18.250, stratum 3","synchronized to <*>, stratum <*>",Thunderbird,Unseen,"synchronized to <*>, stratum <*>",0.8192517757415771
"synchronized to 10.100.24.250, stratum 3","synchronized to <*>, stratum <*>",Thunderbird,Unseen,"synchronized to <*>, stratum <*>",0.8211462497711182
"synchronized to 10.100.28.250, stratum 3","synchronized to <*>, stratum <*>",Thunderbird,Unseen,"synchronized to <*>, stratum <*>",0.8166608810424805
"synchronized to 10.100.20.250, stratum 3","synchronized to <*>, stratum <*>",Thunderbird,Unseen,"synchronized to <*>, stratum <*>",0.8192384243011475
"synchronized to 10.100.16.250, stratum 3","synchronized to <*>, stratum <*>",Thunderbird,Unseen,"synchronized to <*>, stratum <*>",0.8177464008331299
Warning: we failed to resolve trusted host name dadmin3 dadmin4,Warning: we failed to resolve trusted host name <*>,Thunderbird,Unseen,Warning: we failed to resolve trusted host name <*> <*>,0.9460239410400391
"synchronized to 10.100.10.250, stratum 3","synchronized to <*>, stratum <*>",Thunderbird,Unseen,"synchronized to <*>, stratum <*>",0.8183996677398682
"synchronized to 10.100.20.250, stratum 3","synchronized to <*>, stratum <*>",Thunderbird,Unseen,"synchronized to <*>, stratum <*>",0.8174588680267334
error: Bind to port 22 on 0.0.0.0 failed: Address already in use.,error: Bind to port <*> on <*> failed: Address already in use.,Thunderbird,Unseen,error: Bind to port <*> on <*> failed: Address already in use.,1.2621912956237793
"synchronized to 10.100.22.250, stratum 3","synchronized to <*>, stratum <*>",Thunderbird,Unseen,"synchronized to <*>, stratum <*>",0.8244028091430664
Changing permissions on special file /dev/logsurfer,Changing permissions on special file <*>,Thunderbird,Unseen,Changing permissions on special file <*>,0.6583290100097656
"synchronized to 10.100.16.250, stratum 3","synchronized to <*>, stratum <*>",Thunderbird,Unseen,"synchronized to <*>, stratum <*>",0.8231902122497559
"synchronized to 10.100.16.250, stratum 3","synchronized to <*>, stratum <*>",Thunderbird,Unseen,"synchronized to <*>, stratum <*>",0.8235938549041748
"synchronized to 10.100.30.250, stratum 3","synchronized to <*>, stratum <*>",Thunderbird,Unseen,"synchronized to <*>, stratum <*>",0.8214349746704102
"synchronized to 10.100.20.250, stratum 3","synchronized to <*>, stratum <*>",Thunderbird,Unseen,"synchronized to <*>, stratum <*>",0.8205146789550781
xinetd startup succeeded,xinetd startup succeeded,Thunderbird,Unseen,xinetd startup succeeded,0.44614458084106445
Started working: 1 available service,Started working: <*> available service,Thunderbird,Unseen,Started working: <*> available service,0.6333305835723877
"synchronized to 10.100.18.250, stratum 3","synchronized to <*>, stratum <*>",Thunderbird,Unseen,"synchronized to <*>, stratum <*>",0.8220813274383545
"synchronized to 10.100.18.250, stratum 3","synchronized to <*>, stratum <*>",Thunderbird,Unseen,"synchronized to <*>, stratum <*>",0.8211288452148438
"synchronized to 10.100.22.250, stratum 3","synchronized to <*>, stratum <*>",Thunderbird,Unseen,"synchronized to <*>, stratum <*>",0.8175933361053467
"synchronized to 10.100.18.250, stratum 3","synchronized to <*>, stratum <*>",Thunderbird,Unseen,"synchronized to <*>, stratum <*>",0.8195047378540039
"synchronized to 10.100.22.250, stratum 3","synchronized to <*>, stratum <*>",Thunderbird,Unseen,"synchronized to <*>, stratum <*>",0.8182270526885986
"synchronized to 10.100.20.250, stratum 3","synchronized to <*>, stratum <*>",Thunderbird,Unseen,"synchronized to <*>, stratum <*>",0.8251795768737793
"synchronized to 10.100.26.250, stratum 3","synchronized to <*>, stratum <*>",Thunderbird,Unseen,"synchronized to <*>, stratum <*>",0.8275599479675293
"synchronized to 10.100.18.250, stratum 3","synchronized to <*>, stratum <*>",Thunderbird,Unseen,"synchronized to <*>, stratum <*>",0.822521448135376
"synchronized to 10.100.20.250, stratum 3","synchronized to <*>, stratum <*>",Thunderbird,Unseen,"synchronized to <*>, stratum <*>",0.8267860412597656
"synchronized to 10.100.10.250, stratum 3","synchronized to <*>, stratum <*>",Thunderbird,Unseen,"synchronized to <*>, stratum <*>",0.843113899230957
"synchronized to 10.100.8.250, stratum 3","synchronized to <*>, stratum <*>",Thunderbird,Unseen,"synchronized to <*>, stratum <*>",0.8218364715576172
"synchronized to 10.100.16.250, stratum 3","synchronized to <*>, stratum <*>",Thunderbird,Unseen,"synchronized to <*>, stratum <*>",0.8227262496948242
"synchronized to 10.100.22.250, stratum 3","synchronized to <*>, stratum <*>",Thunderbird,Unseen,"synchronized to <*>, stratum <*>",0.810347318649292
"synchronized to 10.100.20.250, stratum 3","synchronized to <*>, stratum <*>",Thunderbird,Unseen,"synchronized to <*>, stratum <*>",0.8144688606262207
"synchronized to 10.100.16.250, stratum 3","synchronized to <*>, stratum <*>",Thunderbird,Unseen,"synchronized to <*>, stratum <*>",0.818835973739624
"synchronized to 10.100.20.250, stratum 3","synchronized to <*>, stratum <*>",Thunderbird,Unseen,"synchronized to <*>, stratum <*>",0.8211061954498291
"synchronized to 10.100.20.250, stratum 3","synchronized to <*>, stratum <*>",Thunderbird,Unseen,"synchronized to <*>, stratum <*>",0.8167972564697266
"synchronized to 10.100.20.250, stratum 3","synchronized to <*>, stratum <*>",Thunderbird,Unseen,"synchronized to <*>, stratum <*>",0.8305878639221191
"synchronized to 10.100.20.250, stratum 3","synchronized to <*>, stratum <*>",Thunderbird,Unseen,"synchronized to <*>, stratum <*>",0.8208260536193848
"synchronized to 10.100.16.250, stratum 3","synchronized to <*>, stratum <*>",Thunderbird,Unseen,"synchronized to <*>, stratum <*>",0.8198723793029785
"synchronized to 10.100.28.250, stratum 3","synchronized to <*>, stratum <*>",Thunderbird,Unseen,"synchronized to <*>, stratum <*>",0.8308751583099365
"synchronized to 10.100.20.250, stratum 3","synchronized to <*>, stratum <*>",Thunderbird,Unseen,"synchronized to <*>, stratum <*>",0.8244621753692627
"synchronized to 10.100.22.250, stratum 3","synchronized to <*>, stratum <*>",Thunderbird,Unseen,"synchronized to <*>, stratum <*>",0.8186798095703125
"synchronized to 10.100.22.250, stratum 3","synchronized to <*>, stratum <*>",Thunderbird,Unseen,"synchronized to <*>, stratum <*>",0.8188142776489258
"synchronized to 10.100.16.250, stratum 3","synchronized to <*>, stratum <*>",Thunderbird,Unseen,"synchronized to <*>, stratum <*>",0.8190510272979736
"synchronized to 10.100.26.250, stratum 3","synchronized to <*>, stratum <*>",Thunderbird,Unseen,"synchronized to <*>, stratum <*>",0.8190860748291016
"synchronized to 10.100.16.250, stratum 3","synchronized to <*>, stratum <*>",Thunderbird,Unseen,"synchronized to <*>, stratum <*>",0.8184611797332764
"synchronized to 10.100.28.250, stratum 3","synchronized to <*>, stratum <*>",Thunderbird,Unseen,"synchronized to <*>, stratum <*>",0.8195304870605469
"synchronized to 10.100.28.250, stratum 3","synchronized to <*>, stratum <*>",Thunderbird,Unseen,"synchronized to <*>, stratum <*>",0.819110631942749
"synchronized to 10.100.18.250, stratum 3","synchronized to <*>, stratum <*>",Thunderbird,Unseen,"synchronized to <*>, stratum <*>",0.8204684257507324
"synchronized to 10.100.26.250, stratum 3","synchronized to <*>, stratum <*>",Thunderbird,Unseen,"synchronized to <*>, stratum <*>",0.8197028636932373
"synchronized to 10.100.8.250, stratum 3","synchronized to <*>, stratum <*>",Thunderbird,Unseen,"synchronized to <*>, stratum <*>",0.8179416656494141
"synchronized to 10.100.22.250, stratum 3","synchronized to <*>, stratum <*>",Thunderbird,Unseen,"synchronized to <*>, stratum <*>",0.8183143138885498
"synchronized to 10.100.20.250, stratum 3","synchronized to <*>, stratum <*>",Thunderbird,Unseen,"synchronized to <*>, stratum <*>",0.818864107131958
"synchronized to 10.100.20.250, stratum 3","synchronized to <*>, stratum <*>",Thunderbird,Unseen,"synchronized to <*>, stratum <*>",0.8277840614318848
"synchronized to 10.100.22.250, stratum 3","synchronized to <*>, stratum <*>",Thunderbird,Unseen,"synchronized to <*>, stratum <*>",0.828263521194458
"synchronized to 10.100.20.250, stratum 3","synchronized to <*>, stratum <*>",Thunderbird,Unseen,"synchronized to <*>, stratum <*>",0.8185694217681885
"synchronized to 10.100.20.250, stratum 3","synchronized to <*>, stratum <*>",Thunderbird,Unseen,"synchronized to <*>, stratum <*>",0.8194611072540283
"synchronized to 10.100.20.250, stratum 3","synchronized to <*>, stratum <*>",Thunderbird,Unseen,"synchronized to <*>, stratum <*>",0.8187024593353271
"synchronized to 10.100.12.250, stratum 3","synchronized to <*>, stratum <*>",Thunderbird,Unseen,"synchronized to <*>, stratum <*>",0.8203701972961426
"synchronized to 10.100.28.250, stratum 3","synchronized to <*>, stratum <*>",Thunderbird,Unseen,"synchronized to <*>, stratum <*>",0.8182985782623291
"synchronized to 10.100.20.250, stratum 3","synchronized to <*>, stratum <*>",Thunderbird,Unseen,"synchronized to <*>, stratum <*>",0.825047492980957
"synchronized to 10.100.18.250, stratum 3","synchronized to <*>, stratum <*>",Thunderbird,Unseen,"synchronized to <*>, stratum <*>",0.8244907855987549
"synchronized to 10.100.16.250, stratum 3","synchronized to <*>, stratum <*>",Thunderbird,Unseen,"synchronized to <*>, stratum <*>",0.8224992752075195
"synchronized to 10.100.20.250, stratum 3","synchronized to <*>, stratum <*>",Thunderbird,Unseen,"synchronized to <*>, stratum <*>",0.818326473236084
"synchronized to 10.100.22.250, stratum 3","synchronized to <*>, stratum <*>",Thunderbird,Unseen,"synchronized to <*>, stratum <*>",0.820134162902832
"synchronized to 10.100.20.250, stratum 3","synchronized to <*>, stratum <*>",Thunderbird,Unseen,"synchronized to <*>, stratum <*>",0.8228516578674316
"synchronized to 10.100.28.250, stratum 3","synchronized to <*>, stratum <*>",Thunderbird,Unseen,"synchronized to <*>, stratum <*>",0.8256256580352783
"synchronized to 10.100.14.250, stratum 3","synchronized to <*>, stratum <*>",Thunderbird,Unseen,"synchronized to <*>, stratum <*>",0.8384265899658203
"synchronized to 10.100.24.250, stratum 3","synchronized to <*>, stratum <*>",Thunderbird,Unseen,"synchronized to <*>, stratum <*>",0.8521475791931152
"synchronized to 10.100.18.250, stratum 3","synchronized to <*>, stratum <*>",Thunderbird,Unseen,"synchronized to <*>, stratum <*>",0.8209621906280518
"synchronized to 10.100.28.250, stratum 3","synchronized to <*>, stratum <*>",Thunderbird,Unseen,"synchronized to <*>, stratum <*>",0.820277214050293
"synchronized to 10.100.16.250, stratum 3","synchronized to <*>, stratum <*>",Thunderbird,Unseen,"synchronized to <*>, stratum <*>",0.8199546337127686
"synchronized to 10.100.16.250, stratum 3","synchronized to <*>, stratum <*>",Thunderbird,Unseen,"synchronized to <*>, stratum <*>",0.8192501068115234
"synchronized to 10.100.16.250, stratum 3","synchronized to <*>, stratum <*>",Thunderbird,Unseen,"synchronized to <*>, stratum <*>",0.820000171661377
"synchronized to 10.100.20.250, stratum 3","synchronized to <*>, stratum <*>",Thunderbird,Unseen,"synchronized to <*>, stratum <*>",0.8203957080841064
"synchronized to 10.100.22.250, stratum 3","synchronized to <*>, stratum <*>",Thunderbird,Unseen,"synchronized to <*>, stratum <*>",0.8203823566436768
"synchronized to 10.100.18.250, stratum 3","synchronized to <*>, stratum <*>",Thunderbird,Unseen,"synchronized to <*>, stratum <*>",0.8195712566375732
"synchronized to 10.100.20.250, stratum 3","synchronized to <*>, stratum <*>",Thunderbird,Unseen,"synchronized to <*>, stratum <*>",0.8129744529724121
"synchronized to 10.100.22.250, stratum 3","synchronized to <*>, stratum <*>",Thunderbird,Unseen,"synchronized to <*>, stratum <*>",0.8214657306671143
"synchronized to 10.100.18.250, stratum 3","synchronized to <*>, stratum <*>",Thunderbird,Unseen,"synchronized to <*>, stratum <*>",0.81789231300354
"synchronized to 10.100.20.250, stratum 3","synchronized to <*>, stratum <*>",Thunderbird,Unseen,"synchronized to <*>, stratum <*>",0.8185515403747559
"synchronized to 10.100.20.250, stratum 3","synchronized to <*>, stratum <*>",Thunderbird,Unseen,"synchronized to <*>, stratum <*>",0.8229877948760986
"synchronized to 10.100.20.250, stratum 3","synchronized to <*>, stratum <*>",Thunderbird,Unseen,"synchronized to <*>, stratum <*>",0.8244671821594238
"synchronized to 10.100.16.250, stratum 3","synchronized to <*>, stratum <*>",Thunderbird,Unseen,"synchronized to <*>, stratum <*>",0.8185825347900391
"synchronized to 10.100.16.250, stratum 3","synchronized to <*>, stratum <*>",Thunderbird,Unseen,"synchronized to <*>, stratum <*>",0.819871187210083
"synchronized to 10.100.16.250, stratum 3","synchronized to <*>, stratum <*>",Thunderbird,Unseen,"synchronized to <*>, stratum <*>",0.8201553821563721
"synchronized to 10.100.22.250, stratum 3","synchronized to <*>, stratum <*>",Thunderbird,Unseen,"synchronized to <*>, stratum <*>",0.818791389465332
"synchronized to 10.100.16.250, stratum 3","synchronized to <*>, stratum <*>",Thunderbird,Unseen,"synchronized to <*>, stratum <*>",0.8219549655914307
"synchronized to 10.100.20.250, stratum 3","synchronized to <*>, stratum <*>",Thunderbird,Unseen,"synchronized to <*>, stratum <*>",0.819709062576294
"synchronized to 10.100.30.250, stratum 3","synchronized to <*>, stratum <*>",Thunderbird,Unseen,"synchronized to <*>, stratum <*>",0.8215277194976807
"synchronized to 10.100.16.250, stratum 3","synchronized to <*>, stratum <*>",Thunderbird,Unseen,"synchronized to <*>, stratum <*>",0.8233065605163574
"synchronized to 10.100.16.250, stratum 3","synchronized to <*>, stratum <*>",Thunderbird,Unseen,"synchronized to <*>, stratum <*>",0.8230540752410889
"synchronized to 10.100.20.250, stratum 3","synchronized to <*>, stratum <*>",Thunderbird,Unseen,"synchronized to <*>, stratum <*>",0.8201565742492676
"synchronized to 10.100.22.250, stratum 3","synchronized to <*>, stratum <*>",Thunderbird,Unseen,"synchronized to <*>, stratum <*>",0.8202319145202637
"synchronized to 10.100.18.250, stratum 3","synchronized to <*>, stratum <*>",Thunderbird,Unseen,"synchronized to <*>, stratum <*>",0.8202559947967529
"synchronized to 10.100.20.250, stratum 3","synchronized to <*>, stratum <*>",Thunderbird,Unseen,"synchronized to <*>, stratum <*>",0.8238403797149658
"synchronized to 10.100.16.250, stratum 3","synchronized to <*>, stratum <*>",Thunderbird,Unseen,"synchronized to <*>, stratum <*>",0.8289172649383545
"synchronized to 10.100.20.250, stratum 3","synchronized to <*>, stratum <*>",Thunderbird,Unseen,"synchronized to <*>, stratum <*>",0.8257677555084229
"synchronized to 10.100.20.250, stratum 3","synchronized to <*>, stratum <*>",Thunderbird,Unseen,"synchronized to <*>, stratum <*>",0.8197281360626221
"synchronized to 10.100.20.250, stratum 3","synchronized to <*>, stratum <*>",Thunderbird,Unseen,"synchronized to <*>, stratum <*>",0.8216829299926758
"synchronized to 10.100.20.250, stratum 3","synchronized to <*>, stratum <*>",Thunderbird,Unseen,"synchronized to <*>, stratum <*>",0.8217761516571045
"synchronized to 10.100.20.250, stratum 3","synchronized to <*>, stratum <*>",Thunderbird,Unseen,"synchronized to <*>, stratum <*>",0.8228449821472168
"synchronized to 10.100.16.250, stratum 3","synchronized to <*>, stratum <*>",Thunderbird,Unseen,"synchronized to <*>, stratum <*>",0.8204243183135986
"synchronized to 10.100.20.250, stratum 3","synchronized to <*>, stratum <*>",Thunderbird,Unseen,"synchronized to <*>, stratum <*>",0.819908618927002
"synchronized to 10.100.22.250, stratum 3","synchronized to <*>, stratum <*>",Thunderbird,Unseen,"synchronized to <*>, stratum <*>",0.8235268592834473
"synchronized to 10.100.20.250, stratum 3","synchronized to <*>, stratum <*>",Thunderbird,Unseen,"synchronized to <*>, stratum <*>",0.823509693145752
"synchronized to 10.100.28.250, stratum 3","synchronized to <*>, stratum <*>",Thunderbird,Unseen,"synchronized to <*>, stratum <*>",0.8220326900482178
"synchronized to 10.100.16.250, stratum 3","synchronized to <*>, stratum <*>",Thunderbird,Unseen,"synchronized to <*>, stratum <*>",0.8216655254364014
"synchronized to 10.100.16.250, stratum 3","synchronized to <*>, stratum <*>",Thunderbird,Unseen,"synchronized to <*>, stratum <*>",0.8250916004180908
"synchronized to 10.100.20.250, stratum 3","synchronized to <*>, stratum <*>",Thunderbird,Unseen,"synchronized to <*>, stratum <*>",0.826317310333252
"synchronized to 10.100.16.250, stratum 3","synchronized to <*>, stratum <*>",Thunderbird,Unseen,"synchronized to <*>, stratum <*>",0.8659689426422119
"synchronized to 10.100.18.250, stratum 3","synchronized to <*>, stratum <*>",Thunderbird,Unseen,"synchronized to <*>, stratum <*>",0.8244929313659668
"synchronized to 10.100.28.250, stratum 3","synchronized to <*>, stratum <*>",Thunderbird,Unseen,"synchronized to <*>, stratum <*>",0.8438451290130615
"synchronized to 10.100.16.250, stratum 3","synchronized to <*>, stratum <*>",Thunderbird,Unseen,"synchronized to <*>, stratum <*>",0.8267474174499512
"synchronized to 10.100.16.250, stratum 3","synchronized to <*>, stratum <*>",Thunderbird,Unseen,"synchronized to <*>, stratum <*>",0.8205230236053467
"synchronized to 10.100.24.250, stratum 3","synchronized to <*>, stratum <*>",Thunderbird,Unseen,"synchronized to <*>, stratum <*>",0.8187847137451172
"synchronized to 10.100.20.250, stratum 3","synchronized to <*>, stratum <*>",Thunderbird,Unseen,"synchronized to <*>, stratum <*>",0.8228998184204102
"synchronized to 10.100.26.250, stratum 3","synchronized to <*>, stratum <*>",Thunderbird,Unseen,"synchronized to <*>, stratum <*>",0.8210601806640625
"synchronized to 10.100.20.250, stratum 3","synchronized to <*>, stratum <*>",Thunderbird,Unseen,"synchronized to <*>, stratum <*>",0.8201010227203369
"synchronized to 10.100.26.250, stratum 3","synchronized to <*>, stratum <*>",Thunderbird,Unseen,"synchronized to <*>, stratum <*>",0.8211812973022461
"synchronized to 10.100.20.250, stratum 3","synchronized to <*>, stratum <*>",Thunderbird,Unseen,"synchronized to <*>, stratum <*>",0.8236100673675537
"synchronized to 10.100.12.250, stratum 3","synchronized to <*>, stratum <*>",Thunderbird,Unseen,"synchronized to <*>, stratum <*>",0.822446346282959
"synchronized to 10.100.24.250, stratum 3","synchronized to <*>, stratum <*>",Thunderbird,Unseen,"synchronized to <*>, stratum <*>",0.8262443542480469
"synchronized to 10.100.16.250, stratum 3","synchronized to <*>, stratum <*>",Thunderbird,Unseen,"synchronized to <*>, stratum <*>",0.8271901607513428
"synchronized to 10.100.20.250, stratum 3","synchronized to <*>, stratum <*>",Thunderbird,Unseen,"synchronized to <*>, stratum <*>",0.8247330188751221
"synchronized to 10.100.20.250, stratum 3","synchronized to <*>, stratum <*>",Thunderbird,Unseen,"synchronized to <*>, stratum <*>",0.820239782333374
"synchronized to 10.100.20.250, stratum 3","synchronized to <*>, stratum <*>",Thunderbird,Unseen,"synchronized to <*>, stratum <*>",0.8196477890014648
"synchronized to 10.100.22.250, stratum 3","synchronized to <*>, stratum <*>",Thunderbird,Unseen,"synchronized to <*>, stratum <*>",0.8214626312255859
"synchronized to 10.100.20.250, stratum 3","synchronized to <*>, stratum <*>",Thunderbird,Unseen,"synchronized to <*>, stratum <*>",0.8246536254882812
"synchronized to 10.100.28.250, stratum 3","synchronized to <*>, stratum <*>",Thunderbird,Unseen,"synchronized to <*>, stratum <*>",0.8235456943511963
"synchronized to 10.100.16.250, stratum 3","synchronized to <*>, stratum <*>",Thunderbird,Unseen,"synchronized to <*>, stratum <*>",0.8225164413452148
"synchronized to 10.100.18.250, stratum 3","synchronized to <*>, stratum <*>",Thunderbird,Unseen,"synchronized to <*>, stratum <*>",0.820976734161377
"synchronized to 10.100.16.250, stratum 3","synchronized to <*>, stratum <*>",Thunderbird,Unseen,"synchronized to <*>, stratum <*>",0.8243303298950195
"synchronized to 10.100.18.250, stratum 3","synchronized to <*>, stratum <*>",Thunderbird,Unseen,"synchronized to <*>, stratum <*>",0.827472448348999
"synchronized to 10.100.20.250, stratum 3","synchronized to <*>, stratum <*>",Thunderbird,Unseen,"synchronized to <*>, stratum <*>",0.8242194652557373
"synchronized to 10.100.28.250, stratum 3","synchronized to <*>, stratum <*>",Thunderbird,Unseen,"synchronized to <*>, stratum <*>",0.8236732482910156
"synchronized to 10.100.28.250, stratum 3","synchronized to <*>, stratum <*>",Thunderbird,Unseen,"synchronized to <*>, stratum <*>",0.8300704956054688
"synchronized to 10.100.20.250, stratum 3","synchronized to <*>, stratum <*>",Thunderbird,Unseen,"synchronized to <*>, stratum <*>",0.8328597545623779
"synchronized to 10.100.22.250, stratum 3","synchronized to <*>, stratum <*>",Thunderbird,Unseen,"synchronized to <*>, stratum <*>",0.8307795524597168
"synchronized to 10.100.26.250, stratum 3","synchronized to <*>, stratum <*>",Thunderbird,Unseen,"synchronized to <*>, stratum <*>",0.8205080032348633
"synchronized to 10.100.16.250, stratum 3","synchronized to <*>, stratum <*>",Thunderbird,Unseen,"synchronized to <*>, stratum <*>",0.8242731094360352
"synchronized to 10.100.20.250, stratum 3","synchronized to <*>, stratum <*>",Thunderbird,Unseen,"synchronized to <*>, stratum <*>",0.8219959735870361
"synchronized to 10.100.26.250, stratum 3","synchronized to <*>, stratum <*>",Thunderbird,Unseen,"synchronized to <*>, stratum <*>",0.823328971862793
"synchronized to 10.100.26.250, stratum 3","synchronized to <*>, stratum <*>",Thunderbird,Unseen,"synchronized to <*>, stratum <*>",0.8223743438720703
"synchronized to 10.100.26.250, stratum 3","synchronized to <*>, stratum <*>",Thunderbird,Unseen,"synchronized to <*>, stratum <*>",0.8224549293518066
"synchronized to 10.100.18.250, stratum 3","synchronized to <*>, stratum <*>",Thunderbird,Unseen,"synchronized to <*>, stratum <*>",0.8277099132537842
"synchronized to 10.100.22.250, stratum 3","synchronized to <*>, stratum <*>",Thunderbird,Unseen,"synchronized to <*>, stratum <*>",0.8353574275970459
"synchronized to 10.100.20.250, stratum 3","synchronized to <*>, stratum <*>",Thunderbird,Unseen,"synchronized to <*>, stratum <*>",0.8197059631347656
"synchronized to 10.100.18.250, stratum 3","synchronized to <*>, stratum <*>",Thunderbird,Unseen,"synchronized to <*>, stratum <*>",0.818974494934082
"synchronized to 10.100.22.250, stratum 3","synchronized to <*>, stratum <*>",Thunderbird,Unseen,"synchronized to <*>, stratum <*>",0.8225374221801758
"synchronized to 10.100.30.250, stratum 3","synchronized to <*>, stratum <*>",Thunderbird,Unseen,"synchronized to <*>, stratum <*>",0.8308875560760498
"synchronized to 10.100.20.250, stratum 3","synchronized to <*>, stratum <*>",Thunderbird,Unseen,"synchronized to <*>, stratum <*>",0.8265595436096191
"synchronized to 10.100.10.250, stratum 3","synchronized to <*>, stratum <*>",Thunderbird,Unseen,"synchronized to <*>, stratum <*>",0.821845293045044
"synchronized to 10.100.18.250, stratum 3","synchronized to <*>, stratum <*>",Thunderbird,Unseen,"synchronized to <*>, stratum <*>",0.8201723098754883
"synchronized to 10.100.16.250, stratum 3","synchronized to <*>, stratum <*>",Thunderbird,Unseen,"synchronized to <*>, stratum <*>",0.8165931701660156
"synchronized to 10.100.16.250, stratum 3","synchronized to <*>, stratum <*>",Thunderbird,Unseen,"synchronized to <*>, stratum <*>",0.8180215358734131
"synchronized to 10.100.16.250, stratum 3","synchronized to <*>, stratum <*>",Thunderbird,Unseen,"synchronized to <*>, stratum <*>",0.8196899890899658
"synchronized to 10.100.22.250, stratum 3","synchronized to <*>, stratum <*>",Thunderbird,Unseen,"synchronized to <*>, stratum <*>",0.8189468383789062
"synchronized to 10.100.18.250, stratum 3","synchronized to <*>, stratum <*>",Thunderbird,Unseen,"synchronized to <*>, stratum <*>",0.8182904720306396
"synchronized to 10.100.20.250, stratum 3","synchronized to <*>, stratum <*>",Thunderbird,Unseen,"synchronized to <*>, stratum <*>",0.8344936370849609
"synchronized to 10.100.20.250, stratum 3","synchronized to <*>, stratum <*>",Thunderbird,Unseen,"synchronized to <*>, stratum <*>",0.8234522342681885
"synchronized to 10.100.16.250, stratum 3","synchronized to <*>, stratum <*>",Thunderbird,Unseen,"synchronized to <*>, stratum <*>",0.82023024559021
"synchronized to 10.100.22.250, stratum 3","synchronized to <*>, stratum <*>",Thunderbird,Unseen,"synchronized to <*>, stratum <*>",0.8182497024536133
"synchronized to 10.100.18.250, stratum 3","synchronized to <*>, stratum <*>",Thunderbird,Unseen,"synchronized to <*>, stratum <*>",0.817267656326294
"synchronized to 10.100.20.250, stratum 3","synchronized to <*>, stratum <*>",Thunderbird,Unseen,"synchronized to <*>, stratum <*>",0.8262395858764648
"synchronized to 10.100.16.250, stratum 3","synchronized to <*>, stratum <*>",Thunderbird,Unseen,"synchronized to <*>, stratum <*>",0.8260538578033447
"synchronized to 10.100.20.250, stratum 3","synchronized to <*>, stratum <*>",Thunderbird,Unseen,"synchronized to <*>, stratum <*>",0.8214418888092041
"synchronized to 10.100.24.250, stratum 3","synchronized to <*>, stratum <*>",Thunderbird,Unseen,"synchronized to <*>, stratum <*>",0.8207526206970215
"synchronized to 10.100.30.250, stratum 3","synchronized to <*>, stratum <*>",Thunderbird,Unseen,"synchronized to <*>, stratum <*>",0.8198447227478027
"synchronized to 10.100.12.250, stratum 3","synchronized to <*>, stratum <*>",Thunderbird,Unseen,"synchronized to <*>, stratum <*>",0.8188931941986084
"synchronized to 10.100.20.250, stratum 3","synchronized to <*>, stratum <*>",Thunderbird,Unseen,"synchronized to <*>, stratum <*>",0.8224918842315674
"synchronized to 10.100.16.250, stratum 3","synchronized to <*>, stratum <*>",Thunderbird,Unseen,"synchronized to <*>, stratum <*>",0.8203253746032715
"synchronized to 10.100.22.250, stratum 3","synchronized to <*>, stratum <*>",Thunderbird,Unseen,"synchronized to <*>, stratum <*>",0.8217325210571289
"synchronized to 10.100.16.250, stratum 3","synchronized to <*>, stratum <*>",Thunderbird,Unseen,"synchronized to <*>, stratum <*>",0.8224818706512451
"synchronized to 10.100.22.250, stratum 3","synchronized to <*>, stratum <*>",Thunderbird,Unseen,"synchronized to <*>, stratum <*>",0.8240160942077637
"synchronized to 10.100.20.250, stratum 3","synchronized to <*>, stratum <*>",Thunderbird,Unseen,"synchronized to <*>, stratum <*>",0.8196136951446533
