Content,EventTemplate,Dataset,Category,Inference_time_1,Unseen_LLAMA_FT_OpenSSH_1
Connection closed by 173.234.31.186 [preauth],Connection closed by <*> [preauth],OpenSSH,Unseen,0.682155132,Connection closed by <*> [preauth]
Connection closed by 212.47.254.145 [preauth],Connection closed by <*> [preauth],OpenSSH,Unseen,0.684481621,Connection closed by <*> [preauth]
Received disconnect from 52.80.34.196: 11: Bye Bye [preauth],Received disconnect from <*>: <*>: Bye Bye [preauth],OpenSSH,Unseen,1.009306908,Received disconnect from <*>: <*>: Bye Bye [preauth]
Connection closed by 173.234.31.186 [preauth],Connection closed by <*> [preauth],OpenSSH,Unseen,0.694195271,Connection closed by <*> [preauth]
Received disconnect from 202.100.179.208: 11: Bye Bye [preauth],Received disconnect from <*>: <*>: Bye Bye [preauth],OpenSSH,Unseen,1.015645027,Received disconnect from <*>: <*>: Bye Bye [preauth]
Received disconnect from 112.95.230.3: 11: Bye Bye [preauth],Received disconnect from <*>: <*>: Bye Bye [preauth],OpenSSH,Unseen,1.001239538,Received disconnect from <*>: <*>: Bye Bye [preauth]
Received disconnect from 112.95.230.3: 11: Bye Bye [preauth],Received disconnect from <*>: <*>: Bye Bye [preauth],OpenSSH,Unseen,1.005247593,Received disconnect from <*>: <*>: Bye Bye [preauth]
Received disconnect from 112.95.230.3: 11: Bye Bye [preauth],Received disconnect from <*>: <*>: Bye Bye [preauth],OpenSSH,Unseen,1.003422976,Received disconnect from <*>: <*>: Bye Bye [preauth]
Received disconnect from 112.95.230.3: 11: Bye Bye [preauth],Received disconnect from <*>: <*>: Bye Bye [preauth],OpenSSH,Unseen,1.005414963,Received disconnect from <*>: <*>: Bye Bye [preauth]
Received disconnect from 112.95.230.3: 11: Bye Bye [preauth],Received disconnect from <*>: <*>: Bye Bye [preauth],OpenSSH,Unseen,0.998899698,Received disconnect from <*>: <*>: Bye Bye [preauth]
Received disconnect from 112.95.230.3: 11: Bye Bye [preauth],Received disconnect from <*>: <*>: Bye Bye [preauth],OpenSSH,Unseen,1.001337767,Received disconnect from <*>: <*>: Bye Bye [preauth]
Received disconnect from 112.95.230.3: 11: Bye Bye [preauth],Received disconnect from <*>: <*>: Bye Bye [preauth],OpenSSH,Unseen,1.003541231,Received disconnect from <*>: <*>: Bye Bye [preauth]
Received disconnect from 112.95.230.3: 11: Bye Bye [preauth],Received disconnect from <*>: <*>: Bye Bye [preauth],OpenSSH,Unseen,1.010200977,Received disconnect from <*>: <*>: Bye Bye [preauth]
Received disconnect from 112.95.230.3: 11: Bye Bye [preauth],Received disconnect from <*>: <*>: Bye Bye [preauth],OpenSSH,Unseen,1.001328468,Received disconnect from <*>: <*>: Bye Bye [preauth]
Received disconnect from 112.95.230.3: 11: Bye Bye [preauth],Received disconnect from <*>: <*>: Bye Bye [preauth],OpenSSH,Unseen,1.00908637,Received disconnect from <*>: <*>: Bye Bye [preauth]
Received disconnect from 112.95.230.3: 11: Bye Bye [preauth],Received disconnect from <*>: <*>: Bye Bye [preauth],OpenSSH,Unseen,1.00572443,Received disconnect from <*>: <*>: Bye Bye [preauth]
Received disconnect from 112.95.230.3: 11: Bye Bye [preauth],Received disconnect from <*>: <*>: Bye Bye [preauth],OpenSSH,Unseen,1.009051085,Received disconnect from <*>: <*>: Bye Bye [preauth]
Received disconnect from 112.95.230.3: 11: Bye Bye [preauth],Received disconnect from <*>: <*>: Bye Bye [preauth],OpenSSH,Unseen,1.00545764,Received disconnect from <*>: <*>: Bye Bye [preauth]
Received disconnect from 112.95.230.3: 11: Bye Bye [preauth],Received disconnect from <*>: <*>: Bye Bye [preauth],OpenSSH,Unseen,1.004922152,Received disconnect from <*>: <*>: Bye Bye [preauth]
Received disconnect from 112.95.230.3: 11: Bye Bye [preauth],Received disconnect from <*>: <*>: Bye Bye [preauth],OpenSSH,Unseen,0.999537706,Received disconnect from <*>: <*>: Bye Bye [preauth]
Received disconnect from 112.95.230.3: 11: Bye Bye [preauth],Received disconnect from <*>: <*>: Bye Bye [preauth],OpenSSH,Unseen,0.997538328,Received disconnect from <*>: <*>: Bye Bye [preauth]
Received disconnect from 112.95.230.3: 11: Bye Bye [preauth],Received disconnect from <*>: <*>: Bye Bye [preauth],OpenSSH,Unseen,0.994153738,Received disconnect from <*>: <*>: Bye Bye [preauth]
Received disconnect from 112.95.230.3: 11: Bye Bye [preauth],Received disconnect from <*>: <*>: Bye Bye [preauth],OpenSSH,Unseen,0.990803003,Received disconnect from <*>: <*>: Bye Bye [preauth]
Received disconnect from 112.95.230.3: 11: Bye Bye [preauth],Received disconnect from <*>: <*>: Bye Bye [preauth],OpenSSH,Unseen,0.998538256,Received disconnect from <*>: <*>: Bye Bye [preauth]
Received disconnect from 112.95.230.3: 11: Bye Bye [preauth],Received disconnect from <*>: <*>: Bye Bye [preauth],OpenSSH,Unseen,1.011601925,Received disconnect from <*>: <*>: Bye Bye [preauth]
Received disconnect from 112.95.230.3: 11: Bye Bye [preauth],Received disconnect from <*>: <*>: Bye Bye [preauth],OpenSSH,Unseen,1.003335238,Received disconnect from <*>: <*>: Bye Bye [preauth]
Received disconnect from 112.95.230.3: 11: Bye Bye [preauth],Received disconnect from <*>: <*>: Bye Bye [preauth],OpenSSH,Unseen,0.989928007,Received disconnect from <*>: <*>: Bye Bye [preauth]
Received disconnect from 112.95.230.3: 11: Bye Bye [preauth],Received disconnect from <*>: <*>: Bye Bye [preauth],OpenSSH,Unseen,0.997852087,Received disconnect from <*>: <*>: Bye Bye [preauth]
Received disconnect from 112.95.230.3: 11: Bye Bye [preauth],Received disconnect from <*>: <*>: Bye Bye [preauth],OpenSSH,Unseen,0.99958539,Received disconnect from <*>: <*>: Bye Bye [preauth]
Received disconnect from 112.95.230.3: 11: Bye Bye [preauth],Received disconnect from <*>: <*>: Bye Bye [preauth],OpenSSH,Unseen,0.999497414,Received disconnect from <*>: <*>: Bye Bye [preauth]
Received disconnect from 112.95.230.3: 11: Bye Bye [preauth],Received disconnect from <*>: <*>: Bye Bye [preauth],OpenSSH,Unseen,0.999154091,Received disconnect from <*>: <*>: Bye Bye [preauth]
Received disconnect from 123.235.32.19: 11: Bye Bye [preauth],Received disconnect from <*>: <*>: Bye Bye [preauth],OpenSSH,Unseen,1.011107922,Received disconnect from <*>: <*>: Bye Bye [preauth]
Received disconnect from 123.235.32.19: 11: Bye Bye [preauth],Received disconnect from <*>: <*>: Bye Bye [preauth],OpenSSH,Unseen,1.007326603,Received disconnect from <*>: <*>: Bye Bye [preauth]
Received disconnect from 123.235.32.19: 11: Bye Bye [preauth],Received disconnect from <*>: <*>: Bye Bye [preauth],OpenSSH,Unseen,1.000198603,Received disconnect from <*>: <*>: Bye Bye [preauth]
Received disconnect from 123.235.32.19: 11: Bye Bye [preauth],Received disconnect from <*>: <*>: Bye Bye [preauth],OpenSSH,Unseen,1.003059149,Received disconnect from <*>: <*>: Bye Bye [preauth]
Received disconnect from 123.235.32.19: 11: Bye Bye [preauth],Received disconnect from <*>: <*>: Bye Bye [preauth],OpenSSH,Unseen,1.001646519,Received disconnect from <*>: <*>: Bye Bye [preauth]
Received disconnect from 123.235.32.19: 11: Bye Bye [preauth],Received disconnect from <*>: <*>: Bye Bye [preauth],OpenSSH,Unseen,1.004583597,Received disconnect from <*>: <*>: Bye Bye [preauth]
Received disconnect from 123.235.32.19: 11: Bye Bye [preauth],Received disconnect from <*>: <*>: Bye Bye [preauth],OpenSSH,Unseen,1.005140066,Received disconnect from <*>: <*>: Bye Bye [preauth]
Received disconnect from 183.136.162.51: 11: Bye Bye [preauth],Received disconnect from <*>: <*>: Bye Bye [preauth],OpenSSH,Unseen,1.007567644,Received disconnect from <*>: <*>: Bye Bye [preauth]
Connection closed by 191.210.223.172 [preauth],Connection closed by <*> [preauth],OpenSSH,Unseen,0.683543444,Connection closed by <*> [preauth]
error: Received disconnect from 195.154.37.122: 3: com.jcraft.jsch.JSchException: Auth fail [preauth],error: Received disconnect from <*>: <*>: com.jcraft.jsch.JSchException: Auth fail [preauth],OpenSSH,Unseen,1.696116924,error: Received disconnect from <*>: <*>: com.jcraft.jsch.JSchException: Auth fail [preauth]
error: Received disconnect from 195.154.37.122: 3: com.jcraft.jsch.JSchException: Auth fail [preauth],error: Received disconnect from <*>: <*>: com.jcraft.jsch.JSchException: Auth fail [preauth],OpenSSH,Unseen,1.692886353,error: Received disconnect from <*>: <*>: com.jcraft.jsch.JSchException: Auth fail [preauth]
Connection closed by 194.190.163.22 [preauth],Connection closed by <*> [preauth],OpenSSH,Unseen,0.678564072,Connection closed by <*> [preauth]
Received disconnect from 52.80.34.196: 11: Bye Bye [preauth],Received disconnect from <*>: <*>: Bye Bye [preauth],OpenSSH,Unseen,0.99160552,Received disconnect from <*>: <*>: Bye Bye [preauth]
Connection closed by 194.190.163.22 [preauth],Connection closed by <*> [preauth],OpenSSH,Unseen,0.67247653,Connection closed by <*> [preauth]
Received disconnect from 175.102.13.6: 11: Bye Bye [preauth],Received disconnect from <*>: <*>: Bye Bye [preauth],OpenSSH,Unseen,0.989750624,Received disconnect from <*>: <*>: Bye Bye [preauth]
Connection closed by 194.190.163.22 [preauth],Connection closed by <*> [preauth],OpenSSH,Unseen,0.679421186,Connection closed by <*> [preauth]
Connection closed by 5.188.10.180 [preauth],Connection closed by <*> [preauth],OpenSSH,Unseen,0.677471161,Connection closed by <*> [preauth]
Connection closed by 5.188.10.180 [preauth],Connection closed by <*> [preauth],OpenSSH,Unseen,0.684360027,Connection closed by <*> [preauth]
Connection closed by 5.188.10.180 [preauth],Connection closed by <*> [preauth],OpenSSH,Unseen,0.678445578,Connection closed by <*> [preauth]
Connection closed by 5.188.10.180 [preauth],Connection closed by <*> [preauth],OpenSSH,Unseen,0.675774574,Connection closed by <*> [preauth]
Connection closed by 5.188.10.180 [preauth],Connection closed by <*> [preauth],OpenSSH,Unseen,0.679349184,Connection closed by <*> [preauth]
Connection closed by 5.188.10.180 [preauth],Connection closed by <*> [preauth],OpenSSH,Unseen,0.678174019,Connection closed by <*> [preauth]
Connection closed by 5.188.10.180 [preauth],Connection closed by <*> [preauth],OpenSSH,Unseen,0.678739309,Connection closed by <*> [preauth]
Connection closed by 5.188.10.180 [preauth],Connection closed by <*> [preauth],OpenSSH,Unseen,0.678272009,Connection closed by <*> [preauth]
PAM 1 more authentication failure; logname= uid=0 euid=0 tty=ssh ruser= rhost=5.188.10.180,PAM <*> more authentication failure; logname= uid=<*> euid=<*> tty=ssh ruser= rhost=<*>,OpenSSH,Unseen,2.026416063,PAM <*> more authentication failure; logname=<*> uid=<*> euid=<*> tty=<*> ruser=<*> rhost=<*>
Connection closed by 5.188.10.180 [preauth],Connection closed by <*> [preauth],OpenSSH,Unseen,0.679541349,Connection closed by <*> [preauth]
Connection closed by 5.188.10.180 [preauth],Connection closed by <*> [preauth],OpenSSH,Unseen,0.670249224,Connection closed by <*> [preauth]
Connection closed by 5.188.10.180 [preauth],Connection closed by <*> [preauth],OpenSSH,Unseen,0.676564217,Connection closed by <*> [preauth]
Connection closed by 194.190.163.22 [preauth],Connection closed by <*> [preauth],OpenSSH,Unseen,0.678528309,Connection closed by <*> [preauth]
Received disconnect from 52.80.34.196: 11: Bye Bye [preauth],Received disconnect from <*>: <*>: Bye Bye [preauth],OpenSSH,Unseen,1.002383709,Received disconnect from <*>: <*>: Bye Bye [preauth]
Connection closed by 185.190.58.151 [preauth],Connection closed by <*> [preauth],OpenSSH,Unseen,0.684883356,Connection closed by <*> [preauth]
Connection closed by 185.190.58.151 [preauth],Connection closed by <*> [preauth],OpenSSH,Unseen,0.685112,Connection closed by <*> [preauth]
Connection closed by 185.190.58.151 [preauth],Connection closed by <*> [preauth],OpenSSH,Unseen,0.682585001,Connection closed by <*> [preauth]
Connection closed by 185.190.58.151 [preauth],Connection closed by <*> [preauth],OpenSSH,Unseen,0.679459572,Connection closed by <*> [preauth]
Connection closed by 185.190.58.151 [preauth],Connection closed by <*> [preauth],OpenSSH,Unseen,0.672721863,Connection closed by <*> [preauth]
Connection closed by 185.190.58.151 [preauth],Connection closed by <*> [preauth],OpenSSH,Unseen,0.674824715,Connection closed by <*> [preauth]
PAM 1 more authentication failure; logname= uid=0 euid=0 tty=ssh ruser= rhost=185.190.58.151,PAM <*> more authentication failure; logname= uid=<*> euid=<*> tty=ssh ruser= rhost=<*>,OpenSSH,Unseen,1.882912874,PAM <*> more authentication failure; logname= uid=<*> euid=<*> tty=ssh ruser= rhost=<*>
Received disconnect from 187.141.143.180: 11: Bye Bye [preauth],Received disconnect from <*>: <*>: Bye Bye [preauth],OpenSSH,Unseen,0.990800858,Received disconnect from <*>: <*>: Bye Bye [preauth]
Received disconnect from 187.141.143.180: 11: Bye Bye [preauth],Received disconnect from <*>: <*>: Bye Bye [preauth],OpenSSH,Unseen,0.986319542,Received disconnect from <*>: <*>: Bye Bye [preauth]
Received disconnect from 187.141.143.180: 11: Bye Bye [preauth],Received disconnect from <*>: <*>: Bye Bye [preauth],OpenSSH,Unseen,0.999802828,Received disconnect from <*>: <*>: Bye Bye [preauth]
Connection closed by 185.190.58.151 [preauth],Connection closed by <*> [preauth],OpenSSH,Unseen,0.682552814,Connection closed by <*> [preauth]
Received disconnect from 187.141.143.180: 11: Bye Bye [preauth],Received disconnect from <*>: <*>: Bye Bye [preauth],OpenSSH,Unseen,0.998307943,Received disconnect from <*>: <*>: Bye Bye [preauth]
Received disconnect from 187.141.143.180: 11: Bye Bye [preauth],Received disconnect from <*>: <*>: Bye Bye [preauth],OpenSSH,Unseen,0.989441395,Received disconnect from <*>: <*>: Bye Bye [preauth]
Received disconnect from 187.141.143.180: 11: Bye Bye [preauth],Received disconnect from <*>: <*>: Bye Bye [preauth],OpenSSH,Unseen,1.007106543,Received disconnect from <*>: <*>: Bye Bye [preauth]
Received disconnect from 187.141.143.180: 11: Bye Bye [preauth],Received disconnect from <*>: <*>: Bye Bye [preauth],OpenSSH,Unseen,0.990271807,Received disconnect from <*>: <*>: Bye Bye [preauth]
Received disconnect from 187.141.143.180: 11: Bye Bye [preauth],Received disconnect from <*>: <*>: Bye Bye [preauth],OpenSSH,Unseen,0.99004221,Received disconnect from <*>: <*>: Bye Bye [preauth]
Received disconnect from 187.141.143.180: 11: Bye Bye [preauth],Received disconnect from <*>: <*>: Bye Bye [preauth],OpenSSH,Unseen,0.985839844,Received disconnect from <*>: <*>: Bye Bye [preauth]
Received disconnect from 187.141.143.180: 11: Bye Bye [preauth],Received disconnect from <*>: <*>: Bye Bye [preauth],OpenSSH,Unseen,0.992450714,Received disconnect from <*>: <*>: Bye Bye [preauth]
Received disconnect from 187.141.143.180: 11: Bye Bye [preauth],Received disconnect from <*>: <*>: Bye Bye [preauth],OpenSSH,Unseen,0.998206854,Received disconnect from <*>: <*>: Bye Bye [preauth]
Received disconnect from 187.141.143.180: 11: Bye Bye [preauth],Received disconnect from <*>: <*>: Bye Bye [preauth],OpenSSH,Unseen,0.999398232,Received disconnect from <*>: <*>: Bye Bye [preauth]
Received disconnect from 187.141.143.180: 11: Bye Bye [preauth],Received disconnect from <*>: <*>: Bye Bye [preauth],OpenSSH,Unseen,0.998463631,Received disconnect from <*>: <*>: Bye Bye [preauth]
Received disconnect from 187.141.143.180: 11: Bye Bye [preauth],Received disconnect from <*>: <*>: Bye Bye [preauth],OpenSSH,Unseen,0.998903751,Received disconnect from <*>: <*>: Bye Bye [preauth]
Received disconnect from 187.141.143.180: 11: Bye Bye [preauth],Received disconnect from <*>: <*>: Bye Bye [preauth],OpenSSH,Unseen,0.989798546,Received disconnect from <*>: <*>: Bye Bye [preauth]
Received disconnect from 187.141.143.180: 11: Bye Bye [preauth],Received disconnect from <*>: <*>: Bye Bye [preauth],OpenSSH,Unseen,0.990767717,Received disconnect from <*>: <*>: Bye Bye [preauth]
Received disconnect from 187.141.143.180: 11: Bye Bye [preauth],Received disconnect from <*>: <*>: Bye Bye [preauth],OpenSSH,Unseen,1.002355337,Received disconnect from <*>: <*>: Bye Bye [preauth]
Received disconnect from 187.141.143.180: 11: Bye Bye [preauth],Received disconnect from <*>: <*>: Bye Bye [preauth],OpenSSH,Unseen,0.994752645,Received disconnect from <*>: <*>: Bye Bye [preauth]
Received disconnect from 187.141.143.180: 11: Bye Bye [preauth],Received disconnect from <*>: <*>: Bye Bye [preauth],OpenSSH,Unseen,0.98699522,Received disconnect from <*>: <*>: Bye Bye [preauth]
Received disconnect from 187.141.143.180: 11: Bye Bye [preauth],Received disconnect from <*>: <*>: Bye Bye [preauth],OpenSSH,Unseen,0.990316629,Received disconnect from <*>: <*>: Bye Bye [preauth]
Received disconnect from 187.141.143.180: 11: Bye Bye [preauth],Received disconnect from <*>: <*>: Bye Bye [preauth],OpenSSH,Unseen,0.997204542,Received disconnect from <*>: <*>: Bye Bye [preauth]
Received disconnect from 187.141.143.180: 11: Bye Bye [preauth],Received disconnect from <*>: <*>: Bye Bye [preauth],OpenSSH,Unseen,0.997821331,Received disconnect from <*>: <*>: Bye Bye [preauth]
Received disconnect from 187.141.143.180: 11: Bye Bye [preauth],Received disconnect from <*>: <*>: Bye Bye [preauth],OpenSSH,Unseen,0.999656677,Received disconnect from <*>: <*>: Bye Bye [preauth]
Received disconnect from 187.141.143.180: 11: Bye Bye [preauth],Received disconnect from <*>: <*>: Bye Bye [preauth],OpenSSH,Unseen,0.997953415,Received disconnect from <*>: <*>: Bye Bye [preauth]
Received disconnect from 187.141.143.180: 11: Bye Bye [preauth],Received disconnect from <*>: <*>: Bye Bye [preauth],OpenSSH,Unseen,0.99857378,Received disconnect from <*>: <*>: Bye Bye [preauth]
Received disconnect from 187.141.143.180: 11: Bye Bye [preauth],Received disconnect from <*>: <*>: Bye Bye [preauth],OpenSSH,Unseen,0.994741201,Received disconnect from <*>: <*>: Bye Bye [preauth]
Received disconnect from 187.141.143.180: 11: Bye Bye [preauth],Received disconnect from <*>: <*>: Bye Bye [preauth],OpenSSH,Unseen,0.994005203,Received disconnect from <*>: <*>: Bye Bye [preauth]
Received disconnect from 187.141.143.180: 11: Bye Bye [preauth],Received disconnect from <*>: <*>: Bye Bye [preauth],OpenSSH,Unseen,0.993019104,Received disconnect from <*>: <*>: Bye Bye [preauth]
Received disconnect from 187.141.143.180: 11: Bye Bye [preauth],Received disconnect from <*>: <*>: Bye Bye [preauth],OpenSSH,Unseen,0.998788357,Received disconnect from <*>: <*>: Bye Bye [preauth]
Received disconnect from 187.141.143.180: 11: Bye Bye [preauth],Received disconnect from <*>: <*>: Bye Bye [preauth],OpenSSH,Unseen,0.993134022,Received disconnect from <*>: <*>: Bye Bye [preauth]
Received disconnect from 187.141.143.180: 11: Bye Bye [preauth],Received disconnect from <*>: <*>: Bye Bye [preauth],OpenSSH,Unseen,0.996678829,Received disconnect from <*>: <*>: Bye Bye [preauth]
Received disconnect from 187.141.143.180: 11: Bye Bye [preauth],Received disconnect from <*>: <*>: Bye Bye [preauth],OpenSSH,Unseen,0.994619846,Received disconnect from <*>: <*>: Bye Bye [preauth]
Received disconnect from 187.141.143.180: 11: Bye Bye [preauth],Received disconnect from <*>: <*>: Bye Bye [preauth],OpenSSH,Unseen,0.996094465,Received disconnect from <*>: <*>: Bye Bye [preauth]
Received disconnect from 187.141.143.180: 11: Bye Bye [preauth],Received disconnect from <*>: <*>: Bye Bye [preauth],OpenSSH,Unseen,1.007874012,Received disconnect from <*>: <*>: Bye Bye [preauth]
Received disconnect from 187.141.143.180: 11: Bye Bye [preauth],Received disconnect from <*>: <*>: Bye Bye [preauth],OpenSSH,Unseen,0.988158226,Received disconnect from <*>: <*>: Bye Bye [preauth]
Received disconnect from 187.141.143.180: 11: Bye Bye [preauth],Received disconnect from <*>: <*>: Bye Bye [preauth],OpenSSH,Unseen,1.000375509,Received disconnect from <*>: <*>: Bye Bye [preauth]
Received disconnect from 187.141.143.180: 11: Bye Bye [preauth],Received disconnect from <*>: <*>: Bye Bye [preauth],OpenSSH,Unseen,0.99616003,Received disconnect from <*>: <*>: Bye Bye [preauth]
Received disconnect from 187.141.143.180: 11: Bye Bye [preauth],Received disconnect from <*>: <*>: Bye Bye [preauth],OpenSSH,Unseen,0.989479303,Received disconnect from <*>: <*>: Bye Bye [preauth]
Received disconnect from 187.141.143.180: 11: Bye Bye [preauth],Received disconnect from <*>: <*>: Bye Bye [preauth],OpenSSH,Unseen,0.988732815,Received disconnect from <*>: <*>: Bye Bye [preauth]
Received disconnect from 187.141.143.180: 11: Bye Bye [preauth],Received disconnect from <*>: <*>: Bye Bye [preauth],OpenSSH,Unseen,0.999693871,Received disconnect from <*>: <*>: Bye Bye [preauth]
Received disconnect from 187.141.143.180: 11: Bye Bye [preauth],Received disconnect from <*>: <*>: Bye Bye [preauth],OpenSSH,Unseen,0.999504566,Received disconnect from <*>: <*>: Bye Bye [preauth]
Received disconnect from 187.141.143.180: 11: Bye Bye [preauth],Received disconnect from <*>: <*>: Bye Bye [preauth],OpenSSH,Unseen,0.996340752,Received disconnect from <*>: <*>: Bye Bye [preauth]
Received disconnect from 187.141.143.180: 11: Bye Bye [preauth],Received disconnect from <*>: <*>: Bye Bye [preauth],OpenSSH,Unseen,0.998628139,Received disconnect from <*>: <*>: Bye Bye [preauth]
Received disconnect from 187.141.143.180: 11: Bye Bye [preauth],Received disconnect from <*>: <*>: Bye Bye [preauth],OpenSSH,Unseen,0.999388456,Received disconnect from <*>: <*>: Bye Bye [preauth]
Received disconnect from 187.141.143.180: 11: Bye Bye [preauth],Received disconnect from <*>: <*>: Bye Bye [preauth],OpenSSH,Unseen,0.987772226,Received disconnect from <*>: <*>: Bye Bye [preauth]
Received disconnect from 187.141.143.180: 11: Bye Bye [preauth],Received disconnect from <*>: <*>: Bye Bye [preauth],OpenSSH,Unseen,0.997306585,Received disconnect from <*>: <*>: Bye Bye [preauth]
Received disconnect from 187.141.143.180: 11: Bye Bye [preauth],Received disconnect from <*>: <*>: Bye Bye [preauth],OpenSSH,Unseen,0.996538877,Received disconnect from <*>: <*>: Bye Bye [preauth]
Received disconnect from 187.141.143.180: 11: Bye Bye [preauth],Received disconnect from <*>: <*>: Bye Bye [preauth],OpenSSH,Unseen,1.001499176,Received disconnect from <*>: <*>: Bye Bye [preauth]
Received disconnect from 187.141.143.180: 11: Bye Bye [preauth],Received disconnect from <*>: <*>: Bye Bye [preauth],OpenSSH,Unseen,0.989680767,Received disconnect from <*>: <*>: Bye Bye [preauth]
Received disconnect from 187.141.143.180: 11: Bye Bye [preauth],Received disconnect from <*>: <*>: Bye Bye [preauth],OpenSSH,Unseen,0.997470617,Received disconnect from <*>: <*>: Bye Bye [preauth]
Received disconnect from 187.141.143.180: 11: Bye Bye [preauth],Received disconnect from <*>: <*>: Bye Bye [preauth],OpenSSH,Unseen,0.995746851,Received disconnect from <*>: <*>: Bye Bye [preauth]
Received disconnect from 187.141.143.180: 11: Bye Bye [preauth],Received disconnect from <*>: <*>: Bye Bye [preauth],OpenSSH,Unseen,1.003108501,Received disconnect from <*>: <*>: Bye Bye [preauth]
Received disconnect from 187.141.143.180: 11: Bye Bye [preauth],Received disconnect from <*>: <*>: Bye Bye [preauth],OpenSSH,Unseen,0.999214172,Received disconnect from <*>: <*>: Bye Bye [preauth]
Received disconnect from 187.141.143.180: 11: Bye Bye [preauth],Received disconnect from <*>: <*>: Bye Bye [preauth],OpenSSH,Unseen,0.995083094,Received disconnect from <*>: <*>: Bye Bye [preauth]
Received disconnect from 187.141.143.180: 11: Bye Bye [preauth],Received disconnect from <*>: <*>: Bye Bye [preauth],OpenSSH,Unseen,0.992734671,Received disconnect from <*>: <*>: Bye Bye [preauth]
Received disconnect from 187.141.143.180: 11: Bye Bye [preauth],Received disconnect from <*>: <*>: Bye Bye [preauth],OpenSSH,Unseen,0.993992329,Received disconnect from <*>: <*>: Bye Bye [preauth]
Received disconnect from 187.141.143.180: 11: Bye Bye [preauth],Received disconnect from <*>: <*>: Bye Bye [preauth],OpenSSH,Unseen,1.001404047,Received disconnect from <*>: <*>: Bye Bye [preauth]
Received disconnect from 187.141.143.180: 11: Bye Bye [preauth],Received disconnect from <*>: <*>: Bye Bye [preauth],OpenSSH,Unseen,0.991332293,Received disconnect from <*>: <*>: Bye Bye [preauth]
Received disconnect from 187.141.143.180: 11: Bye Bye [preauth],Received disconnect from <*>: <*>: Bye Bye [preauth],OpenSSH,Unseen,0.994233131,Received disconnect from <*>: <*>: Bye Bye [preauth]
Received disconnect from 187.141.143.180: 11: Bye Bye [preauth],Received disconnect from <*>: <*>: Bye Bye [preauth],OpenSSH,Unseen,0.995124817,Received disconnect from <*>: <*>: Bye Bye [preauth]
Received disconnect from 187.141.143.180: 11: Bye Bye [preauth],Received disconnect from <*>: <*>: Bye Bye [preauth],OpenSSH,Unseen,1.001237392,Received disconnect from <*>: <*>: Bye Bye [preauth]
Received disconnect from 187.141.143.180: 11: Bye Bye [preauth],Received disconnect from <*>: <*>: Bye Bye [preauth],OpenSSH,Unseen,0.987435341,Received disconnect from <*>: <*>: Bye Bye [preauth]
Received disconnect from 187.141.143.180: 11: Bye Bye [preauth],Received disconnect from <*>: <*>: Bye Bye [preauth],OpenSSH,Unseen,0.998135805,Received disconnect from <*>: <*>: Bye Bye [preauth]
Received disconnect from 187.141.143.180: 11: Bye Bye [preauth],Received disconnect from <*>: <*>: Bye Bye [preauth],OpenSSH,Unseen,1.006884575,Received disconnect from <*>: <*>: Bye Bye [preauth]
Received disconnect from 187.141.143.180: 11: Bye Bye [preauth],Received disconnect from <*>: <*>: Bye Bye [preauth],OpenSSH,Unseen,0.99347043,Received disconnect from <*>: <*>: Bye Bye [preauth]
Received disconnect from 187.141.143.180: 11: Bye Bye [preauth],Received disconnect from <*>: <*>: Bye Bye [preauth],OpenSSH,Unseen,0.987458467,Received disconnect from <*>: <*>: Bye Bye [preauth]
Received disconnect from 187.141.143.180: 11: Bye Bye [preauth],Received disconnect from <*>: <*>: Bye Bye [preauth],OpenSSH,Unseen,0.996088743,Received disconnect from <*>: <*>: Bye Bye [preauth]
Received disconnect from 187.141.143.180: 11: Bye Bye [preauth],Received disconnect from <*>: <*>: Bye Bye [preauth],OpenSSH,Unseen,0.997289181,Received disconnect from <*>: <*>: Bye Bye [preauth]
Received disconnect from 187.141.143.180: 11: Bye Bye [preauth],Received disconnect from <*>: <*>: Bye Bye [preauth],OpenSSH,Unseen,0.987181902,Received disconnect from <*>: <*>: Bye Bye [preauth]
Received disconnect from 187.141.143.180: 11: Bye Bye [preauth],Received disconnect from <*>: <*>: Bye Bye [preauth],OpenSSH,Unseen,0.995775223,Received disconnect from <*>: <*>: Bye Bye [preauth]
Received disconnect from 187.141.143.180: 11: Bye Bye [preauth],Received disconnect from <*>: <*>: Bye Bye [preauth],OpenSSH,Unseen,1.003504038,Received disconnect from <*>: <*>: Bye Bye [preauth]
Received disconnect from 187.141.143.180: 11: Bye Bye [preauth],Received disconnect from <*>: <*>: Bye Bye [preauth],OpenSSH,Unseen,0.997505188,Received disconnect from <*>: <*>: Bye Bye [preauth]
Received disconnect from 187.141.143.180: 11: Bye Bye [preauth],Received disconnect from <*>: <*>: Bye Bye [preauth],OpenSSH,Unseen,0.99442625,Received disconnect from <*>: <*>: Bye Bye [preauth]
Received disconnect from 187.141.143.180: 11: Bye Bye [preauth],Received disconnect from <*>: <*>: Bye Bye [preauth],OpenSSH,Unseen,0.99992013,Received disconnect from <*>: <*>: Bye Bye [preauth]
Received disconnect from 187.141.143.180: 11: Bye Bye [preauth],Received disconnect from <*>: <*>: Bye Bye [preauth],OpenSSH,Unseen,1.005447865,Received disconnect from <*>: <*>: Bye Bye [preauth]
Received disconnect from 187.141.143.180: 11: Bye Bye [preauth],Received disconnect from <*>: <*>: Bye Bye [preauth],OpenSSH,Unseen,0.996767282,Received disconnect from <*>: <*>: Bye Bye [preauth]
Received disconnect from 187.141.143.180: 11: Bye Bye [preauth],Received disconnect from <*>: <*>: Bye Bye [preauth],OpenSSH,Unseen,0.994226217,Received disconnect from <*>: <*>: Bye Bye [preauth]
Received disconnect from 187.141.143.180: 11: Bye Bye [preauth],Received disconnect from <*>: <*>: Bye Bye [preauth],OpenSSH,Unseen,0.996886492,Received disconnect from <*>: <*>: Bye Bye [preauth]
Received disconnect from 187.141.143.180: 11: Bye Bye [preauth],Received disconnect from <*>: <*>: Bye Bye [preauth],OpenSSH,Unseen,0.998521328,Received disconnect from <*>: <*>: Bye Bye [preauth]
Received disconnect from 187.141.143.180: 11: Bye Bye [preauth],Received disconnect from <*>: <*>: Bye Bye [preauth],OpenSSH,Unseen,0.993864298,Received disconnect from <*>: <*>: Bye Bye [preauth]
Received disconnect from 104.192.3.34: 11: Bye Bye [preauth],Received disconnect from <*>: <*>: Bye Bye [preauth],OpenSSH,Unseen,0.99699378,Received disconnect from <*>: <*>: Bye Bye [preauth]
Connection closed by 104.192.3.34 [preauth],Connection closed by <*> [preauth],OpenSSH,Unseen,0.679945946,Connection closed by <*> [preauth]
pam_unix(sshd:session): session opened for user fztu by (uid=0),pam_unix(sshd:session): session opened for user <*> by (uid=<*>),OpenSSH,Unseen,1.384583235,pam_unix(sshd:session): session opened for user <*> by (uid=<*>)
Received disconnect from 52.80.34.196: 11: Bye Bye [preauth],Received disconnect from <*>: <*>: Bye Bye [preauth],OpenSSH,Unseen,0.994754791,Received disconnect from <*>: <*>: Bye Bye [preauth]
Connection closed by 181.214.87.4 [preauth],Connection closed by <*> [preauth],OpenSSH,Unseen,0.681059837,Connection closed by <*> [preauth]
Received disconnect from 60.2.12.12: 11: Bye Bye [preauth],Received disconnect from <*>: <*>: Bye Bye [preauth],OpenSSH,Unseen,1.003239393,Received disconnect from <*>: <*>: Bye Bye [preauth]
Received disconnect from 60.2.12.12: 11: Bye Bye [preauth],Received disconnect from <*>: <*>: Bye Bye [preauth],OpenSSH,Unseen,1.001574278,Received disconnect from <*>: <*>: Bye Bye [preauth]
Received disconnect from 60.2.12.12: 11: Bye Bye [preauth],Received disconnect from <*>: <*>: Bye Bye [preauth],OpenSSH,Unseen,1.003939629,Received disconnect from <*>: <*>: Bye Bye [preauth]
Received disconnect from 60.2.12.12: 11: Bye Bye [preauth],Received disconnect from <*>: <*>: Bye Bye [preauth],OpenSSH,Unseen,1.008306503,Received disconnect from <*>: <*>: Bye Bye [preauth]
Connection closed by 60.2.12.12 [preauth],Connection closed by <*> [preauth],OpenSSH,Unseen,0.67868638,Connection closed by <*> [preauth]
Connection closed by 1.237.174.253 [preauth],Connection closed by <*> [preauth],OpenSSH,Unseen,0.678860903,Connection closed by <*> [preauth]
Received disconnect from 52.80.34.196: 11: Bye Bye [preauth],Received disconnect from <*>: <*>: Bye Bye [preauth],OpenSSH,Unseen,1.003388405,Received disconnect from <*>: <*>: Bye Bye [preauth]
Received disconnect from 183.136.162.51: 11: Bye Bye [preauth],Received disconnect from <*>: <*>: Bye Bye [preauth],OpenSSH,Unseen,0.994704247,Received disconnect from <*>: <*>: Bye Bye [preauth]
Connection closed by 1.237.174.253 [preauth],Connection closed by <*> [preauth],OpenSSH,Unseen,0.678164482,Connection closed by <*> [preauth]
Connection closed by 88.147.143.242 [preauth],Connection closed by <*> [preauth],OpenSSH,Unseen,0.672410727,Connection closed by <*> [preauth]
Connection closed by 1.237.174.253 [preauth],Connection closed by <*> [preauth],OpenSSH,Unseen,0.683290482,Connection closed by <*> [preauth]
Received disconnect from 183.62.140.253: 11: Bye Bye [preauth],Received disconnect from <*>: <*>: Bye Bye [preauth],OpenSSH,Unseen,0.998948574,Received disconnect from <*>: <*>: Bye Bye [preauth]
Received disconnect from 183.62.140.253: 11: Bye Bye [preauth],Received disconnect from <*>: <*>: Bye Bye [preauth],OpenSSH,Unseen,0.992595434,Received disconnect from <*>: <*>: Bye Bye [preauth]
Received disconnect from 183.62.140.253: 11: Bye Bye [preauth],Received disconnect from <*>: <*>: Bye Bye [preauth],OpenSSH,Unseen,1.009287119,Received disconnect from <*>: <*>: Bye Bye [preauth]
Received disconnect from 183.62.140.253: 11: Bye Bye [preauth],Received disconnect from <*>: <*>: Bye Bye [preauth],OpenSSH,Unseen,1.002426624,Received disconnect from <*>: <*>: Bye Bye [preauth]
Received disconnect from 183.62.140.253: 11: Bye Bye [preauth],Received disconnect from <*>: <*>: Bye Bye [preauth],OpenSSH,Unseen,0.996732712,Received disconnect from <*>: <*>: Bye Bye [preauth]
Received disconnect from 183.62.140.253: 11: Bye Bye [preauth],Received disconnect from <*>: <*>: Bye Bye [preauth],OpenSSH,Unseen,0.99122858,Received disconnect from <*>: <*>: Bye Bye [preauth]
Received disconnect from 183.62.140.253: 11: Bye Bye [preauth],Received disconnect from <*>: <*>: Bye Bye [preauth],OpenSSH,Unseen,0.984499454,Received disconnect from <*>: <*>: Bye Bye [preauth]
Received disconnect from 183.62.140.253: 11: Bye Bye [preauth],Received disconnect from <*>: <*>: Bye Bye [preauth],OpenSSH,Unseen,0.982638359,Received disconnect from <*>: <*>: Bye Bye [preauth]
Received disconnect from 183.62.140.253: 11: Bye Bye [preauth],Received disconnect from <*>: <*>: Bye Bye [preauth],OpenSSH,Unseen,0.983870506,Received disconnect from <*>: <*>: Bye Bye [preauth]
Received disconnect from 183.62.140.253: 11: Bye Bye [preauth],Received disconnect from <*>: <*>: Bye Bye [preauth],OpenSSH,Unseen,0.988959789,Received disconnect from <*>: <*>: Bye Bye [preauth]
Received disconnect from 183.62.140.253: 11: Bye Bye [preauth],Received disconnect from <*>: <*>: Bye Bye [preauth],OpenSSH,Unseen,0.996165752,Received disconnect from <*>: <*>: Bye Bye [preauth]
Received disconnect from 183.62.140.253: 11: Bye Bye [preauth],Received disconnect from <*>: <*>: Bye Bye [preauth],OpenSSH,Unseen,0.993750095,Received disconnect from <*>: <*>: Bye Bye [preauth]
Received disconnect from 183.62.140.253: 11: Bye Bye [preauth],Received disconnect from <*>: <*>: Bye Bye [preauth],OpenSSH,Unseen,0.98822093,Received disconnect from <*>: <*>: Bye Bye [preauth]
Received disconnect from 183.62.140.253: 11: Bye Bye [preauth],Received disconnect from <*>: <*>: Bye Bye [preauth],OpenSSH,Unseen,0.987261534,Received disconnect from <*>: <*>: Bye Bye [preauth]
Received disconnect from 183.62.140.253: 11: Bye Bye [preauth],Received disconnect from <*>: <*>: Bye Bye [preauth],OpenSSH,Unseen,1.00538063,Received disconnect from <*>: <*>: Bye Bye [preauth]
Received disconnect from 183.62.140.253: 11: Bye Bye [preauth],Received disconnect from <*>: <*>: Bye Bye [preauth],OpenSSH,Unseen,1.000056982,Received disconnect from <*>: <*>: Bye Bye [preauth]
Received disconnect from 183.62.140.253: 11: Bye Bye [preauth],Received disconnect from <*>: <*>: Bye Bye [preauth],OpenSSH,Unseen,0.994068623,Received disconnect from <*>: <*>: Bye Bye [preauth]
Received disconnect from 183.62.140.253: 11: Bye Bye [preauth],Received disconnect from <*>: <*>: Bye Bye [preauth],OpenSSH,Unseen,0.986523628,Received disconnect from <*>: <*>: Bye Bye [preauth]
Received disconnect from 183.62.140.253: 11: Bye Bye [preauth],Received disconnect from <*>: <*>: Bye Bye [preauth],OpenSSH,Unseen,0.999791145,Received disconnect from <*>: <*>: Bye Bye [preauth]
Received disconnect from 183.62.140.253: 11: Bye Bye [preauth],Received disconnect from <*>: <*>: Bye Bye [preauth],OpenSSH,Unseen,0.997175932,Received disconnect from <*>: <*>: Bye Bye [preauth]
Received disconnect from 183.62.140.253: 11: Bye Bye [preauth],Received disconnect from <*>: <*>: Bye Bye [preauth],OpenSSH,Unseen,1.001838207,Received disconnect from <*>: <*>: Bye Bye [preauth]
Received disconnect from 202.100.179.208: 11: Bye Bye [preauth],Received disconnect from <*>: <*>: Bye Bye [preauth],OpenSSH,Unseen,1.00033927,Received disconnect from <*>: <*>: Bye Bye [preauth]
Received disconnect from 183.62.140.253: 11: Bye Bye [preauth],Received disconnect from <*>: <*>: Bye Bye [preauth],OpenSSH,Unseen,0.986835957,Received disconnect from <*>: <*>: Bye Bye [preauth]
Received disconnect from 183.62.140.253: 11: Bye Bye [preauth],Received disconnect from <*>: <*>: Bye Bye [preauth],OpenSSH,Unseen,0.991568327,Received disconnect from <*>: <*>: Bye Bye [preauth]
Received disconnect from 183.62.140.253: 11: Bye Bye [preauth],Received disconnect from <*>: <*>: Bye Bye [preauth],OpenSSH,Unseen,0.993552446,Received disconnect from <*>: <*>: Bye Bye [preauth]
Received disconnect from 183.62.140.253: 11: Bye Bye [preauth],Received disconnect from <*>: <*>: Bye Bye [preauth],OpenSSH,Unseen,0.989869356,Received disconnect from <*>: <*>: Bye Bye [preauth]
Received disconnect from 183.62.140.253: 11: Bye Bye [preauth],Received disconnect from <*>: <*>: Bye Bye [preauth],OpenSSH,Unseen,0.992938042,Received disconnect from <*>: <*>: Bye Bye [preauth]
Received disconnect from 183.62.140.253: 11: Bye Bye [preauth],Received disconnect from <*>: <*>: Bye Bye [preauth],OpenSSH,Unseen,0.991223812,Received disconnect from <*>: <*>: Bye Bye [preauth]
Received disconnect from 183.62.140.253: 11: Bye Bye [preauth],Received disconnect from <*>: <*>: Bye Bye [preauth],OpenSSH,Unseen,0.988952637,Received disconnect from <*>: <*>: Bye Bye [preauth]
Received disconnect from 183.62.140.253: 11: Bye Bye [preauth],Received disconnect from <*>: <*>: Bye Bye [preauth],OpenSSH,Unseen,0.98884654,Received disconnect from <*>: <*>: Bye Bye [preauth]
Received disconnect from 183.62.140.253: 11: Bye Bye [preauth],Received disconnect from <*>: <*>: Bye Bye [preauth],OpenSSH,Unseen,0.99209404,Received disconnect from <*>: <*>: Bye Bye [preauth]
Received disconnect from 183.62.140.253: 11: Bye Bye [preauth],Received disconnect from <*>: <*>: Bye Bye [preauth],OpenSSH,Unseen,0.991847754,Received disconnect from <*>: <*>: Bye Bye [preauth]
Received disconnect from 183.62.140.253: 11: Bye Bye [preauth],Received disconnect from <*>: <*>: Bye Bye [preauth],OpenSSH,Unseen,0.995847225,Received disconnect from <*>: <*>: Bye Bye [preauth]
Received disconnect from 183.62.140.253: 11: Bye Bye [preauth],Received disconnect from <*>: <*>: Bye Bye [preauth],OpenSSH,Unseen,0.992755651,Received disconnect from <*>: <*>: Bye Bye [preauth]
Received disconnect from 183.62.140.253: 11: Bye Bye [preauth],Received disconnect from <*>: <*>: Bye Bye [preauth],OpenSSH,Unseen,0.986543417,Received disconnect from <*>: <*>: Bye Bye [preauth]
Received disconnect from 183.62.140.253: 11: Bye Bye [preauth],Received disconnect from <*>: <*>: Bye Bye [preauth],OpenSSH,Unseen,0.988529921,Received disconnect from <*>: <*>: Bye Bye [preauth]
Received disconnect from 183.62.140.253: 11: Bye Bye [preauth],Received disconnect from <*>: <*>: Bye Bye [preauth],OpenSSH,Unseen,1.001680374,Received disconnect from <*>: <*>: Bye Bye [preauth]
Received disconnect from 183.62.140.253: 11: Bye Bye [preauth],Received disconnect from <*>: <*>: Bye Bye [preauth],OpenSSH,Unseen,1.005702257,Received disconnect from <*>: <*>: Bye Bye [preauth]
Received disconnect from 183.62.140.253: 11: Bye Bye [preauth],Received disconnect from <*>: <*>: Bye Bye [preauth],OpenSSH,Unseen,1.003722429,Received disconnect from <*>: <*>: Bye Bye [preauth]
Received disconnect from 183.62.140.253: 11: Bye Bye [preauth],Received disconnect from <*>: <*>: Bye Bye [preauth],OpenSSH,Unseen,0.996266603,Received disconnect from <*>: <*>: Bye Bye [preauth]
Received disconnect from 183.62.140.253: 11: Bye Bye [preauth],Received disconnect from <*>: <*>: Bye Bye [preauth],OpenSSH,Unseen,0.999532461,Received disconnect from <*>: <*>: Bye Bye [preauth]
Received disconnect from 183.62.140.253: 11: Bye Bye [preauth],Received disconnect from <*>: <*>: Bye Bye [preauth],OpenSSH,Unseen,0.999725342,Received disconnect from <*>: <*>: Bye Bye [preauth]
Received disconnect from 183.62.140.253: 11: Bye Bye [preauth],Received disconnect from <*>: <*>: Bye Bye [preauth],OpenSSH,Unseen,0.995852947,Received disconnect from <*>: <*>: Bye Bye [preauth]
Received disconnect from 183.62.140.253: 11: Bye Bye [preauth],Received disconnect from <*>: <*>: Bye Bye [preauth],OpenSSH,Unseen,0.990365505,Received disconnect from <*>: <*>: Bye Bye [preauth]
Received disconnect from 183.62.140.253: 11: Bye Bye [preauth],Received disconnect from <*>: <*>: Bye Bye [preauth],OpenSSH,Unseen,1.001216412,Received disconnect from <*>: <*>: Bye Bye [preauth]
Received disconnect from 183.62.140.253: 11: Bye Bye [preauth],Received disconnect from <*>: <*>: Bye Bye [preauth],OpenSSH,Unseen,0.99934864,Received disconnect from <*>: <*>: Bye Bye [preauth]
Received disconnect from 183.62.140.253: 11: Bye Bye [preauth],Received disconnect from <*>: <*>: Bye Bye [preauth],OpenSSH,Unseen,0.997381926,Received disconnect from <*>: <*>: Bye Bye [preauth]
Received disconnect from 183.62.140.253: 11: Bye Bye [preauth],Received disconnect from <*>: <*>: Bye Bye [preauth],OpenSSH,Unseen,0.99467206,Received disconnect from <*>: <*>: Bye Bye [preauth]
Received disconnect from 183.62.140.253: 11: Bye Bye [preauth],Received disconnect from <*>: <*>: Bye Bye [preauth],OpenSSH,Unseen,1.005560875,Received disconnect from <*>: <*>: Bye Bye [preauth]
Received disconnect from 183.62.140.253: 11: Bye Bye [preauth],Received disconnect from <*>: <*>: Bye Bye [preauth],OpenSSH,Unseen,1.003700256,Received disconnect from <*>: <*>: Bye Bye [preauth]
Received disconnect from 183.62.140.253: 11: Bye Bye [preauth],Received disconnect from <*>: <*>: Bye Bye [preauth],OpenSSH,Unseen,0.993599892,Received disconnect from <*>: <*>: Bye Bye [preauth]
Received disconnect from 183.62.140.253: 11: Bye Bye [preauth],Received disconnect from <*>: <*>: Bye Bye [preauth],OpenSSH,Unseen,0.992674351,Received disconnect from <*>: <*>: Bye Bye [preauth]
Received disconnect from 183.62.140.253: 11: Bye Bye [preauth],Received disconnect from <*>: <*>: Bye Bye [preauth],OpenSSH,Unseen,0.999478817,Received disconnect from <*>: <*>: Bye Bye [preauth]
Received disconnect from 183.62.140.253: 11: Bye Bye [preauth],Received disconnect from <*>: <*>: Bye Bye [preauth],OpenSSH,Unseen,0.99915123,Received disconnect from <*>: <*>: Bye Bye [preauth]
Received disconnect from 183.62.140.253: 11: Bye Bye [preauth],Received disconnect from <*>: <*>: Bye Bye [preauth],OpenSSH,Unseen,0.991094589,Received disconnect from <*>: <*>: Bye Bye [preauth]
Received disconnect from 183.62.140.253: 11: Bye Bye [preauth],Received disconnect from <*>: <*>: Bye Bye [preauth],OpenSSH,Unseen,0.992991447,Received disconnect from <*>: <*>: Bye Bye [preauth]
Received disconnect from 183.62.140.253: 11: Bye Bye [preauth],Received disconnect from <*>: <*>: Bye Bye [preauth],OpenSSH,Unseen,1.000322342,Received disconnect from <*>: <*>: Bye Bye [preauth]
Received disconnect from 183.62.140.253: 11: Bye Bye [preauth],Received disconnect from <*>: <*>: Bye Bye [preauth],OpenSSH,Unseen,1.010928154,Received disconnect from <*>: <*>: Bye Bye [preauth]
Received disconnect from 183.62.140.253: 11: Bye Bye [preauth],Received disconnect from <*>: <*>: Bye Bye [preauth],OpenSSH,Unseen,0.996327639,Received disconnect from <*>: <*>: Bye Bye [preauth]
Received disconnect from 183.62.140.253: 11: Bye Bye [preauth],Received disconnect from <*>: <*>: Bye Bye [preauth],OpenSSH,Unseen,0.991997242,Received disconnect from <*>: <*>: Bye Bye [preauth]
Received disconnect from 183.62.140.253: 11: Bye Bye [preauth],Received disconnect from <*>: <*>: Bye Bye [preauth],OpenSSH,Unseen,1.01048398,Received disconnect from <*>: <*>: Bye Bye [preauth]
Received disconnect from 183.62.140.253: 11: Bye Bye [preauth],Received disconnect from <*>: <*>: Bye Bye [preauth],OpenSSH,Unseen,1.012539148,Received disconnect from <*>: <*>: Bye Bye [preauth]
Received disconnect from 183.62.140.253: 11: Bye Bye [preauth],Received disconnect from <*>: <*>: Bye Bye [preauth],OpenSSH,Unseen,1.000104666,Received disconnect from <*>: <*>: Bye Bye [preauth]
Received disconnect from 183.62.140.253: 11: Bye Bye [preauth],Received disconnect from <*>: <*>: Bye Bye [preauth],OpenSSH,Unseen,0.989946604,Received disconnect from <*>: <*>: Bye Bye [preauth]
Received disconnect from 183.62.140.253: 11: Bye Bye [preauth],Received disconnect from <*>: <*>: Bye Bye [preauth],OpenSSH,Unseen,0.995996237,Received disconnect from <*>: <*>: Bye Bye [preauth]
Received disconnect from 183.62.140.253: 11: Bye Bye [preauth],Received disconnect from <*>: <*>: Bye Bye [preauth],OpenSSH,Unseen,0.993391991,Received disconnect from <*>: <*>: Bye Bye [preauth]
Received disconnect from 183.62.140.253: 11: Bye Bye [preauth],Received disconnect from <*>: <*>: Bye Bye [preauth],OpenSSH,Unseen,0.987931252,Received disconnect from <*>: <*>: Bye Bye [preauth]
Received disconnect from 183.62.140.253: 11: Bye Bye [preauth],Received disconnect from <*>: <*>: Bye Bye [preauth],OpenSSH,Unseen,0.991651535,Received disconnect from <*>: <*>: Bye Bye [preauth]
Received disconnect from 183.62.140.253: 11: Bye Bye [preauth],Received disconnect from <*>: <*>: Bye Bye [preauth],OpenSSH,Unseen,0.989951134,Received disconnect from <*>: <*>: Bye Bye [preauth]
Received disconnect from 183.62.140.253: 11: Bye Bye [preauth],Received disconnect from <*>: <*>: Bye Bye [preauth],OpenSSH,Unseen,0.982486725,Received disconnect from <*>: <*>: Bye Bye [preauth]
Received disconnect from 183.62.140.253: 11: Bye Bye [preauth],Received disconnect from <*>: <*>: Bye Bye [preauth],OpenSSH,Unseen,0.984101295,Received disconnect from <*>: <*>: Bye Bye [preauth]
Received disconnect from 183.62.140.253: 11: Bye Bye [preauth],Received disconnect from <*>: <*>: Bye Bye [preauth],OpenSSH,Unseen,0.991552353,Received disconnect from <*>: <*>: Bye Bye [preauth]
Received disconnect from 183.62.140.253: 11: Bye Bye [preauth],Received disconnect from <*>: <*>: Bye Bye [preauth],OpenSSH,Unseen,1.000568867,Received disconnect from <*>: <*>: Bye Bye [preauth]
Received disconnect from 183.62.140.253: 11: Bye Bye [preauth],Received disconnect from <*>: <*>: Bye Bye [preauth],OpenSSH,Unseen,0.989705086,Received disconnect from <*>: <*>: Bye Bye [preauth]
Received disconnect from 183.62.140.253: 11: Bye Bye [preauth],Received disconnect from <*>: <*>: Bye Bye [preauth],OpenSSH,Unseen,0.995218515,Received disconnect from <*>: <*>: Bye Bye [preauth]
Received disconnect from 183.62.140.253: 11: Bye Bye [preauth],Received disconnect from <*>: <*>: Bye Bye [preauth],OpenSSH,Unseen,0.986975193,Received disconnect from <*>: <*>: Bye Bye [preauth]
Received disconnect from 183.62.140.253: 11: Bye Bye [preauth],Received disconnect from <*>: <*>: Bye Bye [preauth],OpenSSH,Unseen,0.99159503,Received disconnect from <*>: <*>: Bye Bye [preauth]
Received disconnect from 183.62.140.253: 11: Bye Bye [preauth],Received disconnect from <*>: <*>: Bye Bye [preauth],OpenSSH,Unseen,0.99759531,Received disconnect from <*>: <*>: Bye Bye [preauth]
Received disconnect from 183.62.140.253: 11: Bye Bye [preauth],Received disconnect from <*>: <*>: Bye Bye [preauth],OpenSSH,Unseen,0.988114357,Received disconnect from <*>: <*>: Bye Bye [preauth]
Received disconnect from 183.62.140.253: 11: Bye Bye [preauth],Received disconnect from <*>: <*>: Bye Bye [preauth],OpenSSH,Unseen,0.989516497,Received disconnect from <*>: <*>: Bye Bye [preauth]
Received disconnect from 183.62.140.253: 11: Bye Bye [preauth],Received disconnect from <*>: <*>: Bye Bye [preauth],OpenSSH,Unseen,0.996352911,Received disconnect from <*>: <*>: Bye Bye [preauth]
Received disconnect from 183.62.140.253: 11: Bye Bye [preauth],Received disconnect from <*>: <*>: Bye Bye [preauth],OpenSSH,Unseen,1.006541252,Received disconnect from <*>: <*>: Bye Bye [preauth]
Received disconnect from 183.62.140.253: 11: Bye Bye [preauth],Received disconnect from <*>: <*>: Bye Bye [preauth],OpenSSH,Unseen,0.988195419,Received disconnect from <*>: <*>: Bye Bye [preauth]
Received disconnect from 183.62.140.253: 11: Bye Bye [preauth],Received disconnect from <*>: <*>: Bye Bye [preauth],OpenSSH,Unseen,0.999526262,Received disconnect from <*>: <*>: Bye Bye [preauth]
Received disconnect from 183.62.140.253: 11: Bye Bye [preauth],Received disconnect from <*>: <*>: Bye Bye [preauth],OpenSSH,Unseen,1.003273964,Received disconnect from <*>: <*>: Bye Bye [preauth]
Received disconnect from 183.62.140.253: 11: Bye Bye [preauth],Received disconnect from <*>: <*>: Bye Bye [preauth],OpenSSH,Unseen,0.997989178,Received disconnect from <*>: <*>: Bye Bye [preauth]
Received disconnect from 183.62.140.253: 11: Bye Bye [preauth],Received disconnect from <*>: <*>: Bye Bye [preauth],OpenSSH,Unseen,0.984529734,Received disconnect from <*>: <*>: Bye Bye [preauth]
Received disconnect from 183.62.140.253: 11: Bye Bye [preauth],Received disconnect from <*>: <*>: Bye Bye [preauth],OpenSSH,Unseen,0.99332118,Received disconnect from <*>: <*>: Bye Bye [preauth]
Received disconnect from 183.62.140.253: 11: Bye Bye [preauth],Received disconnect from <*>: <*>: Bye Bye [preauth],OpenSSH,Unseen,0.993998289,Received disconnect from <*>: <*>: Bye Bye [preauth]
Received disconnect from 183.62.140.253: 11: Bye Bye [preauth],Received disconnect from <*>: <*>: Bye Bye [preauth],OpenSSH,Unseen,0.992524862,Received disconnect from <*>: <*>: Bye Bye [preauth]
Received disconnect from 183.62.140.253: 11: Bye Bye [preauth],Received disconnect from <*>: <*>: Bye Bye [preauth],OpenSSH,Unseen,0.99839735,Received disconnect from <*>: <*>: Bye Bye [preauth]
Received disconnect from 183.62.140.253: 11: Bye Bye [preauth],Received disconnect from <*>: <*>: Bye Bye [preauth],OpenSSH,Unseen,0.992951155,Received disconnect from <*>: <*>: Bye Bye [preauth]
Received disconnect from 183.62.140.253: 11: Bye Bye [preauth],Received disconnect from <*>: <*>: Bye Bye [preauth],OpenSSH,Unseen,1.000517607,Received disconnect from <*>: <*>: Bye Bye [preauth]
Received disconnect from 183.62.140.253: 11: Bye Bye [preauth],Received disconnect from <*>: <*>: Bye Bye [preauth],OpenSSH,Unseen,0.984757423,Received disconnect from <*>: <*>: Bye Bye [preauth]
Received disconnect from 183.62.140.253: 11: Bye Bye [preauth],Received disconnect from <*>: <*>: Bye Bye [preauth],OpenSSH,Unseen,1.005381584,Received disconnect from <*>: <*>: Bye Bye [preauth]
Received disconnect from 183.62.140.253: 11: Bye Bye [preauth],Received disconnect from <*>: <*>: Bye Bye [preauth],OpenSSH,Unseen,1.006320477,Received disconnect from <*>: <*>: Bye Bye [preauth]
Received disconnect from 183.62.140.253: 11: Bye Bye [preauth],Received disconnect from <*>: <*>: Bye Bye [preauth],OpenSSH,Unseen,1.014574289,Received disconnect from <*>: <*>: Bye Bye [preauth]
Received disconnect from 183.62.140.253: 11: Bye Bye [preauth],Received disconnect from <*>: <*>: Bye Bye [preauth],OpenSSH,Unseen,0.996282101,Received disconnect from <*>: <*>: Bye Bye [preauth]
Received disconnect from 183.62.140.253: 11: Bye Bye [preauth],Received disconnect from <*>: <*>: Bye Bye [preauth],OpenSSH,Unseen,0.996705294,Received disconnect from <*>: <*>: Bye Bye [preauth]
Received disconnect from 183.62.140.253: 11: Bye Bye [preauth],Received disconnect from <*>: <*>: Bye Bye [preauth],OpenSSH,Unseen,0.990192652,Received disconnect from <*>: <*>: Bye Bye [preauth]
Received disconnect from 183.62.140.253: 11: Bye Bye [preauth],Received disconnect from <*>: <*>: Bye Bye [preauth],OpenSSH,Unseen,1.000745773,Received disconnect from <*>: <*>: Bye Bye [preauth]
Received disconnect from 183.62.140.253: 11: Bye Bye [preauth],Received disconnect from <*>: <*>: Bye Bye [preauth],OpenSSH,Unseen,0.990314245,Received disconnect from <*>: <*>: Bye Bye [preauth]
Received disconnect from 183.62.140.253: 11: Bye Bye [preauth],Received disconnect from <*>: <*>: Bye Bye [preauth],OpenSSH,Unseen,1.005927563,Received disconnect from <*>: <*>: Bye Bye [preauth]
Received disconnect from 183.62.140.253: 11: Bye Bye [preauth],Received disconnect from <*>: <*>: Bye Bye [preauth],OpenSSH,Unseen,1.003329039,Received disconnect from <*>: <*>: Bye Bye [preauth]
Received disconnect from 183.62.140.253: 11: Bye Bye [preauth],Received disconnect from <*>: <*>: Bye Bye [preauth],OpenSSH,Unseen,0.991354465,Received disconnect from <*>: <*>: Bye Bye [preauth]
Received disconnect from 183.62.140.253: 11: Bye Bye [preauth],Received disconnect from <*>: <*>: Bye Bye [preauth],OpenSSH,Unseen,0.994100809,Received disconnect from <*>: <*>: Bye Bye [preauth]
Received disconnect from 183.62.140.253: 11: Bye Bye [preauth],Received disconnect from <*>: <*>: Bye Bye [preauth],OpenSSH,Unseen,1.006489038,Received disconnect from <*>: <*>: Bye Bye [preauth]
Received disconnect from 183.62.140.253: 11: Bye Bye [preauth],Received disconnect from <*>: <*>: Bye Bye [preauth],OpenSSH,Unseen,0.998025656,Received disconnect from <*>: <*>: Bye Bye [preauth]
Received disconnect from 183.62.140.253: 11: Bye Bye [preauth],Received disconnect from <*>: <*>: Bye Bye [preauth],OpenSSH,Unseen,0.99792099,Received disconnect from <*>: <*>: Bye Bye [preauth]
Received disconnect from 183.62.140.253: 11: Bye Bye [preauth],Received disconnect from <*>: <*>: Bye Bye [preauth],OpenSSH,Unseen,0.997750521,Received disconnect from <*>: <*>: Bye Bye [preauth]
Received disconnect from 183.62.140.253: 11: Bye Bye [preauth],Received disconnect from <*>: <*>: Bye Bye [preauth],OpenSSH,Unseen,0.999572754,Received disconnect from <*>: <*>: Bye Bye [preauth]
Received disconnect from 183.62.140.253: 11: Bye Bye [preauth],Received disconnect from <*>: <*>: Bye Bye [preauth],OpenSSH,Unseen,0.997561455,Received disconnect from <*>: <*>: Bye Bye [preauth]
Received disconnect from 183.62.140.253: 11: Bye Bye [preauth],Received disconnect from <*>: <*>: Bye Bye [preauth],OpenSSH,Unseen,0.998672247,Received disconnect from <*>: <*>: Bye Bye [preauth]
Received disconnect from 183.62.140.253: 11: Bye Bye [preauth],Received disconnect from <*>: <*>: Bye Bye [preauth],OpenSSH,Unseen,0.999810219,Received disconnect from <*>: <*>: Bye Bye [preauth]
Received disconnect from 183.62.140.253: 11: Bye Bye [preauth],Received disconnect from <*>: <*>: Bye Bye [preauth],OpenSSH,Unseen,0.998632431,Received disconnect from <*>: <*>: Bye Bye [preauth]
Received disconnect from 183.62.140.253: 11: Bye Bye [preauth],Received disconnect from <*>: <*>: Bye Bye [preauth],OpenSSH,Unseen,0.987439632,Received disconnect from <*>: <*>: Bye Bye [preauth]
Received disconnect from 183.62.140.253: 11: Bye Bye [preauth],Received disconnect from <*>: <*>: Bye Bye [preauth],OpenSSH,Unseen,0.998925447,Received disconnect from <*>: <*>: Bye Bye [preauth]
Received disconnect from 183.62.140.253: 11: Bye Bye [preauth],Received disconnect from <*>: <*>: Bye Bye [preauth],OpenSSH,Unseen,1.007582188,Received disconnect from <*>: <*>: Bye Bye [preauth]
Received disconnect from 183.62.140.253: 11: Bye Bye [preauth],Received disconnect from <*>: <*>: Bye Bye [preauth],OpenSSH,Unseen,1.003931999,Received disconnect from <*>: <*>: Bye Bye [preauth]
Received disconnect from 183.62.140.253: 11: Bye Bye [preauth],Received disconnect from <*>: <*>: Bye Bye [preauth],OpenSSH,Unseen,1.001354218,Received disconnect from <*>: <*>: Bye Bye [preauth]
Received disconnect from 183.62.140.253: 11: Bye Bye [preauth],Received disconnect from <*>: <*>: Bye Bye [preauth],OpenSSH,Unseen,0.991379976,Received disconnect from <*>: <*>: Bye Bye [preauth]
Received disconnect from 183.62.140.253: 11: Bye Bye [preauth],Received disconnect from <*>: <*>: Bye Bye [preauth],OpenSSH,Unseen,0.985390425,Received disconnect from <*>: <*>: Bye Bye [preauth]
Received disconnect from 183.62.140.253: 11: Bye Bye [preauth],Received disconnect from <*>: <*>: Bye Bye [preauth],OpenSSH,Unseen,0.986166239,Received disconnect from <*>: <*>: Bye Bye [preauth]
Received disconnect from 183.62.140.253: 11: Bye Bye [preauth],Received disconnect from <*>: <*>: Bye Bye [preauth],OpenSSH,Unseen,0.989180326,Received disconnect from <*>: <*>: Bye Bye [preauth]
Received disconnect from 183.62.140.253: 11: Bye Bye [preauth],Received disconnect from <*>: <*>: Bye Bye [preauth],OpenSSH,Unseen,1.00474453,Received disconnect from <*>: <*>: Bye Bye [preauth]
Received disconnect from 183.62.140.253: 11: Bye Bye [preauth],Received disconnect from <*>: <*>: Bye Bye [preauth],OpenSSH,Unseen,1.000815153,Received disconnect from <*>: <*>: Bye Bye [preauth]
Received disconnect from 183.62.140.253: 11: Bye Bye [preauth],Received disconnect from <*>: <*>: Bye Bye [preauth],OpenSSH,Unseen,0.991761684,Received disconnect from <*>: <*>: Bye Bye [preauth]
Received disconnect from 183.62.140.253: 11: Bye Bye [preauth],Received disconnect from <*>: <*>: Bye Bye [preauth],OpenSSH,Unseen,0.998722553,Received disconnect from <*>: <*>: Bye Bye [preauth]
Received disconnect from 183.62.140.253: 11: Bye Bye [preauth],Received disconnect from <*>: <*>: Bye Bye [preauth],OpenSSH,Unseen,1.00298667,Received disconnect from <*>: <*>: Bye Bye [preauth]
Received disconnect from 183.62.140.253: 11: Bye Bye [preauth],Received disconnect from <*>: <*>: Bye Bye [preauth],OpenSSH,Unseen,1.004786968,Received disconnect from <*>: <*>: Bye Bye [preauth]
Received disconnect from 183.62.140.253: 11: Bye Bye [preauth],Received disconnect from <*>: <*>: Bye Bye [preauth],OpenSSH,Unseen,1.00726223,Received disconnect from <*>: <*>: Bye Bye [preauth]
Received disconnect from 183.62.140.253: 11: Bye Bye [preauth],Received disconnect from <*>: <*>: Bye Bye [preauth],OpenSSH,Unseen,0.996927023,Received disconnect from <*>: <*>: Bye Bye [preauth]
Received disconnect from 183.62.140.253: 11: Bye Bye [preauth],Received disconnect from <*>: <*>: Bye Bye [preauth],OpenSSH,Unseen,0.990255594,Received disconnect from <*>: <*>: Bye Bye [preauth]
Received disconnect from 183.62.140.253: 11: Bye Bye [preauth],Received disconnect from <*>: <*>: Bye Bye [preauth],OpenSSH,Unseen,0.997230053,Received disconnect from <*>: <*>: Bye Bye [preauth]
Received disconnect from 183.62.140.253: 11: Bye Bye [preauth],Received disconnect from <*>: <*>: Bye Bye [preauth],OpenSSH,Unseen,1.000671148,Received disconnect from <*>: <*>: Bye Bye [preauth]
Received disconnect from 183.62.140.253: 11: Bye Bye [preauth],Received disconnect from <*>: <*>: Bye Bye [preauth],OpenSSH,Unseen,1.001864195,Received disconnect from <*>: <*>: Bye Bye [preauth]
Received disconnect from 183.62.140.253: 11: Bye Bye [preauth],Received disconnect from <*>: <*>: Bye Bye [preauth],OpenSSH,Unseen,0.999795675,Received disconnect from <*>: <*>: Bye Bye [preauth]
Received disconnect from 183.62.140.253: 11: Bye Bye [preauth],Received disconnect from <*>: <*>: Bye Bye [preauth],OpenSSH,Unseen,0.994791031,Received disconnect from <*>: <*>: Bye Bye [preauth]
Received disconnect from 183.62.140.253: 11: Bye Bye [preauth],Received disconnect from <*>: <*>: Bye Bye [preauth],OpenSSH,Unseen,1.002157211,Received disconnect from <*>: <*>: Bye Bye [preauth]
Received disconnect from 183.62.140.253: 11: Bye Bye [preauth],Received disconnect from <*>: <*>: Bye Bye [preauth],OpenSSH,Unseen,0.990629435,Received disconnect from <*>: <*>: Bye Bye [preauth]
Received disconnect from 183.62.140.253: 11: Bye Bye [preauth],Received disconnect from <*>: <*>: Bye Bye [preauth],OpenSSH,Unseen,1.006788969,Received disconnect from <*>: <*>: Bye Bye [preauth]
Received disconnect from 183.62.140.253: 11: Bye Bye [preauth],Received disconnect from <*>: <*>: Bye Bye [preauth],OpenSSH,Unseen,1.011222839,Received disconnect from <*>: <*>: Bye Bye [preauth]
Received disconnect from 183.62.140.253: 11: Bye Bye [preauth],Received disconnect from <*>: <*>: Bye Bye [preauth],OpenSSH,Unseen,1.002408504,Received disconnect from <*>: <*>: Bye Bye [preauth]
Received disconnect from 183.62.140.253: 11: Bye Bye [preauth],Received disconnect from <*>: <*>: Bye Bye [preauth],OpenSSH,Unseen,1.001226187,Received disconnect from <*>: <*>: Bye Bye [preauth]
Received disconnect from 183.62.140.253: 11: Bye Bye [preauth],Received disconnect from <*>: <*>: Bye Bye [preauth],OpenSSH,Unseen,0.988916636,Received disconnect from <*>: <*>: Bye Bye [preauth]
Received disconnect from 183.62.140.253: 11: Bye Bye [preauth],Received disconnect from <*>: <*>: Bye Bye [preauth],OpenSSH,Unseen,1.000384092,Received disconnect from <*>: <*>: Bye Bye [preauth]
Received disconnect from 183.62.140.253: 11: Bye Bye [preauth],Received disconnect from <*>: <*>: Bye Bye [preauth],OpenSSH,Unseen,1.000423431,Received disconnect from <*>: <*>: Bye Bye [preauth]
Received disconnect from 183.62.140.253: 11: Bye Bye [preauth],Received disconnect from <*>: <*>: Bye Bye [preauth],OpenSSH,Unseen,0.998369694,Received disconnect from <*>: <*>: Bye Bye [preauth]
Received disconnect from 183.62.140.253: 11: Bye Bye [preauth],Received disconnect from <*>: <*>: Bye Bye [preauth],OpenSSH,Unseen,1.006211758,Received disconnect from <*>: <*>: Bye Bye [preauth]
Received disconnect from 183.62.140.253: 11: Bye Bye [preauth],Received disconnect from <*>: <*>: Bye Bye [preauth],OpenSSH,Unseen,0.992222548,Received disconnect from <*>: <*>: Bye Bye [preauth]
Received disconnect from 183.62.140.253: 11: Bye Bye [preauth],Received disconnect from <*>: <*>: Bye Bye [preauth],OpenSSH,Unseen,0.999807835,Received disconnect from <*>: <*>: Bye Bye [preauth]
Received disconnect from 183.62.140.253: 11: Bye Bye [preauth],Received disconnect from <*>: <*>: Bye Bye [preauth],OpenSSH,Unseen,0.987347603,Received disconnect from <*>: <*>: Bye Bye [preauth]
Received disconnect from 183.62.140.253: 11: Bye Bye [preauth],Received disconnect from <*>: <*>: Bye Bye [preauth],OpenSSH,Unseen,1.00718236,Received disconnect from <*>: <*>: Bye Bye [preauth]
Received disconnect from 183.62.140.253: 11: Bye Bye [preauth],Received disconnect from <*>: <*>: Bye Bye [preauth],OpenSSH,Unseen,0.999624968,Received disconnect from <*>: <*>: Bye Bye [preauth]
Received disconnect from 183.62.140.253: 11: Bye Bye [preauth],Received disconnect from <*>: <*>: Bye Bye [preauth],OpenSSH,Unseen,0.988981485,Received disconnect from <*>: <*>: Bye Bye [preauth]
Received disconnect from 183.62.140.253: 11: Bye Bye [preauth],Received disconnect from <*>: <*>: Bye Bye [preauth],OpenSSH,Unseen,0.994068861,Received disconnect from <*>: <*>: Bye Bye [preauth]
Received disconnect from 183.62.140.253: 11: Bye Bye [preauth],Received disconnect from <*>: <*>: Bye Bye [preauth],OpenSSH,Unseen,0.998579025,Received disconnect from <*>: <*>: Bye Bye [preauth]
Received disconnect from 183.62.140.253: 11: Bye Bye [preauth],Received disconnect from <*>: <*>: Bye Bye [preauth],OpenSSH,Unseen,0.999858618,Received disconnect from <*>: <*>: Bye Bye [preauth]
Received disconnect from 183.62.140.253: 11: Bye Bye [preauth],Received disconnect from <*>: <*>: Bye Bye [preauth],OpenSSH,Unseen,0.99729991,Received disconnect from <*>: <*>: Bye Bye [preauth]
Received disconnect from 183.62.140.253: 11: Bye Bye [preauth],Received disconnect from <*>: <*>: Bye Bye [preauth],OpenSSH,Unseen,0.998001575,Received disconnect from <*>: <*>: Bye Bye [preauth]
Received disconnect from 183.62.140.253: 11: Bye Bye [preauth],Received disconnect from <*>: <*>: Bye Bye [preauth],OpenSSH,Unseen,1.002347469,Received disconnect from <*>: <*>: Bye Bye [preauth]
Received disconnect from 183.62.140.253: 11: Bye Bye [preauth],Received disconnect from <*>: <*>: Bye Bye [preauth],OpenSSH,Unseen,0.996398926,Received disconnect from <*>: <*>: Bye Bye [preauth]
Received disconnect from 183.62.140.253: 11: Bye Bye [preauth],Received disconnect from <*>: <*>: Bye Bye [preauth],OpenSSH,Unseen,0.999488592,Received disconnect from <*>: <*>: Bye Bye [preauth]
Received disconnect from 183.62.140.253: 11: Bye Bye [preauth],Received disconnect from <*>: <*>: Bye Bye [preauth],OpenSSH,Unseen,0.999974012,Received disconnect from <*>: <*>: Bye Bye [preauth]
Received disconnect from 183.62.140.253: 11: Bye Bye [preauth],Received disconnect from <*>: <*>: Bye Bye [preauth],OpenSSH,Unseen,1.00578928,Received disconnect from <*>: <*>: Bye Bye [preauth]
Received disconnect from 183.62.140.253: 11: Bye Bye [preauth],Received disconnect from <*>: <*>: Bye Bye [preauth],OpenSSH,Unseen,1.000418901,Received disconnect from <*>: <*>: Bye Bye [preauth]
Received disconnect from 183.62.140.253: 11: Bye Bye [preauth],Received disconnect from <*>: <*>: Bye Bye [preauth],OpenSSH,Unseen,0.987749815,Received disconnect from <*>: <*>: Bye Bye [preauth]
Received disconnect from 183.62.140.253: 11: Bye Bye [preauth],Received disconnect from <*>: <*>: Bye Bye [preauth],OpenSSH,Unseen,1.001210928,Received disconnect from <*>: <*>: Bye Bye [preauth]
Received disconnect from 183.62.140.253: 11: Bye Bye [preauth],Received disconnect from <*>: <*>: Bye Bye [preauth],OpenSSH,Unseen,1.003587246,Received disconnect from <*>: <*>: Bye Bye [preauth]
Received disconnect from 183.62.140.253: 11: Bye Bye [preauth],Received disconnect from <*>: <*>: Bye Bye [preauth],OpenSSH,Unseen,0.997884512,Received disconnect from <*>: <*>: Bye Bye [preauth]
Received disconnect from 183.62.140.253: 11: Bye Bye [preauth],Received disconnect from <*>: <*>: Bye Bye [preauth],OpenSSH,Unseen,0.999581575,Received disconnect from <*>: <*>: Bye Bye [preauth]
Received disconnect from 183.62.140.253: 11: Bye Bye [preauth],Received disconnect from <*>: <*>: Bye Bye [preauth],OpenSSH,Unseen,1.003017902,Received disconnect from <*>: <*>: Bye Bye [preauth]
Received disconnect from 183.62.140.253: 11: Bye Bye [preauth],Received disconnect from <*>: <*>: Bye Bye [preauth],OpenSSH,Unseen,0.992032051,Received disconnect from <*>: <*>: Bye Bye [preauth]
Received disconnect from 183.62.140.253: 11: Bye Bye [preauth],Received disconnect from <*>: <*>: Bye Bye [preauth],OpenSSH,Unseen,0.992746115,Received disconnect from <*>: <*>: Bye Bye [preauth]
Received disconnect from 183.62.140.253: 11: Bye Bye [preauth],Received disconnect from <*>: <*>: Bye Bye [preauth],OpenSSH,Unseen,1.003550529,Received disconnect from <*>: <*>: Bye Bye [preauth]
Received disconnect from 183.62.140.253: 11: Bye Bye [preauth],Received disconnect from <*>: <*>: Bye Bye [preauth],OpenSSH,Unseen,0.998209238,Received disconnect from <*>: <*>: Bye Bye [preauth]
Received disconnect from 183.62.140.253: 11: Bye Bye [preauth],Received disconnect from <*>: <*>: Bye Bye [preauth],OpenSSH,Unseen,0.997024536,Received disconnect from <*>: <*>: Bye Bye [preauth]
Received disconnect from 183.62.140.253: 11: Bye Bye [preauth],Received disconnect from <*>: <*>: Bye Bye [preauth],OpenSSH,Unseen,0.99514246,Received disconnect from <*>: <*>: Bye Bye [preauth]
Received disconnect from 183.62.140.253: 11: Bye Bye [preauth],Received disconnect from <*>: <*>: Bye Bye [preauth],OpenSSH,Unseen,1.008595943,Received disconnect from <*>: <*>: Bye Bye [preauth]
Received disconnect from 183.62.140.253: 11: Bye Bye [preauth],Received disconnect from <*>: <*>: Bye Bye [preauth],OpenSSH,Unseen,0.989039421,Received disconnect from <*>: <*>: Bye Bye [preauth]
Received disconnect from 183.62.140.253: 11: Bye Bye [preauth],Received disconnect from <*>: <*>: Bye Bye [preauth],OpenSSH,Unseen,0.992049217,Received disconnect from <*>: <*>: Bye Bye [preauth]
Received disconnect from 183.62.140.253: 11: Bye Bye [preauth],Received disconnect from <*>: <*>: Bye Bye [preauth],OpenSSH,Unseen,0.998895645,Received disconnect from <*>: <*>: Bye Bye [preauth]
Received disconnect from 183.62.140.253: 11: Bye Bye [preauth],Received disconnect from <*>: <*>: Bye Bye [preauth],OpenSSH,Unseen,0.991294622,Received disconnect from <*>: <*>: Bye Bye [preauth]
Received disconnect from 183.62.140.253: 11: Bye Bye [preauth],Received disconnect from <*>: <*>: Bye Bye [preauth],OpenSSH,Unseen,1.00015378,Received disconnect from <*>: <*>: Bye Bye [preauth]
Received disconnect from 183.62.140.253: 11: Bye Bye [preauth],Received disconnect from <*>: <*>: Bye Bye [preauth],OpenSSH,Unseen,0.998636723,Received disconnect from <*>: <*>: Bye Bye [preauth]
Received disconnect from 183.62.140.253: 11: Bye Bye [preauth],Received disconnect from <*>: <*>: Bye Bye [preauth],OpenSSH,Unseen,0.987637281,Received disconnect from <*>: <*>: Bye Bye [preauth]
Received disconnect from 183.62.140.253: 11: Bye Bye [preauth],Received disconnect from <*>: <*>: Bye Bye [preauth],OpenSSH,Unseen,0.99387598,Received disconnect from <*>: <*>: Bye Bye [preauth]
Received disconnect from 183.62.140.253: 11: Bye Bye [preauth],Received disconnect from <*>: <*>: Bye Bye [preauth],OpenSSH,Unseen,1.006370544,Received disconnect from <*>: <*>: Bye Bye [preauth]
Connection closed by 88.147.143.242 [preauth],Connection closed by <*> [preauth],OpenSSH,Unseen,0.681766748,Connection closed by <*> [preauth]
Received disconnect from 183.62.140.253: 11: Bye Bye [preauth],Received disconnect from <*>: <*>: Bye Bye [preauth],OpenSSH,Unseen,0.994628906,Received disconnect from <*>: <*>: Bye Bye [preauth]
Received disconnect from 183.62.140.253: 11: Bye Bye [preauth],Received disconnect from <*>: <*>: Bye Bye [preauth],OpenSSH,Unseen,1.000707388,Received disconnect from <*>: <*>: Bye Bye [preauth]
Received disconnect from 183.62.140.253: 11: Bye Bye [preauth],Received disconnect from <*>: <*>: Bye Bye [preauth],OpenSSH,Unseen,0.987846136,Received disconnect from <*>: <*>: Bye Bye [preauth]
Received disconnect from 183.62.140.253: 11: Bye Bye [preauth],Received disconnect from <*>: <*>: Bye Bye [preauth],OpenSSH,Unseen,0.990404129,Received disconnect from <*>: <*>: Bye Bye [preauth]
Received disconnect from 183.62.140.253: 11: Bye Bye [preauth],Received disconnect from <*>: <*>: Bye Bye [preauth],OpenSSH,Unseen,0.992911577,Received disconnect from <*>: <*>: Bye Bye [preauth]
Received disconnect from 183.62.140.253: 11: Bye Bye [preauth],Received disconnect from <*>: <*>: Bye Bye [preauth],OpenSSH,Unseen,0.989545584,Received disconnect from <*>: <*>: Bye Bye [preauth]
Received disconnect from 183.62.140.253: 11: Bye Bye [preauth],Received disconnect from <*>: <*>: Bye Bye [preauth],OpenSSH,Unseen,1.002174377,Received disconnect from <*>: <*>: Bye Bye [preauth]
Received disconnect from 183.62.140.253: 11: Bye Bye [preauth],Received disconnect from <*>: <*>: Bye Bye [preauth],OpenSSH,Unseen,1.000805378,Received disconnect from <*>: <*>: Bye Bye [preauth]
Received disconnect from 183.62.140.253: 11: Bye Bye [preauth],Received disconnect from <*>: <*>: Bye Bye [preauth],OpenSSH,Unseen,0.995721102,Received disconnect from <*>: <*>: Bye Bye [preauth]
Received disconnect from 183.62.140.253: 11: Bye Bye [preauth],Received disconnect from <*>: <*>: Bye Bye [preauth],OpenSSH,Unseen,1.004509687,Received disconnect from <*>: <*>: Bye Bye [preauth]
Received disconnect from 183.62.140.253: 11: Bye Bye [preauth],Received disconnect from <*>: <*>: Bye Bye [preauth],OpenSSH,Unseen,1.0022614,Received disconnect from <*>: <*>: Bye Bye [preauth]
Received disconnect from 183.62.140.253: 11: Bye Bye [preauth],Received disconnect from <*>: <*>: Bye Bye [preauth],OpenSSH,Unseen,1.003695011,Received disconnect from <*>: <*>: Bye Bye [preauth]
Received disconnect from 183.62.140.253: 11: Bye Bye [preauth],Received disconnect from <*>: <*>: Bye Bye [preauth],OpenSSH,Unseen,1.00008893,Received disconnect from <*>: <*>: Bye Bye [preauth]
Received disconnect from 183.62.140.253: 11: Bye Bye [preauth],Received disconnect from <*>: <*>: Bye Bye [preauth],OpenSSH,Unseen,0.998920441,Received disconnect from <*>: <*>: Bye Bye [preauth]
Received disconnect from 183.62.140.253: 11: Bye Bye [preauth],Received disconnect from <*>: <*>: Bye Bye [preauth],OpenSSH,Unseen,1.002379894,Received disconnect from <*>: <*>: Bye Bye [preauth]
Received disconnect from 183.62.140.253: 11: Bye Bye [preauth],Received disconnect from <*>: <*>: Bye Bye [preauth],OpenSSH,Unseen,1.003810167,Received disconnect from <*>: <*>: Bye Bye [preauth]
Received disconnect from 183.62.140.253: 11: Bye Bye [preauth],Received disconnect from <*>: <*>: Bye Bye [preauth],OpenSSH,Unseen,0.996691704,Received disconnect from <*>: <*>: Bye Bye [preauth]
Received disconnect from 183.62.140.253: 11: Bye Bye [preauth],Received disconnect from <*>: <*>: Bye Bye [preauth],OpenSSH,Unseen,1.001587152,Received disconnect from <*>: <*>: Bye Bye [preauth]
Received disconnect from 183.62.140.253: 11: Bye Bye [preauth],Received disconnect from <*>: <*>: Bye Bye [preauth],OpenSSH,Unseen,1.005304337,Received disconnect from <*>: <*>: Bye Bye [preauth]
Received disconnect from 183.62.140.253: 11: Bye Bye [preauth],Received disconnect from <*>: <*>: Bye Bye [preauth],OpenSSH,Unseen,1.004869461,Received disconnect from <*>: <*>: Bye Bye [preauth]
Received disconnect from 183.62.140.253: 11: Bye Bye [preauth],Received disconnect from <*>: <*>: Bye Bye [preauth],OpenSSH,Unseen,0.996720791,Received disconnect from <*>: <*>: Bye Bye [preauth]
Received disconnect from 183.62.140.253: 11: Bye Bye [preauth],Received disconnect from <*>: <*>: Bye Bye [preauth],OpenSSH,Unseen,1.009079695,Received disconnect from <*>: <*>: Bye Bye [preauth]
Received disconnect from 183.62.140.253: 11: Bye Bye [preauth],Received disconnect from <*>: <*>: Bye Bye [preauth],OpenSSH,Unseen,0.999909639,Received disconnect from <*>: <*>: Bye Bye [preauth]
Received disconnect from 183.62.140.253: 11: Bye Bye [preauth],Received disconnect from <*>: <*>: Bye Bye [preauth],OpenSSH,Unseen,1.002664089,Received disconnect from <*>: <*>: Bye Bye [preauth]
Received disconnect from 183.62.140.253: 11: Bye Bye [preauth],Received disconnect from <*>: <*>: Bye Bye [preauth],OpenSSH,Unseen,0.994387865,Received disconnect from <*>: <*>: Bye Bye [preauth]
Received disconnect from 183.62.140.253: 11: Bye Bye [preauth],Received disconnect from <*>: <*>: Bye Bye [preauth],OpenSSH,Unseen,0.996618032,Received disconnect from <*>: <*>: Bye Bye [preauth]
Received disconnect from 183.62.140.253: 11: Bye Bye [preauth],Received disconnect from <*>: <*>: Bye Bye [preauth],OpenSSH,Unseen,0.988884687,Received disconnect from <*>: <*>: Bye Bye [preauth]
Received disconnect from 183.62.140.253: 11: Bye Bye [preauth],Received disconnect from <*>: <*>: Bye Bye [preauth],OpenSSH,Unseen,1.000967026,Received disconnect from <*>: <*>: Bye Bye [preauth]
Received disconnect from 183.62.140.253: 11: Bye Bye [preauth],Received disconnect from <*>: <*>: Bye Bye [preauth],OpenSSH,Unseen,0.997025967,Received disconnect from <*>: <*>: Bye Bye [preauth]
Received disconnect from 183.62.140.253: 11: Bye Bye [preauth],Received disconnect from <*>: <*>: Bye Bye [preauth],OpenSSH,Unseen,0.996320248,Received disconnect from <*>: <*>: Bye Bye [preauth]
Received disconnect from 183.62.140.253: 11: Bye Bye [preauth],Received disconnect from <*>: <*>: Bye Bye [preauth],OpenSSH,Unseen,0.989130974,Received disconnect from <*>: <*>: Bye Bye [preauth]
Received disconnect from 183.62.140.253: 11: Bye Bye [preauth],Received disconnect from <*>: <*>: Bye Bye [preauth],OpenSSH,Unseen,0.997704029,Received disconnect from <*>: <*>: Bye Bye [preauth]
Received disconnect from 183.62.140.253: 11: Bye Bye [preauth],Received disconnect from <*>: <*>: Bye Bye [preauth],OpenSSH,Unseen,0.993002415,Received disconnect from <*>: <*>: Bye Bye [preauth]
Received disconnect from 183.62.140.253: 11: Bye Bye [preauth],Received disconnect from <*>: <*>: Bye Bye [preauth],OpenSSH,Unseen,0.987924576,Received disconnect from <*>: <*>: Bye Bye [preauth]
Received disconnect from 183.62.140.253: 11: Bye Bye [preauth],Received disconnect from <*>: <*>: Bye Bye [preauth],OpenSSH,Unseen,0.997631788,Received disconnect from <*>: <*>: Bye Bye [preauth]
Received disconnect from 183.62.140.253: 11: Bye Bye [preauth],Received disconnect from <*>: <*>: Bye Bye [preauth],OpenSSH,Unseen,0.996135235,Received disconnect from <*>: <*>: Bye Bye [preauth]
Received disconnect from 183.62.140.253: 11: Bye Bye [preauth],Received disconnect from <*>: <*>: Bye Bye [preauth],OpenSSH,Unseen,0.99549222,Received disconnect from <*>: <*>: Bye Bye [preauth]
Received disconnect from 183.62.140.253: 11: Bye Bye [preauth],Received disconnect from <*>: <*>: Bye Bye [preauth],OpenSSH,Unseen,0.997089863,Received disconnect from <*>: <*>: Bye Bye [preauth]
Received disconnect from 183.62.140.253: 11: Bye Bye [preauth],Received disconnect from <*>: <*>: Bye Bye [preauth],OpenSSH,Unseen,0.9893713,Received disconnect from <*>: <*>: Bye Bye [preauth]
Received disconnect from 183.62.140.253: 11: Bye Bye [preauth],Received disconnect from <*>: <*>: Bye Bye [preauth],OpenSSH,Unseen,0.997540474,Received disconnect from <*>: <*>: Bye Bye [preauth]
Received disconnect from 183.62.140.253: 11: Bye Bye [preauth],Received disconnect from <*>: <*>: Bye Bye [preauth],OpenSSH,Unseen,0.992150068,Received disconnect from <*>: <*>: Bye Bye [preauth]
Received disconnect from 183.62.140.253: 11: Bye Bye [preauth],Received disconnect from <*>: <*>: Bye Bye [preauth],OpenSSH,Unseen,0.998032808,Received disconnect from <*>: <*>: Bye Bye [preauth]
Received disconnect from 183.62.140.253: 11: Bye Bye [preauth],Received disconnect from <*>: <*>: Bye Bye [preauth],OpenSSH,Unseen,0.991187572,Received disconnect from <*>: <*>: Bye Bye [preauth]
Received disconnect from 183.62.140.253: 11: Bye Bye [preauth],Received disconnect from <*>: <*>: Bye Bye [preauth],OpenSSH,Unseen,1.002710581,Received disconnect from <*>: <*>: Bye Bye [preauth]
Received disconnect from 183.62.140.253: 11: Bye Bye [preauth],Received disconnect from <*>: <*>: Bye Bye [preauth],OpenSSH,Unseen,0.991445065,Received disconnect from <*>: <*>: Bye Bye [preauth]
Received disconnect from 183.62.140.253: 11: Bye Bye [preauth],Received disconnect from <*>: <*>: Bye Bye [preauth],OpenSSH,Unseen,0.998330116,Received disconnect from <*>: <*>: Bye Bye [preauth]
Received disconnect from 183.62.140.253: 11: Bye Bye [preauth],Received disconnect from <*>: <*>: Bye Bye [preauth],OpenSSH,Unseen,0.993093491,Received disconnect from <*>: <*>: Bye Bye [preauth]
Received disconnect from 183.62.140.253: 11: Bye Bye [preauth],Received disconnect from <*>: <*>: Bye Bye [preauth],OpenSSH,Unseen,0.998437881,Received disconnect from <*>: <*>: Bye Bye [preauth]
Received disconnect from 183.62.140.253: 11: Bye Bye [preauth],Received disconnect from <*>: <*>: Bye Bye [preauth],OpenSSH,Unseen,0.995195866,Received disconnect from <*>: <*>: Bye Bye [preauth]
Received disconnect from 183.62.140.253: 11: Bye Bye [preauth],Received disconnect from <*>: <*>: Bye Bye [preauth],OpenSSH,Unseen,0.999791145,Received disconnect from <*>: <*>: Bye Bye [preauth]
Received disconnect from 183.62.140.253: 11: Bye Bye [preauth],Received disconnect from <*>: <*>: Bye Bye [preauth],OpenSSH,Unseen,1.005209446,Received disconnect from <*>: <*>: Bye Bye [preauth]
Received disconnect from 183.62.140.253: 11: Bye Bye [preauth],Received disconnect from <*>: <*>: Bye Bye [preauth],OpenSSH,Unseen,0.996202707,Received disconnect from <*>: <*>: Bye Bye [preauth]
Received disconnect from 183.62.140.253: 11: Bye Bye [preauth],Received disconnect from <*>: <*>: Bye Bye [preauth],OpenSSH,Unseen,0.992230177,Received disconnect from <*>: <*>: Bye Bye [preauth]
Received disconnect from 183.62.140.253: 11: Bye Bye [preauth],Received disconnect from <*>: <*>: Bye Bye [preauth],OpenSSH,Unseen,0.997640371,Received disconnect from <*>: <*>: Bye Bye [preauth]
Received disconnect from 183.62.140.253: 11: Bye Bye [preauth],Received disconnect from <*>: <*>: Bye Bye [preauth],OpenSSH,Unseen,1.000647068,Received disconnect from <*>: <*>: Bye Bye [preauth]
Received disconnect from 183.62.140.253: 11: Bye Bye [preauth],Received disconnect from <*>: <*>: Bye Bye [preauth],OpenSSH,Unseen,1.008351326,Received disconnect from <*>: <*>: Bye Bye [preauth]
Received disconnect from 183.62.140.253: 11: Bye Bye [preauth],Received disconnect from <*>: <*>: Bye Bye [preauth],OpenSSH,Unseen,1.003842115,Received disconnect from <*>: <*>: Bye Bye [preauth]
Received disconnect from 183.62.140.253: 11: Bye Bye [preauth],Received disconnect from <*>: <*>: Bye Bye [preauth],OpenSSH,Unseen,0.997895479,Received disconnect from <*>: <*>: Bye Bye [preauth]
Received disconnect from 183.62.140.253: 11: Bye Bye [preauth],Received disconnect from <*>: <*>: Bye Bye [preauth],OpenSSH,Unseen,0.993267536,Received disconnect from <*>: <*>: Bye Bye [preauth]
Received disconnect from 183.62.140.253: 11: Bye Bye [preauth],Received disconnect from <*>: <*>: Bye Bye [preauth],OpenSSH,Unseen,0.999170065,Received disconnect from <*>: <*>: Bye Bye [preauth]
Received disconnect from 183.62.140.253: 11: Bye Bye [preauth],Received disconnect from <*>: <*>: Bye Bye [preauth],OpenSSH,Unseen,0.99894309,Received disconnect from <*>: <*>: Bye Bye [preauth]
Received disconnect from 183.62.140.253: 11: Bye Bye [preauth],Received disconnect from <*>: <*>: Bye Bye [preauth],OpenSSH,Unseen,0.99591589,Received disconnect from <*>: <*>: Bye Bye [preauth]
Received disconnect from 183.62.140.253: 11: Bye Bye [preauth],Received disconnect from <*>: <*>: Bye Bye [preauth],OpenSSH,Unseen,0.996420622,Received disconnect from <*>: <*>: Bye Bye [preauth]
Received disconnect from 183.62.140.253: 11: Bye Bye [preauth],Received disconnect from <*>: <*>: Bye Bye [preauth],OpenSSH,Unseen,0.989324808,Received disconnect from <*>: <*>: Bye Bye [preauth]
Received disconnect from 183.62.140.253: 11: Bye Bye [preauth],Received disconnect from <*>: <*>: Bye Bye [preauth],OpenSSH,Unseen,0.98693943,Received disconnect from <*>: <*>: Bye Bye [preauth]
Received disconnect from 183.62.140.253: 11: Bye Bye [preauth],Received disconnect from <*>: <*>: Bye Bye [preauth],OpenSSH,Unseen,0.997234344,Received disconnect from <*>: <*>: Bye Bye [preauth]
Received disconnect from 183.62.140.253: 11: Bye Bye [preauth],Received disconnect from <*>: <*>: Bye Bye [preauth],OpenSSH,Unseen,1.001962185,Received disconnect from <*>: <*>: Bye Bye [preauth]
Received disconnect from 183.62.140.253: 11: Bye Bye [preauth],Received disconnect from <*>: <*>: Bye Bye [preauth],OpenSSH,Unseen,1.005715132,Received disconnect from <*>: <*>: Bye Bye [preauth]
Received disconnect from 183.62.140.253: 11: Bye Bye [preauth],Received disconnect from <*>: <*>: Bye Bye [preauth],OpenSSH,Unseen,0.996404886,Received disconnect from <*>: <*>: Bye Bye [preauth]
Received disconnect from 183.62.140.253: 11: Bye Bye [preauth],Received disconnect from <*>: <*>: Bye Bye [preauth],OpenSSH,Unseen,0.997486591,Received disconnect from <*>: <*>: Bye Bye [preauth]
Received disconnect from 183.62.140.253: 11: Bye Bye [preauth],Received disconnect from <*>: <*>: Bye Bye [preauth],OpenSSH,Unseen,0.997509241,Received disconnect from <*>: <*>: Bye Bye [preauth]
Received disconnect from 183.62.140.253: 11: Bye Bye [preauth],Received disconnect from <*>: <*>: Bye Bye [preauth],OpenSSH,Unseen,0.997362852,Received disconnect from <*>: <*>: Bye Bye [preauth]
Received disconnect from 183.62.140.253: 11: Bye Bye [preauth],Received disconnect from <*>: <*>: Bye Bye [preauth],OpenSSH,Unseen,0.997138262,Received disconnect from <*>: <*>: Bye Bye [preauth]
Received disconnect from 183.62.140.253: 11: Bye Bye [preauth],Received disconnect from <*>: <*>: Bye Bye [preauth],OpenSSH,Unseen,0.996860504,Received disconnect from <*>: <*>: Bye Bye [preauth]
Received disconnect from 183.62.140.253: 11: Bye Bye [preauth],Received disconnect from <*>: <*>: Bye Bye [preauth],OpenSSH,Unseen,0.996591568,Received disconnect from <*>: <*>: Bye Bye [preauth]
Received disconnect from 183.62.140.253: 11: Bye Bye [preauth],Received disconnect from <*>: <*>: Bye Bye [preauth],OpenSSH,Unseen,0.995724678,Received disconnect from <*>: <*>: Bye Bye [preauth]
Received disconnect from 183.62.140.253: 11: Bye Bye [preauth],Received disconnect from <*>: <*>: Bye Bye [preauth],OpenSSH,Unseen,0.997662067,Received disconnect from <*>: <*>: Bye Bye [preauth]
Received disconnect from 183.62.140.253: 11: Bye Bye [preauth],Received disconnect from <*>: <*>: Bye Bye [preauth],OpenSSH,Unseen,0.999037743,Received disconnect from <*>: <*>: Bye Bye [preauth]
Received disconnect from 183.62.140.253: 11: Bye Bye [preauth],Received disconnect from <*>: <*>: Bye Bye [preauth],OpenSSH,Unseen,1.006349802,Received disconnect from <*>: <*>: Bye Bye [preauth]
Received disconnect from 183.62.140.253: 11: Bye Bye [preauth],Received disconnect from <*>: <*>: Bye Bye [preauth],OpenSSH,Unseen,1.003825665,Received disconnect from <*>: <*>: Bye Bye [preauth]
Received disconnect from 183.62.140.253: 11: Bye Bye [preauth],Received disconnect from <*>: <*>: Bye Bye [preauth],OpenSSH,Unseen,1.008140326,Received disconnect from <*>: <*>: Bye Bye [preauth]
Received disconnect from 183.62.140.253: 11: Bye Bye [preauth],Received disconnect from <*>: <*>: Bye Bye [preauth],OpenSSH,Unseen,0.998962402,Received disconnect from <*>: <*>: Bye Bye [preauth]
Received disconnect from 183.62.140.253: 11: Bye Bye [preauth],Received disconnect from <*>: <*>: Bye Bye [preauth],OpenSSH,Unseen,0.999662638,Received disconnect from <*>: <*>: Bye Bye [preauth]
Received disconnect from 183.62.140.253: 11: Bye Bye [preauth],Received disconnect from <*>: <*>: Bye Bye [preauth],OpenSSH,Unseen,0.993091106,Received disconnect from <*>: <*>: Bye Bye [preauth]
Received disconnect from 183.62.140.253: 11: Bye Bye [preauth],Received disconnect from <*>: <*>: Bye Bye [preauth],OpenSSH,Unseen,0.992072821,Received disconnect from <*>: <*>: Bye Bye [preauth]
Received disconnect from 183.62.140.253: 11: Bye Bye [preauth],Received disconnect from <*>: <*>: Bye Bye [preauth],OpenSSH,Unseen,0.997456074,Received disconnect from <*>: <*>: Bye Bye [preauth]
Received disconnect from 183.62.140.253: 11: Bye Bye [preauth],Received disconnect from <*>: <*>: Bye Bye [preauth],OpenSSH,Unseen,1.00090456,Received disconnect from <*>: <*>: Bye Bye [preauth]
Received disconnect from 183.62.140.253: 11: Bye Bye [preauth],Received disconnect from <*>: <*>: Bye Bye [preauth],OpenSSH,Unseen,1.001806259,Received disconnect from <*>: <*>: Bye Bye [preauth]
Received disconnect from 183.62.140.253: 11: Bye Bye [preauth],Received disconnect from <*>: <*>: Bye Bye [preauth],OpenSSH,Unseen,0.996795177,Received disconnect from <*>: <*>: Bye Bye [preauth]
Received disconnect from 183.62.140.253: 11: Bye Bye [preauth],Received disconnect from <*>: <*>: Bye Bye [preauth],OpenSSH,Unseen,0.999754906,Received disconnect from <*>: <*>: Bye Bye [preauth]
Received disconnect from 183.62.140.253: 11: Bye Bye [preauth],Received disconnect from <*>: <*>: Bye Bye [preauth],OpenSSH,Unseen,0.997792244,Received disconnect from <*>: <*>: Bye Bye [preauth]
Received disconnect from 183.62.140.253: 11: Bye Bye [preauth],Received disconnect from <*>: <*>: Bye Bye [preauth],OpenSSH,Unseen,0.989343405,Received disconnect from <*>: <*>: Bye Bye [preauth]
Received disconnect from 183.62.140.253: 11: Bye Bye [preauth],Received disconnect from <*>: <*>: Bye Bye [preauth],OpenSSH,Unseen,0.995633602,Received disconnect from <*>: <*>: Bye Bye [preauth]
Received disconnect from 183.62.140.253: 11: Bye Bye [preauth],Received disconnect from <*>: <*>: Bye Bye [preauth],OpenSSH,Unseen,0.998733997,Received disconnect from <*>: <*>: Bye Bye [preauth]
Received disconnect from 183.62.140.253: 11: Bye Bye [preauth],Received disconnect from <*>: <*>: Bye Bye [preauth],OpenSSH,Unseen,0.999165773,Received disconnect from <*>: <*>: Bye Bye [preauth]
Received disconnect from 183.62.140.253: 11: Bye Bye [preauth],Received disconnect from <*>: <*>: Bye Bye [preauth],OpenSSH,Unseen,0.993820429,Received disconnect from <*>: <*>: Bye Bye [preauth]
Received disconnect from 183.62.140.253: 11: Bye Bye [preauth],Received disconnect from <*>: <*>: Bye Bye [preauth],OpenSSH,Unseen,0.993580341,Received disconnect from <*>: <*>: Bye Bye [preauth]
Received disconnect from 183.62.140.253: 11: Bye Bye [preauth],Received disconnect from <*>: <*>: Bye Bye [preauth],OpenSSH,Unseen,0.998081446,Received disconnect from <*>: <*>: Bye Bye [preauth]
