Content,EventTemplate,Dataset,Category,Unseen_LLAMA_FT_Thunderbird_4,Inference_time_4
session opened for user root by (uid=0),session opened for user <*> by (uid=<*>),Thunderbird,Unseen,session opened for user <*> by (uid=<*>),0.8501317501068115
session opened for user root by (uid=0),session opened for user <*> by (uid=<*>),Thunderbird,Unseen,session opened for user root by (uid=<*>),0.8459267616271973
session opened for user root by (uid=0),session opened for user <*> by (uid=<*>),Thunderbird,Unseen,session opened for user <*> by (uid=<*>),0.8393833637237549
session opened for user root by (uid=0),session opened for user <*> by (uid=<*>),Thunderbird,Unseen,session opened for user root by (uid=<*>,0.7739827632904053
session opened for user root by (uid=0),session opened for user <*> by (uid=<*>),Thunderbird,Unseen,session opened for user root by (uid=<*>,0.7797927856445312
session opened for user root by (uid=0),session opened for user <*> by (uid=<*>),Thunderbird,Unseen,session opened for user <*> by (uid=<*>),0.8421139717102051
session opened for user root by (uid=0),session opened for user <*> by (uid=<*>),Thunderbird,Unseen,session opened for user <*> by (uid=<*>),0.8456320762634277
session opened for user root by (uid=0),session opened for user <*> by (uid=<*>),Thunderbird,Unseen,session opened for user <*> by (uid=<*>),0.8615796566009521
session opened for user root by (uid=0),session opened for user <*> by (uid=<*>),Thunderbird,Unseen,session opened for user <*> by (uid=<*>),0.8565218448638916
session opened for user root by (uid=0),session opened for user <*> by (uid=<*>),Thunderbird,Unseen,session opened for user <*> by (uid=<*>),0.8428287506103516
session opened for user root by (uid=0),session opened for user <*> by (uid=<*>),Thunderbird,Unseen,session opened for user <*> by (uid=<*>,0.7910587787628174
session opened for user root by (uid=0),session opened for user <*> by (uid=<*>),Thunderbird,Unseen,session opened for user root by (uid=<*>,0.7713875770568848
session opened for user root by (uid=0),session opened for user <*> by (uid=<*>),Thunderbird,Unseen,session opened for user <*> by (uid=<*>),0.847475528717041
session opened for user root by (uid=0),session opened for user <*> by (uid=<*>),Thunderbird,Unseen,session opened for user root by (uid=<*>),0.844907283782959
"synchronized to 10.100.20.250, stratum 3","synchronized to <*>, stratum <*>",Thunderbird,Unseen,"synchronized to <*>, stratum <*>",0.6627891063690186
"synchronized to 10.100.28.250, stratum 3","synchronized to <*>, stratum <*>",Thunderbird,Unseen,"synchronized to <*>, stratum <*>",0.6622042655944824
"synchronized to 10.100.24.250, stratum 3","synchronized to <*>, stratum <*>",Thunderbird,Unseen,"synchronized to <*>, stratum <*>",0.659642219543457
"synchronized to 10.100.16.250, stratum 3","synchronized to <*>, stratum <*>",Thunderbird,Unseen,synchronized to <*>,0.41331982612609863
"synchronized to 10.100.18.250, stratum 3","synchronized to <*>, stratum <*>",Thunderbird,Unseen,"synchronized to <*>, stratum <*>",0.6691572666168213
"synchronized to 10.100.20.250, stratum 3","synchronized to <*>, stratum <*>",Thunderbird,Unseen,"synchronized to <*>, stratum <*>",0.6665582656860352
"synchronized to 10.100.26.250, stratum 3","synchronized to <*>, stratum <*>",Thunderbird,Unseen,synchronized to <*>,0.4174003601074219
"synchronized to 10.100.18.250, stratum 3","synchronized to <*>, stratum <*>",Thunderbird,Unseen,"synchronized to <*>, stratum <*>",0.6575112342834473
"synchronized to 10.100.20.250, stratum 3","synchronized to <*>, stratum <*>",Thunderbird,Unseen,"synchronized to <*>, stratum <*>",0.6600840091705322
"synchronized to 10.100.22.250, stratum 3","synchronized to <*>, stratum <*>",Thunderbird,Unseen,"synchronized to <*>, stratum <*>",0.6610491275787354
"synchronized to 10.100.18.250, stratum 3","synchronized to <*>, stratum <*>",Thunderbird,Unseen,"synchronized to <*>, stratum <*>",0.6617159843444824
"synchronized to 10.100.22.250, stratum 3","synchronized to <*>, stratum <*>",Thunderbird,Unseen,"synchronized to <*>, stratum <*>",0.6726281642913818
"synchronized to 10.100.28.250, stratum 3","synchronized to <*>, stratum <*>",Thunderbird,Unseen,"synchronized to <*>, stratum <*>",0.651202917098999
"synchronized to 10.100.20.250, stratum 3","synchronized to <*>, stratum <*>",Thunderbird,Unseen,"synchronized to <*>, stratum <*>",0.6585149765014648
"synchronized to 10.100.24.250, stratum 3","synchronized to <*>, stratum <*>",Thunderbird,Unseen,"synchronized to <*>, stratum <*>",0.659512996673584
"synchronized to 10.100.20.250, stratum 3","synchronized to <*>, stratum <*>",Thunderbird,Unseen,"synchronized to <*>, stratum <*>",0.6529371738433838
"synchronized to 10.100.26.250, stratum 3","synchronized to <*>, stratum <*>",Thunderbird,Unseen,synchronized to <*>,0.4092750549316406
"synchronized to 10.100.26.250, stratum 3","synchronized to <*>, stratum <*>",Thunderbird,Unseen,"synchronized to <*>, stratum <*>",0.6587932109832764
"synchronized to 10.100.16.250, stratum 3","synchronized to <*>, stratum <*>",Thunderbird,Unseen,synchronized to <*>,0.4097862243652344
"synchronized to 10.100.22.250, stratum 3","synchronized to <*>, stratum <*>",Thunderbird,Unseen,"synchronized to <*>, stratum <*>",0.6643033027648926
"synchronized to 10.100.20.250, stratum 3","synchronized to <*>, stratum <*>",Thunderbird,Unseen,"synchronized to <*>, stratum <*>",0.6635842323303223
"synchronized to 10.100.20.250, stratum 3","synchronized to <*>, stratum <*>",Thunderbird,Unseen,"synchronized to <*>,<*> stratum <*>",0.7255194187164307
"synchronized to 10.100.20.250, stratum 3","synchronized to <*>, stratum <*>",Thunderbird,Unseen,synchronized to <*>,0.4167520999908447
DHCPDISCOVER from 00:11:43:e3:ba:c3 via eth1,DHCPDISCOVER from <*> via eth1,Thunderbird,Unseen,DHCPDISCOVER from <*> via eth1,0.7198524475097656
"synchronized to 10.100.18.250, stratum 3","synchronized to <*>, stratum <*>",Thunderbird,Unseen,"synchronized to <*>, stratum <*>",0.6637086868286133
"synchronized to 10.100.30.250, stratum 3","synchronized to <*>, stratum <*>",Thunderbird,Unseen,"synchronized to <*>, stratum <*>",0.6635129451751709
"synchronized to 10.100.20.250, stratum 3","synchronized to <*>, stratum <*>",Thunderbird,Unseen,"synchronized to <*>, stratum <*>",0.6567330360412598
"synchronized to 10.100.30.250, stratum 3","synchronized to <*>, stratum <*>",Thunderbird,Unseen,"synchronized to <*>, stratum <*>",0.6630043983459473
"synchronized to 10.100.20.250, stratum 3","synchronized to <*>, stratum <*>",Thunderbird,Unseen,"synchronized to <*>, stratum <*>",0.6720449924468994
"synchronized to 10.100.20.250, stratum 3","synchronized to <*>, stratum <*>",Thunderbird,Unseen,"synchronized to <*>, stratum <*>",0.674588680267334
"synchronized to 10.100.18.250, stratum 3","synchronized to <*>, stratum <*>",Thunderbird,Unseen,"synchronized to <*>, stratum <*>",0.6663308143615723
"synchronized to 10.100.18.250, stratum 3","synchronized to <*>, stratum <*>",Thunderbird,Unseen,synchronized to <*> stratum <*>,0.5993015766143799
"synchronized to 10.100.22.250, stratum 3","synchronized to <*>, stratum <*>",Thunderbird,Unseen,synchronized to <*>,0.4111318588256836
"synchronized to 10.100.16.250, stratum 3","synchronized to <*>, stratum <*>",Thunderbird,Unseen,"synchronized to <*>, stratum <*>",0.660402774810791
"synchronized to 10.100.22.250, stratum 3","synchronized to <*>, stratum <*>",Thunderbird,Unseen,"synchronized to <*>, stratum <*>",0.6543257236480713
"synchronized to 10.100.18.250, stratum 3","synchronized to <*>, stratum <*>",Thunderbird,Unseen,synchronized to <*> stratum <*>,0.5972912311553955
"synchronized to 10.100.28.250, stratum 3","synchronized to <*>, stratum <*>",Thunderbird,Unseen,"synchronized to <*>, stratum <*>",0.6559984683990479
"synchronized to 10.100.16.250, stratum 3","synchronized to <*>, stratum <*>",Thunderbird,Unseen,"synchronized to <*>, stratum <*>",0.661893367767334
"synchronized to 10.100.22.250, stratum 3","synchronized to <*>, stratum <*>",Thunderbird,Unseen,"synchronized to <*>, stratum <*>",0.6622791290283203
"synchronized to 10.100.22.250, stratum 3","synchronized to <*>, stratum <*>",Thunderbird,Unseen,"synchronized to <*>, stratum <*>",0.6550288200378418
"synchronized to 10.100.24.250, stratum 3","synchronized to <*>, stratum <*>",Thunderbird,Unseen,"synchronized to <*>, stratum <*>",0.6569628715515137
DHCPDISCOVER from 00:11:43:e3:ba:c3 via eth1,DHCPDISCOVER from <*> via eth1,Thunderbird,Unseen,DHCPDISCOVER from <*> via eth1,0.7180495262145996
DHCPDISCOVER from 00:11:43:e3:ba:c3 via eth1,DHCPDISCOVER from <*> via eth1,Thunderbird,Unseen,DHCPDISCOVER from <*> via <*>,0.6633701324462891
"synchronized to 10.100.20.250, stratum 3","synchronized to <*>, stratum <*>",Thunderbird,Unseen,synchronized to <*> stratum <*>,0.5960004329681396
DHCPDISCOVER from 00:11:43:e3:ba:c3 via eth1,DHCPDISCOVER from <*> via eth1,Thunderbird,Unseen,DHCPDISCOVER from <*> via <*>,0.6591181755065918
DHCPDISCOVER from 00:11:43:e3:ba:c3 via eth1,DHCPDISCOVER from <*> via eth1,Thunderbird,Unseen,DHCPDISCOVER from <*> via eth1,0.7368650436401367
"synchronized to 10.100.20.250, stratum 3","synchronized to <*>, stratum <*>",Thunderbird,Unseen,"synchronized to <*>, stratum <*>",0.6691901683807373
"synchronized to 10.100.30.250, stratum 3","synchronized to <*>, stratum <*>",Thunderbird,Unseen,"synchronized to <*>, stratum <*>",0.6759881973266602
"synchronized to 10.100.18.250, stratum 3","synchronized to <*>, stratum <*>",Thunderbird,Unseen,"synchronized to <*>, stratum <*>",0.6635029315948486
"synchronized to 10.100.20.250, stratum 3","synchronized to <*>, stratum <*>",Thunderbird,Unseen,"synchronized to <*>, stratum <*>",0.6594603061676025
"synchronized to 10.100.22.250, stratum 3","synchronized to <*>, stratum <*>",Thunderbird,Unseen,"synchronized to <*>, stratum <*>",0.6524224281311035
"synchronized to 10.100.22.250, stratum 3","synchronized to <*>, stratum <*>",Thunderbird,Unseen,"synchronized to <*>, stratum <*>",0.6586966514587402
"synchronized to 10.100.20.250, stratum 3","synchronized to <*>, stratum <*>",Thunderbird,Unseen,synchronized to <*>: stratum <*>,0.6624271869659424
"synchronized to 10.100.30.250, stratum 3","synchronized to <*>, stratum <*>",Thunderbird,Unseen,synchronized to <*>,0.41504716873168945
"synchronized to 10.100.20.250, stratum 3","synchronized to <*>, stratum <*>",Thunderbird,Unseen,"synchronized to <*>, stratum <*>",0.6584477424621582
"synchronized to 10.100.18.250, stratum 3","synchronized to <*>, stratum <*>",Thunderbird,Unseen,"synchronized to <*>, stratum <*>",0.6547970771789551
"synchronized to 10.100.20.250, stratum 3","synchronized to <*>, stratum <*>",Thunderbird,Unseen,"synchronized to <*>, stratum <*>",0.6577916145324707
"synchronized to 10.100.20.250, stratum 3","synchronized to <*>, stratum <*>",Thunderbird,Unseen,"synchronized to <*>, stratum <*>",0.6541187763214111
"synchronized to 10.100.20.250, stratum 3","synchronized to <*>, stratum <*>",Thunderbird,Unseen,"synchronized to <*>, stratum <*>",0.656184196472168
"synchronized to 10.100.28.250, stratum 3","synchronized to <*>, stratum <*>",Thunderbird,Unseen,"synchronized to <*>, stratum <*>",0.6587777137756348
"synchronized to 10.100.20.250, stratum 3","synchronized to <*>, stratum <*>",Thunderbird,Unseen,synchronized to <*>: stratum <*>,0.6578445434570312
"synchronized to 10.100.20.250, stratum 3","synchronized to <*>, stratum <*>",Thunderbird,Unseen,"synchronized to <*>, stratum <*>",0.6591081619262695
"synchronized to 10.100.20.250, stratum 3","synchronized to <*>, stratum <*>",Thunderbird,Unseen,synchronized to <*>,0.4122774600982666
"synchronized to 10.100.16.250, stratum 3","synchronized to <*>, stratum <*>",Thunderbird,Unseen,synchronized to <*>,0.4121685028076172
"synchronized to 10.100.20.250, stratum 3","synchronized to <*>, stratum <*>",Thunderbird,Unseen,"synchronized to <*>, stratum <*>",0.6687655448913574
"synchronized to 10.100.22.250, stratum 3","synchronized to <*>, stratum <*>",Thunderbird,Unseen,"synchronized to <*>, stratum <*>",0.665224552154541
"synchronized to 10.100.20.250, stratum 3","synchronized to <*>, stratum <*>",Thunderbird,Unseen,"synchronized to <*>, stratum <*>",0.6638443470001221
"synchronized to 10.100.20.250, stratum 3","synchronized to <*>, stratum <*>",Thunderbird,Unseen,"synchronized to <*>, stratum <*>",0.6581816673278809
"synchronized to 10.100.22.250, stratum 3","synchronized to <*>, stratum <*>",Thunderbird,Unseen,synchronized to <*>,0.4103989601135254
"synchronized to 10.100.16.250, stratum 3","synchronized to <*>, stratum <*>",Thunderbird,Unseen,"synchronized to <*>, stratum <*>",0.6687431335449219
"synchronized to 10.100.16.250, stratum 3","synchronized to <*>, stratum <*>",Thunderbird,Unseen,"synchronized to <*>, stratum <*>",0.659665584564209
"synchronized to 10.100.22.250, stratum 3","synchronized to <*>, stratum <*>",Thunderbird,Unseen,"synchronized to <*>, stratum <*>",0.6626417636871338
"synchronized to 10.100.20.250, stratum 3","synchronized to <*>, stratum <*>",Thunderbird,Unseen,"synchronized to <*>, stratum <*>",0.6617417335510254
"synchronized to 10.100.22.250, stratum 3","synchronized to <*>, stratum <*>",Thunderbird,Unseen,"synchronized to <*>, stratum <*>",0.6577026844024658
"synchronized to 10.100.18.250, stratum 3","synchronized to <*>, stratum <*>",Thunderbird,Unseen,"synchronized to <*>, stratum <*>",0.6571848392486572
"synchronized to 10.100.20.250, stratum 3","synchronized to <*>, stratum <*>",Thunderbird,Unseen,"synchronized to <*>, stratum <*>",0.6576962471008301
"synchronized to 10.100.16.250, stratum 3","synchronized to <*>, stratum <*>",Thunderbird,Unseen,"synchronized to <*>, stratum <*>",0.6546025276184082
"synchronized to 10.100.20.250, stratum 3","synchronized to <*>, stratum <*>",Thunderbird,Unseen,"synchronized to <*>, stratum <*>",0.6612915992736816
"synchronized to 10.100.20.250, stratum 3","synchronized to <*>, stratum <*>",Thunderbird,Unseen,"synchronized to <*>, stratum <*>",0.6546275615692139
"synchronized to 10.100.20.250, stratum 3","synchronized to <*>, stratum <*>",Thunderbird,Unseen,"synchronized to <*>, stratum <*>",0.6531376838684082
"synchronized to 10.100.14.250, stratum 3","synchronized to <*>, stratum <*>",Thunderbird,Unseen,"synchronized to <*>, stratum <*>",0.6560070514678955
"synchronized to 10.100.20.250, stratum 3","synchronized to <*>, stratum <*>",Thunderbird,Unseen,"synchronized to <*>, stratum <*>",0.6654098033905029
"synchronized to 10.100.20.250, stratum 3","synchronized to <*>, stratum <*>",Thunderbird,Unseen,"synchronized to <*>, stratum <*>",0.6644916534423828
"synchronized to 10.100.22.250, stratum 3","synchronized to <*>, stratum <*>",Thunderbird,Unseen,"synchronized to <*>, stratum <*>",0.6688528060913086
"synchronized to 10.100.18.250, stratum 3","synchronized to <*>, stratum <*>",Thunderbird,Unseen,synchronized to <*>,0.4124796390533447
"synchronized to 10.100.20.250, stratum 3","synchronized to <*>, stratum <*>",Thunderbird,Unseen,"synchronized to <*>, stratum <*>",0.6592037677764893
"synchronized to 10.100.18.250, stratum 3","synchronized to <*>, stratum <*>",Thunderbird,Unseen,"synchronized to <*>, stratum <*>",0.6568846702575684
"synchronized to 10.100.20.250, stratum 3","synchronized to <*>, stratum <*>",Thunderbird,Unseen,"synchronized to <*>, stratum <*>",0.6548192501068115
"synchronized to 10.100.22.250, stratum 3","synchronized to <*>, stratum <*>",Thunderbird,Unseen,synchronized to <*>,0.41002416610717773
"synchronized to 10.100.18.250, stratum 3","synchronized to <*>, stratum <*>",Thunderbird,Unseen,"synchronized to <*>, stratum <*>",0.6548738479614258
"synchronized to 10.100.22.250, stratum 3","synchronized to <*>, stratum <*>",Thunderbird,Unseen,"synchronized to <*>, stratum <*>",0.6518392562866211
"synchronized to 10.100.24.250, stratum 3","synchronized to <*>, stratum <*>",Thunderbird,Unseen,"synchronized to <*>, stratum <*>",0.6557562351226807
"synchronized to 10.100.28.250, stratum 3","synchronized to <*>, stratum <*>",Thunderbird,Unseen,"synchronized to <*>, stratum <*>",0.6550452709197998
"synchronized to 10.100.20.250, stratum 3","synchronized to <*>, stratum <*>",Thunderbird,Unseen,"synchronized to <*>, stratum <*>",0.6575143337249756
"synchronized to 10.100.20.250, stratum 3","synchronized to <*>, stratum <*>",Thunderbird,Unseen,"synchronized to <*>, stratum <*>",0.6565978527069092
"synchronized to 10.100.12.250, stratum 3","synchronized to <*>, stratum <*>",Thunderbird,Unseen,"synchronized to <*>, stratum <*>",0.6535894870758057
"synchronized to 10.100.22.250, stratum 3","synchronized to <*>, stratum <*>",Thunderbird,Unseen,"synchronized to <*>, stratum <*>",0.6558811664581299
"synchronized to 10.100.20.250, stratum 3","synchronized to <*>, stratum <*>",Thunderbird,Unseen,"synchronized to <*>, stratum <*>",0.6480119228363037
"synchronized to 10.100.18.250, stratum 3","synchronized to <*>, stratum <*>",Thunderbird,Unseen,"synchronized to <*>, stratum <*>",0.6500728130340576
"synchronized to 10.100.28.250, stratum 3","synchronized to <*>, stratum <*>",Thunderbird,Unseen,"synchronized to <*>, stratum <*>",0.6606674194335938
"synchronized to 10.100.18.250, stratum 3","synchronized to <*>, stratum <*>",Thunderbird,Unseen,"synchronized to <*>, stratum <*>",0.6653046607971191
"synchronized to 10.100.22.250, stratum 3","synchronized to <*>, stratum <*>",Thunderbird,Unseen,"synchronized to <*>, stratum <*>",0.6671910285949707
"synchronized to 10.100.22.250, stratum 3","synchronized to <*>, stratum <*>",Thunderbird,Unseen,synchronized to <*>,0.41126489639282227
"synchronized to 10.100.14.250, stratum 3","synchronized to <*>, stratum <*>",Thunderbird,Unseen,synchronized to <*>,0.41190075874328613
"synchronized to 10.100.18.250, stratum 3","synchronized to <*>, stratum <*>",Thunderbird,Unseen,synchronized to <*>,0.4108004570007324
"synchronized to 10.100.22.250, stratum 3","synchronized to <*>, stratum <*>",Thunderbird,Unseen,"synchronized to <*>, stratum <*>",0.6563656330108643
"synchronized to 10.100.20.250, stratum 3","synchronized to <*>, stratum <*>",Thunderbird,Unseen,synchronized to <*>,0.40813350677490234
"synchronized to 10.100.18.250, stratum 3","synchronized to <*>, stratum <*>",Thunderbird,Unseen,"synchronized to <*>, stratum <*>",0.6531860828399658
"synchronized to 10.100.22.250, stratum 3","synchronized to <*>, stratum <*>",Thunderbird,Unseen,"synchronized to <*>, stratum <*>",0.6555142402648926
"synchronized to 10.100.18.250, stratum 3","synchronized to <*>, stratum <*>",Thunderbird,Unseen,"synchronized to <*>, stratum <*>",0.6532289981842041
"synchronized to 10.100.18.250, stratum 3","synchronized to <*>, stratum <*>",Thunderbird,Unseen,"synchronized to <*>, stratum <*>",0.6534237861633301
"synchronized to 10.100.22.250, stratum 3","synchronized to <*>, stratum <*>",Thunderbird,Unseen,"synchronized to <*>,<*> stratum <*>",0.7167737483978271
"synchronized to 10.100.30.250, stratum 3","synchronized to <*>, stratum <*>",Thunderbird,Unseen,"synchronized to <*>, stratum <*>",0.6541173458099365
"synchronized to 10.100.22.250, stratum 3","synchronized to <*>, stratum <*>",Thunderbird,Unseen,synchronized to <*>,0.40915584564208984
"synchronized to 10.100.20.250, stratum 3","synchronized to <*>, stratum <*>",Thunderbird,Unseen,"synchronized to <*>, stratum <*>",0.6562848091125488
"synchronized to 10.100.16.250, stratum 3","synchronized to <*>, stratum <*>",Thunderbird,Unseen,"synchronized to <*>, stratum <*>",0.6551809310913086
"synchronized to 10.100.18.250, stratum 3","synchronized to <*>, stratum <*>",Thunderbird,Unseen,"synchronized to <*>, stratum <*>",0.6536412239074707
"synchronized to 10.100.28.250, stratum 3","synchronized to <*>, stratum <*>",Thunderbird,Unseen,synchronized to <*>: stratum <*>,0.6615614891052246
"synchronized to 10.100.20.250, stratum 3","synchronized to <*>, stratum <*>",Thunderbird,Unseen,"synchronized to <*>, stratum <*>",0.6534624099731445
"synchronized to 10.100.20.250, stratum 3","synchronized to <*>, stratum <*>",Thunderbird,Unseen,"synchronized to <*>, stratum <*>",0.6664407253265381
"synchronized to 10.100.16.250, stratum 3","synchronized to <*>, stratum <*>",Thunderbird,Unseen,"synchronized to <*>, stratum <*>",0.6722962856292725
"synchronized to 10.100.16.250, stratum 3","synchronized to <*>, stratum <*>",Thunderbird,Unseen,synchronized to <*>,0.41506242752075195
"synchronized to 10.100.28.250, stratum 3","synchronized to <*>, stratum <*>",Thunderbird,Unseen,"synchronized to <*>, stratum <*>",0.6616098880767822
"synchronized to 10.100.22.250, stratum 3","synchronized to <*>, stratum <*>",Thunderbird,Unseen,"synchronized to <*>, stratum <*>",0.6567521095275879
"synchronized to 10.100.18.250, stratum 3","synchronized to <*>, stratum <*>",Thunderbird,Unseen,"synchronized to <*>, stratum <*>",0.6498079299926758
"synchronized to 10.100.20.250, stratum 3","synchronized to <*>, stratum <*>",Thunderbird,Unseen,"synchronized to <*>, stratum <*>",0.6565120220184326
"synchronized to 10.100.20.250, stratum 3","synchronized to <*>, stratum <*>",Thunderbird,Unseen,"synchronized to <*>, stratum <*>",0.6592381000518799
"synchronized to 10.100.16.250, stratum 3","synchronized to <*>, stratum <*>",Thunderbird,Unseen,"synchronized to <*>, stratum <*>",0.6549844741821289
"synchronized to 10.100.18.250, stratum 3","synchronized to <*>, stratum <*>",Thunderbird,Unseen,synchronized to <*> stratum <*>,0.5957696437835693
"synchronized to 10.100.20.250, stratum 3","synchronized to <*>, stratum <*>",Thunderbird,Unseen,synchronized to <*> stratum <*>,0.5922105312347412
"synchronized to 10.100.18.250, stratum 3","synchronized to <*>, stratum <*>",Thunderbird,Unseen,"synchronized to <*>, stratum <*>",0.6623523235321045
"synchronized to 10.100.26.250, stratum 3","synchronized to <*>, stratum <*>",Thunderbird,Unseen,"synchronized to <*>, stratum <*>",0.6549525260925293
"synchronized to 10.100.22.250, stratum 3","synchronized to <*>, stratum <*>",Thunderbird,Unseen,"synchronized to <*>, stratum <*>",0.6522421836853027
"synchronized to 10.100.22.250, stratum 3","synchronized to <*>, stratum <*>",Thunderbird,Unseen,synchronized to <*>,0.407503604888916
"synchronized to 10.100.20.250, stratum 3","synchronized to <*>, stratum <*>",Thunderbird,Unseen,"synchronized to <*>, stratum <*>",0.647111177444458
"synchronized to 10.100.18.250, stratum 3","synchronized to <*>, stratum <*>",Thunderbird,Unseen,"synchronized to <*>, stratum <*>",0.6559898853302002
"synchronized to 10.100.22.250, stratum 3","synchronized to <*>, stratum <*>",Thunderbird,Unseen,"synchronized to <*>, stratum <*>",0.6520102024078369
"synchronized to 10.100.18.250, stratum 3","synchronized to <*>, stratum <*>",Thunderbird,Unseen,"synchronized to <*>, stratum <*>",0.6654391288757324
"synchronized to 10.100.16.250, stratum 3","synchronized to <*>, stratum <*>",Thunderbird,Unseen,"synchronized to <*>, stratum <*>",0.6620199680328369
"synchronized to 10.100.20.250, stratum 3","synchronized to <*>, stratum <*>",Thunderbird,Unseen,"synchronized to <*>, stratum <*>",0.671198844909668
"synchronized to 10.100.22.250, stratum 3","synchronized to <*>, stratum <*>",Thunderbird,Unseen,"synchronized to <*>, stratum <*>",0.6566736698150635
"synchronized to 10.100.18.250, stratum 3","synchronized to <*>, stratum <*>",Thunderbird,Unseen,"synchronized to <*>, stratum <*>",0.659214973449707
"synchronized to 10.100.18.250, stratum 3","synchronized to <*>, stratum <*>",Thunderbird,Unseen,"synchronized to <*>, stratum <*>",0.6543867588043213
"synchronized to 10.100.16.250, stratum 3","synchronized to <*>, stratum <*>",Thunderbird,Unseen,"synchronized to <*>, stratum <*>",0.6580469608306885
"synchronized to 10.100.22.250, stratum 3","synchronized to <*>, stratum <*>",Thunderbird,Unseen,"synchronized to <*>, stratum <*>",0.6564371585845947
"synchronized to 10.100.22.250, stratum 3","synchronized to <*>, stratum <*>",Thunderbird,Unseen,"synchronized to <*>, stratum <*>",0.6541688442230225
"synchronized to 10.100.22.250, stratum 3","synchronized to <*>, stratum <*>",Thunderbird,Unseen,"synchronized to <*>, stratum <*>",0.6569743156433105
"synchronized to 10.100.14.250, stratum 3","synchronized to <*>, stratum <*>",Thunderbird,Unseen,"synchronized to <*>, stratum <*>",0.6570949554443359
"synchronized to 10.100.20.250, stratum 3","synchronized to <*>, stratum <*>",Thunderbird,Unseen,"synchronized to <*>, stratum <*>",0.6552748680114746
"synchronized to 10.100.16.250, stratum 3","synchronized to <*>, stratum <*>",Thunderbird,Unseen,"synchronized to <*>, stratum <*>",0.6588582992553711
"synchronized to 10.100.20.250, stratum 3","synchronized to <*>, stratum <*>",Thunderbird,Unseen,"synchronized to <*>, stratum <*>",0.6548423767089844
"synchronized to 10.100.20.250, stratum 3","synchronized to <*>, stratum <*>",Thunderbird,Unseen,"synchronized to <*>, stratum <*>",0.655874490737915
"synchronized to 10.100.16.250, stratum 3","synchronized to <*>, stratum <*>",Thunderbird,Unseen,"synchronized to <*>, stratum <*>",0.6565585136413574
"synchronized to 10.100.22.250, stratum 3","synchronized to <*>, stratum <*>",Thunderbird,Unseen,"synchronized to <*>, stratum <*>",0.657813549041748
"synchronized to 10.100.20.250, stratum 3","synchronized to <*>, stratum <*>",Thunderbird,Unseen,"synchronized to <*>, stratum <*>",0.6601850986480713
"synchronized to 10.100.28.250, stratum 3","synchronized to <*>, stratum <*>",Thunderbird,Unseen,"synchronized to <*>, stratum <*>",0.6643261909484863
"synchronized to 10.100.20.250, stratum 3","synchronized to <*>, stratum <*>",Thunderbird,Unseen,"synchronized to <*>, stratum <*>",0.6785624027252197
"synchronized to 10.100.16.250, stratum 3","synchronized to <*>, stratum <*>",Thunderbird,Unseen,"synchronized to <*>, stratum <*>",0.6584572792053223
"synchronized to 10.100.16.250, stratum 3","synchronized to <*>, stratum <*>",Thunderbird,Unseen,"synchronized to <*>, stratum <*>",0.6568310260772705
"synchronized to 10.100.22.250, stratum 3","synchronized to <*>, stratum <*>",Thunderbird,Unseen,"synchronized to <*>, stratum <*>",0.6551570892333984
"synchronized to 10.100.22.250, stratum 3","synchronized to <*>, stratum <*>",Thunderbird,Unseen,synchronized to <*>,0.4116687774658203
"synchronized to 10.100.22.250, stratum 3","synchronized to <*>, stratum <*>",Thunderbird,Unseen,"synchronized to <*>, stratum <*>",0.6568605899810791
"synchronized to 10.100.22.250, stratum 3","synchronized to <*>, stratum <*>",Thunderbird,Unseen,"synchronized to <*>, stratum <*>",0.6545867919921875
"synchronized to 10.100.18.250, stratum 3","synchronized to <*>, stratum <*>",Thunderbird,Unseen,"synchronized to <*>, stratum <*>",0.6555695533752441
"synchronized to 10.100.20.250, stratum 3","synchronized to <*>, stratum <*>",Thunderbird,Unseen,synchronized to <*> stratum <*>,0.595116376876831
"synchronized to 10.100.20.250, stratum 3","synchronized to <*>, stratum <*>",Thunderbird,Unseen,"synchronized to <*>, stratum <*>",0.6531996726989746
"synchronized to 10.100.28.250, stratum 3","synchronized to <*>, stratum <*>",Thunderbird,Unseen,"synchronized to <*>, stratum <*>",0.6516859531402588
"synchronized to 10.100.22.250, stratum 3","synchronized to <*>, stratum <*>",Thunderbird,Unseen,"synchronized to <*>, stratum <*>",0.6567409038543701
"synchronized to 10.100.24.250, stratum 3","synchronized to <*>, stratum <*>",Thunderbird,Unseen,"synchronized to <*>, stratum <*>",0.6513183116912842
"synchronized to 10.100.20.250, stratum 3","synchronized to <*>, stratum <*>",Thunderbird,Unseen,"synchronized to <*>, stratum <*>",0.654285192489624
"synchronized to 10.100.20.250, stratum 3","synchronized to <*>, stratum <*>",Thunderbird,Unseen,"synchronized to <*>, stratum <*>",0.6525306701660156
"synchronized to 10.100.18.250, stratum 3","synchronized to <*>, stratum <*>",Thunderbird,Unseen,"synchronized to <*>, stratum <*>",0.6530613899230957
"synchronized to 10.100.22.250, stratum 3","synchronized to <*>, stratum <*>",Thunderbird,Unseen,"synchronized to <*>, stratum <*>",0.6587495803833008
"synchronized to 10.100.18.250, stratum 3","synchronized to <*>, stratum <*>",Thunderbird,Unseen,"synchronized to <*>, stratum <*>",0.6628930568695068
"synchronized to 10.100.20.250, stratum 3","synchronized to <*>, stratum <*>",Thunderbird,Unseen,synchronized to <*>,0.41614675521850586
"synchronized to 10.100.16.250, stratum 3","synchronized to <*>, stratum <*>",Thunderbird,Unseen,"synchronized to <*>, stratum <*>",0.6619589328765869
"synchronized to 10.100.20.250, stratum 3","synchronized to <*>, stratum <*>",Thunderbird,Unseen,"synchronized to <*>, stratum <*>",0.6605715751647949
"synchronized to 10.100.16.250, stratum 3","synchronized to <*>, stratum <*>",Thunderbird,Unseen,"synchronized to <*>, stratum <*>",0.6607730388641357
Received SNMP packet(s) from #34#,Received SNMP packet(s) from #<*>#,Thunderbird,Unseen,Received SNMP packet(s) from <*>#<*>#,0.8359382152557373
"synchronized to 10.100.30.250, stratum 3","synchronized to <*>, stratum <*>",Thunderbird,Unseen,synchronized to <*>,0.4107027053833008
"synchronized to 10.100.20.250, stratum 3","synchronized to <*>, stratum <*>",Thunderbird,Unseen,"synchronized to <*>, stratum <*>",0.6601777076721191
"synchronized to 10.100.28.250, stratum 3","synchronized to <*>, stratum <*>",Thunderbird,Unseen,"synchronized to <*>, stratum <*>",0.6530547142028809
"synchronized to 10.100.22.250, stratum 3","synchronized to <*>, stratum <*>",Thunderbird,Unseen,"synchronized to <*>, stratum <*>",0.6524715423583984
"synchronized to 10.100.18.250, stratum 3","synchronized to <*>, stratum <*>",Thunderbird,Unseen,"synchronized to <*>, stratum <*>",0.6547284126281738
"synchronized to 10.100.28.250, stratum 3","synchronized to <*>, stratum <*>",Thunderbird,Unseen,"synchronized to <*>, stratum <*>",0.653691291809082
"synchronized to 10.100.20.250, stratum 3","synchronized to <*>, stratum <*>",Thunderbird,Unseen,"synchronized to <*>, stratum <*>",0.6532876491546631
"synchronized to 10.100.20.250, stratum 3","synchronized to <*>, stratum <*>",Thunderbird,Unseen,synchronized to <*>: stratum <*>,0.6636009216308594
"synchronized to 10.100.22.250, stratum 3","synchronized to <*>, stratum <*>",Thunderbird,Unseen,synchronized to <*>,0.4085667133331299
"synchronized to 10.100.20.250, stratum 3","synchronized to <*>, stratum <*>",Thunderbird,Unseen,synchronized to <*>,0.4116790294647217
"synchronized to 10.100.20.250, stratum 3","synchronized to <*>, stratum <*>",Thunderbird,Unseen,"synchronized to <*>, stratum <*>",0.6532518863677979
"synchronized to 10.100.22.250, stratum 3","synchronized to <*>, stratum <*>",Thunderbird,Unseen,"synchronized to <*>, stratum <*>",0.6562061309814453
"synchronized to 10.100.28.250, stratum 3","synchronized to <*>, stratum <*>",Thunderbird,Unseen,"synchronized to <*>, stratum <*>",0.6641442775726318
"synchronized to 10.100.18.250, stratum 3","synchronized to <*>, stratum <*>",Thunderbird,Unseen,"synchronized to <*>, stratum <*>",0.6593050956726074
"synchronized to 10.100.20.250, stratum 3","synchronized to <*>, stratum <*>",Thunderbird,Unseen,"synchronized to <*>, stratum <*>",0.6677587032318115
"synchronized to 10.100.20.250, stratum 3","synchronized to <*>, stratum <*>",Thunderbird,Unseen,"synchronized to <*>, stratum <*>",0.6570906639099121
"synchronized to 10.100.22.250, stratum 3","synchronized to <*>, stratum <*>",Thunderbird,Unseen,"synchronized to <*>, stratum <*>",0.6529538631439209
"synchronized to 10.100.20.250, stratum 3","synchronized to <*>, stratum <*>",Thunderbird,Unseen,"synchronized to <*>, stratum <*>",0.6627631187438965
"synchronized to 10.100.28.250, stratum 3","synchronized to <*>, stratum <*>",Thunderbird,Unseen,synchronized to <*>,0.40706801414489746
"synchronized to 10.100.12.250, stratum 3","synchronized to <*>, stratum <*>",Thunderbird,Unseen,synchronized to <*>,0.41244029998779297
"synchronized to 10.100.18.250, stratum 3","synchronized to <*>, stratum <*>",Thunderbird,Unseen,"synchronized to <*>, stratum <*>",0.6550302505493164
"synchronized to 10.100.28.250, stratum 3","synchronized to <*>, stratum <*>",Thunderbird,Unseen,"synchronized to <*>, stratum <*>",0.6539068222045898
"synchronized to 10.100.20.250, stratum 3","synchronized to <*>, stratum <*>",Thunderbird,Unseen,"synchronized to <*>, stratum <*>",0.6540935039520264
"synchronized to 10.100.20.250, stratum 3","synchronized to <*>, stratum <*>",Thunderbird,Unseen,"synchronized to <*>, stratum <*>",0.6547219753265381
"synchronized to 10.100.28.250, stratum 3","synchronized to <*>, stratum <*>",Thunderbird,Unseen,"synchronized to <*>, stratum <*>",0.6543519496917725
"synchronized to 10.100.20.250, stratum 3","synchronized to <*>, stratum <*>",Thunderbird,Unseen,"synchronized to <*>, stratum <*>",0.6524860858917236
"synchronized to 10.100.22.250, stratum 3","synchronized to <*>, stratum <*>",Thunderbird,Unseen,synchronized to <*>: stratum <*>,0.6531915664672852
"synchronized to 10.100.22.250, stratum 3","synchronized to <*>, stratum <*>",Thunderbird,Unseen,"synchronized to <*>, stratum <*>",0.6548328399658203
"synchronized to 10.100.20.250, stratum 3","synchronized to <*>, stratum <*>",Thunderbird,Unseen,"synchronized to <*>, stratum <*>",0.6510038375854492
"synchronized to 10.100.22.250, stratum 3","synchronized to <*>, stratum <*>",Thunderbird,Unseen,"synchronized to <*>, stratum <*>",0.652604341506958
"synchronized to 10.100.16.250, stratum 3","synchronized to <*>, stratum <*>",Thunderbird,Unseen,"synchronized to <*>, stratum <*>",0.6602535247802734
"synchronized to 10.100.18.250, stratum 3","synchronized to <*>, stratum <*>",Thunderbird,Unseen,"synchronized to <*>, stratum <*>",0.6568319797515869
"synchronized to 10.100.20.250, stratum 3","synchronized to <*>, stratum <*>",Thunderbird,Unseen,"synchronized to <*>, stratum <*>",0.6670806407928467
"synchronized to 10.100.18.250, stratum 3","synchronized to <*>, stratum <*>",Thunderbird,Unseen,"synchronized to <*>, stratum <*>",0.6584053039550781
"synchronized to 10.100.16.250, stratum 3","synchronized to <*>, stratum <*>",Thunderbird,Unseen,"synchronized to <*>, stratum <*>",0.6531374454498291
"synchronized to 10.100.20.250, stratum 3","synchronized to <*>, stratum <*>",Thunderbird,Unseen,"synchronized to <*>, stratum <*>",0.6538984775543213
"synchronized to 10.100.16.250, stratum 3","synchronized to <*>, stratum <*>",Thunderbird,Unseen,"synchronized to <*>, stratum <*>",0.6607952117919922
"synchronized to 10.100.20.250, stratum 3","synchronized to <*>, stratum <*>",Thunderbird,Unseen,"synchronized to <*>, stratum <*>",0.6515443325042725
"synchronized to 10.100.20.250, stratum 3","synchronized to <*>, stratum <*>",Thunderbird,Unseen,"synchronized to <*>, stratum <*>",0.6523594856262207
"synchronized to 10.100.26.250, stratum 3","synchronized to <*>, stratum <*>",Thunderbird,Unseen,"synchronized to <*>, stratum <*>",0.6553642749786377
"synchronized to 10.100.22.250, stratum 3","synchronized to <*>, stratum <*>",Thunderbird,Unseen,"synchronized to <*>, stratum <*>",0.6534683704376221
"synchronized to 10.100.18.250, stratum 3","synchronized to <*>, stratum <*>",Thunderbird,Unseen,synchronized to <*>,0.41242384910583496
"synchronized to 10.100.20.250, stratum 3","synchronized to <*>, stratum <*>",Thunderbird,Unseen,"synchronized to <*>, stratum <*>",0.6566519737243652
"synchronized to 10.100.20.250, stratum 3","synchronized to <*>, stratum <*>",Thunderbird,Unseen,synchronized to <*>: stratum <*>,0.6505081653594971
"synchronized to 10.100.20.250, stratum 3","synchronized to <*>, stratum <*>",Thunderbird,Unseen,"synchronized to <*>, stratum <*>",0.6528167724609375
"synchronized to 10.100.20.250, stratum 3","synchronized to <*>, stratum <*>",Thunderbird,Unseen,synchronized to <*> stratum <*>,0.5949227809906006
"synchronized to 10.100.16.250, stratum 3","synchronized to <*>, stratum <*>",Thunderbird,Unseen,"synchronized to <*>, stratum <*>",0.6555042266845703
"synchronized to 10.100.20.250, stratum 3","synchronized to <*>, stratum <*>",Thunderbird,Unseen,"synchronized to <*>, stratum <*>",0.6529147624969482
"synchronized to 10.100.16.250, stratum 3","synchronized to <*>, stratum <*>",Thunderbird,Unseen,"synchronized to <*>, stratum <*>",0.6659166812896729
"synchronized to 10.100.18.250, stratum 3","synchronized to <*>, stratum <*>",Thunderbird,Unseen,synchronized to <*>,0.41611266136169434
"synchronized to 10.100.26.250, stratum 3","synchronized to <*>, stratum <*>",Thunderbird,Unseen,"synchronized to <*>, stratum <*>",0.6643943786621094
"synchronized to 10.100.22.250, stratum 3","synchronized to <*>, stratum <*>",Thunderbird,Unseen,synchronized to <*>,0.4130680561065674
"synchronized to 10.100.24.250, stratum 3","synchronized to <*>, stratum <*>",Thunderbird,Unseen,"synchronized to <*>, stratum <*>",0.654620885848999
"synchronized to 10.100.20.250, stratum 3","synchronized to <*>, stratum <*>",Thunderbird,Unseen,"synchronized to <*>, stratum <*>",0.657390832901001
"synchronized to 10.100.20.250, stratum 3","synchronized to <*>, stratum <*>",Thunderbird,Unseen,"synchronized to <*>, stratum <*>",0.6512296199798584
"synchronized to 10.100.22.250, stratum 3","synchronized to <*>, stratum <*>",Thunderbird,Unseen,"synchronized to <*>, stratum <*>",0.6562421321868896
"synchronized to 10.100.22.250, stratum 3","synchronized to <*>, stratum <*>",Thunderbird,Unseen,"synchronized to <*>, stratum <*>",0.6553845405578613
"synchronized to 10.100.22.250, stratum 3","synchronized to <*>, stratum <*>",Thunderbird,Unseen,"synchronized to <*>, stratum <*>",0.6567447185516357
"synchronized to 10.100.12.250, stratum 3","synchronized to <*>, stratum <*>",Thunderbird,Unseen,"synchronized to <*>, stratum <*>",0.6553988456726074
"synchronized to 10.100.16.250, stratum 3","synchronized to <*>, stratum <*>",Thunderbird,Unseen,"synchronized to <*>, stratum <*>",0.6558465957641602
"synchronized to 10.100.22.250, stratum 3","synchronized to <*>, stratum <*>",Thunderbird,Unseen,synchronized to <*>,0.4115269184112549
"synchronized to 10.100.22.250, stratum 3","synchronized to <*>, stratum <*>",Thunderbird,Unseen,"synchronized to <*>, stratum <*>",0.6575124263763428
"synchronized to 10.100.20.250, stratum 3","synchronized to <*>, stratum <*>",Thunderbird,Unseen,"synchronized to <*>, stratum <*>",0.6581904888153076
"synchronized to 10.100.20.250, stratum 3","synchronized to <*>, stratum <*>",Thunderbird,Unseen,"synchronized to <*>, stratum <*>",0.6563878059387207
"synchronized to 10.100.24.250, stratum 3","synchronized to <*>, stratum <*>",Thunderbird,Unseen,"synchronized to <*>, stratum <*>",0.6553373336791992
"synchronized to 10.100.18.250, stratum 3","synchronized to <*>, stratum <*>",Thunderbird,Unseen,"synchronized to <*>, stratum <*>",0.6559209823608398
"synchronized to 10.100.20.250, stratum 3","synchronized to <*>, stratum <*>",Thunderbird,Unseen,"synchronized to <*>, stratum <*>",0.6531178951263428
"synchronized to 10.100.20.250, stratum 3","synchronized to <*>, stratum <*>",Thunderbird,Unseen,"synchronized to <*>, stratum <*>",0.6647753715515137
"synchronized to 10.100.16.250, stratum 3","synchronized to <*>, stratum <*>",Thunderbird,Unseen,"synchronized to <*>, stratum <*>",0.6601502895355225
"synchronized to 10.100.18.250, stratum 3","synchronized to <*>, stratum <*>",Thunderbird,Unseen,"synchronized to <*>, stratum <*>",0.659353494644165
"synchronized to 10.100.14.250, stratum 3","synchronized to <*>, stratum <*>",Thunderbird,Unseen,"synchronized to <*>, stratum <*>",0.6519730091094971
"synchronized to 10.100.20.250, stratum 3","synchronized to <*>, stratum <*>",Thunderbird,Unseen,synchronized to <*>,0.4111638069152832
"synchronized to 10.100.20.250, stratum 3","synchronized to <*>, stratum <*>",Thunderbird,Unseen,synchronized to <*>,0.4080824851989746
"synchronized to 10.100.20.250, stratum 3","synchronized to <*>, stratum <*>",Thunderbird,Unseen,"synchronized to <*>, stratum <*>",0.6583554744720459
"synchronized to 10.100.12.250, stratum 3","synchronized to <*>, stratum <*>",Thunderbird,Unseen,"synchronized to <*>, stratum <*>",0.6559193134307861
"synchronized to 10.100.22.250, stratum 3","synchronized to <*>, stratum <*>",Thunderbird,Unseen,"synchronized to <*>, stratum <*>",0.6521704196929932
"synchronized to 10.100.20.250, stratum 3","synchronized to <*>, stratum <*>",Thunderbird,Unseen,"synchronized to <*>, stratum <*>",0.6484439373016357
"synchronized to 10.100.20.250, stratum 3","synchronized to <*>, stratum <*>",Thunderbird,Unseen,"synchronized to <*>, stratum <*>",0.6523387432098389
"synchronized to 10.100.22.250, stratum 3","synchronized to <*>, stratum <*>",Thunderbird,Unseen,"synchronized to <*>,<*>, stratum <*>",0.779097318649292
"synchronized to 10.100.20.250, stratum 3","synchronized to <*>, stratum <*>",Thunderbird,Unseen,"synchronized to <*>, stratum <*>",0.6518363952636719
"synchronized to 10.100.18.250, stratum 3","synchronized to <*>, stratum <*>",Thunderbird,Unseen,"synchronized to <*>, stratum <*>",0.6574335098266602
"synchronized to 10.100.18.250, stratum 3","synchronized to <*>, stratum <*>",Thunderbird,Unseen,"synchronized to <*>, stratum <*>",0.6597659587860107
"synchronized to 10.100.22.250, stratum 3","synchronized to <*>, stratum <*>",Thunderbird,Unseen,"synchronized to <*>, stratum <*>",0.6589481830596924
"synchronized to 10.100.10.250, stratum 3","synchronized to <*>, stratum <*>",Thunderbird,Unseen,"synchronized to <*>, stratum <*>",0.6536953449249268
"synchronized to 10.100.18.250, stratum 3","synchronized to <*>, stratum <*>",Thunderbird,Unseen,synchronized to <*>,0.41062355041503906
"synchronized to 10.100.20.250, stratum 3","synchronized to <*>, stratum <*>",Thunderbird,Unseen,"synchronized to <*>, stratum <*>",0.6693587303161621
"synchronized to 10.100.18.250, stratum 3","synchronized to <*>, stratum <*>",Thunderbird,Unseen,"synchronized to <*>, stratum <*>",0.6608638763427734
"synchronized to 10.100.22.250, stratum 3","synchronized to <*>, stratum <*>",Thunderbird,Unseen,"synchronized to <*>, stratum <*>",0.6697702407836914
"synchronized to 10.100.20.250, stratum 3","synchronized to <*>, stratum <*>",Thunderbird,Unseen,"synchronized to <*>, stratum <*>",0.6588540077209473
"synchronized to 10.100.22.250, stratum 3","synchronized to <*>, stratum <*>",Thunderbird,Unseen,"synchronized to <*>, stratum <*>",0.6603364944458008
"synchronized to 10.100.16.250, stratum 3","synchronized to <*>, stratum <*>",Thunderbird,Unseen,synchronized to <*>,0.4099082946777344
"synchronized to 10.100.20.250, stratum 3","synchronized to <*>, stratum <*>",Thunderbird,Unseen,"synchronized to <*>, stratum <*>",0.6565592288970947
"synchronized to 10.100.22.250, stratum 3","synchronized to <*>, stratum <*>",Thunderbird,Unseen,synchronized to <*> stratum <*>,0.5946879386901855
"synchronized to 10.100.22.250, stratum 3","synchronized to <*>, stratum <*>",Thunderbird,Unseen,synchronized to <*> stratum <*>,0.5955369472503662
"synchronized to 10.100.20.250, stratum 3","synchronized to <*>, stratum <*>",Thunderbird,Unseen,"synchronized to <*>, stratum <*>",0.6589508056640625
"synchronized to 10.100.20.250, stratum 3","synchronized to <*>, stratum <*>",Thunderbird,Unseen,"synchronized to <*>, stratum <*>",0.6585195064544678
"synchronized to 10.100.26.250, stratum 3","synchronized to <*>, stratum <*>",Thunderbird,Unseen,"synchronized to <*>, stratum <*>",0.6553585529327393
"synchronized to 10.100.22.250, stratum 3","synchronized to <*>, stratum <*>",Thunderbird,Unseen,"synchronized to <*>, stratum <*>",0.6519577503204346
"synchronized to 10.100.22.250, stratum 3","synchronized to <*>, stratum <*>",Thunderbird,Unseen,"synchronized to <*>, stratum <*>",0.6557328701019287
"synchronized to 10.100.18.250, stratum 3","synchronized to <*>, stratum <*>",Thunderbird,Unseen,synchronized to <*>,0.4103825092315674
"synchronized to 10.100.16.250, stratum 3","synchronized to <*>, stratum <*>",Thunderbird,Unseen,"synchronized to <*>, stratum <*>",0.6546967029571533
"synchronized to 10.100.22.250, stratum 3","synchronized to <*>, stratum <*>",Thunderbird,Unseen,synchronized to <*>,0.4085114002227783
"synchronized to 10.100.22.250, stratum 3","synchronized to <*>, stratum <*>",Thunderbird,Unseen,"synchronized to <*>, stratum <*>",0.6531071662902832
"synchronized to 10.100.10.250, stratum 3","synchronized to <*>, stratum <*>",Thunderbird,Unseen,"synchronized to <*>, stratum <*>",0.6572775840759277
"synchronized to 10.100.18.250, stratum 3","synchronized to <*>, stratum <*>",Thunderbird,Unseen,"synchronized to <*>, stratum <*>",0.6718144416809082
"synchronized to 10.100.20.250, stratum 3","synchronized to <*>, stratum <*>",Thunderbird,Unseen,synchronized to <*> stratum <*>,0.6071972846984863
"synchronized to 10.100.22.250, stratum 3","synchronized to <*>, stratum <*>",Thunderbird,Unseen,"synchronized to <*>, stratum <*>",0.6633741855621338
"synchronized to 10.100.20.250, stratum 3","synchronized to <*>, stratum <*>",Thunderbird,Unseen,"synchronized to <*>, stratum <*>",0.6541728973388672
"synchronized to 10.100.20.250, stratum 3","synchronized to <*>, stratum <*>",Thunderbird,Unseen,"synchronized to <*>, stratum <*>",0.6524806022644043
"synchronized to 10.100.20.250, stratum 3","synchronized to <*>, stratum <*>",Thunderbird,Unseen,"synchronized to <*>, stratum <*>",0.6537981033325195
"synchronized to 10.100.26.250, stratum 3","synchronized to <*>, stratum <*>",Thunderbird,Unseen,"synchronized to <*>, stratum <*>",0.6508386135101318
"synchronized to 10.100.20.250, stratum 3","synchronized to <*>, stratum <*>",Thunderbird,Unseen,"synchronized to <*>, stratum <*>",0.6570262908935547
"synchronized to 10.100.20.250, stratum 3","synchronized to <*>, stratum <*>",Thunderbird,Unseen,"synchronized to <*>, stratum <*>",0.6565520763397217
"synchronized to 10.100.20.250, stratum 3","synchronized to <*>, stratum <*>",Thunderbird,Unseen,"synchronized to <*>, stratum <*>",0.6610403060913086
"synchronized to 10.100.22.250, stratum 3","synchronized to <*>, stratum <*>",Thunderbird,Unseen,"synchronized to <*>, stratum <*>",0.6573259830474854
"synchronized to 10.100.18.250, stratum 3","synchronized to <*>, stratum <*>",Thunderbird,Unseen,"synchronized to <*>, stratum <*>",0.6554403305053711
"synchronized to 10.100.20.250, stratum 3","synchronized to <*>, stratum <*>",Thunderbird,Unseen,"synchronized to <*>, stratum <*>",0.6518502235412598
"synchronized to 10.100.18.250, stratum 3","synchronized to <*>, stratum <*>",Thunderbird,Unseen,"synchronized to <*>, stratum <*>",0.6539299488067627
"synchronized to 10.100.16.250, stratum 3","synchronized to <*>, stratum <*>",Thunderbird,Unseen,"synchronized to <*>, stratum <*>",0.6537566184997559
"synchronized to 10.100.16.250, stratum 3","synchronized to <*>, stratum <*>",Thunderbird,Unseen,"synchronized to <*>, stratum <*>",0.6472342014312744
"synchronized to 10.100.18.250, stratum 3","synchronized to <*>, stratum <*>",Thunderbird,Unseen,"synchronized to <*>, stratum <*>",0.6502892971038818
"synchronized to 10.100.28.250, stratum 3","synchronized to <*>, stratum <*>",Thunderbird,Unseen,"synchronized to <*>, stratum <*>",0.6691298484802246
"synchronized to 10.100.18.250, stratum 3","synchronized to <*>, stratum <*>",Thunderbird,Unseen,synchronized to <*>,0.41495180130004883
"synchronized to 10.100.22.250, stratum 3","synchronized to <*>, stratum <*>",Thunderbird,Unseen,"synchronized to <*>, stratum <*>",0.6685028076171875
"synchronized to 10.100.16.250, stratum 3","synchronized to <*>, stratum <*>",Thunderbird,Unseen,synchronized to <*>,0.41263723373413086
"synchronized to 10.100.20.250, stratum 3","synchronized to <*>, stratum <*>",Thunderbird,Unseen,synchronized to <*>: <*>,0.5312111377716064
"synchronized to 10.100.22.250, stratum 3","synchronized to <*>, stratum <*>",Thunderbird,Unseen,"synchronized to <*>, stratum <*>",0.6560585498809814
"synchronized to 10.100.16.250, stratum 3","synchronized to <*>, stratum <*>",Thunderbird,Unseen,"synchronized to <*>, stratum <*>",0.6541736125946045
"synchronized to 10.100.14.250, stratum 3","synchronized to <*>, stratum <*>",Thunderbird,Unseen,"synchronized to <*>, stratum <*>",0.6555023193359375
"synchronized to 10.100.18.250, stratum 3","synchronized to <*>, stratum <*>",Thunderbird,Unseen,"synchronized to <*>, stratum <*>",0.6592836380004883
"synchronized to 10.100.20.250, stratum 3","synchronized to <*>, stratum <*>",Thunderbird,Unseen,"synchronized to <*>, stratum <*>",0.6521308422088623
"synchronized to 10.100.18.250, stratum 3","synchronized to <*>, stratum <*>",Thunderbird,Unseen,"synchronized to <*>, stratum <*>",0.6541154384613037
"synchronized to 10.100.24.250, stratum 3","synchronized to <*>, stratum <*>",Thunderbird,Unseen,"synchronized to <*>, stratum <*>",0.6452171802520752
"synchronized to 10.100.16.250, stratum 3","synchronized to <*>, stratum <*>",Thunderbird,Unseen,synchronized to <*>,0.4124448299407959
"synchronized to 10.100.28.250, stratum 3","synchronized to <*>, stratum <*>",Thunderbird,Unseen,"synchronized to <*>, stratum <*>",0.652712345123291
"synchronized to 10.100.18.250, stratum 3","synchronized to <*>, stratum <*>",Thunderbird,Unseen,"synchronized to <*>, stratum <*>",0.6494824886322021
"synchronized to 10.100.22.250, stratum 3","synchronized to <*>, stratum <*>",Thunderbird,Unseen,"synchronized to <*>, stratum <*>",0.6464245319366455
"synchronized to 10.100.16.250, stratum 3","synchronized to <*>, stratum <*>",Thunderbird,Unseen,"synchronized to <*>, stratum <*>",0.6570334434509277
"synchronized to 10.100.20.250, stratum 3","synchronized to <*>, stratum <*>",Thunderbird,Unseen,"synchronized to <*>, stratum <*>",0.6525721549987793
"synchronized to 10.100.22.250, stratum 3","synchronized to <*>, stratum <*>",Thunderbird,Unseen,synchronized to <*>,0.40852928161621094
"synchronized to 10.100.20.250, stratum 3","synchronized to <*>, stratum <*>",Thunderbird,Unseen,"synchronized to <*>, stratum <*>",0.6600613594055176
"synchronized to 10.100.22.250, stratum 3","synchronized to <*>, stratum <*>",Thunderbird,Unseen,"synchronized to <*>, stratum <*>",0.6592786312103271
"synchronized to 10.100.20.250, stratum 3","synchronized to <*>, stratum <*>",Thunderbird,Unseen,"synchronized to <*>, stratum <*>",0.668311595916748
"synchronized to 10.100.16.250, stratum 3","synchronized to <*>, stratum <*>",Thunderbird,Unseen,"synchronized to <*>, stratum <*>",0.657081127166748
"synchronized to 10.100.18.250, stratum 3","synchronized to <*>, stratum <*>",Thunderbird,Unseen,"synchronized to <*>, stratum <*>",0.655289888381958
"synchronized to 10.100.22.250, stratum 3","synchronized to <*>, stratum <*>",Thunderbird,Unseen,synchronized to <*>,0.40984272956848145
"synchronized to LOCAL(0), stratum 10","synchronized to <*>, stratum <*>",Thunderbird,Unseen,"synchronized to LOCAL(<*>, stratum <*>",0.7704710960388184
"synchronized to 10.100.18.250, stratum 3","synchronized to <*>, stratum <*>",Thunderbird,Unseen,"synchronized to <*>, stratum <*>",0.6539251804351807
"synchronized to #3#, stratum 1","synchronized to <*>, stratum <*>",Thunderbird,Unseen,"synchronized to #<*>#, stratum <*>",0.7755155563354492
"synchronized to 10.100.16.250, stratum 3","synchronized to <*>, stratum <*>",Thunderbird,Unseen,"synchronized to <*>, stratum <*>",0.6540780067443848
"synchronized to 10.100.20.250, stratum 3","synchronized to <*>, stratum <*>",Thunderbird,Unseen,"synchronized to <*>, stratum <*>",0.652587890625
"synchronized to 10.100.20.250, stratum 3","synchronized to <*>, stratum <*>",Thunderbird,Unseen,synchronized to <*>: stratum <*>,0.6584527492523193
"synchronized to 10.100.20.250, stratum 3","synchronized to <*>, stratum <*>",Thunderbird,Unseen,"synchronized to <*>, stratum <*>",0.6501336097717285
"synchronized to 10.100.18.250, stratum 3","synchronized to <*>, stratum <*>",Thunderbird,Unseen,"synchronized to <*>, stratum <*>",0.6559085845947266
"synchronized to 10.100.26.250, stratum 3","synchronized to <*>, stratum <*>",Thunderbird,Unseen,"synchronized to <*>, stratum <*>",0.6560051441192627
"synchronized to 10.100.18.250, stratum 3","synchronized to <*>, stratum <*>",Thunderbird,Unseen,"synchronized to <*>, stratum <*>",0.6547868251800537
"synchronized to 10.100.28.250, stratum 3","synchronized to <*>, stratum <*>",Thunderbird,Unseen,synchronized to <*>,0.41219258308410645
"synchronized to 10.100.22.250, stratum 3","synchronized to <*>, stratum <*>",Thunderbird,Unseen,synchronized to <*>,0.4098353385925293
"synchronized to 10.100.22.250, stratum 3","synchronized to <*>, stratum <*>",Thunderbird,Unseen,"synchronized to <*>, stratum <*>",0.6534500122070312
"synchronized to 10.100.20.250, stratum 3","synchronized to <*>, stratum <*>",Thunderbird,Unseen,"synchronized to <*>, stratum <*>",0.6613938808441162
"synchronized to 10.100.20.250, stratum 3","synchronized to <*>, stratum <*>",Thunderbird,Unseen,"synchronized to <*>, stratum <*>",0.6783089637756348
"synchronized to 10.100.24.250, stratum 3","synchronized to <*>, stratum <*>",Thunderbird,Unseen,"synchronized to <*>, stratum <*>",0.6732683181762695
"synchronized to 10.100.20.250, stratum 3","synchronized to <*>, stratum <*>",Thunderbird,Unseen,"synchronized to <*>, stratum <*>",0.6545276641845703
"synchronized to 10.100.16.250, stratum 3","synchronized to <*>, stratum <*>",Thunderbird,Unseen,"synchronized to <*>, stratum <*>",0.6530585289001465
"synchronized to 10.100.20.250, stratum 3","synchronized to <*>, stratum <*>",Thunderbird,Unseen,synchronized to <*>,0.4102442264556885
"synchronized to 10.100.20.250, stratum 3","synchronized to <*>, stratum <*>",Thunderbird,Unseen,"synchronized to <*>,<*>, stratum <*>",0.7717437744140625
"synchronized to 10.100.20.250, stratum 3","synchronized to <*>, stratum <*>",Thunderbird,Unseen,"synchronized to <*>, stratum <*>",0.6542558670043945
"synchronized to 10.100.20.250, stratum 3","synchronized to <*>, stratum <*>",Thunderbird,Unseen,"synchronized to <*>, stratum <*>",0.660499095916748
"synchronized to 10.100.18.250, stratum 3","synchronized to <*>, stratum <*>",Thunderbird,Unseen,"synchronized to <*>, stratum <*>",0.6555750370025635
"synchronized to 10.100.20.250, stratum 3","synchronized to <*>, stratum <*>",Thunderbird,Unseen,"synchronized to <*>, stratum <*>",0.6585633754730225
"synchronized to 10.100.10.250, stratum 3","synchronized to <*>, stratum <*>",Thunderbird,Unseen,"synchronized to <*>, stratum <*>",0.6540765762329102
"synchronized to 10.100.20.250, stratum 3","synchronized to <*>, stratum <*>",Thunderbird,Unseen,"synchronized to <*>, stratum <*>",0.6555435657501221
"synchronized to 10.100.18.250, stratum 3","synchronized to <*>, stratum <*>",Thunderbird,Unseen,"synchronized to <*>, stratum <*>",0.6579906940460205
"synchronized to 10.100.26.250, stratum 3","synchronized to <*>, stratum <*>",Thunderbird,Unseen,"synchronized to <*>, stratum <*>",0.6552586555480957
"synchronized to 10.100.20.250, stratum 3","synchronized to <*>, stratum <*>",Thunderbird,Unseen,synchronized to <*>,0.41092586517333984
"synchronized to 10.100.16.250, stratum 3","synchronized to <*>, stratum <*>",Thunderbird,Unseen,synchronized to <*> stratum <*>,0.5947561264038086
"synchronized to 10.100.20.250, stratum 3","synchronized to <*>, stratum <*>",Thunderbird,Unseen,"synchronized to <*>, stratum <*>",0.6621925830841064
"synchronized to 10.100.10.250, stratum 3","synchronized to <*>, stratum <*>",Thunderbird,Unseen,"synchronized to <*>, stratum <*>",0.6671788692474365
"synchronized to 10.100.16.250, stratum 3","synchronized to <*>, stratum <*>",Thunderbird,Unseen,"synchronized to <*>, stratum <*>",0.6666994094848633
"synchronized to 10.100.20.250, stratum 3","synchronized to <*>, stratum <*>",Thunderbird,Unseen,"synchronized to <*>, stratum <*>",0.6583633422851562
"synchronized to 10.100.28.250, stratum 3","synchronized to <*>, stratum <*>",Thunderbird,Unseen,"synchronized to <*>, stratum <*>",0.6606013774871826
"synchronized to 10.100.28.250, stratum 3","synchronized to <*>, stratum <*>",Thunderbird,Unseen,"synchronized to <*>, stratum <*>",0.6590778827667236
"synchronized to 10.100.26.250, stratum 3","synchronized to <*>, stratum <*>",Thunderbird,Unseen,"synchronized to <*>, stratum <*>",0.6514320373535156
"synchronized to 10.100.16.250, stratum 3","synchronized to <*>, stratum <*>",Thunderbird,Unseen,"synchronized to <*>, stratum <*>",0.6535649299621582
"synchronized to 10.100.20.250, stratum 3","synchronized to <*>, stratum <*>",Thunderbird,Unseen,"synchronized to <*>, stratum <*>",0.6566503047943115
"synchronized to 10.100.26.250, stratum 3","synchronized to <*>, stratum <*>",Thunderbird,Unseen,"synchronized to <*>, stratum <*>",0.6557650566101074
"synchronized to 10.100.20.250, stratum 3","synchronized to <*>, stratum <*>",Thunderbird,Unseen,synchronized to <*>,0.40950989723205566
"synchronized to 10.100.16.250, stratum 3","synchronized to <*>, stratum <*>",Thunderbird,Unseen,synchronized to <*>: <*>,0.5340213775634766
"synchronized to 10.100.16.250, stratum 3","synchronized to <*>, stratum <*>",Thunderbird,Unseen,"synchronized to <*>, stratum <*>",0.6525552272796631
"synchronized to 10.100.20.250, stratum 3","synchronized to <*>, stratum <*>",Thunderbird,Unseen,"synchronized to <*>, stratum <*>",0.6524474620819092
"synchronized to 10.100.20.250, stratum 3","synchronized to <*>, stratum <*>",Thunderbird,Unseen,"synchronized to <*>, stratum <*>",0.6506667137145996
"synchronized to 10.100.28.250, stratum 3","synchronized to <*>, stratum <*>",Thunderbird,Unseen,"synchronized to <*>, stratum <*>",0.6510117053985596
"synchronized to 10.100.20.250, stratum 3","synchronized to <*>, stratum <*>",Thunderbird,Unseen,"synchronized to <*>, stratum <*>",0.6581482887268066
"synchronized to 10.100.24.250, stratum 3","synchronized to <*>, stratum <*>",Thunderbird,Unseen,"synchronized to <*>, stratum <*>",0.6611218452453613
"synchronized to 10.100.14.250, stratum 3","synchronized to <*>, stratum <*>",Thunderbird,Unseen,synchronized to <*>: <*>,0.5307915210723877
"synchronized to 10.100.18.250, stratum 3","synchronized to <*>, stratum <*>",Thunderbird,Unseen,"synchronized to <*>, stratum <*>",0.6680588722229004
"synchronized to 10.100.22.250, stratum 3","synchronized to <*>, stratum <*>",Thunderbird,Unseen,synchronized to <*>,0.4141242504119873
"synchronized to 10.100.10.250, stratum 3","synchronized to <*>, stratum <*>",Thunderbird,Unseen,"synchronized to <*>, stratum <*>",0.6618216037750244
"synchronized to 10.100.18.250, stratum 3","synchronized to <*>, stratum <*>",Thunderbird,Unseen,"synchronized to <*>, stratum <*>",0.6522371768951416
"synchronized to 10.100.18.250, stratum 3","synchronized to <*>, stratum <*>",Thunderbird,Unseen,"synchronized to <*>, stratum <*>",0.6511790752410889
"synchronized to 10.100.16.250, stratum 3","synchronized to <*>, stratum <*>",Thunderbird,Unseen,"synchronized to <*>, stratum <*>",0.6513614654541016
"synchronized to 10.100.18.250, stratum 3","synchronized to <*>, stratum <*>",Thunderbird,Unseen,"synchronized to <*>, stratum <*>",0.6583340167999268
session opened for user root by (uid=0),session opened for user <*> by (uid=<*>),Thunderbird,Unseen,session opened for user <*> by (uid=<*>),0.8373291492462158
session opened for user root by (uid=0),session opened for user <*> by (uid=<*>),Thunderbird,Unseen,session opened for user root by (uid=<*>,0.7735328674316406
session opened for user root by (uid=0),session opened for user <*> by (uid=<*>),Thunderbird,Unseen,session opened for user root by (uid=<*>),0.8343725204467773
session opened for user root by (uid=0),session opened for user <*> by (uid=<*>),Thunderbird,Unseen,session opened for user root by (uid=<*>),0.8424692153930664
session opened for user root by (uid=0),session opened for user <*> by (uid=<*>),Thunderbird,Unseen,session opened for user root by (uid=<*>),0.8309276103973389
"synchronized to 10.100.16.250, stratum 3","synchronized to <*>, stratum <*>",Thunderbird,Unseen,synchronized to <*>,0.4138486385345459
"synchronized to 10.100.28.250, stratum 3","synchronized to <*>, stratum <*>",Thunderbird,Unseen,"synchronized to <*>, stratum <*>",0.6566207408905029
"synchronized to 10.100.20.250, stratum 3","synchronized to <*>, stratum <*>",Thunderbird,Unseen,"synchronized to <*>, stratum <*>",0.655602216720581
"synchronized to 10.100.16.250, stratum 3","synchronized to <*>, stratum <*>",Thunderbird,Unseen,"synchronized to <*>, stratum <*>",0.6587040424346924
"synchronized to 10.100.20.250, stratum 3","synchronized to <*>, stratum <*>",Thunderbird,Unseen,"synchronized to <*>,<*>, stratum <*>",0.7817068099975586
"synchronized to 10.100.22.250, stratum 3","synchronized to <*>, stratum <*>",Thunderbird,Unseen,"synchronized to <*>, stratum <*>",0.665565013885498
"synchronized to 10.100.20.250, stratum 3","synchronized to <*>, stratum <*>",Thunderbird,Unseen,"synchronized to <*>, stratum <*>",0.6727559566497803
"synchronized to 10.100.16.250, stratum 3","synchronized to <*>, stratum <*>",Thunderbird,Unseen,"synchronized to <*>, stratum <*>",0.6546518802642822
"synchronized to 10.100.18.250, stratum 3","synchronized to <*>, stratum <*>",Thunderbird,Unseen,"synchronized to <*>, stratum <*>",0.6587240695953369
"synchronized to 10.100.20.250, stratum 3","synchronized to <*>, stratum <*>",Thunderbird,Unseen,"synchronized to <*>, stratum <*>",0.6555747985839844
"synchronized to 10.100.20.250, stratum 3","synchronized to <*>, stratum <*>",Thunderbird,Unseen,"synchronized to <*>, stratum <*>",0.6506710052490234
"synchronized to 10.100.22.250, stratum 3","synchronized to <*>, stratum <*>",Thunderbird,Unseen,"synchronized to <*>, stratum <*>",0.6579821109771729
"synchronized to 10.100.18.250, stratum 3","synchronized to <*>, stratum <*>",Thunderbird,Unseen,"synchronized to <*>, stratum <*>",0.6585288047790527
"synchronized to 10.100.16.250, stratum 3","synchronized to <*>, stratum <*>",Thunderbird,Unseen,"synchronized to <*>, stratum <*>",0.6526453495025635
"synchronized to 10.100.18.250, stratum 3","synchronized to <*>, stratum <*>",Thunderbird,Unseen,"synchronized to <*>, stratum <*>",0.6522979736328125
"synchronized to 10.100.18.250, stratum 3","synchronized to <*>, stratum <*>",Thunderbird,Unseen,"synchronized to <*>, stratum <*>",0.6530430316925049
"synchronized to 10.100.22.250, stratum 3","synchronized to <*>, stratum <*>",Thunderbird,Unseen,"synchronized to <*>, stratum <*>",0.6524159908294678
"synchronized to 10.100.24.250, stratum 3","synchronized to <*>, stratum <*>",Thunderbird,Unseen,"synchronized to <*>, stratum <*>",0.6549110412597656
My unqualified host name (eadmin1) unknown; sleeping for retry,My unqualified host name (<*>) unknown; sleeping for retry,Thunderbird,Unseen,My unqualified host name (<*>) unknown; sleeping for retry,0.9685482978820801
My unqualified host name (aadmin1) unknown; sleeping for retry,My unqualified host name (<*>) unknown; sleeping for retry,Thunderbird,Unseen,My unqualified host name (<*>) unknown; sleeping for retry,0.9666941165924072
My unqualified host name (badmin1) unknown; sleeping for retry,My unqualified host name (<*>) unknown; sleeping for retry,Thunderbird,Unseen,My unqualified host name (<*>) unknown; sleeping for retry,0.9699747562408447
"synchronized to 10.100.24.250, stratum 3","synchronized to <*>, stratum <*>",Thunderbird,Unseen,"synchronized to <*>, stratum <*>",0.6611745357513428
My unqualified host name (cadmin1) unknown; sleeping for retry,My unqualified host name (<*>) unknown; sleeping for retry,Thunderbird,Unseen,My unqualified host name (<*>) unknown; sleeping for retry,0.9803669452667236
"synchronized to 10.100.18.250, stratum 3","synchronized to <*>, stratum <*>",Thunderbird,Unseen,"synchronized to <*>, stratum <*>",0.6537420749664307
My unqualified host name (dadmin1) unknown; sleeping for retry,My unqualified host name (<*>) unknown; sleeping for retry,Thunderbird,Unseen,My unqualified host name (<*>) unknown; sleeping for retry,0.9553334712982178
"synchronized to 10.100.24.250, stratum 3","synchronized to <*>, stratum <*>",Thunderbird,Unseen,"synchronized to <*>, stratum <*>",0.6572120189666748
"synchronized to 10.100.20.250, stratum 3","synchronized to <*>, stratum <*>",Thunderbird,Unseen,"synchronized to <*>, stratum <*>",0.6545999050140381
"synchronized to 10.100.20.250, stratum 3","synchronized to <*>, stratum <*>",Thunderbird,Unseen,"synchronized to <*>, stratum <*>",0.6527211666107178
Interpreter enabled,Interpreter enabled,Thunderbird,Unseen,Interpreter enabled,0.2869079113006592
PCI Interrupt Link [LNKB] (IRQs 3 4 5 6 7 10 *11 12),PCI Interrupt Link [<*>] (IRQs <*> <*> <*> <*> <*> <*> <*> <*>),Thunderbird,Unseen,PCI Interrupt Link [<*>] (IRQs <*> <*> <*> <*> <*> <*> <*> <*> <*>),1.3281948566436768
PCI Root Bridge [PCI0] (00:00),PCI <*> Bridge [PCI0] (<*>:<*>),Thunderbird,Unseen,PCI Root Bridge [PCI0] (<*>),0.7725081443786621
"PCI interrupt 0000:00:02.0[A] -> GSI 16 (level, low) -> IRQ 169","PCI interrupt <*> -> GSI <*> (level, low) -> IRQ <*>",Thunderbird,Unseen,"PCI interrupt <*> -> GSI <*> (level, low) -> IRQ <*>",1.0797863006591797
"PCI interrupt 0000:00:04.0[A] -> GSI 16 (level, low) -> IRQ 169","PCI interrupt <*> -> GSI <*> (level, low) -> IRQ <*>",Thunderbird,Unseen,"PCI interrupt <*>:A -> GSI <*> (level, low) -> IRQ <*>",1.20283842086792
"PCI interrupt 0000:00:05.0[A] -> GSI 16 (level, low) -> IRQ 169","PCI interrupt <*> -> GSI <*> (level, low) -> IRQ <*>",Thunderbird,Unseen,"PCI interrupt <*> -> GSI <*> (level, low) -> IRQ <*>",1.0787816047668457
"PCI interrupt 0000:00:06.0[A] -> GSI 16 (level, low) -> IRQ 169","PCI interrupt <*> -> GSI <*> (level, low) -> IRQ <*>",Thunderbird,Unseen,"PCI interrupt <*> -> GSI <*> (level, low) -> IRQ <*>",1.1045024394989014
"PCI interrupt 0000:02:0e.0[A] -> GSI 46 (level, low) -> IRQ 177","PCI interrupt <*> -> GSI <*> (level, low) -> IRQ <*>",Thunderbird,Unseen,"PCI interrupt <*>:0:<*>.0[A] -> GSI <*> (level, low) -> IRQ <*>",1.6294796466827393
"PCI interrupt 0000:02:0e.0[A] -> GSI 46 (level, low) -> IRQ 177","PCI interrupt <*> -> GSI <*> (level, low) -> IRQ <*>",Thunderbird,Unseen,"PCI interrupt <*>: -> GSI <*> (level, low) -> IRQ <*>",1.145500898361206
"PCI interrupt 0000:06:07.0[A] -> GSI 64 (level, low) -> IRQ 185","PCI interrupt <*> -> GSI <*> (level, low) -> IRQ <*>",Thunderbird,Unseen,PCI interrupt <*>:GSI <*> -> IRQ <*>,0.777897834777832
"PCI interrupt 0000:06:07.0[A] -> GSI 64 (level, low) -> IRQ 185","PCI interrupt <*> -> GSI <*> (level, low) -> IRQ <*>",Thunderbird,Unseen,"PCI interrupt <*> -> GSI <*> (level, low) -> IRQ <*>",1.082259178161621
"PCI interrupt 0000:07:08.0[A] -> GSI 65 (level, low) -> IRQ 193","PCI interrupt <*> -> GSI <*> (level, low) -> IRQ <*>",Thunderbird,Unseen,"PCI interrupt <*>:GSI <*> (level, low) -> IRQ <*>",1.0845680236816406
"PCI interrupt 0000:07:08.0[A] -> GSI 65 (level, low) -> IRQ 193","PCI interrupt <*> -> GSI <*> (level, low) -> IRQ <*>",Thunderbird,Unseen,PCI interrupt <*>:GSI <*> -> IRQ <*>,0.7788310050964355
"PCI interrupt 0000:09:0d.0[A] -> GSI 18 (level, low) -> IRQ 201","PCI interrupt <*> -> GSI <*> (level, low) -> IRQ <*>",Thunderbird,Unseen,"PCI interrupt <*>:GSI <*> (level, low) -> IRQ <*>",1.086540937423706
"Trace cache: 12K uops, L1 D cache: 16K","Trace cache: <*> uops, L1 D cache: <*>",Thunderbird,Unseen,"Trace cache: <*> uops, L1 D cache: <*>",0.9607605934143066
"Trace cache: 12K uops, L1 D cache: 16K","Trace cache: <*> uops, L1 D cache: <*>",Thunderbird,Unseen,"Trace cache: <*> uops, L1 D cache: <*>",0.9727041721343994
"Trace cache: 12K uops, L1 D cache: 16K","Trace cache: <*> uops, L1 D cache: <*>",Thunderbird,Unseen,"Trace cache: <*> uops, L1 D cache: <*>",0.9633200168609619
"Trace cache: 12K uops, L1 D cache: 16K","Trace cache: <*> uops, L1 D cache: <*>",Thunderbird,Unseen,"Trace cache: <*> uops, L1 D cache: <*>",0.9766137599945068
"Trace cache: 12K uops, L1 D cache: 16K","Trace cache: <*> uops, L1 D cache: <*>",Thunderbird,Unseen,"Trace cache: <*> uops, L1 D cache: <*>",0.977959156036377
colour VGA+ 80x25,colour VGA+ <*>,Thunderbird,Unseen,colour VGA+ <*>x<*>,0.5979373455047607
"apic_id 8, version 32, address 0xfec00000, GSI 0-23","apic_id <*>, version <*>, address <*>, GSI <*>",Thunderbird,Unseen,"apic_id <*>, version <*>, address <*>, GSI <*>",1.032052993774414
"apic_id 9, version 32, address 0xfec80000, GSI 32-55","apic_id <*>, version <*>, address <*>, GSI <*>",Thunderbird,Unseen,"apic_id <*>, version <*>, address <*>, GSI <*>-<*>",1.2152559757232666
"apic_id 10, version 32, address 0xfec83000, GSI 64-87","apic_id <*>, version <*>, address <*>, GSI <*>",Thunderbird,Unseen,"apic_id <*>, version <*>, address <*>, GSI <*>-<*>",1.2158842086791992
Using software bounce buffering for IO (SWIOTLB),Using software bounce buffering for IO (SWIOTLB),Thunderbird,Unseen,Using software bounce buffering for IO (SWIOTLB),0.906714677810669
Transparent bridge - 0000:00:1e.0,Transparent bridge - <*>,Thunderbird,Unseen,Transparent bridge - <*>,0.4182777404785156
Disabled at runtime.,Disabled at runtime.,Thunderbird,Unseen,Disabled at runtime.,0.40889739990234375
4.1.0-ioctl (2003-12-10) initialised: #36#@#37#,<*>-ioctl (<*>) initialised: #<*>#@#<*>#,Thunderbird,Unseen,<*>-ioctl (<*>) initialised: <*>,0.7824993133544922
eth0: e1000_probe: Intel(R) PRO/1000 Network Connection,<*>: <*>: Intel(R) PRO/<*> Network Connection,Thunderbird,Unseen,eth<*>: e1000_probe: Intel(R) PRO/1000 Network Connection,1.2705819606781006
eth1: e1000_probe: Intel(R) PRO/1000 Network Connection,<*>: <*>: Intel(R) PRO/<*> Network Connection,Thunderbird,Unseen,eth1: e1000_probe: Intel(R) PRO/<*> Network Connection,1.146244764328003
(C) 2000-2002 Netfilter core team,(C) <*>-<*> Netfilter core team,Thunderbird,Unseen,(C) <*>-<*> Netfilter core team,0.7748463153839111
(C) 2000-2002 Netfilter core team,(C) <*>-<*> Netfilter core team,Thunderbird,Unseen,(C) <*>-<*> Netfilter core team,0.7920546531677246
(C) 2000-2002 Netfilter core team,(C) <*>-<*> Netfilter core team,Thunderbird,Unseen,(C) <*>-<*> Netfilter core team,0.798774003982544
(C) 2000-2002 Netfilter core team,(C) <*>-<*> Netfilter core team,Thunderbird,Unseen,(C) <*>-<*> Netfilter core team,0.7755956649780273
Installing public key data,Installing public key data,Thunderbird,Unseen,Installing public key data,0.411283016204834
... autorun DONE.,... autorun DONE.,Thunderbird,Unseen,... autorun DONE.,0.46997761726379395
... autorun DONE.,... autorun DONE.,Thunderbird,Unseen,... autorun DONE.,0.47234201431274414
#38#-rh1 (Release Date: Fri Dec 10 19:02:14 EST 2004),<*> (Release Date: <*> <*>),Thunderbird,Unseen,,7.4103944301605225
#39# (Release Date: Mon Sep 27 22:15:07 EDT 2004),<*> (Release Date: <*> <*>),Thunderbird,Unseen,,7.510254621505737
LSI Logic MegaRAID driver,LSI Logic MegaRAID driver,Thunderbird,Unseen,LSI Logic MegaRAID driver,0.5918488502502441
Registering secondary module capability,Registering secondary module capability,Thunderbird,Unseen,Registering secondary module capability,0.4735534191131592
Using HPET based timekeeping.,Using HPET based timekeeping.,Thunderbird,Unseen,Using HPET based timekeeping.,0.5890352725982666
"synchronized to 10.100.22.250, stratum 3","synchronized to <*>, stratum <*>",Thunderbird,Unseen,"synchronized to <*>, stratum <*>",0.6518959999084473
"synchronized to 10.100.18.250, stratum 3","synchronized to <*>, stratum <*>",Thunderbird,Unseen,"synchronized to <*>, stratum <*>",0.656836748123169
"synchronized to 10.100.24.250, stratum 3","synchronized to <*>, stratum <*>",Thunderbird,Unseen,"synchronized to <*>, stratum <*>",0.6527206897735596
"synchronized to 10.100.28.250, stratum 3","synchronized to <*>, stratum <*>",Thunderbird,Unseen,"synchronized to <*>, stratum <*>",0.6541492938995361
"synchronized to 10.100.20.250, stratum 3","synchronized to <*>, stratum <*>",Thunderbird,Unseen,"synchronized to <*>,<*> stratum <*>",0.7292165756225586
"synchronized to 10.100.16.250, stratum 3","synchronized to <*>, stratum <*>",Thunderbird,Unseen,"synchronized to <*>, stratum <*>",0.6696856021881104
Warning: we failed to resolve trusted host name dadmin3 dadmin4,Warning: we failed to resolve trusted host name <*>,Thunderbird,Unseen,Warning: we failed to resolve trusted host name <*> <*>,0.8497743606567383
"synchronized to 10.100.10.250, stratum 3","synchronized to <*>, stratum <*>",Thunderbird,Unseen,"synchronized to <*>, stratum <*>",0.6535708904266357
"synchronized to 10.100.20.250, stratum 3","synchronized to <*>, stratum <*>",Thunderbird,Unseen,"synchronized to <*>, stratum <*>",0.653904914855957
error: Bind to port 22 on 0.0.0.0 failed: Address already in use.,error: Bind to port <*> on <*> failed: Address already in use.,Thunderbird,Unseen,error: Bind to port <*> on <*> failed: Address already in use.,1.0904784202575684
"synchronized to 10.100.22.250, stratum 3","synchronized to <*>, stratum <*>",Thunderbird,Unseen,"synchronized to <*>, stratum <*>",0.6567115783691406
Changing permissions on special file /dev/logsurfer,Changing permissions on special file <*>,Thunderbird,Unseen,Changing permissions on special file <*>,0.5373847484588623
"synchronized to 10.100.16.250, stratum 3","synchronized to <*>, stratum <*>",Thunderbird,Unseen,synchronized to <*>,0.408428430557251
"synchronized to 10.100.16.250, stratum 3","synchronized to <*>, stratum <*>",Thunderbird,Unseen,"synchronized to <*>, stratum <*>",0.656390905380249
"synchronized to 10.100.30.250, stratum 3","synchronized to <*>, stratum <*>",Thunderbird,Unseen,"synchronized to <*>, stratum <*>",0.6525228023529053
"synchronized to 10.100.20.250, stratum 3","synchronized to <*>, stratum <*>",Thunderbird,Unseen,"synchronized to <*>, stratum <*>",0.6517305374145508
xinetd startup succeeded,xinetd startup succeeded,Thunderbird,Unseen,xinetd startup succeeded,0.47427821159362793
Started working: 1 available service,Started working: <*> available service,Thunderbird,Unseen,Started working: <*> available service,0.528723955154419
"synchronized to 10.100.18.250, stratum 3","synchronized to <*>, stratum <*>",Thunderbird,Unseen,synchronized to <*>,0.41156721115112305
"synchronized to 10.100.18.250, stratum 3","synchronized to <*>, stratum <*>",Thunderbird,Unseen,"synchronized to <*>,<*> stratum <*>",0.7151498794555664
"synchronized to 10.100.22.250, stratum 3","synchronized to <*>, stratum <*>",Thunderbird,Unseen,synchronized to <*>,0.4114058017730713
"synchronized to 10.100.18.250, stratum 3","synchronized to <*>, stratum <*>",Thunderbird,Unseen,"synchronized to <*>, stratum <*>",0.6534514427185059
"synchronized to 10.100.22.250, stratum 3","synchronized to <*>, stratum <*>",Thunderbird,Unseen,synchronized to <*>,0.4163656234741211
"synchronized to 10.100.20.250, stratum 3","synchronized to <*>, stratum <*>",Thunderbird,Unseen,synchronized to <*> stratum <*>,0.6006343364715576
"synchronized to 10.100.26.250, stratum 3","synchronized to <*>, stratum <*>",Thunderbird,Unseen,"synchronized to <*>, stratum <*>",0.665097713470459
"synchronized to 10.100.18.250, stratum 3","synchronized to <*>, stratum <*>",Thunderbird,Unseen,"synchronized to <*>, stratum <*>",0.6625304222106934
"synchronized to 10.100.20.250, stratum 3","synchronized to <*>, stratum <*>",Thunderbird,Unseen,"synchronized to <*>, stratum <*>",0.6553401947021484
"synchronized to 10.100.10.250, stratum 3","synchronized to <*>, stratum <*>",Thunderbird,Unseen,"synchronized to <*>, stratum <*>",0.6582534313201904
"synchronized to 10.100.8.250, stratum 3","synchronized to <*>, stratum <*>",Thunderbird,Unseen,"synchronized to <*>, stratum <*>",0.6543800830841064
"synchronized to 10.100.16.250, stratum 3","synchronized to <*>, stratum <*>",Thunderbird,Unseen,"synchronized to <*>, stratum <*>",0.6547601222991943
"synchronized to 10.100.22.250, stratum 3","synchronized to <*>, stratum <*>",Thunderbird,Unseen,"synchronized to <*>, stratum <*>",0.6569526195526123
"synchronized to 10.100.20.250, stratum 3","synchronized to <*>, stratum <*>",Thunderbird,Unseen,"synchronized to <*>, stratum <*>",0.6541829109191895
"synchronized to 10.100.16.250, stratum 3","synchronized to <*>, stratum <*>",Thunderbird,Unseen,"synchronized to <*>, stratum <*>",0.654510498046875
"synchronized to 10.100.20.250, stratum 3","synchronized to <*>, stratum <*>",Thunderbird,Unseen,synchronized to <*>,0.41595911979675293
"synchronized to 10.100.20.250, stratum 3","synchronized to <*>, stratum <*>",Thunderbird,Unseen,"synchronized to <*>, stratum <*>",0.652134895324707
"synchronized to 10.100.20.250, stratum 3","synchronized to <*>, stratum <*>",Thunderbird,Unseen,synchronized to <*>,0.4114713668823242
"synchronized to 10.100.20.250, stratum 3","synchronized to <*>, stratum <*>",Thunderbird,Unseen,"synchronized to <*>, stratum <*>",0.6531980037689209
"synchronized to 10.100.16.250, stratum 3","synchronized to <*>, stratum <*>",Thunderbird,Unseen,"synchronized to <*>, stratum <*>",0.6534466743469238
"synchronized to 10.100.28.250, stratum 3","synchronized to <*>, stratum <*>",Thunderbird,Unseen,"synchronized to <*>, stratum <*>",0.6536610126495361
"synchronized to 10.100.20.250, stratum 3","synchronized to <*>, stratum <*>",Thunderbird,Unseen,"synchronized to <*>, stratum <*>",0.654254674911499
"synchronized to 10.100.22.250, stratum 3","synchronized to <*>, stratum <*>",Thunderbird,Unseen,"synchronized to <*>, stratum <*>",0.6677114963531494
"synchronized to 10.100.22.250, stratum 3","synchronized to <*>, stratum <*>",Thunderbird,Unseen,synchronized to <*>,0.4139530658721924
"synchronized to 10.100.16.250, stratum 3","synchronized to <*>, stratum <*>",Thunderbird,Unseen,"synchronized to <*>, stratum <*>",0.6688096523284912
"synchronized to 10.100.26.250, stratum 3","synchronized to <*>, stratum <*>",Thunderbird,Unseen,"synchronized to <*>, stratum <*>",0.6581697463989258
"synchronized to 10.100.16.250, stratum 3","synchronized to <*>, stratum <*>",Thunderbird,Unseen,synchronized to <*>: stratum <*>,0.6558330059051514
"synchronized to 10.100.28.250, stratum 3","synchronized to <*>, stratum <*>",Thunderbird,Unseen,"synchronized to <*>, stratum <*>",0.6551263332366943
"synchronized to 10.100.28.250, stratum 3","synchronized to <*>, stratum <*>",Thunderbird,Unseen,"synchronized to <*>, stratum <*>",0.6535282135009766
"synchronized to 10.100.18.250, stratum 3","synchronized to <*>, stratum <*>",Thunderbird,Unseen,"synchronized to <*>, stratum <*>",0.6529598236083984
"synchronized to 10.100.26.250, stratum 3","synchronized to <*>, stratum <*>",Thunderbird,Unseen,"synchronized to <*>, stratum <*>",0.657132625579834
"synchronized to 10.100.8.250, stratum 3","synchronized to <*>, stratum <*>",Thunderbird,Unseen,"synchronized to <*>, stratum <*>",0.6621897220611572
"synchronized to 10.100.22.250, stratum 3","synchronized to <*>, stratum <*>",Thunderbird,Unseen,"synchronized to <*>, stratum <*>",0.6603524684906006
"synchronized to 10.100.20.250, stratum 3","synchronized to <*>, stratum <*>",Thunderbird,Unseen,"synchronized to <*>, stratum <*>",0.6537621021270752
"synchronized to 10.100.20.250, stratum 3","synchronized to <*>, stratum <*>",Thunderbird,Unseen,synchronized to <*>,0.4063854217529297
"synchronized to 10.100.22.250, stratum 3","synchronized to <*>, stratum <*>",Thunderbird,Unseen,"synchronized to <*>, stratum <*>",0.6437757015228271
"synchronized to 10.100.20.250, stratum 3","synchronized to <*>, stratum <*>",Thunderbird,Unseen,"synchronized to <*>, stratum <*>",0.6520776748657227
"synchronized to 10.100.20.250, stratum 3","synchronized to <*>, stratum <*>",Thunderbird,Unseen,"synchronized to <*>, stratum <*>",0.6628868579864502
"synchronized to 10.100.20.250, stratum 3","synchronized to <*>, stratum <*>",Thunderbird,Unseen,"synchronized to <*>, stratum <*>",0.6530787944793701
"synchronized to 10.100.12.250, stratum 3","synchronized to <*>, stratum <*>",Thunderbird,Unseen,"synchronized to <*>, stratum <*>",0.6530790328979492
"synchronized to 10.100.28.250, stratum 3","synchronized to <*>, stratum <*>",Thunderbird,Unseen,"synchronized to <*>, stratum <*>",0.6531181335449219
"synchronized to 10.100.20.250, stratum 3","synchronized to <*>, stratum <*>",Thunderbird,Unseen,"synchronized to <*>, stratum <*>",0.6682367324829102
"synchronized to 10.100.18.250, stratum 3","synchronized to <*>, stratum <*>",Thunderbird,Unseen,"synchronized to <*>, stratum <*>",0.6688902378082275
"synchronized to 10.100.16.250, stratum 3","synchronized to <*>, stratum <*>",Thunderbird,Unseen,"synchronized to <*>, stratum <*>",0.6496286392211914
"synchronized to 10.100.20.250, stratum 3","synchronized to <*>, stratum <*>",Thunderbird,Unseen,synchronized to <*> stratum <*>,0.5917720794677734
"synchronized to 10.100.22.250, stratum 3","synchronized to <*>, stratum <*>",Thunderbird,Unseen,"synchronized to <*>, stratum <*>",0.6543073654174805
"synchronized to 10.100.20.250, stratum 3","synchronized to <*>, stratum <*>",Thunderbird,Unseen,"synchronized to <*>, stratum <*>",0.6534819602966309
"synchronized to 10.100.28.250, stratum 3","synchronized to <*>, stratum <*>",Thunderbird,Unseen,"synchronized to <*>, stratum <*>",0.6610827445983887
"synchronized to 10.100.14.250, stratum 3","synchronized to <*>, stratum <*>",Thunderbird,Unseen,"synchronized to <*>, stratum <*>",0.6563293933868408
"synchronized to 10.100.24.250, stratum 3","synchronized to <*>, stratum <*>",Thunderbird,Unseen,"synchronized to <*>:<*>, stratum <*>",0.7763056755065918
"synchronized to 10.100.18.250, stratum 3","synchronized to <*>, stratum <*>",Thunderbird,Unseen,synchronized to <*>: stratum <*>,0.6551082134246826
"synchronized to 10.100.28.250, stratum 3","synchronized to <*>, stratum <*>",Thunderbird,Unseen,"synchronized to <*>, stratum <*>",0.652165412902832
"synchronized to 10.100.16.250, stratum 3","synchronized to <*>, stratum <*>",Thunderbird,Unseen,"synchronized to <*>, stratum <*>",0.6510231494903564
"synchronized to 10.100.16.250, stratum 3","synchronized to <*>, stratum <*>",Thunderbird,Unseen,"synchronized to <*>, stratum <*>",0.6548922061920166
"synchronized to 10.100.16.250, stratum 3","synchronized to <*>, stratum <*>",Thunderbird,Unseen,"synchronized to <*>, stratum <*>",0.65566086769104
"synchronized to 10.100.20.250, stratum 3","synchronized to <*>, stratum <*>",Thunderbird,Unseen,synchronized to <*>,0.40843915939331055
"synchronized to 10.100.22.250, stratum 3","synchronized to <*>, stratum <*>",Thunderbird,Unseen,"synchronized to <*>, stratum <*>",0.6555662155151367
"synchronized to 10.100.18.250, stratum 3","synchronized to <*>, stratum <*>",Thunderbird,Unseen,"synchronized to <*>, stratum <*>",0.6512513160705566
"synchronized to 10.100.20.250, stratum 3","synchronized to <*>, stratum <*>",Thunderbird,Unseen,synchronized to <*>,0.4129161834716797
"synchronized to 10.100.22.250, stratum 3","synchronized to <*>, stratum <*>",Thunderbird,Unseen,"synchronized to <*>, stratum <*>",0.6641802787780762
"synchronized to 10.100.18.250, stratum 3","synchronized to <*>, stratum <*>",Thunderbird,Unseen,"synchronized to <*>, stratum <*>",0.6672978401184082
"synchronized to 10.100.20.250, stratum 3","synchronized to <*>, stratum <*>",Thunderbird,Unseen,"synchronized to <*>, stratum <*>",0.6621291637420654
"synchronized to 10.100.20.250, stratum 3","synchronized to <*>, stratum <*>",Thunderbird,Unseen,"synchronized to <*>:<*>, stratum <*>",0.7803628444671631
"synchronized to 10.100.20.250, stratum 3","synchronized to <*>, stratum <*>",Thunderbird,Unseen,"synchronized to <*>, stratum <*>",0.652350664138794
"synchronized to 10.100.16.250, stratum 3","synchronized to <*>, stratum <*>",Thunderbird,Unseen,"synchronized to <*>, stratum <*>",0.6565430164337158
"synchronized to 10.100.16.250, stratum 3","synchronized to <*>, stratum <*>",Thunderbird,Unseen,"synchronized to <*>, stratum <*>",0.6540484428405762
"synchronized to 10.100.16.250, stratum 3","synchronized to <*>, stratum <*>",Thunderbird,Unseen,synchronized to <*> stratum <*>,0.5919363498687744
"synchronized to 10.100.22.250, stratum 3","synchronized to <*>, stratum <*>",Thunderbird,Unseen,"synchronized to <*>, stratum <*>",0.6559545993804932
"synchronized to 10.100.16.250, stratum 3","synchronized to <*>, stratum <*>",Thunderbird,Unseen,"synchronized to <*>, stratum <*>",0.6517050266265869
"synchronized to 10.100.20.250, stratum 3","synchronized to <*>, stratum <*>",Thunderbird,Unseen,"synchronized to <*>, stratum <*>",0.6484487056732178
"synchronized to 10.100.30.250, stratum 3","synchronized to <*>, stratum <*>",Thunderbird,Unseen,"synchronized to <*>, stratum <*>",0.6542313098907471
"synchronized to 10.100.16.250, stratum 3","synchronized to <*>, stratum <*>",Thunderbird,Unseen,synchronized to <*>: stratum <*>,0.6514875888824463
"synchronized to 10.100.16.250, stratum 3","synchronized to <*>, stratum <*>",Thunderbird,Unseen,"synchronized to <*>, stratum <*>",0.6545991897583008
"synchronized to 10.100.20.250, stratum 3","synchronized to <*>, stratum <*>",Thunderbird,Unseen,"synchronized to <*>, stratum <*>",0.6534299850463867
"synchronized to 10.100.22.250, stratum 3","synchronized to <*>, stratum <*>",Thunderbird,Unseen,synchronized to <*>,0.40669941902160645
"synchronized to 10.100.18.250, stratum 3","synchronized to <*>, stratum <*>",Thunderbird,Unseen,synchronized to <*>,0.4094383716583252
"synchronized to 10.100.20.250, stratum 3","synchronized to <*>, stratum <*>",Thunderbird,Unseen,"synchronized to <*>, stratum <*>",0.6511082649230957
"synchronized to 10.100.16.250, stratum 3","synchronized to <*>, stratum <*>",Thunderbird,Unseen,"synchronized to <*>, stratum <*>",0.669614315032959
"synchronized to 10.100.20.250, stratum 3","synchronized to <*>, stratum <*>",Thunderbird,Unseen,"synchronized to <*>, stratum <*>",0.6700406074523926
"synchronized to 10.100.20.250, stratum 3","synchronized to <*>, stratum <*>",Thunderbird,Unseen,"synchronized to <*>, stratum <*>",0.6622300148010254
"synchronized to 10.100.20.250, stratum 3","synchronized to <*>, stratum <*>",Thunderbird,Unseen,"synchronized to <*>, stratum <*>",0.6471426486968994
"synchronized to 10.100.20.250, stratum 3","synchronized to <*>, stratum <*>",Thunderbird,Unseen,"synchronized to <*>, stratum <*>",0.6487596035003662
"synchronized to 10.100.20.250, stratum 3","synchronized to <*>, stratum <*>",Thunderbird,Unseen,"synchronized to <*>, stratum <*>",0.6549906730651855
"synchronized to 10.100.16.250, stratum 3","synchronized to <*>, stratum <*>",Thunderbird,Unseen,"synchronized to <*>, stratum <*>",0.6521244049072266
"synchronized to 10.100.20.250, stratum 3","synchronized to <*>, stratum <*>",Thunderbird,Unseen,"synchronized to <*>, stratum <*>",0.6564714908599854
"synchronized to 10.100.22.250, stratum 3","synchronized to <*>, stratum <*>",Thunderbird,Unseen,"synchronized to <*>, stratum <*>",0.6558361053466797
"synchronized to 10.100.20.250, stratum 3","synchronized to <*>, stratum <*>",Thunderbird,Unseen,"synchronized to <*>, stratum <*>",0.654632568359375
"synchronized to 10.100.28.250, stratum 3","synchronized to <*>, stratum <*>",Thunderbird,Unseen,"synchronized to <*>, stratum <*>",0.6513712406158447
"synchronized to 10.100.16.250, stratum 3","synchronized to <*>, stratum <*>",Thunderbird,Unseen,"synchronized to <*>, stratum <*>",0.6509735584259033
"synchronized to 10.100.16.250, stratum 3","synchronized to <*>, stratum <*>",Thunderbird,Unseen,synchronized to <*>,0.4078953266143799
"synchronized to 10.100.20.250, stratum 3","synchronized to <*>, stratum <*>",Thunderbird,Unseen,"synchronized to <*>, stratum <*>",0.6560854911804199
"synchronized to 10.100.16.250, stratum 3","synchronized to <*>, stratum <*>",Thunderbird,Unseen,"synchronized to <*>, stratum <*>",0.6511774063110352
"synchronized to 10.100.18.250, stratum 3","synchronized to <*>, stratum <*>",Thunderbird,Unseen,"synchronized to <*>, stratum <*>",0.6503047943115234
"synchronized to 10.100.28.250, stratum 3","synchronized to <*>, stratum <*>",Thunderbird,Unseen,"synchronized to <*>, stratum <*>",0.6510651111602783
"synchronized to 10.100.16.250, stratum 3","synchronized to <*>, stratum <*>",Thunderbird,Unseen,"synchronized to <*>, stratum <*>",0.659492015838623
"synchronized to 10.100.16.250, stratum 3","synchronized to <*>, stratum <*>",Thunderbird,Unseen,"synchronized to <*>, stratum <*>",0.6638154983520508
"synchronized to 10.100.24.250, stratum 3","synchronized to <*>, stratum <*>",Thunderbird,Unseen,"synchronized to <*>, stratum <*>",0.664292573928833
"synchronized to 10.100.20.250, stratum 3","synchronized to <*>, stratum <*>",Thunderbird,Unseen,"synchronized to <*>, stratum <*>",0.6546573638916016
"synchronized to 10.100.26.250, stratum 3","synchronized to <*>, stratum <*>",Thunderbird,Unseen,synchronized to <*>,0.40720319747924805
"synchronized to 10.100.20.250, stratum 3","synchronized to <*>, stratum <*>",Thunderbird,Unseen,"synchronized to <*>, stratum <*>",0.653742790222168
"synchronized to 10.100.26.250, stratum 3","synchronized to <*>, stratum <*>",Thunderbird,Unseen,"synchronized to <*>, stratum <*>",0.6556637287139893
"synchronized to 10.100.20.250, stratum 3","synchronized to <*>, stratum <*>",Thunderbird,Unseen,"synchronized to <*>, stratum <*>",0.6449768543243408
"synchronized to 10.100.12.250, stratum 3","synchronized to <*>, stratum <*>",Thunderbird,Unseen,"synchronized to <*>,<*>, stratum <*>",0.7747693061828613
"synchronized to 10.100.24.250, stratum 3","synchronized to <*>, stratum <*>",Thunderbird,Unseen,synchronized to <*>,0.411177396774292
"synchronized to 10.100.16.250, stratum 3","synchronized to <*>, stratum <*>",Thunderbird,Unseen,synchronized to <*> stratum <*>,0.5939786434173584
"synchronized to 10.100.20.250, stratum 3","synchronized to <*>, stratum <*>",Thunderbird,Unseen,synchronized to <*>,0.41011524200439453
"synchronized to 10.100.20.250, stratum 3","synchronized to <*>, stratum <*>",Thunderbird,Unseen,"synchronized to <*>, stratum <*>",0.6576113700866699
"synchronized to 10.100.20.250, stratum 3","synchronized to <*>, stratum <*>",Thunderbird,Unseen,"synchronized to <*>, stratum <*>",0.6559216976165771
"synchronized to 10.100.22.250, stratum 3","synchronized to <*>, stratum <*>",Thunderbird,Unseen,synchronized to <*>,0.4081583023071289
"synchronized to 10.100.20.250, stratum 3","synchronized to <*>, stratum <*>",Thunderbird,Unseen,synchronized to <*>,0.4057645797729492
"synchronized to 10.100.28.250, stratum 3","synchronized to <*>, stratum <*>",Thunderbird,Unseen,"synchronized to <*>, stratum <*>",0.6514215469360352
"synchronized to 10.100.16.250, stratum 3","synchronized to <*>, stratum <*>",Thunderbird,Unseen,synchronized to <*>: stratum <*>,0.6590397357940674
"synchronized to 10.100.18.250, stratum 3","synchronized to <*>, stratum <*>",Thunderbird,Unseen,"synchronized to <*>, stratum <*>",0.6534574031829834
"synchronized to 10.100.16.250, stratum 3","synchronized to <*>, stratum <*>",Thunderbird,Unseen,"synchronized to <*>, stratum <*>",0.658369779586792
"synchronized to 10.100.18.250, stratum 3","synchronized to <*>, stratum <*>",Thunderbird,Unseen,"synchronized to <*>,<*>, stratum <*>",0.7971422672271729
"synchronized to 10.100.20.250, stratum 3","synchronized to <*>, stratum <*>",Thunderbird,Unseen,"synchronized to <*>, stratum <*>",0.6679911613464355
"synchronized to 10.100.28.250, stratum 3","synchronized to <*>, stratum <*>",Thunderbird,Unseen,"synchronized to <*>, stratum <*>",0.6578676700592041
"synchronized to 10.100.28.250, stratum 3","synchronized to <*>, stratum <*>",Thunderbird,Unseen,"synchronized to <*>, stratum <*>",0.6560323238372803
"synchronized to 10.100.20.250, stratum 3","synchronized to <*>, stratum <*>",Thunderbird,Unseen,synchronized to <*>: stratum <*>,0.6513302326202393
"synchronized to 10.100.22.250, stratum 3","synchronized to <*>, stratum <*>",Thunderbird,Unseen,"synchronized to <*>, stratum <*>",0.6552181243896484
"synchronized to 10.100.26.250, stratum 3","synchronized to <*>, stratum <*>",Thunderbird,Unseen,"synchronized to <*>, stratum <*>",0.6590747833251953
"synchronized to 10.100.16.250, stratum 3","synchronized to <*>, stratum <*>",Thunderbird,Unseen,"synchronized to <*>, stratum <*>",0.657390832901001
"synchronized to 10.100.20.250, stratum 3","synchronized to <*>, stratum <*>",Thunderbird,Unseen,"synchronized to <*>, stratum <*>",0.6568527221679688
"synchronized to 10.100.26.250, stratum 3","synchronized to <*>, stratum <*>",Thunderbird,Unseen,"synchronized to <*>, stratum <*>",0.6552000045776367
"synchronized to 10.100.26.250, stratum 3","synchronized to <*>, stratum <*>",Thunderbird,Unseen,"synchronized to <*>, stratum <*>",0.6559720039367676
"synchronized to 10.100.26.250, stratum 3","synchronized to <*>, stratum <*>",Thunderbird,Unseen,"synchronized to <*>, stratum <*>",0.653907299041748
"synchronized to 10.100.18.250, stratum 3","synchronized to <*>, stratum <*>",Thunderbird,Unseen,"synchronized to <*>, stratum <*>",0.6598403453826904
"synchronized to 10.100.22.250, stratum 3","synchronized to <*>, stratum <*>",Thunderbird,Unseen,"synchronized to <*>, stratum <*>",0.650545597076416
"synchronized to 10.100.20.250, stratum 3","synchronized to <*>, stratum <*>",Thunderbird,Unseen,"synchronized to <*>, stratum <*>",0.6542117595672607
"synchronized to 10.100.18.250, stratum 3","synchronized to <*>, stratum <*>",Thunderbird,Unseen,"synchronized to <*>, stratum <*>",0.6560583114624023
"synchronized to 10.100.22.250, stratum 3","synchronized to <*>, stratum <*>",Thunderbird,Unseen,synchronized to <*>,0.40977931022644043
"synchronized to 10.100.30.250, stratum 3","synchronized to <*>, stratum <*>",Thunderbird,Unseen,"synchronized to <*>, stratum <*>",0.65838623046875
"synchronized to 10.100.20.250, stratum 3","synchronized to <*>, stratum <*>",Thunderbird,Unseen,"synchronized to <*>, stratum <*>",0.6626577377319336
"synchronized to 10.100.10.250, stratum 3","synchronized to <*>, stratum <*>",Thunderbird,Unseen,synchronized to <*> stratum <*>,0.6077303886413574
"synchronized to 10.100.18.250, stratum 3","synchronized to <*>, stratum <*>",Thunderbird,Unseen,"synchronized to <*>, stratum <*>",0.6703770160675049
"synchronized to 10.100.16.250, stratum 3","synchronized to <*>, stratum <*>",Thunderbird,Unseen,"synchronized to <*>, stratum <*>",0.65679931640625
"synchronized to 10.100.16.250, stratum 3","synchronized to <*>, stratum <*>",Thunderbird,Unseen,"synchronized to <*>, stratum <*>",0.65834641456604
"synchronized to 10.100.16.250, stratum 3","synchronized to <*>, stratum <*>",Thunderbird,Unseen,"synchronized to <*>,<*>, stratum <*>",0.7737140655517578
"synchronized to 10.100.22.250, stratum 3","synchronized to <*>, stratum <*>",Thunderbird,Unseen,"synchronized to <*>, stratum <*>",0.6510789394378662
"synchronized to 10.100.18.250, stratum 3","synchronized to <*>, stratum <*>",Thunderbird,Unseen,synchronized to <*>,0.40887904167175293
"synchronized to 10.100.20.250, stratum 3","synchronized to <*>, stratum <*>",Thunderbird,Unseen,"synchronized to <*>, stratum <*>",0.6519360542297363
"synchronized to 10.100.20.250, stratum 3","synchronized to <*>, stratum <*>",Thunderbird,Unseen,"synchronized to <*>, stratum <*>",0.6527149677276611
"synchronized to 10.100.16.250, stratum 3","synchronized to <*>, stratum <*>",Thunderbird,Unseen,synchronized to <*>,0.41350340843200684
"synchronized to 10.100.22.250, stratum 3","synchronized to <*>, stratum <*>",Thunderbird,Unseen,"synchronized to <*>, stratum <*>",0.6531579494476318
"synchronized to 10.100.18.250, stratum 3","synchronized to <*>, stratum <*>",Thunderbird,Unseen,"synchronized to <*>, stratum <*>",0.6541118621826172
"synchronized to 10.100.20.250, stratum 3","synchronized to <*>, stratum <*>",Thunderbird,Unseen,"synchronized to <*>:<*>, stratum <*>",0.7743408679962158
"synchronized to 10.100.16.250, stratum 3","synchronized to <*>, stratum <*>",Thunderbird,Unseen,synchronized to <*>,0.4117159843444824
"synchronized to 10.100.20.250, stratum 3","synchronized to <*>, stratum <*>",Thunderbird,Unseen,"synchronized to <*>, stratum <*>",0.6518537998199463
"synchronized to 10.100.24.250, stratum 3","synchronized to <*>, stratum <*>",Thunderbird,Unseen,"synchronized to <*>, stratum <*>",0.6502172946929932
"synchronized to 10.100.30.250, stratum 3","synchronized to <*>, stratum <*>",Thunderbird,Unseen,"synchronized to <*>, stratum <*>",0.6551682949066162
"synchronized to 10.100.12.250, stratum 3","synchronized to <*>, stratum <*>",Thunderbird,Unseen,"synchronized to <*>, stratum <*>",0.6682450771331787
"synchronized to 10.100.20.250, stratum 3","synchronized to <*>, stratum <*>",Thunderbird,Unseen,"synchronized to <*>, stratum <*>",0.6608767509460449
"synchronized to 10.100.16.250, stratum 3","synchronized to <*>, stratum <*>",Thunderbird,Unseen,"synchronized to <*>, stratum <*>",0.661719799041748
"synchronized to 10.100.22.250, stratum 3","synchronized to <*>, stratum <*>",Thunderbird,Unseen,"synchronized to <*>, stratum <*>",0.653156042098999
"synchronized to 10.100.16.250, stratum 3","synchronized to <*>, stratum <*>",Thunderbird,Unseen,"synchronized to <*>, stratum <*>",0.6572284698486328
"synchronized to 10.100.22.250, stratum 3","synchronized to <*>, stratum <*>",Thunderbird,Unseen,synchronized to <*>: stratum <*>,0.6563863754272461
"synchronized to 10.100.20.250, stratum 3","synchronized to <*>, stratum <*>",Thunderbird,Unseen,"synchronized to <*>, stratum <*>",0.6543722152709961
