Content,EventTemplate,Dataset,Category,Unseen_LLAMA_FT_Zookeeper_5,Inference_time_5
"Connection broken for id 188978561024, my id = 1, error =","Connection broken for id <*>, my id = <*>, error =",Zookeeper,Unseen,"Connection broken for id <*>, my id = <*>, error =",4.621994972229004
"Connection broken for id 188978561024, my id = 1, error =","Connection broken for id <*>, my id = <*>, error =",Zookeeper,Unseen,"Connection broken for id <*>, my id = <*>, error =",1.015152931213379
"Connection broken for id 188978561024, my id = 1, error =","Connection broken for id <*>, my id = <*>, error =",Zookeeper,Unseen,"Connection broken for id <*>, my id = <*>, error =",1.0076134204864502
"Connection broken for id 188978561024, my id = 1, error =","Connection broken for id <*>, my id = <*>, error =",Zookeeper,Unseen,"Connection broken for id <*>, my id = <*>, error =",1.0043158531188965
"Connection broken for id 188978561024, my id = 1, error =","Connection broken for id <*>, my id = <*>, error =",Zookeeper,Unseen,"Connection broken for id <*>, my id = <*>, error =",1.0075113773345947
"Connection broken for id 188978561024, my id = 1, error =","Connection broken for id <*>, my id = <*>, error =",Zookeeper,Unseen,"Connection broken for id <*>, my id = <*>, error =",0.9984495639801025
"Connection broken for id 188978561024, my id = 1, error =","Connection broken for id <*>, my id = <*>, error =",Zookeeper,Unseen,"Connection broken for id <*>, my id = <*>, error =",1.0111305713653564
"Connection broken for id 188978561024, my id = 1, error =","Connection broken for id <*>, my id = <*>, error =",Zookeeper,Unseen,"Connection broken for id <*> my id = <*>, error =",0.94905686378479
"Connection broken for id 188978561024, my id = 1, error =","Connection broken for id <*>, my id = <*>, error =",Zookeeper,Unseen,Connection broken for id <*> my id = <*> error =,0.8866691589355469
"Connection broken for id 188978561024, my id = 1, error =","Connection broken for id <*>, my id = <*>, error =",Zookeeper,Unseen,"Connection broken for id <*>, my id = <*>, error =",1.0185816287994385
"Connection broken for id 188978561024, my id = 1, error =","Connection broken for id <*>, my id = <*>, error =",Zookeeper,Unseen,"Connection broken for id <*>, my id = <*>, error =",1.0064454078674316
"Connection broken for id 188978561024, my id = 1, error =","Connection broken for id <*>, my id = <*>, error =",Zookeeper,Unseen,Connection broken for id <*> my id = <*> error =,0.8814477920532227
"Connection broken for id 188978561024, my id = 1, error =","Connection broken for id <*>, my id = <*>, error =",Zookeeper,Unseen,"Connection broken for id <*>, my id = <*>, error =",1.0112192630767822
"Connection broken for id 188978561024, my id = 1, error =","Connection broken for id <*>, my id = <*>, error =",Zookeeper,Unseen,"Connection broken for id <*>, my id = <*>, error =",1.0094285011291504
"Connection broken for id 188978561024, my id = 1, error =","Connection broken for id <*>, my id = <*>, error =",Zookeeper,Unseen,"Connection broken for id <*>, my id = <*>, error =",1.0067591667175293
"Connection broken for id 188978561024, my id = 1, error =","Connection broken for id <*>, my id = <*>, error =",Zookeeper,Unseen,"Connection broken for id <*>, my id = <*>, error =",1.0055315494537354
"Connection broken for id 188978561024, my id = 1, error =","Connection broken for id <*>, my id = <*>, error =",Zookeeper,Unseen,"Connection broken for id <*>, my id = <*>, error =",1.0011279582977295
"Connection broken for id 188978561024, my id = 1, error =","Connection broken for id <*>, my id = <*>, error =",Zookeeper,Unseen,"Connection broken for id <*>, my id = <*>, error =",1.0073258876800537
"Connection broken for id 188978561024, my id = 1, error =","Connection broken for id <*>, my id = <*>, error =",Zookeeper,Unseen,"Connection broken for id <*> my id = <*>, error =",0.942603588104248
"Connection broken for id 188978561024, my id = 1, error =","Connection broken for id <*>, my id = <*>, error =",Zookeeper,Unseen,"Connection broken for id <*>, my id = <*>, error =",1.005436658859253
"Connection broken for id 188978561024, my id = 1, error =","Connection broken for id <*>, my id = <*>, error =",Zookeeper,Unseen,"Connection broken for id <*>, my id = <*>, error =",1.0214519500732422
"Connection broken for id 188978561024, my id = 1, error =","Connection broken for id <*>, my id = <*>, error =",Zookeeper,Unseen,"Connection broken for id <*> my id = <*>, error =",0.9459304809570312
"Connection broken for id 188978561024, my id = 1, error =","Connection broken for id <*>, my id = <*>, error =",Zookeeper,Unseen,"Connection broken for id <*>, my id = <*>, error =",1.007657527923584
"Connection broken for id 188978561024, my id = 1, error =","Connection broken for id <*>, my id = <*>, error =",Zookeeper,Unseen,"Connection broken for id <*>, my id = <*>, error =",1.0224123001098633
"Connection broken for id 188978561024, my id = 1, error =","Connection broken for id <*>, my id = <*>, error =",Zookeeper,Unseen,"Connection broken for id <*>, my id = <*>, error =",1.025550127029419
"Connection broken for id 188978561024, my id = 1, error =","Connection broken for id <*>, my id = <*>, error =",Zookeeper,Unseen,"Connection broken for id <*>, my id = <*>, error =",1.0116865634918213
"Connection broken for id 188978561024, my id = 1, error =","Connection broken for id <*>, my id = <*>, error =",Zookeeper,Unseen,"Connection broken for id <*> my id = <*>, error =",0.937126874923706
"Connection broken for id 188978561024, my id = 1, error =","Connection broken for id <*>, my id = <*>, error =",Zookeeper,Unseen,"Connection broken for id <*>, my id = <*>, error =",0.9955201148986816
"Connection broken for id 188978561024, my id = 1, error =","Connection broken for id <*>, my id = <*>, error =",Zookeeper,Unseen,"Connection broken for id <*>, my id = <*>, error =",0.996694803237915
"Connection broken for id 188978561024, my id = 1, error =","Connection broken for id <*>, my id = <*>, error =",Zookeeper,Unseen,"Connection broken for id <*>, my id = <*>, error =",1.0046846866607666
"Connection broken for id 188978561024, my id = 1, error =","Connection broken for id <*>, my id = <*>, error =",Zookeeper,Unseen,"Connection broken for id <*> my id = <*>, error =",0.9396381378173828
"Connection broken for id 188978561024, my id = 1, error =","Connection broken for id <*>, my id = <*>, error =",Zookeeper,Unseen,"Connection broken for id <*>, my id = <*>, error =",1.0053508281707764
"Connection broken for id 188978561024, my id = 1, error =","Connection broken for id <*>, my id = <*>, error =",Zookeeper,Unseen,"Connection broken for id <*>, my id = <*>, error =",1.0017132759094238
"Connection broken for id 188978561024, my id = 1, error =","Connection broken for id <*>, my id = <*>, error =",Zookeeper,Unseen,"Connection broken for id <*>, my id = <*>, error =",1.006284475326538
"Connection broken for id 188978561024, my id = 1, error =","Connection broken for id <*>, my id = <*>, error =",Zookeeper,Unseen,"Connection broken for id <*>, my id = <*>, error =",1.003594160079956
"Connection broken for id 188978561024, my id = 1, error =","Connection broken for id <*>, my id = <*>, error =",Zookeeper,Unseen,Connection broken for id <*> my id = <*> error =,0.8817799091339111
"Connection broken for id 188978561024, my id = 1, error =","Connection broken for id <*>, my id = <*>, error =",Zookeeper,Unseen,"Connection broken for id <*>, my id = <*>, error =",1.0220534801483154
"Connection broken for id 188978561024, my id = 1, error =","Connection broken for id <*>, my id = <*>, error =",Zookeeper,Unseen,"Connection broken for id <*>, my id = <*>, error =",1.0197093486785889
"Connection broken for id 188978561024, my id = 1, error =","Connection broken for id <*>, my id = <*>, error =",Zookeeper,Unseen,"Connection broken for id <*>, my id = <*>, error =",1.0150601863861084
"Connection broken for id 188978561024, my id = 1, error =","Connection broken for id <*>, my id = <*>, error =",Zookeeper,Unseen,"Connection broken for id <*>, my id = <*>, error =",1.0135366916656494
"Connection broken for id 188978561024, my id = 1, error =","Connection broken for id <*>, my id = <*>, error =",Zookeeper,Unseen,"Connection broken for id <*>, my id = <*>, error =",1.005462884902954
"Connection broken for id 188978561024, my id = 1, error =","Connection broken for id <*>, my id = <*>, error =",Zookeeper,Unseen,"Connection broken for id <*>, my id = <*>, error =",1.0058810710906982
"Connection broken for id 188978561024, my id = 1, error =","Connection broken for id <*>, my id = <*>, error =",Zookeeper,Unseen,"Connection broken for id <*> my id = <*>, error =",0.937225341796875
"Connection broken for id 188978561024, my id = 1, error =","Connection broken for id <*>, my id = <*>, error =",Zookeeper,Unseen,"Connection broken for id <*>, my id = <*>, error =",0.9972579479217529
"Connection broken for id 188978561024, my id = 1, error =","Connection broken for id <*>, my id = <*>, error =",Zookeeper,Unseen,"Connection broken for id <*>, my id = <*>, error =",1.0033514499664307
"Connection broken for id 188978561024, my id = 1, error =","Connection broken for id <*>, my id = <*>, error =",Zookeeper,Unseen,"Connection broken for id <*>, my id = <*>, error =",1.0029475688934326
"Connection broken for id 188978561024, my id = 1, error =","Connection broken for id <*>, my id = <*>, error =",Zookeeper,Unseen,"Connection broken for id <*>, my id = <*>, error =",1.0146644115447998
"Connection broken for id 188978561024, my id = 1, error =","Connection broken for id <*>, my id = <*>, error =",Zookeeper,Unseen,"Connection broken for id <*>, my id = <*>, error =",1.0190072059631348
"Connection broken for id 188978561024, my id = 1, error =","Connection broken for id <*>, my id = <*>, error =",Zookeeper,Unseen,"Connection broken for id <*>, my id = <*>, error =",1.0091733932495117
"Connection broken for id 188978561024, my id = 1, error =","Connection broken for id <*>, my id = <*>, error =",Zookeeper,Unseen,"Connection broken for id <*>, my id = <*>, error =",1.005448579788208
"Connection broken for id 188978561024, my id = 1, error =","Connection broken for id <*>, my id = <*>, error =",Zookeeper,Unseen,"Connection broken for id <*>, my id = <*>, error =",1.0084176063537598
"Connection broken for id 188978561024, my id = 1, error =","Connection broken for id <*>, my id = <*>, error =",Zookeeper,Unseen,"Connection broken for id <*>, my id = <*>, error =",1.0050179958343506
"Connection broken for id 188978561024, my id = 1, error =","Connection broken for id <*>, my id = <*>, error =",Zookeeper,Unseen,"Connection broken for id <*> my id = <*>, error =",0.941260814666748
"Connection broken for id 188978561024, my id = 1, error =","Connection broken for id <*>, my id = <*>, error =",Zookeeper,Unseen,"Connection broken for id <*>, my id = <*>, error =",1.002011775970459
"Connection broken for id 188978561024, my id = 1, error =","Connection broken for id <*>, my id = <*>, error =",Zookeeper,Unseen,"Connection broken for id <*>, my id = <*>, error =",1.0032505989074707
"Connection broken for id 188978561024, my id = 1, error =","Connection broken for id <*>, my id = <*>, error =",Zookeeper,Unseen,"Connection broken for id <*>, my id = <*>, error =",0.9995982646942139
"Connection broken for id 188978561024, my id = 1, error =","Connection broken for id <*>, my id = <*>, error =",Zookeeper,Unseen,"Connection broken for id <*>, my id = <*>, error =",1.0021061897277832
"Connection broken for id 188978561024, my id = 1, error =","Connection broken for id <*>, my id = <*>, error =",Zookeeper,Unseen,"Connection broken for id <*>, my id = <*>, error =",1.0053040981292725
"Connection broken for id 188978561024, my id = 1, error =","Connection broken for id <*>, my id = <*>, error =",Zookeeper,Unseen,"Connection broken for id <*>, my id = <*>, error =",1.0104248523712158
"Connection broken for id 188978561024, my id = 1, error =","Connection broken for id <*>, my id = <*>, error =",Zookeeper,Unseen,"Connection broken for id <*>, my id = <*>, error =",0.9999432563781738
"Connection broken for id 188978561024, my id = 1, error =","Connection broken for id <*>, my id = <*>, error =",Zookeeper,Unseen,"Connection broken for id <*> my id = <*>, error =",0.9406554698944092
"Connection broken for id 188978561024, my id = 1, error =","Connection broken for id <*>, my id = <*>, error =",Zookeeper,Unseen,"Connection broken for id <*>, my id = <*>, error =",1.0139689445495605
"Connection broken for id 188978561024, my id = 1, error =","Connection broken for id <*>, my id = <*>, error =",Zookeeper,Unseen,"Connection broken for id <*>, my id = <*>, error =",1.0043385028839111
"Connection broken for id 188978561024, my id = 1, error =","Connection broken for id <*>, my id = <*>, error =",Zookeeper,Unseen,"Connection broken for id <*>, my id = <*>, error =",0.9939043521881104
"Connection broken for id 188978561024, my id = 1, error =","Connection broken for id <*>, my id = <*>, error =",Zookeeper,Unseen,"Connection broken for id <*> my id = <*>, error =",0.9363617897033691
"Connection broken for id 188978561024, my id = 1, error =","Connection broken for id <*>, my id = <*>, error =",Zookeeper,Unseen,"Connection broken for id <*>, my id = <*>, error =",1.0061638355255127
"Connection broken for id 188978561024, my id = 1, error =","Connection broken for id <*>, my id = <*>, error =",Zookeeper,Unseen,"Connection broken for id <*>, my id = <*>, error =",1.0008668899536133
"Connection broken for id 188978561024, my id = 1, error =","Connection broken for id <*>, my id = <*>, error =",Zookeeper,Unseen,"Connection broken for id <*> my id = <*>, error =",0.9349753856658936
"Connection broken for id 188978561024, my id = 1, error =","Connection broken for id <*>, my id = <*>, error =",Zookeeper,Unseen,"Connection broken for id <*>, my id = <*>, error =",1.0192017555236816
"Connection broken for id 188978561024, my id = 1, error =","Connection broken for id <*>, my id = <*>, error =",Zookeeper,Unseen,"Connection broken for id <*>, my id = <*>, error =",1.0373425483703613
"Connection broken for id 188978561024, my id = 1, error =","Connection broken for id <*>, my id = <*>, error =",Zookeeper,Unseen,"Connection broken for id <*>, my id = <*>, error =",1.0446734428405762
"Connection broken for id 188978561024, my id = 1, error =","Connection broken for id <*>, my id = <*>, error =",Zookeeper,Unseen,"Connection broken for id <*>, my id = <*>, error =",1.0095257759094238
"Connection broken for id 188978561024, my id = 1, error =","Connection broken for id <*>, my id = <*>, error =",Zookeeper,Unseen,"Connection broken for id <*>, my id = <*>, error =",1.0079374313354492
"Connection broken for id 188978561024, my id = 1, error =","Connection broken for id <*>, my id = <*>, error =",Zookeeper,Unseen,"Connection broken for id <*> my id = <*>, error =",0.9386322498321533
"Connection broken for id 188978561024, my id = 1, error =","Connection broken for id <*>, my id = <*>, error =",Zookeeper,Unseen,"Connection broken for id <*>, my id = <*>, error =",1.0078911781311035
"Connection broken for id 188978561024, my id = 1, error =","Connection broken for id <*>, my id = <*>, error =",Zookeeper,Unseen,"Connection broken for id <*> my id = <*>, error =",0.9413156509399414
"Connection broken for id 188978561024, my id = 1, error =","Connection broken for id <*>, my id = <*>, error =",Zookeeper,Unseen,"Connection broken for id <*>, my id = <*>, error =",1.0108888149261475
"Connection broken for id 188978561024, my id = 1, error =","Connection broken for id <*>, my id = <*>, error =",Zookeeper,Unseen,"Connection broken for id <*>, my id = <>, error =",1.0117871761322021
"Connection broken for id 188978561024, my id = 1, error =","Connection broken for id <*>, my id = <*>, error =",Zookeeper,Unseen,"Connection broken for id <*>, my id = <*>, error =",1.005127191543579
"Connection broken for id 188978561024, my id = 1, error =","Connection broken for id <*>, my id = <*>, error =",Zookeeper,Unseen,"Connection broken for id <*>, my id = <*>, error =",1.0040578842163086
"Connection broken for id 188978561024, my id = 1, error =","Connection broken for id <*>, my id = <*>, error =",Zookeeper,Unseen,"Connection broken for id <*>, my id = <*>, error =",1.0048036575317383
"Connection broken for id 188978561024, my id = 1, error =","Connection broken for id <*>, my id = <*>, error =",Zookeeper,Unseen,"Connection broken for id <*> my id = <*>, error =",0.9548311233520508
"Connection broken for id 188978561024, my id = 1, error =","Connection broken for id <*>, my id = <*>, error =",Zookeeper,Unseen,"Connection broken for id <*>, my id = <*>, error =",1.0034983158111572
"Connection broken for id 188978561024, my id = 1, error =","Connection broken for id <*>, my id = <*>, error =",Zookeeper,Unseen,"Connection broken for id <*>, my id = <*>, error =",1.0061283111572266
"Connection broken for id 188978561024, my id = 1, error =","Connection broken for id <*>, my id = <*>, error =",Zookeeper,Unseen,"Connection broken for id <*> my id = <*>, error =",0.943342924118042
"Connection broken for id 188978561024, my id = 1, error =","Connection broken for id <*>, my id = <*>, error =",Zookeeper,Unseen,"Connection broken for id <*>, my id = <*>, error =",1.017488956451416
"Connection broken for id 188978561024, my id = 1, error =","Connection broken for id <*>, my id = <*>, error =",Zookeeper,Unseen,"Connection broken for id <*>, my id = <*>, error =",1.0145888328552246
"Connection broken for id 188978561024, my id = 1, error =","Connection broken for id <*>, my id = <*>, error =",Zookeeper,Unseen,"Connection broken for id <*> my id = <*>, error =",0.9472935199737549
"Connection broken for id 188978561024, my id = 1, error =","Connection broken for id <*>, my id = <*>, error =",Zookeeper,Unseen,"Connection broken for id <*>, my id = <*>, error =",1.0060250759124756
"Connection broken for id 188978561024, my id = 1, error =","Connection broken for id <*>, my id = <*>, error =",Zookeeper,Unseen,"Connection broken for id <*>, my id = <*>, error =",1.0067262649536133
"Connection broken for id 188978561024, my id = 1, error =","Connection broken for id <*>, my id = <*>, error =",Zookeeper,Unseen,"Connection broken for id <*> my id = <*>, error =",0.9472866058349609
"Connection broken for id 188978561024, my id = 1, error =","Connection broken for id <*>, my id = <*>, error =",Zookeeper,Unseen,"Connection broken for id <*>, my id = <*>, error =",1.014078140258789
"Connection broken for id 188978561024, my id = 1, error =","Connection broken for id <*>, my id = <*>, error =",Zookeeper,Unseen,"Connection broken for id <*>, my id = <*>, error =",1.0134387016296387
"Connection broken for id 188978561024, my id = 1, error =","Connection broken for id <*>, my id = <*>, error =",Zookeeper,Unseen,"Connection broken for id <*>, my id = <*>, error =",1.00827956199646
Server environment:user.dir=/,Server environment:<*>,Zookeeper,Unseen,Server environment:user.dir=<*>,0.5496864318847656
******* GOODBYE /10.10.34.12:35276 ********,******* GOODBYE <*>:<*> ********,Zookeeper,Unseen,******* GOODBYE <*>:<*> ********,0.6788866519927979
"Have smaller server identifier, so dropping the connection: (2, 1)","Have smaller server identifier, so dropping the connection: (<*>, <*>)",Zookeeper,Unseen,"Have smaller server identifier, so dropping the connection: (<*>, <*>)",1.1336603164672852
FOLLOWING,FOLLOWING,Zookeeper,Unseen,FOLLOWING,0.36005640029907227
Server environment:host.name=mesos-master-1,Server environment:<*>,Zookeeper,Unseen,Server environment:host.name=<*>,0.5508697032928467
Server environment:java.vendor=Oracle Corporation,Server environment:<*>,Zookeeper,Unseen,Server environment:java.vendor=<*>,0.6182913780212402
"Server environment:zookeeper.version=3.4.5--1, built on 06/10/2013 17:26 GMT",Server environment:<*>,Zookeeper,Unseen,Server environment:<*>,0.4241464138031006
Server environment:user.name=zookeeper,Server environment:<*>,Zookeeper,Unseen,Server environment:user.name=<*>,0.5511956214904785
Server environment:os.name=Linux,Server environment:<*>,Zookeeper,Unseen,Server environment:os.name=<*>,0.6189172267913818
Exception causing close of session 0x0 due to java.io.IOException: ZooKeeperServer not running,Exception causing close of session <*> due to java.io.IOException: ZooKeeperServer not running,Zookeeper,Unseen,Exception causing close of session <*> due to java.io.IOException: ZooKeeperServer not running,1.250196933746338
"Notification: 3 (n.leader), 0xb0000007b (n.zxid), 0x2 (n.round), LOOKING (n.state), 3 (n.sid), 0xb (n.peerEPoch), FOLLOWING (my state)","Notification: <*> (n.leader), <*> (n.zxid), <*> (n.round), LOOKING (n.state), <*> (n.sid), <*> (n.peerEPoch), FOLLOWING (my state)",Zookeeper,Unseen,"Notification: <*> (n.leader), <*> (n.zxid), <*> (n.round), LOOKING (n.state), <*> (n.sid), <*> (n.peerEPoch), FOLLOWING (my state)",2.9982845783233643
"Connection broken for id 3, my id = 1, error =","Connection broken for id <*>, my id = <*>, error =",Zookeeper,Unseen,"Connection broken for id <*> my id = <*>, error =",0.9521417617797852
Server environment:java.vendor=Oracle Corporation,Server environment:<*>,Zookeeper,Unseen,Server environment:<*>,0.42415833473205566
******* GOODBYE /10.10.34.11:52264 ********,******* GOODBYE <*>:<*> ********,Zookeeper,Unseen,******* GOODBYE <*>:52264 ********,0.761019229888916
******* GOODBYE /10.10.34.11:52308 ********,******* GOODBYE <*>:<*> ********,Zookeeper,Unseen,******* GOODBYE <*>: <*> ********,0.6915509700775146
******* GOODBYE /10.10.34.12:59060 ********,******* GOODBYE <*>:<*> ********,Zookeeper,Unseen,******* GOODBYE <*>:59060 ********,0.7401621341705322
******* GOODBYE /10.10.34.12:59103 ********,******* GOODBYE <*>:<*> ********,Zookeeper,Unseen,******* GOODBYE <*>: <*> ********,0.6771624088287354
******* GOODBYE /10.10.34.13:57247 ********,******* GOODBYE <*>:<*> ********,Zookeeper,Unseen,******* GOODBYE <*>: <*> ********,0.6826741695404053
******* GOODBYE /10.10.34.13:57319 ********,******* GOODBYE <*>:<*> ********,Zookeeper,Unseen,******* GOODBYE <*>: <*> ********,0.6825582981109619
******* GOODBYE /10.10.34.11:52476 ********,******* GOODBYE <*>:<*> ********,Zookeeper,Unseen,******* GOODBYE <*>:<*> ********,0.6824378967285156
******* GOODBYE /10.10.34.12:59203 ********,******* GOODBYE <*>:<*> ********,Zookeeper,Unseen,******* GOODBYE <*>: <*> ********,0.6803798675537109
******* GOODBYE /10.10.34.12:59211 ********,******* GOODBYE <*>:<*> ********,Zookeeper,Unseen,******* GOODBYE <*>:<*> ********,0.6836607456207275
******* GOODBYE /10.10.34.11:52502 ********,******* GOODBYE <*>:<*> ********,Zookeeper,Unseen,******* GOODBYE <*>:<*> ********,0.6844871044158936
******* GOODBYE /10.10.34.13:57458 ********,******* GOODBYE <*>:<*> ********,Zookeeper,Unseen,******* GOODBYE <*>:<> ********,0.6880202293395996
******* GOODBYE /10.10.34.13:57502 ********,******* GOODBYE <*>:<*> ********,Zookeeper,Unseen,******* GOODBYE <*>: <*> ********,0.6741020679473877
******* GOODBYE /10.10.34.11:52703 ********,******* GOODBYE <*>:<*> ********,Zookeeper,Unseen,******* GOODBYE <*>:<*> ********,0.6755630970001221
******* GOODBYE /10.10.34.12:59406 ********,******* GOODBYE <*>:<*> ********,Zookeeper,Unseen,******* GOODBYE <*>:<*> ********,0.6746799945831299
******* GOODBYE /10.10.34.13:57580 ********,******* GOODBYE <*>:<*> ********,Zookeeper,Unseen,******* GOODBYE <*>: <*> ********,0.6819226741790771
******* GOODBYE /10.10.34.11:52818 ********,******* GOODBYE <*>:<*> ********,Zookeeper,Unseen,******* GOODBYE <*>:<*> ********,0.7030813694000244
******* GOODBYE /10.10.34.11:52844 ********,******* GOODBYE <*>:<*> ********,Zookeeper,Unseen,******* GOODBYE <*>:52844 ********,0.7681102752685547
******* GOODBYE /10.10.34.13:57653 ********,******* GOODBYE <*>:<*> ********,Zookeeper,Unseen,******* GOODBYE <*>:<> ********,0.6872806549072266
"Connection broken for id 188978561024, my id = 2, error =","Connection broken for id <*>, my id = <*>, error =",Zookeeper,Unseen,"Connection broken for id <*>, my id = <*>, error =",1.0076367855072021
"Connection broken for id 188978561024, my id = 2, error =","Connection broken for id <*>, my id = <*>, error =",Zookeeper,Unseen,"Connection broken for id <*>, my id = <*>, error =",1.0052340030670166
"Connection broken for id 188978561024, my id = 2, error =","Connection broken for id <*>, my id = <*>, error =",Zookeeper,Unseen,"Connection broken for id <*>, my id = <*>, error =",1.006835699081421
"Connection broken for id 188978561024, my id = 2, error =","Connection broken for id <*>, my id = <*>, error =",Zookeeper,Unseen,"Connection broken for id <*>, my id = <*>, error =",1.0111920833587646
"Connection broken for id 188978561024, my id = 2, error =","Connection broken for id <*>, my id = <*>, error =",Zookeeper,Unseen,"Connection broken for id <*>, my id = <*>, error =",0.9937880039215088
"Connection broken for id 188978561024, my id = 2, error =","Connection broken for id <*>, my id = <*>, error =",Zookeeper,Unseen,"Connection broken for id <*>, my id = <*>, error =",0.9934813976287842
"Connection broken for id 188978561024, my id = 2, error =","Connection broken for id <*>, my id = <*>, error =",Zookeeper,Unseen,"Connection broken for id <*>, my id = <*>, error =",0.9999430179595947
"Connection broken for id 188978561024, my id = 2, error =","Connection broken for id <*>, my id = <*>, error =",Zookeeper,Unseen,"Connection broken for id <*> my id = <*>, error =",0.9307703971862793
"Connection broken for id 188978561024, my id = 2, error =","Connection broken for id <*>, my id = <*>, error =",Zookeeper,Unseen,"Connection broken for id <*> my id = <*>, error =",0.9442269802093506
"Connection broken for id 188978561024, my id = 2, error =","Connection broken for id <*>, my id = <*>, error =",Zookeeper,Unseen,"Connection broken for id <*>, my id = <*>, error =",1.0274479389190674
"Connection broken for id 188978561024, my id = 2, error =","Connection broken for id <*>, my id = <*>, error =",Zookeeper,Unseen,"Connection broken for id <*>, my id = <*>, error =",1.0354628562927246
"Connection broken for id 188978561024, my id = 2, error =","Connection broken for id <*>, my id = <*>, error =",Zookeeper,Unseen,"Connection broken for id <*>, my id = <*>, error =",0.9992916584014893
"Connection broken for id 188978561024, my id = 2, error =","Connection broken for id <*>, my id = <*>, error =",Zookeeper,Unseen,"Connection broken for id <*>, my id = <*>, error =",1.0032267570495605
"Connection broken for id 188978561024, my id = 2, error =","Connection broken for id <*>, my id = <*>, error =",Zookeeper,Unseen,"Connection broken for id <*> my id = <*>, error =",0.9404342174530029
"Connection broken for id 188978561024, my id = 2, error =","Connection broken for id <*>, my id = <*>, error =",Zookeeper,Unseen,"Connection broken for id <*> my id = <*>, error =",0.946998119354248
"Connection broken for id 188978561024, my id = 2, error =","Connection broken for id <*>, my id = <*>, error =",Zookeeper,Unseen,"Connection broken for id <*>, my id = <*>, error =",1.0069801807403564
"Connection broken for id 188978561024, my id = 2, error =","Connection broken for id <*>, my id = <*>, error =",Zookeeper,Unseen,"Connection broken for id <*> my id = <*>, error =",0.9366061687469482
"Connection broken for id 188978561024, my id = 2, error =","Connection broken for id <*>, my id = <*>, error =",Zookeeper,Unseen,"Connection broken for id <*>, my id = <*>, error =",1.0047969818115234
"Connection broken for id 188978561024, my id = 2, error =","Connection broken for id <*>, my id = <*>, error =",Zookeeper,Unseen,"Connection broken for id <*>, my id = <*>, error =",1.0089576244354248
"Connection broken for id 188978561024, my id = 2, error =","Connection broken for id <*>, my id = <*>, error =",Zookeeper,Unseen,"Connection broken for id <*>, my id = <*>, error =",0.9982678890228271
"Connection broken for id 188978561024, my id = 2, error =","Connection broken for id <*>, my id = <*>, error =",Zookeeper,Unseen,"Connection broken for id <*>, my id = <*>, error =",1.0032882690429688
"Connection broken for id 188978561024, my id = 2, error =","Connection broken for id <*>, my id = <*>, error =",Zookeeper,Unseen,"Connection broken for id <*>, my id = <*>, error =",1.0344741344451904
"Connection broken for id 188978561024, my id = 2, error =","Connection broken for id <*>, my id = <*>, error =",Zookeeper,Unseen,"Connection broken for id <*>, my id = <*>, error =",1.0224800109863281
"Connection broken for id 188978561024, my id = 2, error =","Connection broken for id <*>, my id = <*>, error =",Zookeeper,Unseen,"Connection broken for id <*>, my id = <*>, error =",0.9964199066162109
"Connection broken for id 188978561024, my id = 2, error =","Connection broken for id <*>, my id = <*>, error =",Zookeeper,Unseen,"Connection broken for id <*>, my id = <*>, error =",1.0032730102539062
"Connection broken for id 188978561024, my id = 2, error =","Connection broken for id <*>, my id = <*>, error =",Zookeeper,Unseen,"Connection broken for id <*>, my id = <*>, error =",1.009338140487671
"Connection broken for id 188978561024, my id = 2, error =","Connection broken for id <*>, my id = <*>, error =",Zookeeper,Unseen,"Connection broken for id <*> my id = <*>, error =",0.9455387592315674
"Connection broken for id 188978561024, my id = 2, error =","Connection broken for id <*>, my id = <*>, error =",Zookeeper,Unseen,"Connection broken for id <*>, my id = <*>, error =",1.0119140148162842
"Connection broken for id 188978561024, my id = 2, error =","Connection broken for id <*>, my id = <*>, error =",Zookeeper,Unseen,"Connection broken for id <*>, my id = <*>, error =",1.0009703636169434
"Connection broken for id 188978561024, my id = 2, error =","Connection broken for id <*>, my id = <*>, error =",Zookeeper,Unseen,"Connection broken for id <*>, my id = <*>, error =",0.9968619346618652
"Connection broken for id 188978561024, my id = 2, error =","Connection broken for id <*>, my id = <*>, error =",Zookeeper,Unseen,"Connection broken for id <*>, my id = <*>, error =",0.9996075630187988
"Connection broken for id 188978561024, my id = 2, error =","Connection broken for id <*>, my id = <*>, error =",Zookeeper,Unseen,"Connection broken for id <*>, my id = <*>, error =",1.007779836654663
"Connection broken for id 188978561024, my id = 2, error =","Connection broken for id <*>, my id = <*>, error =",Zookeeper,Unseen,"Connection broken for id <*> my id = <*>, error =",0.9628872871398926
"Connection broken for id 188978561024, my id = 2, error =","Connection broken for id <*>, my id = <*>, error =",Zookeeper,Unseen,"Connection broken for id <*> my id = <*>, error =",0.9575483798980713
"Connection broken for id 188978561024, my id = 2, error =","Connection broken for id <*>, my id = <*>, error =",Zookeeper,Unseen,"Connection broken for id <*>, my id = <*>, error =",0.9900422096252441
"Connection broken for id 188978561024, my id = 2, error =","Connection broken for id <*>, my id = <*>, error =",Zookeeper,Unseen,"Connection broken for id <*>, my id = <*>, error =",0.9981417655944824
"Connection broken for id 188978561024, my id = 2, error =","Connection broken for id <*>, my id = <*>, error =",Zookeeper,Unseen,"Connection broken for id <*>, my id = <*>, error =",1.0070760250091553
"Connection broken for id 188978561024, my id = 2, error =","Connection broken for id <*>, my id = <*>, error =",Zookeeper,Unseen,"Connection broken for id <*> my id = <*>, error =",0.9413092136383057
"Connection broken for id 188978561024, my id = 2, error =","Connection broken for id <*>, my id = <*>, error =",Zookeeper,Unseen,"Connection broken for id <*> my id = <*>, error =",0.9497289657592773
"Connection broken for id 188978561024, my id = 2, error =","Connection broken for id <*>, my id = <*>, error =",Zookeeper,Unseen,"Connection broken for id <*> my id = <*>, error =",0.9469127655029297
"Connection broken for id 188978561024, my id = 2, error =","Connection broken for id <*>, my id = <*>, error =",Zookeeper,Unseen,"Connection broken for id <*> my id = <*>, error =",0.9418089389801025
"Connection broken for id 188978561024, my id = 2, error =","Connection broken for id <*>, my id = <*>, error =",Zookeeper,Unseen,"Connection broken for id <*>, my id = <*>, error =",1.0116722583770752
"Connection broken for id 188978561024, my id = 2, error =","Connection broken for id <*>, my id = <*>, error =",Zookeeper,Unseen,"Connection broken for id <*>, my id = <*>, error =",1.00343918800354
"Connection broken for id 188978561024, my id = 2, error =","Connection broken for id <*>, my id = <*>, error =",Zookeeper,Unseen,"Connection broken for id <*> my id = <*>, error =",0.9386777877807617
"Connection broken for id 188978561024, my id = 2, error =","Connection broken for id <*>, my id = <*>, error =",Zookeeper,Unseen,"Connection broken for id <*>, my id = <*>, error =",1.0272703170776367
"Connection broken for id 188978561024, my id = 2, error =","Connection broken for id <*>, my id = <*>, error =",Zookeeper,Unseen,"Connection broken for id <*>, my id = <*>, error =",1.0151104927062988
"Connection broken for id 188978561024, my id = 2, error =","Connection broken for id <*>, my id = <*>, error =",Zookeeper,Unseen,"Connection broken for id <*>, my id = <*>, error = <*>",1.0657427310943604
"Connection broken for id 188978561024, my id = 2, error =","Connection broken for id <*>, my id = <*>, error =",Zookeeper,Unseen,"Connection broken for id <*>, my id = <*>, error =",1.0061566829681396
"Connection broken for id 188978561024, my id = 2, error =","Connection broken for id <*>, my id = <*>, error =",Zookeeper,Unseen,"Connection broken for id <*>, my id = <*>, error =",1.000852108001709
"Connection broken for id 188978561024, my id = 2, error =","Connection broken for id <*>, my id = <*>, error =",Zookeeper,Unseen,"Connection broken for id <*> my id = <*>, error =",0.9457814693450928
"Connection broken for id 188978561024, my id = 2, error =","Connection broken for id <*>, my id = <*>, error =",Zookeeper,Unseen,"Connection broken for id <*>, my id = <*>, error =",1.0072410106658936
"Connection broken for id 188978561024, my id = 2, error =","Connection broken for id <*>, my id = <*>, error =",Zookeeper,Unseen,"Connection broken for id <*>, my id = <*>, error =",1.0020692348480225
"Connection broken for id 188978561024, my id = 2, error =","Connection broken for id <*>, my id = <*>, error =",Zookeeper,Unseen,"Connection broken for id <*>, my id = <*>, error =",1.00593900680542
"Connection broken for id 188978561024, my id = 2, error =","Connection broken for id <*>, my id = <*>, error =",Zookeeper,Unseen,"Connection broken for id <*> my id = <*>, error =",0.9436807632446289
"Connection broken for id 188978561024, my id = 2, error =","Connection broken for id <*>, my id = <*>, error =",Zookeeper,Unseen,"Connection broken for id <*>, my id = <*>, error = <*>",1.0704190731048584
"Connection broken for id 188978561024, my id = 2, error =","Connection broken for id <*>, my id = <*>, error =",Zookeeper,Unseen,"Connection broken for id <*>, my id = <*>, error =",1.035229206085205
"Connection broken for id 188978561024, my id = 2, error =","Connection broken for id <*>, my id = <*>, error =",Zookeeper,Unseen,"Connection broken for id <*>, my id = <*>, error =",1.0277142524719238
"Connection broken for id 188978561024, my id = 2, error =","Connection broken for id <*>, my id = <*>, error =",Zookeeper,Unseen,"Connection broken for id <*>, my id = <*>, error =",1.006037712097168
"Connection broken for id 188978561024, my id = 2, error =","Connection broken for id <*>, my id = <*>, error =",Zookeeper,Unseen,"Connection broken for id <*>, my id = <*>, error =",1.0084290504455566
"Connection broken for id 188978561024, my id = 2, error =","Connection broken for id <*>, my id = <*>, error =",Zookeeper,Unseen,Connection broken for id <*> my id = <*> error =,0.8689432144165039
"Connection broken for id 188978561024, my id = 2, error =","Connection broken for id <*>, my id = <*>, error =",Zookeeper,Unseen,"Connection broken for id <*> my id = <*>, error =",0.9413034915924072
"Connection broken for id 188978561024, my id = 2, error =","Connection broken for id <*>, my id = <*>, error =",Zookeeper,Unseen,"Connection broken for id <*>, my id = <*>, error =",1.0004796981811523
"Connection broken for id 188978561024, my id = 2, error =","Connection broken for id <*>, my id = <*>, error =",Zookeeper,Unseen,"Connection broken for id <*>, my id = <*>, error =",1.0008845329284668
"Connection broken for id 188978561024, my id = 2, error =","Connection broken for id <*>, my id = <*>, error =",Zookeeper,Unseen,"Connection broken for id <*>, my id = <*>, error =",0.9977843761444092
"Connection broken for id 188978561024, my id = 2, error =","Connection broken for id <*>, my id = <*>, error =",Zookeeper,Unseen,"Connection broken for id <*>, my id = <*>, error =",1.0033295154571533
"Connection broken for id 188978561024, my id = 2, error =","Connection broken for id <*>, my id = <*>, error =",Zookeeper,Unseen,"Connection broken for id <*> my id = <*>, error =",0.9352936744689941
"Connection broken for id 188978561024, my id = 2, error =","Connection broken for id <*>, my id = <*>, error =",Zookeeper,Unseen,"Connection broken for id <*>, my id = <*>, error =",1.0111019611358643
"Connection broken for id 188978561024, my id = 2, error =","Connection broken for id <*>, my id = <*>, error =",Zookeeper,Unseen,Connection broken for id <*> my id = <*> error =,0.8830380439758301
"Connection broken for id 188978561024, my id = 2, error =","Connection broken for id <*>, my id = <*>, error =",Zookeeper,Unseen,"Connection broken for id <*>, my id = <*>, error =",1.0114796161651611
"Connection broken for id 188978561024, my id = 2, error =","Connection broken for id <*>, my id = <*>, error =",Zookeeper,Unseen,Connection broken for id <*> my id = <*> error =,0.8816015720367432
"Connection broken for id 188978561024, my id = 2, error =","Connection broken for id <*>, my id = <*>, error =",Zookeeper,Unseen,"Connection broken for id <*>, my id = <*>, error =",1.0049340724945068
"Connection broken for id 188978561024, my id = 2, error =","Connection broken for id <*>, my id = <*>, error =",Zookeeper,Unseen,"Connection broken for id <*>, my id = <*>, error =",1.0059993267059326
"Connection broken for id 188978561024, my id = 2, error =","Connection broken for id <*>, my id = <*>, error =",Zookeeper,Unseen,"Connection broken for id <*>, my id = <*>, error =",1.0093801021575928
"Connection broken for id 188978561024, my id = 2, error =","Connection broken for id <*>, my id = <*>, error =",Zookeeper,Unseen,"Connection broken for id <*>, my id = <*>, error =",1.0016772747039795
"Connection broken for id 188978561024, my id = 2, error =","Connection broken for id <*>, my id = <*>, error =",Zookeeper,Unseen,"Connection broken for id <*>, my id = <*>, error =",0.9950709342956543
"Connection broken for id 188978561024, my id = 2, error =","Connection broken for id <*>, my id = <*>, error =",Zookeeper,Unseen,"Connection broken for id <*>, my id = <*>, error =",1.0002837181091309
"Connection broken for id 188978561024, my id = 2, error =","Connection broken for id <*>, my id = <*>, error =",Zookeeper,Unseen,"Connection broken for id <*>, my id = <*>, error =",0.9891083240509033
"Connection broken for id 188978561024, my id = 2, error =","Connection broken for id <*>, my id = <*>, error =",Zookeeper,Unseen,"Connection broken for id <*>, my id = <*>, error =",0.9971158504486084
"Connection broken for id 188978561024, my id = 2, error =","Connection broken for id <*>, my id = <*>, error =",Zookeeper,Unseen,"Connection broken for id <*>, my id = <*>, error =",1.007537603378296
"Connection broken for id 188978561024, my id = 2, error =","Connection broken for id <*>, my id = <*>, error =",Zookeeper,Unseen,"Connection broken for id <*>, my id = <*>, error =",1.007122278213501
"Connection broken for id 188978561024, my id = 2, error =","Connection broken for id <*>, my id = <*>, error =",Zookeeper,Unseen,"Connection broken for id <*>, my id = <*>, error =",0.9997844696044922
"Connection broken for id 188978561024, my id = 2, error =","Connection broken for id <*>, my id = <*>, error =",Zookeeper,Unseen,"Connection broken for id <*>, my id = <*>, error =",1.0034019947052002
"Connection broken for id 188978561024, my id = 2, error =","Connection broken for id <*>, my id = <*>, error =",Zookeeper,Unseen,"Connection broken for id <*>, my id = <*>, error =",0.9969456195831299
"Connection broken for id 188978561024, my id = 2, error =","Connection broken for id <*>, my id = <*>, error =",Zookeeper,Unseen,"Connection broken for id <*>, my id = <*>, error =",1.0050179958343506
"Connection broken for id 188978561024, my id = 2, error =","Connection broken for id <*>, my id = <*>, error =",Zookeeper,Unseen,"Connection broken for id <*>, my id = <*>, error =",0.9992547035217285
"Connection broken for id 188978561024, my id = 2, error =","Connection broken for id <*>, my id = <*>, error =",Zookeeper,Unseen,"Connection broken for id <*>, my id = <*>, error =",1.0014185905456543
"Connection broken for id 188978561024, my id = 2, error =","Connection broken for id <*>, my id = <*>, error =",Zookeeper,Unseen,"Connection broken for id <*>, my id = <*>, error =",1.0024592876434326
"Connection broken for id 188978561024, my id = 2, error =","Connection broken for id <*>, my id = <*>, error =",Zookeeper,Unseen,"Connection broken for id <*> my id = <*>, error =",0.9335145950317383
"Connection broken for id 188978561024, my id = 2, error =","Connection broken for id <*>, my id = <*>, error =",Zookeeper,Unseen,"Connection broken for id <*>, my id = <*>, error =",1.000856637954712
"Connection broken for id 188978561024, my id = 2, error =","Connection broken for id <*>, my id = <*>, error =",Zookeeper,Unseen,"Connection broken for id <*>, my id = <*>, error =",0.9914741516113281
"Connection broken for id 188978561024, my id = 2, error =","Connection broken for id <*>, my id = <*>, error =",Zookeeper,Unseen,"Connection broken for id <*>, my id = <*>, error =",1.0082194805145264
"Connection broken for id 188978561024, my id = 2, error =","Connection broken for id <*>, my id = <*>, error =",Zookeeper,Unseen,"Connection broken for id <*>, my id = <*>, error =",1.0055832862854004
"Connection broken for id 188978561024, my id = 2, error =","Connection broken for id <*>, my id = <*>, error =",Zookeeper,Unseen,"Connection broken for id <*>, my id = <*>, error =",0.9981727600097656
"Connection broken for id 188978561024, my id = 2, error =","Connection broken for id <*>, my id = <*>, error =",Zookeeper,Unseen,"Connection broken for id <*>, my id = <*>, error =",0.9906322956085205
"Connection broken for id 188978561024, my id = 2, error =","Connection broken for id <*>, my id = <*>, error =",Zookeeper,Unseen,"Connection broken for id <*>, my id = <*>, error =",1.0032401084899902
"Connection broken for id 188978561024, my id = 2, error =","Connection broken for id <*>, my id = <*>, error =",Zookeeper,Unseen,Connection broken for id <*> my id = <*> error =,0.8711698055267334
FOLLOWING,FOLLOWING,Zookeeper,Unseen,FOLLOWING,0.35627079010009766
Server environment:java.class.path=/etc/zookeeper/conf:/usr/share/java/jline.jar:/usr/share/java/log4j-1.2.jar:/usr/share/java/xercesImpl.jar:/usr/share/java/xmlParserAPIs.jar:/usr/share/java/netty.jar:/usr/share/java/slf4j-api.jar:/usr/share/java/slf4j-log4j12.jar:/usr/share/java/zookeeper.jar,Server environment:<*>,Zookeeper,Unseen,Server environment:java.class.path=<*>,0.6937901973724365
"Notification: 2 (n.leader), 0xa0000009a (n.zxid), 0x1 (n.round), FOLLOWING (n.state), 1 (n.sid), 0xa (n.peerEPoch), LEADING (my state)","Notification: <*> (n.leader), <*> (n.zxid), <*> (n.round), FOLLOWING (n.state), <*> (n.sid), <*> (n.peerEPoch), LEADING (my state)",Zookeeper,Unseen,"Notification: <*> (n.leader), <*> (n.zxid), <*> (n.round), FOLLOWING (n.state), <*> (n.sid), <*> (n.peerEPoch), LEADING (my state)",3.0044105052948
shutdown of request processor complete,shutdown of request processor complete,Zookeeper,Unseen,shutdown of request processor complete,0.4859495162963867
Exception causing close of session 0x0 due to java.io.IOException: ZooKeeperServer not running,Exception causing close of session <*> due to java.io.IOException: ZooKeeperServer not running,Zookeeper,Unseen,Exception causing close of session <*> due to java.io.IOException: ZooKeeperServer not running,1.2663042545318604
Exception causing close of session 0x0 due to java.io.IOException: ZooKeeperServer not running,Exception causing close of session <*> due to java.io.IOException: ZooKeeperServer not running,Zookeeper,Unseen,Exception causing close of session <*> due to java.io.IOException: ZooKeeperServer not running,1.2660517692565918
"Connection broken for id 188978561024, my id = 3, error =","Connection broken for id <*>, my id = <*>, error =",Zookeeper,Unseen,"Connection broken for id <*>, my id = <*>, error =",0.9976165294647217
"Connection broken for id 188978561024, my id = 3, error =","Connection broken for id <*>, my id = <*>, error =",Zookeeper,Unseen,"Connection broken for id <*>, my id = <*>, error =",0.9959144592285156
"Connection broken for id 188978561024, my id = 3, error =","Connection broken for id <*>, my id = <*>, error =",Zookeeper,Unseen,"Connection broken for id <*> my id = <*>, error =",0.9317491054534912
"Connection broken for id 188978561024, my id = 3, error =","Connection broken for id <*>, my id = <*>, error =",Zookeeper,Unseen,"Connection broken for id <*>, my id = <*>, error =",1.002709150314331
"Connection broken for id 188978561024, my id = 3, error =","Connection broken for id <*>, my id = <*>, error =",Zookeeper,Unseen,"Connection broken for id <*>, my id = <*>, error =",1.0157790184020996
"Connection broken for id 188978561024, my id = 3, error =","Connection broken for id <*>, my id = <*>, error =",Zookeeper,Unseen,"Connection broken for id <*>, my id = <*>, error =",1.0072803497314453
"Connection broken for id 188978561024, my id = 3, error =","Connection broken for id <*>, my id = <*>, error =",Zookeeper,Unseen,"Connection broken for id <*>, my id = <*>, error =",1.0020134449005127
"Connection broken for id 188978561024, my id = 3, error =","Connection broken for id <*>, my id = <*>, error =",Zookeeper,Unseen,Connection broken for id <*> my id = <*> error =,0.869682788848877
"Connection broken for id 188978561024, my id = 3, error =","Connection broken for id <*>, my id = <*>, error =",Zookeeper,Unseen,"Connection broken for id <*>, my id = <*>, error =",1.0120999813079834
"Connection broken for id 188978561024, my id = 3, error =","Connection broken for id <*>, my id = <*>, error =",Zookeeper,Unseen,"Connection broken for id <*> my id = <*>, error =",0.9378633499145508
"Connection broken for id 188978561024, my id = 3, error =","Connection broken for id <*>, my id = <*>, error =",Zookeeper,Unseen,"Connection broken for id <*> my id = <*>, error =",0.9518632888793945
"Connection broken for id 188978561024, my id = 3, error =","Connection broken for id <*>, my id = <*>, error =",Zookeeper,Unseen,"Connection broken for id <*>, my id = <*>, error =",1.0078978538513184
"Connection broken for id 188978561024, my id = 3, error =","Connection broken for id <*>, my id = <*>, error =",Zookeeper,Unseen,"Connection broken for id <*>, my id = <*>, error =",1.0009205341339111
"Connection broken for id 188978561024, my id = 3, error =","Connection broken for id <*>, my id = <*>, error =",Zookeeper,Unseen,"Connection broken for id <*> my id = <*>, error =",0.9386415481567383
"Connection broken for id 188978561024, my id = 3, error =","Connection broken for id <*>, my id = <*>, error =",Zookeeper,Unseen,"Connection broken for id <*>, my id = <*>, error =",1.0007209777832031
"Connection broken for id 188978561024, my id = 3, error =","Connection broken for id <*>, my id = <*>, error =",Zookeeper,Unseen,"Connection broken for id <*>, my id = <*>, error =",1.0013699531555176
"Connection broken for id 188978561024, my id = 3, error =","Connection broken for id <*>, my id = <*>, error =",Zookeeper,Unseen,"Connection broken for id <*> my id = <*>, error =",0.9380724430084229
"Connection broken for id 188978561024, my id = 3, error =","Connection broken for id <*>, my id = <*>, error =",Zookeeper,Unseen,"Connection broken for id <*>, my id = <*>, error =",0.9961354732513428
"Connection broken for id 188978561024, my id = 3, error =","Connection broken for id <*>, my id = <*>, error =",Zookeeper,Unseen,"Connection broken for id <*> my id = <*>, error =",0.93440842628479
"Connection broken for id 188978561024, my id = 3, error =","Connection broken for id <*>, my id = <*>, error =",Zookeeper,Unseen,"Connection broken for id <*>, my id = <*>, error =",1.0042455196380615
"Connection broken for id 188978561024, my id = 3, error =","Connection broken for id <*>, my id = <*>, error =",Zookeeper,Unseen,"Connection broken for id <*>, my id = <*>, error =",1.003197431564331
"Connection broken for id 188978561024, my id = 3, error =","Connection broken for id <*>, my id = <*>, error =",Zookeeper,Unseen,"Connection broken for id <*> my id = <*>, error =",0.9395501613616943
"Connection broken for id 188978561024, my id = 3, error =","Connection broken for id <*>, my id = <*>, error =",Zookeeper,Unseen,"Connection broken for id <*>, my id = <*>, error =",1.0053436756134033
"Connection broken for id 188978561024, my id = 3, error =","Connection broken for id <*>, my id = <*>, error =",Zookeeper,Unseen,"Connection broken for id <*>, my id = <*>, error =",1.007369041442871
"Connection broken for id 188978561024, my id = 3, error =","Connection broken for id <*>, my id = <*>, error =",Zookeeper,Unseen,Connection broken for id <*> my id = <*> error =,0.8740389347076416
"Connection broken for id 188978561024, my id = 3, error =","Connection broken for id <*>, my id = <*>, error =",Zookeeper,Unseen,"Connection broken for id <*>, my id = <*>, error =",0.996290922164917
"Connection broken for id 188978561024, my id = 3, error =","Connection broken for id <*>, my id = <*>, error =",Zookeeper,Unseen,"Connection broken for id <*>, my id = <*>, error =",1.0119199752807617
"Connection broken for id 188978561024, my id = 3, error =","Connection broken for id <*>, my id = <*>, error =",Zookeeper,Unseen,"Connection broken for id <*>, my id = <*>, error =",1.0013201236724854
"Connection broken for id 188978561024, my id = 3, error =","Connection broken for id <*>, my id = <*>, error =",Zookeeper,Unseen,"Connection broken for id <*>, my id = <*>, error =",0.9987304210662842
"Connection broken for id 188978561024, my id = 3, error =","Connection broken for id <*>, my id = <*>, error =",Zookeeper,Unseen,"Connection broken for id <*> my id = <*>, error =",0.9401259422302246
"Connection broken for id 188978561024, my id = 3, error =","Connection broken for id <*>, my id = <*>, error =",Zookeeper,Unseen,"Connection broken for id <*> my id = <*>, error =",0.935624361038208
"Connection broken for id 188978561024, my id = 3, error =","Connection broken for id <*>, my id = <*>, error =",Zookeeper,Unseen,"Connection broken for id <*>, my id = <*>, error =",1.0046679973602295
"Connection broken for id 188978561024, my id = 3, error =","Connection broken for id <*>, my id = <*>, error =",Zookeeper,Unseen,"Connection broken for id <*> my id = <*>, error =",0.9405229091644287
"Connection broken for id 188978561024, my id = 3, error =","Connection broken for id <*>, my id = <*>, error =",Zookeeper,Unseen,"Connection broken for id <*>, my id = <*>, error =",1.0098800659179688
"Connection broken for id 188978561024, my id = 3, error =","Connection broken for id <*>, my id = <*>, error =",Zookeeper,Unseen,"Connection broken for id <*> my id = <*>, error =",0.9484586715698242
"Connection broken for id 188978561024, my id = 3, error =","Connection broken for id <*>, my id = <*>, error =",Zookeeper,Unseen,"Connection broken for id <*>, my id = <*>, error =",0.9917843341827393
"Connection broken for id 188978561024, my id = 3, error =","Connection broken for id <*>, my id = <*>, error =",Zookeeper,Unseen,Connection broken for id <*> my id = <*> error =,0.8747787475585938
"Connection broken for id 188978561024, my id = 3, error =","Connection broken for id <*>, my id = <*>, error =",Zookeeper,Unseen,"Connection broken for id <*> my id = <*>, error =",0.9377338886260986
"Connection broken for id 188978561024, my id = 3, error =","Connection broken for id <*>, my id = <*>, error =",Zookeeper,Unseen,"Connection broken for id <*> my id = <*>, error =",0.9391529560089111
"Connection broken for id 188978561024, my id = 3, error =","Connection broken for id <*>, my id = <*>, error =",Zookeeper,Unseen,"Connection broken for id <*>, my id = <*>, error =",0.9959580898284912
"Connection broken for id 188978561024, my id = 3, error =","Connection broken for id <*>, my id = <*>, error =",Zookeeper,Unseen,"Connection broken for id <*>, my id = <*>, error =",1.0058808326721191
"Connection broken for id 188978561024, my id = 3, error =","Connection broken for id <*>, my id = <*>, error =",Zookeeper,Unseen,"Connection broken for id <*> my id = <*>, error =",0.940380334854126
"Connection broken for id 188978561024, my id = 3, error =","Connection broken for id <*>, my id = <*>, error =",Zookeeper,Unseen,"Connection broken for id <*>, my id = <*>, error =",0.9980430603027344
"Connection broken for id 188978561024, my id = 3, error =","Connection broken for id <*>, my id = <*>, error =",Zookeeper,Unseen,"Connection broken for id <*> my id = <*>, error =",0.9305205345153809
"Connection broken for id 188978561024, my id = 3, error =","Connection broken for id <*>, my id = <*>, error =",Zookeeper,Unseen,"Connection broken for id <*>, my id = <*>, error =",1.009779453277588
"Connection broken for id 188978561024, my id = 3, error =","Connection broken for id <*>, my id = <*>, error =",Zookeeper,Unseen,"Connection broken for id <*>, my id = <*>, error =",1.0186305046081543
"Connection broken for id 188978561024, my id = 3, error =","Connection broken for id <*>, my id = <*>, error =",Zookeeper,Unseen,"Connection broken for id <*>, my id = <*>, error = <*>",1.0783319473266602
"Connection broken for id 188978561024, my id = 3, error =","Connection broken for id <*>, my id = <*>, error =",Zookeeper,Unseen,"Connection broken for id <*> my id = <*>, error =",0.9482522010803223
"Connection broken for id 188978561024, my id = 3, error =","Connection broken for id <*>, my id = <*>, error =",Zookeeper,Unseen,"Connection broken for id <*> my id = <*>, error =",0.9301159381866455
"Connection broken for id 188978561024, my id = 3, error =","Connection broken for id <*>, my id = <*>, error =",Zookeeper,Unseen,"Connection broken for id <*>, my id = <*>, error =",1.0058143138885498
"Connection broken for id 188978561024, my id = 3, error =","Connection broken for id <*>, my id = <*>, error =",Zookeeper,Unseen,"Connection broken for id <*>, my id = <*>, error =",1.0042297840118408
"Connection broken for id 188978561024, my id = 3, error =","Connection broken for id <*>, my id = <*>, error =",Zookeeper,Unseen,"Connection broken for id <*>, my id = <*>, error =",1.0010175704956055
"Connection broken for id 188978561024, my id = 3, error =","Connection broken for id <*>, my id = <*>, error =",Zookeeper,Unseen,"Connection broken for id <*>, my id = <*>, error =",1.0194246768951416
"Connection broken for id 188978561024, my id = 3, error =","Connection broken for id <*>, my id = <*>, error =",Zookeeper,Unseen,"Connection broken for id <*>, my id = <*>, error =",1.0060100555419922
"Connection broken for id 188978561024, my id = 3, error =","Connection broken for id <*>, my id = <*>, error =",Zookeeper,Unseen,"Connection broken for id <*>, my id = <*>, error =",0.9972691535949707
"Connection broken for id 188978561024, my id = 3, error =","Connection broken for id <*>, my id = <*>, error =",Zookeeper,Unseen,"Connection broken for id <*>, my id = <*>, error =",0.9938392639160156
"Connection broken for id 188978561024, my id = 3, error =","Connection broken for id <*>, my id = <*>, error =",Zookeeper,Unseen,"Connection broken for id <*>, my id = <*>, error =",0.9971449375152588
"Connection broken for id 188978561024, my id = 3, error =","Connection broken for id <*>, my id = <*>, error =",Zookeeper,Unseen,"Connection broken for id <*>, my id = <*>, error =",1.0132606029510498
"Connection broken for id 188978561024, my id = 3, error =","Connection broken for id <*>, my id = <*>, error =",Zookeeper,Unseen,"Connection broken for id <*>, my id = <*>, error =",1.007397174835205
"Connection broken for id 188978561024, my id = 3, error =","Connection broken for id <*>, my id = <*>, error =",Zookeeper,Unseen,"Connection broken for id <*>, my id = <*>, error =",1.0034401416778564
"Connection broken for id 188978561024, my id = 3, error =","Connection broken for id <*>, my id = <*>, error =",Zookeeper,Unseen,"Connection broken for id <*>, my id = <*>, error =",1.007800817489624
"Connection broken for id 188978561024, my id = 3, error =","Connection broken for id <*>, my id = <*>, error =",Zookeeper,Unseen,"Connection broken for id <*>, my id = <*>, error =",1.0140354633331299
"Connection broken for id 188978561024, my id = 3, error =","Connection broken for id <*>, my id = <*>, error =",Zookeeper,Unseen,"Connection broken for id <*> my id = <*>, error =",0.9477283954620361
"Connection broken for id 188978561024, my id = 3, error =","Connection broken for id <*>, my id = <*>, error =",Zookeeper,Unseen,"Connection broken for id <*>, my id = <*>, error =",0.9899935722351074
"Connection broken for id 188978561024, my id = 3, error =","Connection broken for id <*>, my id = <*>, error =",Zookeeper,Unseen,Connection broken for id <*> my id = <*> error =,0.8743906021118164
"Connection broken for id 188978561024, my id = 3, error =","Connection broken for id <*>, my id = <*>, error =",Zookeeper,Unseen,"Connection broken for id <*>, my id = <*>, error =",1.0022573471069336
"Connection broken for id 188978561024, my id = 3, error =","Connection broken for id <*>, my id = <*>, error =",Zookeeper,Unseen,"Connection broken for id <*>, my id = <*>, error =",1.0027458667755127
"Connection broken for id 188978561024, my id = 3, error =","Connection broken for id <*>, my id = <*>, error =",Zookeeper,Unseen,"Connection broken for id <*>, my id = <*>, error =",1.0166559219360352
"Connection broken for id 188978561024, my id = 3, error =","Connection broken for id <*>, my id = <*>, error =",Zookeeper,Unseen,"Connection broken for id <*>, my id = <*>, error =",1.0269911289215088
"Connection broken for id 188978561024, my id = 3, error =","Connection broken for id <*>, my id = <*>, error =",Zookeeper,Unseen,"Connection broken for id <*>, my id = <*>, error =",1.0068774223327637
"Connection broken for id 188978561024, my id = 3, error =","Connection broken for id <*>, my id = <*>, error =",Zookeeper,Unseen,"Connection broken for id <*> my id = <*>, error =",0.9304537773132324
"Connection broken for id 188978561024, my id = 3, error =","Connection broken for id <*>, my id = <*>, error =",Zookeeper,Unseen,"Connection broken for id <*>, my id = <*>, error =",1.0014257431030273
"Connection broken for id 188978561024, my id = 3, error =","Connection broken for id <*>, my id = <*>, error =",Zookeeper,Unseen,"Connection broken for id <*>, my id = <*>, error =",1.0121159553527832
"Connection broken for id 188978561024, my id = 3, error =","Connection broken for id <*>, my id = <*>, error =",Zookeeper,Unseen,"Connection broken for id <*>, my id = <*>, error =",1.0067715644836426
"Connection broken for id 188978561024, my id = 3, error =","Connection broken for id <*>, my id = <*>, error =",Zookeeper,Unseen,"Connection broken for id <*>, my id = <*>, error =",1.0076243877410889
"Connection broken for id 188978561024, my id = 3, error =","Connection broken for id <*>, my id = <*>, error =",Zookeeper,Unseen,"Connection broken for id <*>, my id = <*>, error =",1.0082859992980957
"Connection broken for id 188978561024, my id = 3, error =","Connection broken for id <*>, my id = <*>, error =",Zookeeper,Unseen,"Connection broken for id <*>, my id = <*>, error =",1.002293586730957
"Connection broken for id 188978561024, my id = 3, error =","Connection broken for id <*>, my id = <*>, error =",Zookeeper,Unseen,"Connection broken for id <*>, my id = <*>, error =",1.0082170963287354
"Connection broken for id 188978561024, my id = 3, error =","Connection broken for id <*>, my id = <*>, error =",Zookeeper,Unseen,"Connection broken for id <*> my id = <*>, error =",0.9373815059661865
"Connection broken for id 188978561024, my id = 3, error =","Connection broken for id <*>, my id = <*>, error =",Zookeeper,Unseen,"Connection broken for id <*> my id = <*>, error =",0.9402234554290771
"Connection broken for id 188978561024, my id = 3, error =","Connection broken for id <*>, my id = <*>, error =",Zookeeper,Unseen,"Connection broken for id <*>, my id = <*>, error =",1.004903793334961
"Connection broken for id 188978561024, my id = 3, error =","Connection broken for id <*>, my id = <*>, error =",Zookeeper,Unseen,"Connection broken for id <*>, my id = <*>, error =",1.0052556991577148
"Connection broken for id 188978561024, my id = 3, error =","Connection broken for id <*>, my id = <*>, error =",Zookeeper,Unseen,Connection broken for id <*> my id = <*> error =,0.8783202171325684
"Connection broken for id 188978561024, my id = 3, error =","Connection broken for id <*>, my id = <*>, error =",Zookeeper,Unseen,"Connection broken for id <*>, my id = <*>, error =",1.0080063343048096
"Connection broken for id 188978561024, my id = 3, error =","Connection broken for id <*>, my id = <*>, error =",Zookeeper,Unseen,"Connection broken for id <*>, my id = <*>, error =",1.0155773162841797
"Connection broken for id 188978561024, my id = 3, error =","Connection broken for id <*>, my id = <*>, error =",Zookeeper,Unseen,"Connection broken for id <*> my id = <*>, error =",0.9486563205718994
"Connection broken for id 188978561024, my id = 3, error =","Connection broken for id <*>, my id = <*>, error =",Zookeeper,Unseen,"Connection broken for id <*>, my id = <*>, error =",1.0030179023742676
"Connection broken for id 188978561024, my id = 3, error =","Connection broken for id <*>, my id = <*>, error =",Zookeeper,Unseen,"Connection broken for id <*>, my id = <*>, error =",1.0096075534820557
"Connection broken for id 188978561024, my id = 3, error =","Connection broken for id <*>, my id = <*>, error =",Zookeeper,Unseen,Connection broken for id <*> my id = <*> error =,0.8738818168640137
"Connection broken for id 188978561024, my id = 3, error =","Connection broken for id <*>, my id = <*>, error =",Zookeeper,Unseen,"Connection broken for id <*> my id = <*>, error =",0.9413745403289795
"Connection broken for id 188978561024, my id = 3, error =","Connection broken for id <*>, my id = <*>, error =",Zookeeper,Unseen,"Connection broken for id <*>, my id = <*>, error =",1.0073366165161133
"Connection broken for id 188978561024, my id = 3, error =","Connection broken for id <*>, my id = <*>, error =",Zookeeper,Unseen,"Connection broken for id <*>, my id = <*>, error =",1.0197381973266602
"Connection broken for id 188978561024, my id = 3, error =","Connection broken for id <*>, my id = <*>, error =",Zookeeper,Unseen,"Connection broken for id <*>, my id = <*>, error =",1.0172715187072754
"Connection broken for id 188978561024, my id = 3, error =","Connection broken for id <*>, my id = <*>, error =",Zookeeper,Unseen,"Connection broken for id <*>, my id = <*>, error =",1.010110855102539
"Connection broken for id 188978561024, my id = 3, error =","Connection broken for id <*>, my id = <*>, error =",Zookeeper,Unseen,"Connection broken for id <*>, my id = <*>, error =",1.0033290386199951
"Connection broken for id 188978561024, my id = 3, error =","Connection broken for id <*>, my id = <*>, error =",Zookeeper,Unseen,"Connection broken for id <*> my id = <*>, error =",0.9371747970581055
"Connection broken for id 188978561024, my id = 3, error =","Connection broken for id <*>, my id = <*>, error =",Zookeeper,Unseen,"Connection broken for id <*>, my id = <*>, error =",1.015587329864502
"Connection broken for id 188978561024, my id = 3, error =","Connection broken for id <*>, my id = <*>, error =",Zookeeper,Unseen,"Connection broken for id <*>, my id = <*>, error =",1.0103259086608887
"Connection broken for id 188978561024, my id = 3, error =","Connection broken for id <*>, my id = <*>, error =",Zookeeper,Unseen,"Connection broken for id <*>, my id = <*>, error =",1.011852502822876
"Connection broken for id 1, my id = 3, error =","Connection broken for id <*>, my id = <*>, error =",Zookeeper,Unseen,"Connection broken for id <*>, my id = <*>, error =",1.0080633163452148
minSessionTimeout set to -1,minSessionTimeout set to <*>,Zookeeper,Unseen,minSessionTimeout set to <*>,0.554793119430542
Server environment:os.name=Linux,Server environment:<*>,Zookeeper,Unseen,Server environment:os.name=<*>,0.6177842617034912
Server environment:user.name=zookeeper,Server environment:<*>,Zookeeper,Unseen,Server environment:user.name=<*>,0.553640604019165
minSessionTimeout set to -1,minSessionTimeout set to <*>,Zookeeper,Unseen,minSessionTimeout set to <*>,0.5547261238098145
Server environment:java.home=/usr/lib/jvm/java-7-openjdk-amd64/jre,Server environment:<*>,Zookeeper,Unseen,Server environment:java.home=<*>,0.6232616901397705
