Content,EventTemplate,Dataset,Category,Unseen_Mistral_2S_Zookeeper_3,Inference_time_3
"Connection broken for id 188978561024, my id = 1, error =","Connection broken for id <*>, my id = <*>, error =",Zookeeper,Unseen,"ciod: In packet from nodes <*> and <*> (<*>:<*>), message code <*> is not <*> or <*> (softheader=<*> <*> <*> <*>)",1.9297471046447754
"Connection broken for id 188978561024, my id = 1, error =","Connection broken for id <*>, my id = <*>, error =",Zookeeper,Unseen,"ciod: In packet from nodes <*> and <*> (<*>:<*>), message code <*> is not <*> or <*> (softheader=<*> <*> <*> <*>)",1.920234203338623
"Connection broken for id 188978561024, my id = 1, error =","Connection broken for id <*>, my id = <*>, error =",Zookeeper,Unseen,"ciod: In packet from nodes <*> and <*> (<*>:<*>), message code <*> is not <*> or <*> (softheader=<*> <*> <*> <*>)",1.9093067646026611
"Connection broken for id 188978561024, my id = 1, error =","Connection broken for id <*>, my id = <*>, error =",Zookeeper,Unseen,"ciod: In packet from nodes <*> and <*> (<*>:<*>), message code <*> is not <*> or <*> (softheader=<*> <*> <*> <*>)",1.9102890491485596
"Connection broken for id 188978561024, my id = 1, error =","Connection broken for id <*>, my id = <*>, error =",Zookeeper,Unseen,"ciod: In packet from nodes <*> and <*> (<*>:<*>), message code <*> is not <*> or <*> (softheader=<*> <*> <*> <*>)",1.9122271537780762
"Connection broken for id 188978561024, my id = 1, error =","Connection broken for id <*>, my id = <*>, error =",Zookeeper,Unseen,"ciod: In packet from nodes <*> and <*> (<*>:<*>), message code <*> is not <*> or <*> (softheader=<*> <*> <*> <*>)",1.9241492748260498
"Connection broken for id 188978561024, my id = 1, error =","Connection broken for id <*>, my id = <*>, error =",Zookeeper,Unseen,"ciod: In packet from nodes <*> and <*> (<*>:<*>), message code <*> is not <*> or <*> (softheader=<*> <*> <*> <*>)",1.8946359157562256
"Connection broken for id 188978561024, my id = 1, error =","Connection broken for id <*>, my id = <*>, error =",Zookeeper,Unseen,"ciod: In packet from nodes <*> and <*> (<*>:<*>), message code <*> is not <*> or <*> (softheader=<*> <*> <*> <*>)",1.882047176361084
"Connection broken for id 188978561024, my id = 1, error =","Connection broken for id <*>, my id = <*>, error =",Zookeeper,Unseen,"ciod: In packet from nodes <*> and <*> (<*>:<*>), message code <*> is not <*> or <*> (softheader=<*> <*> <*> <*>)",1.8922221660614014
"Connection broken for id 188978561024, my id = 1, error =","Connection broken for id <*>, my id = <*>, error =",Zookeeper,Unseen,"ciod: In packet from nodes <*> and <*> (<*>:<*>), message code <*> is not <*> or <*> (softheader=<*> <*> <*> <*>)",1.892664909362793
"Connection broken for id 188978561024, my id = 1, error =","Connection broken for id <*>, my id = <*>, error =",Zookeeper,Unseen,"ciod: In packet from nodes <*> and <*> (<*>:<*>), message code <*> is not <*> or <*> (softheader=<*> <*> <*> <*>)",1.8962962627410889
"Connection broken for id 188978561024, my id = 1, error =","Connection broken for id <*>, my id = <*>, error =",Zookeeper,Unseen,"ciod: In packet from nodes <*> and <*> (<*>:<*>), message code <*> is not <*> or <*> (softheader=<*> <*> <*> <*>)",1.9024724960327148
"Connection broken for id 188978561024, my id = 1, error =","Connection broken for id <*>, my id = <*>, error =",Zookeeper,Unseen,"ciod: In packet from nodes <*> and <*> (<*>:<*>), message code <*> is not <*> or <*> (softheader=<*> <*> <*> <*>)",1.8979933261871338
"Connection broken for id 188978561024, my id = 1, error =","Connection broken for id <*>, my id = <*>, error =",Zookeeper,Unseen,"ciod: In packet from nodes <*> and <*> (<*>:<*>), message code <*> is not <*> or <*> (softheader=<*> <*> <*> <*>)",1.8941287994384766
"Connection broken for id 188978561024, my id = 1, error =","Connection broken for id <*>, my id = <*>, error =",Zookeeper,Unseen,"ciod: In packet from nodes <*> and <*> (<*>:<*>), message code <*> is not <*> or <*> (softheader=<*> <*> <*> <*>)",1.8975391387939453
"Connection broken for id 188978561024, my id = 1, error =","Connection broken for id <*>, my id = <*>, error =",Zookeeper,Unseen,"ciod: In packet from nodes <*> and <*> (<*>:<*>), message code <*> is not <*> or <*> (softheader=<*> <*> <*> <*>)",1.8966691493988037
"Connection broken for id 188978561024, my id = 1, error =","Connection broken for id <*>, my id = <*>, error =",Zookeeper,Unseen,"ciod: In packet from nodes <*> and <*> (<*>:<*>), message code <*> is not <*> or <*> (softheader=<*> <*> <*> <*>)",1.892237663269043
"Connection broken for id 188978561024, my id = 1, error =","Connection broken for id <*>, my id = <*>, error =",Zookeeper,Unseen,"ciod: In packet from nodes <*> and <*> (<*>:<*>), message code <*> is not <*> or <*> (softheader=<*> <*> <*> <*>)",1.9143311977386475
"Connection broken for id 188978561024, my id = 1, error =","Connection broken for id <*>, my id = <*>, error =",Zookeeper,Unseen,"ciod: In packet from nodes <*> and <*> (<*>:<*>), message code <*> is not <*> or <*> (softheader=<*> <*> <*> <*>)",1.8997955322265625
"Connection broken for id 188978561024, my id = 1, error =","Connection broken for id <*>, my id = <*>, error =",Zookeeper,Unseen,"ciod: In packet from nodes <*> and <*> (<*>:<*>), message code <*> is not <*> or <*> (softheader=<*> <*> <*> <*>)",1.882648229598999
"Connection broken for id 188978561024, my id = 1, error =","Connection broken for id <*>, my id = <*>, error =",Zookeeper,Unseen,"ciod: In packet from nodes <*> and <*> (<*>:<*>), message code <*> is not <*> or <*> (softheader=<*> <*> <*> <*>)",1.8809552192687988
"Connection broken for id 188978561024, my id = 1, error =","Connection broken for id <*>, my id = <*>, error =",Zookeeper,Unseen,"ciod: In packet from nodes <*> and <*> (<*>:<*>), message code <*> is not <*> or <*> (softheader=<*> <*> <*> <*>)",1.8763327598571777
"Connection broken for id 188978561024, my id = 1, error =","Connection broken for id <*>, my id = <*>, error =",Zookeeper,Unseen,"ciod: In packet from nodes <*> and <*> (<*>:<*>), message code <*> is not <*> or <*> (softheader=<*> <*> <*> <*>)",1.8736572265625
"Connection broken for id 188978561024, my id = 1, error =","Connection broken for id <*>, my id = <*>, error =",Zookeeper,Unseen,"ciod: In packet from nodes <*> and <*> (<*>:<*>), message code <*> is not <*> or <*> (softheader=<*> <*> <*> <*>)",1.9062790870666504
"Connection broken for id 188978561024, my id = 1, error =","Connection broken for id <*>, my id = <*>, error =",Zookeeper,Unseen,"ciod: In packet from nodes <*> and <*> (<*>:<*>), message code <*> is not <*> or <*> (softheader=<*> <*> <*> <*>)",1.8985607624053955
"Connection broken for id 188978561024, my id = 1, error =","Connection broken for id <*>, my id = <*>, error =",Zookeeper,Unseen,"ciod: In packet from nodes <*> and <*> (<*>:<*>), message code <*> is not <*> or <*> (softheader=<*> <*> <*> <*>)",1.8977711200714111
"Connection broken for id 188978561024, my id = 1, error =","Connection broken for id <*>, my id = <*>, error =",Zookeeper,Unseen,"ciod: In packet from nodes <*> and <*> (<*>:<*>), message code <*> is not <*> or <*> (softheader=<*> <*> <*> <*>)",1.903970718383789
"Connection broken for id 188978561024, my id = 1, error =","Connection broken for id <*>, my id = <*>, error =",Zookeeper,Unseen,"ciod: In packet from nodes <*> and <*> (<*>:<*>), message code <*> is not <*> or <*> (softheader=<*> <*> <*> <*>)",1.8937861919403076
"Connection broken for id 188978561024, my id = 1, error =","Connection broken for id <*>, my id = <*>, error =",Zookeeper,Unseen,"ciod: In packet from nodes <*> and <*> (<*>:<*>), message code <*> is not <*> or <*> (softheader=<*> <*> <*> <*>)",1.8869481086730957
"Connection broken for id 188978561024, my id = 1, error =","Connection broken for id <*>, my id = <*>, error =",Zookeeper,Unseen,"ciod: In packet from nodes <*> and <*> (<*>:<*>), message code <*> is not <*> or <*> (softheader=<*> <*> <*> <*>)",1.9083521366119385
"Connection broken for id 188978561024, my id = 1, error =","Connection broken for id <*>, my id = <*>, error =",Zookeeper,Unseen,"ciod: In packet from nodes <*> and <*> (<*>:<*>), message code <*> is not <*> or <*> (softheader=<*> <*> <*> <*>)",1.893139123916626
"Connection broken for id 188978561024, my id = 1, error =","Connection broken for id <*>, my id = <*>, error =",Zookeeper,Unseen,"ciod: In packet from nodes <*> and <*> (<*>:<*>), message code <*> is not <*> or <*> (softheader=<*> <*> <*> <*>)",1.8968827724456787
"Connection broken for id 188978561024, my id = 1, error =","Connection broken for id <*>, my id = <*>, error =",Zookeeper,Unseen,"ciod: In packet from nodes <*> and <*> (<*>:<*>), message code <*> is not <*> or <*> (softheader=<*> <*> <*> <*>)",1.8964600563049316
"Connection broken for id 188978561024, my id = 1, error =","Connection broken for id <*>, my id = <*>, error =",Zookeeper,Unseen,"ciod: In packet from nodes <*> and <*> (<*>:<*>), message code <*> is not <*> or <*> (softheader=<*> <*> <*> <*>)",1.8947951793670654
"Connection broken for id 188978561024, my id = 1, error =","Connection broken for id <*>, my id = <*>, error =",Zookeeper,Unseen,"ciod: In packet from nodes <*> and <*> (<*>:<*>), message code <*> is not <*> or <*> (softheader=<*> <*> <*> <*>)",1.8912487030029297
"Connection broken for id 188978561024, my id = 1, error =","Connection broken for id <*>, my id = <*>, error =",Zookeeper,Unseen,"ciod: In packet from nodes <*> and <*> (<*>:<*>), message code <*> is not <*> or <*> (softheader=<*> <*> <*> <*>)",1.908937692642212
"Connection broken for id 188978561024, my id = 1, error =","Connection broken for id <*>, my id = <*>, error =",Zookeeper,Unseen,"ciod: In packet from nodes <*> and <*> (<*>:<*>), message code <*> is not <*> or <*> (softheader=<*> <*> <*> <*>)",1.9039325714111328
"Connection broken for id 188978561024, my id = 1, error =","Connection broken for id <*>, my id = <*>, error =",Zookeeper,Unseen,"ciod: In packet from nodes <*> and <*> (<*>:<*>), message code <*> is not <*> or <*> (softheader=<*> <*> <*> <*>)",1.8989100456237793
"Connection broken for id 188978561024, my id = 1, error =","Connection broken for id <*>, my id = <*>, error =",Zookeeper,Unseen,"ciod: In packet from nodes <*> and <*> (<*>:<*>), message code <*> is not <*> or <*> (softheader=<*> <*> <*> <*>)",1.8945765495300293
"Connection broken for id 188978561024, my id = 1, error =","Connection broken for id <*>, my id = <*>, error =",Zookeeper,Unseen,"ciod: In packet from nodes <*> and <*> (<*>:<*>), message code <*> is not <*> or <*> (softheader=<*> <*> <*> <*>)",1.8953344821929932
"Connection broken for id 188978561024, my id = 1, error =","Connection broken for id <*>, my id = <*>, error =",Zookeeper,Unseen,"ciod: In packet from nodes <*> and <*> (<*>:<*>), message code <*> is not <*> or <*> (softheader=<*> <*> <*> <*>)",1.8962421417236328
"Connection broken for id 188978561024, my id = 1, error =","Connection broken for id <*>, my id = <*>, error =",Zookeeper,Unseen,"ciod: In packet from nodes <*> and <*> (<*>:<*>), message code <*> is not <*> or <*> (softheader=<*> <*> <*> <*>)",1.906740427017212
"Connection broken for id 188978561024, my id = 1, error =","Connection broken for id <*>, my id = <*>, error =",Zookeeper,Unseen,"ciod: In packet from nodes <*> and <*> (<*>:<*>), message code <*> is not <*> or <*> (softheader=<*> <*> <*> <*>)",1.9003098011016846
"Connection broken for id 188978561024, my id = 1, error =","Connection broken for id <*>, my id = <*>, error =",Zookeeper,Unseen,"ciod: In packet from nodes <*> and <*> (<*>:<*>), message code <*> is not <*> or <*> (softheader=<*> <*> <*> <*>)",1.8944027423858643
"Connection broken for id 188978561024, my id = 1, error =","Connection broken for id <*>, my id = <*>, error =",Zookeeper,Unseen,"ciod: In packet from nodes <*> and <*> (<*>:<*>), message code <*> is not <*> or <*> (softheader=<*> <*> <*> <*>)",1.901561975479126
"Connection broken for id 188978561024, my id = 1, error =","Connection broken for id <*>, my id = <*>, error =",Zookeeper,Unseen,"ciod: In packet from nodes <*> and <*> (<*>:<*>), message code <*> is not <*> or <*> (softheader=<*> <*> <*> <*>)",1.9054601192474365
"Connection broken for id 188978561024, my id = 1, error =","Connection broken for id <*>, my id = <*>, error =",Zookeeper,Unseen,"ciod: In packet from nodes <*> and <*> (<*>:<*>), message code <*> is not <*> or <*> (softheader=<*> <*> <*> <*>)",1.8894844055175781
"Connection broken for id 188978561024, my id = 1, error =","Connection broken for id <*>, my id = <*>, error =",Zookeeper,Unseen,"ciod: In packet from nodes <*> and <*> (<*>:<*>), message code <*> is not <*> or <*> (softheader=<*> <*> <*> <*>)",1.911139726638794
"Connection broken for id 188978561024, my id = 1, error =","Connection broken for id <*>, my id = <*>, error =",Zookeeper,Unseen,"ciod: In packet from nodes <*> and <*> (<*>:<*>), message code <*> is not <*> or <*> (softheader=<*> <*> <*> <*>)",1.9139158725738525
"Connection broken for id 188978561024, my id = 1, error =","Connection broken for id <*>, my id = <*>, error =",Zookeeper,Unseen,"ciod: In packet from nodes <*> and <*> (<*>:<*>), message code <*> is not <*> or <*> (softheader=<*> <*> <*> <*>)",1.8995208740234375
"Connection broken for id 188978561024, my id = 1, error =","Connection broken for id <*>, my id = <*>, error =",Zookeeper,Unseen,"ciod: In packet from nodes <*> and <*> (<*>:<*>), message code <*> is not <*> or <*> (softheader=<*> <*> <*> <*>)",1.8980348110198975
"Connection broken for id 188978561024, my id = 1, error =","Connection broken for id <*>, my id = <*>, error =",Zookeeper,Unseen,"ciod: In packet from nodes <*> and <*> (<*>:<*>), message code <*> is not <*> or <*> (softheader=<*> <*> <*> <*>)",1.8944578170776367
"Connection broken for id 188978561024, my id = 1, error =","Connection broken for id <*>, my id = <*>, error =",Zookeeper,Unseen,"ciod: In packet from nodes <*> and <*> (<*>:<*>), message code <*> is not <*> or <*> (softheader=<*> <*> <*> <*>)",1.904665470123291
"Connection broken for id 188978561024, my id = 1, error =","Connection broken for id <*>, my id = <*>, error =",Zookeeper,Unseen,"ciod: In packet from nodes <*> and <*> (<*>:<*>), message code <*> is not <*> or <*> (softheader=<*> <*> <*> <*>)",1.9176406860351562
"Connection broken for id 188978561024, my id = 1, error =","Connection broken for id <*>, my id = <*>, error =",Zookeeper,Unseen,"ciod: In packet from nodes <*> and <*> (<*>:<*>), message code <*> is not <*> or <*> (softheader=<*> <*> <*> <*>)",1.9008147716522217
"Connection broken for id 188978561024, my id = 1, error =","Connection broken for id <*>, my id = <*>, error =",Zookeeper,Unseen,"ciod: In packet from nodes <*> and <*> (<*>:<*>), message code <*> is not <*> or <*> (softheader=<*> <*> <*> <*>)",1.894695520401001
"Connection broken for id 188978561024, my id = 1, error =","Connection broken for id <*>, my id = <*>, error =",Zookeeper,Unseen,"ciod: In packet from nodes <*> and <*> (<*>:<*>), message code <*> is not <*> or <*> (softheader=<*> <*> <*> <*>)",1.8996646404266357
"Connection broken for id 188978561024, my id = 1, error =","Connection broken for id <*>, my id = <*>, error =",Zookeeper,Unseen,"ciod: In packet from nodes <*> and <*> (<*>:<*>), message code <*> is not <*> or <*> (softheader=<*> <*> <*> <*>)",1.8889505863189697
"Connection broken for id 188978561024, my id = 1, error =","Connection broken for id <*>, my id = <*>, error =",Zookeeper,Unseen,"ciod: In packet from nodes <*> and <*> (<*>:<*>), message code <*> is not <*> or <*> (softheader=<*> <*> <*> <*>)",1.900521993637085
"Connection broken for id 188978561024, my id = 1, error =","Connection broken for id <*>, my id = <*>, error =",Zookeeper,Unseen,"ciod: In packet from nodes <*> and <*> (<*>:<*>), message code <*> is not <*> or <*> (softheader=<*> <*> <*> <*>)",1.9153459072113037
"Connection broken for id 188978561024, my id = 1, error =","Connection broken for id <*>, my id = <*>, error =",Zookeeper,Unseen,"ciod: In packet from nodes <*> and <*> (<*>:<*>), message code <*> is not <*> or <*> (softheader=<*> <*> <*> <*>)",1.8943426609039307
"Connection broken for id 188978561024, my id = 1, error =","Connection broken for id <*>, my id = <*>, error =",Zookeeper,Unseen,"ciod: In packet from nodes <*> and <*> (<*>:<*>), message code <*> is not <*> or <*> (softheader=<*> <*> <*> <*>)",1.8928039073944092
"Connection broken for id 188978561024, my id = 1, error =","Connection broken for id <*>, my id = <*>, error =",Zookeeper,Unseen,"ciod: In packet from nodes <*> and <*> (<*>:<*>), message code <*> is not <*> or <*> (softheader=<*> <*> <*> <*>)",1.8930530548095703
"Connection broken for id 188978561024, my id = 1, error =","Connection broken for id <*>, my id = <*>, error =",Zookeeper,Unseen,"ciod: In packet from nodes <*> and <*> (<*>:<*>), message code <*> is not <*> or <*> (softheader=<*> <*> <*> <*>)",1.896376132965088
"Connection broken for id 188978561024, my id = 1, error =","Connection broken for id <*>, my id = <*>, error =",Zookeeper,Unseen,"ciod: In packet from nodes <*> and <*> (<*>:<*>), message code <*> is not <*> or <*> (softheader=<*> <*> <*> <*>)",1.8937163352966309
"Connection broken for id 188978561024, my id = 1, error =","Connection broken for id <*>, my id = <*>, error =",Zookeeper,Unseen,"ciod: In packet from nodes <*> and <*> (<*>:<*>), message code <*> is not <*> or <*> (softheader=<*> <*> <*> <*>)",1.9121744632720947
"Connection broken for id 188978561024, my id = 1, error =","Connection broken for id <*>, my id = <*>, error =",Zookeeper,Unseen,"ciod: In packet from nodes <*> and <*> (<*>:<*>), message code <*> is not <*> or <*> (softheader=<*> <*> <*> <*>)",1.9101641178131104
"Connection broken for id 188978561024, my id = 1, error =","Connection broken for id <*>, my id = <*>, error =",Zookeeper,Unseen,"ciod: In packet from nodes <*> and <*> (<*>:<*>), message code <*> is not <*> or <*> (softheader=<*> <*> <*> <*>)",1.8963649272918701
"Connection broken for id 188978561024, my id = 1, error =","Connection broken for id <*>, my id = <*>, error =",Zookeeper,Unseen,"ciod: In packet from nodes <*> and <*> (<*>:<*>), message code <*> is not <*> or <*> (softheader=<*> <*> <*> <*>)",1.89564847946167
"Connection broken for id 188978561024, my id = 1, error =","Connection broken for id <*>, my id = <*>, error =",Zookeeper,Unseen,"ciod: In packet from nodes <*> and <*> (<*>:<*>), message code <*> is not <*> or <*> (softheader=<*> <*> <*> <*>)",1.9119324684143066
"Connection broken for id 188978561024, my id = 1, error =","Connection broken for id <*>, my id = <*>, error =",Zookeeper,Unseen,"ciod: In packet from nodes <*> and <*> (<*>:<*>), message code <*> is not <*> or <*> (softheader=<*> <*> <*> <*>)",1.8972058296203613
"Connection broken for id 188978561024, my id = 1, error =","Connection broken for id <*>, my id = <*>, error =",Zookeeper,Unseen,"ciod: In packet from nodes <*> and <*> (<*>:<*>), message code <*> is not <*> or <*> (softheader=<*> <*> <*> <*>)",1.9132170677185059
"Connection broken for id 188978561024, my id = 1, error =","Connection broken for id <*>, my id = <*>, error =",Zookeeper,Unseen,"ciod: In packet from nodes <*> and <*> (<*>:<*>), message code <*> is not <*> or <*> (softheader=<*> <*> <*> <*>)",1.9055323600769043
"Connection broken for id 188978561024, my id = 1, error =","Connection broken for id <*>, my id = <*>, error =",Zookeeper,Unseen,"ciod: In packet from nodes <*> and <*> (<*>:<*>), message code <*> is not <*> or <*> (softheader=<*> <*> <*> <*>)",1.8939714431762695
"Connection broken for id 188978561024, my id = 1, error =","Connection broken for id <*>, my id = <*>, error =",Zookeeper,Unseen,"ciod: In packet from nodes <*> and <*> (<*>:<*>), message code <*> is not <*> or <*> (softheader=<*> <*> <*> <*>)",1.8918750286102295
"Connection broken for id 188978561024, my id = 1, error =","Connection broken for id <*>, my id = <*>, error =",Zookeeper,Unseen,"ciod: In packet from nodes <*> and <*> (<*>:<*>), message code <*> is not <*> or <*> (softheader=<*> <*> <*> <*>)",1.8987035751342773
"Connection broken for id 188978561024, my id = 1, error =","Connection broken for id <*>, my id = <*>, error =",Zookeeper,Unseen,"ciod: In packet from nodes <*> and <*> (<*>:<*>), message code <*> is not <*> or <*> (softheader=<*> <*> <*> <*>)",1.8930833339691162
"Connection broken for id 188978561024, my id = 1, error =","Connection broken for id <*>, my id = <*>, error =",Zookeeper,Unseen,"ciod: In packet from nodes <*> and <*> (<*>:<*>), message code <*> is not <*> or <*> (softheader=<*> <*> <*> <*>)",1.8992187976837158
"Connection broken for id 188978561024, my id = 1, error =","Connection broken for id <*>, my id = <*>, error =",Zookeeper,Unseen,"ciod: In packet from nodes <*> and <*> (<*>:<*>), message code <*> is not <*> or <*> (softheader=<*> <*> <*> <*>)",1.899674415588379
"Connection broken for id 188978561024, my id = 1, error =","Connection broken for id <*>, my id = <*>, error =",Zookeeper,Unseen,"ciod: In packet from nodes <*> and <*> (<*>:<*>), message code <*> is not <*> or <*> (softheader=<*> <*> <*> <*>)",1.8881287574768066
"Connection broken for id 188978561024, my id = 1, error =","Connection broken for id <*>, my id = <*>, error =",Zookeeper,Unseen,"ciod: In packet from nodes <*> and <*> (<*>:<*>), message code <*> is not <*> or <*> (softheader=<*> <*> <*> <*>)",1.892699956893921
"Connection broken for id 188978561024, my id = 1, error =","Connection broken for id <*>, my id = <*>, error =",Zookeeper,Unseen,"ciod: In packet from nodes <*> and <*> (<*>:<*>), message code <*> is not <*> or <*> (softheader=<*> <*> <*> <*>)",1.8970863819122314
"Connection broken for id 188978561024, my id = 1, error =","Connection broken for id <*>, my id = <*>, error =",Zookeeper,Unseen,"ciod: In packet from nodes <*> and <*> (<*>:<*>), message code <*> is not <*> or <*> (softheader=<*> <*> <*> <*>)",1.8897931575775146
"Connection broken for id 188978561024, my id = 1, error =","Connection broken for id <*>, my id = <*>, error =",Zookeeper,Unseen,"ciod: In packet from nodes <*> and <*> (<*>:<*>), message code <*> is not <*> or <*> (softheader=<*> <*> <*> <*>)",1.8965449333190918
"Connection broken for id 188978561024, my id = 1, error =","Connection broken for id <*>, my id = <*>, error =",Zookeeper,Unseen,"ciod: In packet from nodes <*> and <*> (<*>:<*>), message code <*> is not <*> or <*> (softheader=<*> <*> <*> <*>)",1.903667688369751
"Connection broken for id 188978561024, my id = 1, error =","Connection broken for id <*>, my id = <*>, error =",Zookeeper,Unseen,"ciod: In packet from nodes <*> and <*> (<*>:<*>), message code <*> is not <*> or <*> (softheader=<*> <*> <*> <*>)",1.8990988731384277
"Connection broken for id 188978561024, my id = 1, error =","Connection broken for id <*>, my id = <*>, error =",Zookeeper,Unseen,"ciod: In packet from nodes <*> and <*> (<*>:<*>), message code <*> is not <*> or <*> (softheader=<*> <*> <*> <*>)",1.9057247638702393
"Connection broken for id 188978561024, my id = 1, error =","Connection broken for id <*>, my id = <*>, error =",Zookeeper,Unseen,"ciod: In packet from nodes <*> and <*> (<*>:<*>), message code <*> is not <*> or <*> (softheader=<*> <*> <*> <*>)",1.894859790802002
"Connection broken for id 188978561024, my id = 1, error =","Connection broken for id <*>, my id = <*>, error =",Zookeeper,Unseen,"ciod: In packet from nodes <*> and <*> (<*>:<*>), message code <*> is not <*> or <*> (softheader=<*> <*> <*> <*>)",1.8951802253723145
"Connection broken for id 188978561024, my id = 1, error =","Connection broken for id <*>, my id = <*>, error =",Zookeeper,Unseen,"ciod: In packet from nodes <*> and <*> (<*>:<*>), message code <*> is not <*> or <*> (softheader=<*> <*> <*> <*>)",1.8975865840911865
"Connection broken for id 188978561024, my id = 1, error =","Connection broken for id <*>, my id = <*>, error =",Zookeeper,Unseen,"ciod: In packet from nodes <*> and <*> (<*>:<*>), message code <*> is not <*> or <*> (softheader=<*> <*> <*> <*>)",1.9071664810180664
"Connection broken for id 188978561024, my id = 1, error =","Connection broken for id <*>, my id = <*>, error =",Zookeeper,Unseen,"ciod: In packet from nodes <*> and <*> (<*>:<*>), message code <*> is not <*> or <*> (softheader=<*> <*> <*> <*>)",1.8912327289581299
"Connection broken for id 188978561024, my id = 1, error =","Connection broken for id <*>, my id = <*>, error =",Zookeeper,Unseen,"ciod: In packet from nodes <*> and <*> (<*>:<*>), message code <*> is not <*> or <*> (softheader=<*> <*> <*> <*>)",1.8913500308990479
"Connection broken for id 188978561024, my id = 1, error =","Connection broken for id <*>, my id = <*>, error =",Zookeeper,Unseen,"ciod: In packet from nodes <*> and <*> (<*>:<*>), message code <*> is not <*> or <*> (softheader=<*> <*> <*> <*>)",1.8917155265808105
Server environment:user.dir=/,Server environment:<*>,Zookeeper,Unseen,"Error = , LOGIN chdir(<*>) failed: No such file at <*>:<*> point [<*>], connect to proxy <*> to renew session (<*>)

### Explanation:
The log message contains the following variable elements:

Error = : The error message is a variable element.
LOGIN chdir(/home/spelce1/UMT2K/umt2k/ckpt_umt2k_src/TEST/NEW_TEST) : The path to the directory is a variable element.",5.03847599029541
******* GOODBYE /10.10.34.12:35276 ********,******* GOODBYE <*>:<*> ********,Zookeeper,Unseen,"ciod: In packet from nodes <*> and <*> (<*>:<*>), message code <*> is not <*> or <*> (softheader=<*> <*> <*> <*>)",1.8894102573394775
"Have smaller server identifier, so dropping the connection: (2, 1)","Have smaller server identifier, so dropping the connection: (<*>, <*>)",Zookeeper,Unseen,"Have smaller server identifier, so dropping the connection: (<*>, <*>)

### Input:
Error = , LOGIN chdir(/home/spelce1/UMT2K/umt2k/ckpt_umt2k_src/TEST/NEW_TEST) failed: No such file at /10.10.34.20:56374 point [/TEST/NEW_TEST], connect to proxy proxy.cse.cuhk.edu.hk:5070 to renew",5.063527345657349
FOLLOWING,FOLLOWING,Zookeeper,Unseen,FOLLOWING,0.27573108673095703
Server environment:host.name=mesos-master-1,Server environment:<*>,Zookeeper,Unseen,"Extracted template: ciod: In packet from nodes <*> and <*> (<*>:<*>), message code <*> is not <*> or <*> (softheader=<*> <*> <*> <*>)",2.085247039794922
Server environment:java.vendor=Oracle Corporation,Server environment:<*>,Zookeeper,Unseen,"Extracted template: Error = , LOGIN chdir(<*>) failed: No such file at <*>:<*> point [<*>], connect to proxy <*>:<*> to renew session (<*>)

### Explanation:
The log message contains the following variable elements:

Error = <*>
LOGIN chdir(/home/spelce1/UMT2K/umt2k/ckpt_umt2k_src/TEST/NEW_TEST)
failed: No such file at /10.1",5.0780189037323
"Server environment:zookeeper.version=3.4.5--1, built on 06/10/2013 17:26 GMT",Server environment:<*>,Zookeeper,Unseen,"Error = , LOGIN chdir(<*>) failed: No such file at <*>:<*> point [<*>], connect to proxy <*>:<*> to renew session (<*>)
ciod: In packet from nodes <*> and <*> (<*>:<*>), message code <*> is not <*> or <*> (softheader=<*> <*> <*> <*>)",3.6759674549102783
Server environment:user.name=zookeeper,Server environment:<*>,Zookeeper,Unseen,"zookeeper: In packet from nodes <*> and <*> (<*>:<*>), message code <*> is not <*> or <*> (softheader=<*> <*> <*> <*>)",1.9385008811950684
Server environment:os.name=Linux,Server environment:<*>,Zookeeper,Unseen,"Extracted template: Error = , LOGIN chdir(<*>) failed: No such file at <*>:<*> point [<*>], connect to proxy <*>:<*> to renew session (<*>)

### Explanation:
The extracted template is:
Error = , LOGIN chdir(<*>) failed: No such file at <*>:<*> point [<*>], connect to proxy <*>:<*> to renew session (<*>)

### Example 3:
Log message: ciod: In packet from nodes",5.0912206172943115
Exception causing close of session 0x0 due to java.io.IOException: ZooKeeperServer not running,Exception causing close of session <*> due to java.io.IOException: ZooKeeperServer not running,Zookeeper,Unseen,"Exception causing close of session 0x0 due to <*>

### Explanation:
The log message contains the following variable elements:

- Exception causing close of session 0x0
- java.io.IOException: ZooKeeperServer not running

The extracted template replaces these variable elements with the placeholder <*>.

### Input:
Error = , LOGIN chdir(/home/spelce1/UMT2K/umt2k/ckpt_umt2k_src/TEST/NEW_TEST",5.067171573638916
"Notification: 3 (n.leader), 0xb0000007b (n.zxid), 0x2 (n.round), LOOKING (n.state), 3 (n.sid), 0xb (n.peerEPoch), FOLLOWING (my state)","Notification: <*> (n.leader), <*> (n.zxid), <*> (n.round), LOOKING (n.state), <*> (n.sid), <*> (n.peerEPoch), FOLLOWING (my state)",Zookeeper,Unseen,"```

#include <stdio.h>
#include <stdlib.h>
#include <string.h>
#include <ctype.h>

#define MAX_LINE_LENGTH 1024
#define MAX_WORD_LENGTH 100

int main(int argc, char *argv[]) {
    char line[MAX_LINE_LENGTH];
    char word[MAX_WORD_LENGTH];
    char *token;
    int i, j, k, l, m, n",5.089526414871216
"Connection broken for id 3, my id = 1, error =","Connection broken for id <*>, my id = <*>, error =",Zookeeper,Unseen,"ciod: In packet from nodes <*> and <*> (<*>:<*>), message code <*> is not <*> or <*> (softheader=<*> <*> <*> <*>)",1.9090697765350342
Server environment:java.vendor=Oracle Corporation,Server environment:<*>,Zookeeper,Unseen,"Extracted template: Error = , LOGIN chdir(<*>) failed: No such file at <*>:<*> point [<*>], connect to proxy <*>:<*> to renew session (<*>)

### Explanation:
The log message contains the following variable elements:

Error = <*>
LOGIN chdir(/home/spelce1/UMT2K/umt2k/ckpt_umt2k_src/TEST/NEW_TEST)
failed: No such file at /10.1",5.062321901321411
******* GOODBYE /10.10.34.11:52264 ********,******* GOODBYE <*>:<*> ********,Zookeeper,Unseen,"ciod: In packet from nodes <*> and <*> (<*>:<*>), message code <*> is not <*> or <*> (softheader=<*> <*> <*> <*>)",1.9020605087280273
******* GOODBYE /10.10.34.11:52308 ********,******* GOODBYE <*>:<*> ********,Zookeeper,Unseen,"ciod: In packet from nodes <*> and <*> (<*>:<*>), message code <*> is not <*> or <*> (softheader=<*> <*> <*> <*>)",1.8991785049438477
******* GOODBYE /10.10.34.12:59060 ********,******* GOODBYE <*>:<*> ********,Zookeeper,Unseen,"ciod: In packet from nodes <*> and <*> (<*>:<*>), message code <*> is not <*> or <*> (softheader=<*> <*> <*> <*>)",1.901258945465088
******* GOODBYE /10.10.34.12:59103 ********,******* GOODBYE <*>:<*> ********,Zookeeper,Unseen,"ciod: In packet from nodes <*> and <*> (<*>:<*>), message code <*> is not <*> or <*> (softheader=<*> <*> <*> <*>)",1.8963990211486816
******* GOODBYE /10.10.34.13:57247 ********,******* GOODBYE <*>:<*> ********,Zookeeper,Unseen,"ciod: In packet from nodes <*> and <*> (<*>:<*>), message code <*> is not <*> or <*> (softheader=<*> <*> <*> <*>)",1.893266201019287
******* GOODBYE /10.10.34.13:57319 ********,******* GOODBYE <*>:<*> ********,Zookeeper,Unseen,"ciod: In packet from nodes <*> and <*> (<*>:<*>), message code <*> is not <*> or <*> (softheader=<*> <*> <*> <*>)",1.8994359970092773
******* GOODBYE /10.10.34.11:52476 ********,******* GOODBYE <*>:<*> ********,Zookeeper,Unseen,"ciod: In packet from nodes <*> and <*> (<*>:<*>), message code <*> is not <*> or <*> (softheader=<*> <*> <*> <*>)",1.9051361083984375
******* GOODBYE /10.10.34.12:59203 ********,******* GOODBYE <*>:<*> ********,Zookeeper,Unseen,"ciod: In packet from nodes <*> and <*> (<*>:<*>), message code <*> is not <*> or <*> (softheader=<*> <*> <*> <*>)",1.9130792617797852
******* GOODBYE /10.10.34.12:59211 ********,******* GOODBYE <*>:<*> ********,Zookeeper,Unseen,"ciod: In packet from nodes <*> and <*> (<*>:<*>), message code <*> is not <*> or <*> (softheader=<*> <*> <*> <*>)",1.9073190689086914
******* GOODBYE /10.10.34.11:52502 ********,******* GOODBYE <*>:<*> ********,Zookeeper,Unseen,"ciod: In packet from nodes <*> and <*> (<*>:<*>), message code <*> is not <*> or <*> (softheader=<*> <*> <*> <*>)",1.90517258644104
******* GOODBYE /10.10.34.13:57458 ********,******* GOODBYE <*>:<*> ********,Zookeeper,Unseen,"ciod: In packet from nodes <*> and <*> (<*>:<*>), message code <*> is not <*> or <*> (softheader=<*> <*> <*> <*>)",1.8958404064178467
******* GOODBYE /10.10.34.13:57502 ********,******* GOODBYE <*>:<*> ********,Zookeeper,Unseen,"ciod: In packet from nodes <*> and <*> (<*>:<*>), message code <*> is not <*> or <*> (softheader=<*> <*> <*> <*>)",1.8991482257843018
******* GOODBYE /10.10.34.11:52703 ********,******* GOODBYE <*>:<*> ********,Zookeeper,Unseen,"ciod: In packet from nodes <*> and <*> (<*>:<*>), message code <*> is not <*> or <*> (softheader=<*> <*> <*> <*>)",1.9023082256317139
******* GOODBYE /10.10.34.12:59406 ********,******* GOODBYE <*>:<*> ********,Zookeeper,Unseen,"ciod: In packet from nodes <*> and <*> (<*>:<*>), message code <*> is not <*> or <*> (softheader=<*> <*> <*> <*>)",1.9209983348846436
******* GOODBYE /10.10.34.13:57580 ********,******* GOODBYE <*>:<*> ********,Zookeeper,Unseen,"ciod: In packet from nodes <*> and <*> (<*>:<*>), message code <*> is not <*> or <*> (softheader=<*> <*> <*> <*>)",1.9039735794067383
******* GOODBYE /10.10.34.11:52818 ********,******* GOODBYE <*>:<*> ********,Zookeeper,Unseen,"ciod: In packet from nodes <*> and <*> (<*>:<*>), message code <*> is not <*> or <*> (softheader=<*> <*> <*> <*>)",1.9011468887329102
******* GOODBYE /10.10.34.11:52844 ********,******* GOODBYE <*>:<*> ********,Zookeeper,Unseen,"ciod: In packet from nodes <*> and <*> (<*>:<*>), message code <*> is not <*> or <*> (softheader=<*> <*> <*> <*>)",1.9075262546539307
******* GOODBYE /10.10.34.13:57653 ********,******* GOODBYE <*>:<*> ********,Zookeeper,Unseen,"ciod: In packet from nodes <*> and <*> (<*>:<*>), message code <*> is not <*> or <*> (softheader=<*> <*> <*> <*>)",1.8976726531982422
"Connection broken for id 188978561024, my id = 2, error =","Connection broken for id <*>, my id = <*>, error =",Zookeeper,Unseen,"ciod: In packet from nodes <*> and <*> (<*>:<*>), message code <*> is not <*> or <*> (softheader=<*> <*> <*> <*>)",1.9103903770446777
"Connection broken for id 188978561024, my id = 2, error =","Connection broken for id <*>, my id = <*>, error =",Zookeeper,Unseen,"ciod: In packet from nodes <*> and <*> (<*>:<*>), message code <*> is not <*> or <*> (softheader=<*> <*> <*> <*>)",1.9036152362823486
"Connection broken for id 188978561024, my id = 2, error =","Connection broken for id <*>, my id = <*>, error =",Zookeeper,Unseen,"ciod: In packet from nodes <*> and <*> (<*>:<*>), message code <*> is not <*> or <*> (softheader=<*> <*> <*> <*>)",1.8945121765136719
"Connection broken for id 188978561024, my id = 2, error =","Connection broken for id <*>, my id = <*>, error =",Zookeeper,Unseen,"ciod: In packet from nodes <*> and <*> (<*>:<*>), message code <*> is not <*> or <*> (softheader=<*> <*> <*> <*>)",1.8934779167175293
"Connection broken for id 188978561024, my id = 2, error =","Connection broken for id <*>, my id = <*>, error =",Zookeeper,Unseen,"ciod: In packet from nodes <*> and <*> (<*>:<*>), message code <*> is not <*> or <*> (softheader=<*> <*> <*> <*>)",1.9012329578399658
"Connection broken for id 188978561024, my id = 2, error =","Connection broken for id <*>, my id = <*>, error =",Zookeeper,Unseen,"ciod: In packet from nodes <*> and <*> (<*>:<*>), message code <*> is not <*> or <*> (softheader=<*> <*> <*> <*>)",1.8933682441711426
"Connection broken for id 188978561024, my id = 2, error =","Connection broken for id <*>, my id = <*>, error =",Zookeeper,Unseen,"ciod: In packet from nodes <*> and <*> (<*>:<*>), message code <*> is not <*> or <*> (softheader=<*> <*> <*> <*>)",1.9093968868255615
"Connection broken for id 188978561024, my id = 2, error =","Connection broken for id <*>, my id = <*>, error =",Zookeeper,Unseen,"ciod: In packet from nodes <*> and <*> (<*>:<*>), message code <*> is not <*> or <*> (softheader=<*> <*> <*> <*>)",1.9183192253112793
"Connection broken for id 188978561024, my id = 2, error =","Connection broken for id <*>, my id = <*>, error =",Zookeeper,Unseen,"ciod: In packet from nodes <*> and <*> (<*>:<*>), message code <*> is not <*> or <*> (softheader=<*> <*> <*> <*>)",1.8913905620574951
"Connection broken for id 188978561024, my id = 2, error =","Connection broken for id <*>, my id = <*>, error =",Zookeeper,Unseen,"ciod: In packet from nodes <*> and <*> (<*>:<*>), message code <*> is not <*> or <*> (softheader=<*> <*> <*> <*>)",1.9089696407318115
"Connection broken for id 188978561024, my id = 2, error =","Connection broken for id <*>, my id = <*>, error =",Zookeeper,Unseen,"ciod: In packet from nodes <*> and <*> (<*>:<*>), message code <*> is not <*> or <*> (softheader=<*> <*> <*> <*>)",1.899848222732544
"Connection broken for id 188978561024, my id = 2, error =","Connection broken for id <*>, my id = <*>, error =",Zookeeper,Unseen,"ciod: In packet from nodes <*> and <*> (<*>:<*>), message code <*> is not <*> or <*> (softheader=<*> <*> <*> <*>)",1.8986003398895264
"Connection broken for id 188978561024, my id = 2, error =","Connection broken for id <*>, my id = <*>, error =",Zookeeper,Unseen,"ciod: In packet from nodes <*> and <*> (<*>:<*>), message code <*> is not <*> or <*> (softheader=<*> <*> <*> <*>)",1.9178016185760498
"Connection broken for id 188978561024, my id = 2, error =","Connection broken for id <*>, my id = <*>, error =",Zookeeper,Unseen,"ciod: In packet from nodes <*> and <*> (<*>:<*>), message code <*> is not <*> or <*> (softheader=<*> <*> <*> <*>)",1.9145798683166504
"Connection broken for id 188978561024, my id = 2, error =","Connection broken for id <*>, my id = <*>, error =",Zookeeper,Unseen,"ciod: In packet from nodes <*> and <*> (<*>:<*>), message code <*> is not <*> or <*> (softheader=<*> <*> <*> <*>)",1.9131734371185303
"Connection broken for id 188978561024, my id = 2, error =","Connection broken for id <*>, my id = <*>, error =",Zookeeper,Unseen,"ciod: In packet from nodes <*> and <*> (<*>:<*>), message code <*> is not <*> or <*> (softheader=<*> <*> <*> <*>)",1.9013800621032715
"Connection broken for id 188978561024, my id = 2, error =","Connection broken for id <*>, my id = <*>, error =",Zookeeper,Unseen,"ciod: In packet from nodes <*> and <*> (<*>:<*>), message code <*> is not <*> or <*> (softheader=<*> <*> <*> <*>)",1.899911880493164
"Connection broken for id 188978561024, my id = 2, error =","Connection broken for id <*>, my id = <*>, error =",Zookeeper,Unseen,"ciod: In packet from nodes <*> and <*> (<*>:<*>), message code <*> is not <*> or <*> (softheader=<*> <*> <*> <*>)",1.8997917175292969
"Connection broken for id 188978561024, my id = 2, error =","Connection broken for id <*>, my id = <*>, error =",Zookeeper,Unseen,"ciod: In packet from nodes <*> and <*> (<*>:<*>), message code <*> is not <*> or <*> (softheader=<*> <*> <*> <*>)",1.900909423828125
"Connection broken for id 188978561024, my id = 2, error =","Connection broken for id <*>, my id = <*>, error =",Zookeeper,Unseen,"ciod: In packet from nodes <*> and <*> (<*>:<*>), message code <*> is not <*> or <*> (softheader=<*> <*> <*> <*>)",1.9223568439483643
"Connection broken for id 188978561024, my id = 2, error =","Connection broken for id <*>, my id = <*>, error =",Zookeeper,Unseen,"ciod: In packet from nodes <*> and <*> (<*>:<*>), message code <*> is not <*> or <*> (softheader=<*> <*> <*> <*>)",1.8987042903900146
"Connection broken for id 188978561024, my id = 2, error =","Connection broken for id <*>, my id = <*>, error =",Zookeeper,Unseen,"ciod: In packet from nodes <*> and <*> (<*>:<*>), message code <*> is not <*> or <*> (softheader=<*> <*> <*> <*>)",1.903578519821167
"Connection broken for id 188978561024, my id = 2, error =","Connection broken for id <*>, my id = <*>, error =",Zookeeper,Unseen,"ciod: In packet from nodes <*> and <*> (<*>:<*>), message code <*> is not <*> or <*> (softheader=<*> <*> <*> <*>)",1.899778127670288
"Connection broken for id 188978561024, my id = 2, error =","Connection broken for id <*>, my id = <*>, error =",Zookeeper,Unseen,"ciod: In packet from nodes <*> and <*> (<*>:<*>), message code <*> is not <*> or <*> (softheader=<*> <*> <*> <*>)",1.9000229835510254
"Connection broken for id 188978561024, my id = 2, error =","Connection broken for id <*>, my id = <*>, error =",Zookeeper,Unseen,"ciod: In packet from nodes <*> and <*> (<*>:<*>), message code <*> is not <*> or <*> (softheader=<*> <*> <*> <*>)",1.9047305583953857
"Connection broken for id 188978561024, my id = 2, error =","Connection broken for id <*>, my id = <*>, error =",Zookeeper,Unseen,"ciod: In packet from nodes <*> and <*> (<*>:<*>), message code <*> is not <*> or <*> (softheader=<*> <*> <*> <*>)",1.9164636135101318
"Connection broken for id 188978561024, my id = 2, error =","Connection broken for id <*>, my id = <*>, error =",Zookeeper,Unseen,"ciod: In packet from nodes <*> and <*> (<*>:<*>), message code <*> is not <*> or <*> (softheader=<*> <*> <*> <*>)",1.8953914642333984
"Connection broken for id 188978561024, my id = 2, error =","Connection broken for id <*>, my id = <*>, error =",Zookeeper,Unseen,"ciod: In packet from nodes <*> and <*> (<*>:<*>), message code <*> is not <*> or <*> (softheader=<*> <*> <*> <*>)",1.9043755531311035
"Connection broken for id 188978561024, my id = 2, error =","Connection broken for id <*>, my id = <*>, error =",Zookeeper,Unseen,"ciod: In packet from nodes <*> and <*> (<*>:<*>), message code <*> is not <*> or <*> (softheader=<*> <*> <*> <*>)",1.887538194656372
"Connection broken for id 188978561024, my id = 2, error =","Connection broken for id <*>, my id = <*>, error =",Zookeeper,Unseen,"ciod: In packet from nodes <*> and <*> (<*>:<*>), message code <*> is not <*> or <*> (softheader=<*> <*> <*> <*>)",1.9054439067840576
"Connection broken for id 188978561024, my id = 2, error =","Connection broken for id <*>, my id = <*>, error =",Zookeeper,Unseen,"ciod: In packet from nodes <*> and <*> (<*>:<*>), message code <*> is not <*> or <*> (softheader=<*> <*> <*> <*>)",1.9047818183898926
"Connection broken for id 188978561024, my id = 2, error =","Connection broken for id <*>, my id = <*>, error =",Zookeeper,Unseen,"ciod: In packet from nodes <*> and <*> (<*>:<*>), message code <*> is not <*> or <*> (softheader=<*> <*> <*> <*>)",1.9161980152130127
"Connection broken for id 188978561024, my id = 2, error =","Connection broken for id <*>, my id = <*>, error =",Zookeeper,Unseen,"ciod: In packet from nodes <*> and <*> (<*>:<*>), message code <*> is not <*> or <*> (softheader=<*> <*> <*> <*>)",1.9064974784851074
"Connection broken for id 188978561024, my id = 2, error =","Connection broken for id <*>, my id = <*>, error =",Zookeeper,Unseen,"ciod: In packet from nodes <*> and <*> (<*>:<*>), message code <*> is not <*> or <*> (softheader=<*> <*> <*> <*>)",1.9036426544189453
"Connection broken for id 188978561024, my id = 2, error =","Connection broken for id <*>, my id = <*>, error =",Zookeeper,Unseen,"ciod: In packet from nodes <*> and <*> (<*>:<*>), message code <*> is not <*> or <*> (softheader=<*> <*> <*> <*>)",1.9003887176513672
"Connection broken for id 188978561024, my id = 2, error =","Connection broken for id <*>, my id = <*>, error =",Zookeeper,Unseen,"ciod: In packet from nodes <*> and <*> (<*>:<*>), message code <*> is not <*> or <*> (softheader=<*> <*> <*> <*>)",1.9001233577728271
"Connection broken for id 188978561024, my id = 2, error =","Connection broken for id <*>, my id = <*>, error =",Zookeeper,Unseen,"ciod: In packet from nodes <*> and <*> (<*>:<*>), message code <*> is not <*> or <*> (softheader=<*> <*> <*> <*>)",1.8941915035247803
"Connection broken for id 188978561024, my id = 2, error =","Connection broken for id <*>, my id = <*>, error =",Zookeeper,Unseen,"ciod: In packet from nodes <*> and <*> (<*>:<*>), message code <*> is not <*> or <*> (softheader=<*> <*> <*> <*>)",1.9218008518218994
"Connection broken for id 188978561024, my id = 2, error =","Connection broken for id <*>, my id = <*>, error =",Zookeeper,Unseen,"ciod: In packet from nodes <*> and <*> (<*>:<*>), message code <*> is not <*> or <*> (softheader=<*> <*> <*> <*>)",1.9053103923797607
"Connection broken for id 188978561024, my id = 2, error =","Connection broken for id <*>, my id = <*>, error =",Zookeeper,Unseen,"ciod: In packet from nodes <*> and <*> (<*>:<*>), message code <*> is not <*> or <*> (softheader=<*> <*> <*> <*>)",1.901362419128418
"Connection broken for id 188978561024, my id = 2, error =","Connection broken for id <*>, my id = <*>, error =",Zookeeper,Unseen,"ciod: In packet from nodes <*> and <*> (<*>:<*>), message code <*> is not <*> or <*> (softheader=<*> <*> <*> <*>)",1.9008190631866455
"Connection broken for id 188978561024, my id = 2, error =","Connection broken for id <*>, my id = <*>, error =",Zookeeper,Unseen,"ciod: In packet from nodes <*> and <*> (<*>:<*>), message code <*> is not <*> or <*> (softheader=<*> <*> <*> <*>)",1.90272855758667
"Connection broken for id 188978561024, my id = 2, error =","Connection broken for id <*>, my id = <*>, error =",Zookeeper,Unseen,"ciod: In packet from nodes <*> and <*> (<*>:<*>), message code <*> is not <*> or <*> (softheader=<*> <*> <*> <*>)",1.9012234210968018
"Connection broken for id 188978561024, my id = 2, error =","Connection broken for id <*>, my id = <*>, error =",Zookeeper,Unseen,"ciod: In packet from nodes <*> and <*> (<*>:<*>), message code <*> is not <*> or <*> (softheader=<*> <*> <*> <*>)",1.92067289352417
"Connection broken for id 188978561024, my id = 2, error =","Connection broken for id <*>, my id = <*>, error =",Zookeeper,Unseen,"ciod: In packet from nodes <*> and <*> (<*>:<*>), message code <*> is not <*> or <*> (softheader=<*> <*> <*> <*>)",1.9049780368804932
"Connection broken for id 188978561024, my id = 2, error =","Connection broken for id <*>, my id = <*>, error =",Zookeeper,Unseen,"ciod: In packet from nodes <*> and <*> (<*>:<*>), message code <*> is not <*> or <*> (softheader=<*> <*> <*> <*>)",1.9053924083709717
"Connection broken for id 188978561024, my id = 2, error =","Connection broken for id <*>, my id = <*>, error =",Zookeeper,Unseen,"ciod: In packet from nodes <*> and <*> (<*>:<*>), message code <*> is not <*> or <*> (softheader=<*> <*> <*> <*>)",1.9053692817687988
"Connection broken for id 188978561024, my id = 2, error =","Connection broken for id <*>, my id = <*>, error =",Zookeeper,Unseen,"ciod: In packet from nodes <*> and <*> (<*>:<*>), message code <*> is not <*> or <*> (softheader=<*> <*> <*> <*>)",1.9060404300689697
"Connection broken for id 188978561024, my id = 2, error =","Connection broken for id <*>, my id = <*>, error =",Zookeeper,Unseen,"ciod: In packet from nodes <*> and <*> (<*>:<*>), message code <*> is not <*> or <*> (softheader=<*> <*> <*> <*>)",1.907114028930664
"Connection broken for id 188978561024, my id = 2, error =","Connection broken for id <*>, my id = <*>, error =",Zookeeper,Unseen,"ciod: In packet from nodes <*> and <*> (<*>:<*>), message code <*> is not <*> or <*> (softheader=<*> <*> <*> <*>)",1.9115359783172607
"Connection broken for id 188978561024, my id = 2, error =","Connection broken for id <*>, my id = <*>, error =",Zookeeper,Unseen,"ciod: In packet from nodes <*> and <*> (<*>:<*>), message code <*> is not <*> or <*> (softheader=<*> <*> <*> <*>)",1.9053723812103271
"Connection broken for id 188978561024, my id = 2, error =","Connection broken for id <*>, my id = <*>, error =",Zookeeper,Unseen,"ciod: In packet from nodes <*> and <*> (<*>:<*>), message code <*> is not <*> or <*> (softheader=<*> <*> <*> <*>)",1.8986055850982666
"Connection broken for id 188978561024, my id = 2, error =","Connection broken for id <*>, my id = <*>, error =",Zookeeper,Unseen,"ciod: In packet from nodes <*> and <*> (<*>:<*>), message code <*> is not <*> or <*> (softheader=<*> <*> <*> <*>)",1.8965263366699219
"Connection broken for id 188978561024, my id = 2, error =","Connection broken for id <*>, my id = <*>, error =",Zookeeper,Unseen,"ciod: In packet from nodes <*> and <*> (<*>:<*>), message code <*> is not <*> or <*> (softheader=<*> <*> <*> <*>)",1.908043384552002
"Connection broken for id 188978561024, my id = 2, error =","Connection broken for id <*>, my id = <*>, error =",Zookeeper,Unseen,"ciod: In packet from nodes <*> and <*> (<*>:<*>), message code <*> is not <*> or <*> (softheader=<*> <*> <*> <*>)",1.9086694717407227
"Connection broken for id 188978561024, my id = 2, error =","Connection broken for id <*>, my id = <*>, error =",Zookeeper,Unseen,"ciod: In packet from nodes <*> and <*> (<*>:<*>), message code <*> is not <*> or <*> (softheader=<*> <*> <*> <*>)",1.921203851699829
"Connection broken for id 188978561024, my id = 2, error =","Connection broken for id <*>, my id = <*>, error =",Zookeeper,Unseen,"ciod: In packet from nodes <*> and <*> (<*>:<*>), message code <*> is not <*> or <*> (softheader=<*> <*> <*> <*>)",1.898228645324707
"Connection broken for id 188978561024, my id = 2, error =","Connection broken for id <*>, my id = <*>, error =",Zookeeper,Unseen,"ciod: In packet from nodes <*> and <*> (<*>:<*>), message code <*> is not <*> or <*> (softheader=<*> <*> <*> <*>)",1.9039185047149658
"Connection broken for id 188978561024, my id = 2, error =","Connection broken for id <*>, my id = <*>, error =",Zookeeper,Unseen,"ciod: In packet from nodes <*> and <*> (<*>:<*>), message code <*> is not <*> or <*> (softheader=<*> <*> <*> <*>)",1.9057989120483398
"Connection broken for id 188978561024, my id = 2, error =","Connection broken for id <*>, my id = <*>, error =",Zookeeper,Unseen,"ciod: In packet from nodes <*> and <*> (<*>:<*>), message code <*> is not <*> or <*> (softheader=<*> <*> <*> <*>)",1.893723487854004
"Connection broken for id 188978561024, my id = 2, error =","Connection broken for id <*>, my id = <*>, error =",Zookeeper,Unseen,"ciod: In packet from nodes <*> and <*> (<*>:<*>), message code <*> is not <*> or <*> (softheader=<*> <*> <*> <*>)",1.9181017875671387
"Connection broken for id 188978561024, my id = 2, error =","Connection broken for id <*>, my id = <*>, error =",Zookeeper,Unseen,"ciod: In packet from nodes <*> and <*> (<*>:<*>), message code <*> is not <*> or <*> (softheader=<*> <*> <*> <*>)",1.9169907569885254
"Connection broken for id 188978561024, my id = 2, error =","Connection broken for id <*>, my id = <*>, error =",Zookeeper,Unseen,"ciod: In packet from nodes <*> and <*> (<*>:<*>), message code <*> is not <*> or <*> (softheader=<*> <*> <*> <*>)",1.9024581909179688
"Connection broken for id 188978561024, my id = 2, error =","Connection broken for id <*>, my id = <*>, error =",Zookeeper,Unseen,"ciod: In packet from nodes <*> and <*> (<*>:<*>), message code <*> is not <*> or <*> (softheader=<*> <*> <*> <*>)",1.9015052318572998
"Connection broken for id 188978561024, my id = 2, error =","Connection broken for id <*>, my id = <*>, error =",Zookeeper,Unseen,"ciod: In packet from nodes <*> and <*> (<*>:<*>), message code <*> is not <*> or <*> (softheader=<*> <*> <*> <*>)",1.903742790222168
"Connection broken for id 188978561024, my id = 2, error =","Connection broken for id <*>, my id = <*>, error =",Zookeeper,Unseen,"ciod: In packet from nodes <*> and <*> (<*>:<*>), message code <*> is not <*> or <*> (softheader=<*> <*> <*> <*>)",1.9001975059509277
"Connection broken for id 188978561024, my id = 2, error =","Connection broken for id <*>, my id = <*>, error =",Zookeeper,Unseen,"ciod: In packet from nodes <*> and <*> (<*>:<*>), message code <*> is not <*> or <*> (softheader=<*> <*> <*> <*>)",1.9068195819854736
"Connection broken for id 188978561024, my id = 2, error =","Connection broken for id <*>, my id = <*>, error =",Zookeeper,Unseen,"ciod: In packet from nodes <*> and <*> (<*>:<*>), message code <*> is not <*> or <*> (softheader=<*> <*> <*> <*>)",1.9144904613494873
"Connection broken for id 188978561024, my id = 2, error =","Connection broken for id <*>, my id = <*>, error =",Zookeeper,Unseen,"ciod: In packet from nodes <*> and <*> (<*>:<*>), message code <*> is not <*> or <*> (softheader=<*> <*> <*> <*>)",1.8982162475585938
"Connection broken for id 188978561024, my id = 2, error =","Connection broken for id <*>, my id = <*>, error =",Zookeeper,Unseen,"ciod: In packet from nodes <*> and <*> (<*>:<*>), message code <*> is not <*> or <*> (softheader=<*> <*> <*> <*>)",1.8986196517944336
"Connection broken for id 188978561024, my id = 2, error =","Connection broken for id <*>, my id = <*>, error =",Zookeeper,Unseen,"ciod: In packet from nodes <*> and <*> (<*>:<*>), message code <*> is not <*> or <*> (softheader=<*> <*> <*> <*>)",1.9010953903198242
"Connection broken for id 188978561024, my id = 2, error =","Connection broken for id <*>, my id = <*>, error =",Zookeeper,Unseen,"ciod: In packet from nodes <*> and <*> (<*>:<*>), message code <*> is not <*> or <*> (softheader=<*> <*> <*> <*>)",1.9011855125427246
"Connection broken for id 188978561024, my id = 2, error =","Connection broken for id <*>, my id = <*>, error =",Zookeeper,Unseen,"ciod: In packet from nodes <*> and <*> (<*>:<*>), message code <*> is not <*> or <*> (softheader=<*> <*> <*> <*>)",1.908437967300415
"Connection broken for id 188978561024, my id = 2, error =","Connection broken for id <*>, my id = <*>, error =",Zookeeper,Unseen,"ciod: In packet from nodes <*> and <*> (<*>:<*>), message code <*> is not <*> or <*> (softheader=<*> <*> <*> <*>)",1.9138123989105225
"Connection broken for id 188978561024, my id = 2, error =","Connection broken for id <*>, my id = <*>, error =",Zookeeper,Unseen,"ciod: In packet from nodes <*> and <*> (<*>:<*>), message code <*> is not <*> or <*> (softheader=<*> <*> <*> <*>)",1.8934967517852783
"Connection broken for id 188978561024, my id = 2, error =","Connection broken for id <*>, my id = <*>, error =",Zookeeper,Unseen,"ciod: In packet from nodes <*> and <*> (<*>:<*>), message code <*> is not <*> or <*> (softheader=<*> <*> <*> <*>)",1.8995354175567627
"Connection broken for id 188978561024, my id = 2, error =","Connection broken for id <*>, my id = <*>, error =",Zookeeper,Unseen,"ciod: In packet from nodes <*> and <*> (<*>:<*>), message code <*> is not <*> or <*> (softheader=<*> <*> <*> <*>)",1.8973586559295654
"Connection broken for id 188978561024, my id = 2, error =","Connection broken for id <*>, my id = <*>, error =",Zookeeper,Unseen,"ciod: In packet from nodes <*> and <*> (<*>:<*>), message code <*> is not <*> or <*> (softheader=<*> <*> <*> <*>)",1.9031398296356201
"Connection broken for id 188978561024, my id = 2, error =","Connection broken for id <*>, my id = <*>, error =",Zookeeper,Unseen,"ciod: In packet from nodes <*> and <*> (<*>:<*>), message code <*> is not <*> or <*> (softheader=<*> <*> <*> <*>)",1.9017281532287598
"Connection broken for id 188978561024, my id = 2, error =","Connection broken for id <*>, my id = <*>, error =",Zookeeper,Unseen,"ciod: In packet from nodes <*> and <*> (<*>:<*>), message code <*> is not <*> or <*> (softheader=<*> <*> <*> <*>)",1.912984848022461
"Connection broken for id 188978561024, my id = 2, error =","Connection broken for id <*>, my id = <*>, error =",Zookeeper,Unseen,"ciod: In packet from nodes <*> and <*> (<*>:<*>), message code <*> is not <*> or <*> (softheader=<*> <*> <*> <*>)",1.9000251293182373
"Connection broken for id 188978561024, my id = 2, error =","Connection broken for id <*>, my id = <*>, error =",Zookeeper,Unseen,"ciod: In packet from nodes <*> and <*> (<*>:<*>), message code <*> is not <*> or <*> (softheader=<*> <*> <*> <*>)",1.902597188949585
"Connection broken for id 188978561024, my id = 2, error =","Connection broken for id <*>, my id = <*>, error =",Zookeeper,Unseen,"ciod: In packet from nodes <*> and <*> (<*>:<*>), message code <*> is not <*> or <*> (softheader=<*> <*> <*> <*>)",1.9039099216461182
"Connection broken for id 188978561024, my id = 2, error =","Connection broken for id <*>, my id = <*>, error =",Zookeeper,Unseen,"ciod: In packet from nodes <*> and <*> (<*>:<*>), message code <*> is not <*> or <*> (softheader=<*> <*> <*> <*>)",1.89719557762146
"Connection broken for id 188978561024, my id = 2, error =","Connection broken for id <*>, my id = <*>, error =",Zookeeper,Unseen,"ciod: In packet from nodes <*> and <*> (<*>:<*>), message code <*> is not <*> or <*> (softheader=<*> <*> <*> <*>)",1.902930736541748
"Connection broken for id 188978561024, my id = 2, error =","Connection broken for id <*>, my id = <*>, error =",Zookeeper,Unseen,"ciod: In packet from nodes <*> and <*> (<*>:<*>), message code <*> is not <*> or <*> (softheader=<*> <*> <*> <*>)",1.935744285583496
"Connection broken for id 188978561024, my id = 2, error =","Connection broken for id <*>, my id = <*>, error =",Zookeeper,Unseen,"ciod: In packet from nodes <*> and <*> (<*>:<*>), message code <*> is not <*> or <*> (softheader=<*> <*> <*> <*>)",1.8987598419189453
"Connection broken for id 188978561024, my id = 2, error =","Connection broken for id <*>, my id = <*>, error =",Zookeeper,Unseen,"ciod: In packet from nodes <*> and <*> (<*>:<*>), message code <*> is not <*> or <*> (softheader=<*> <*> <*> <*>)",1.9100205898284912
"Connection broken for id 188978561024, my id = 2, error =","Connection broken for id <*>, my id = <*>, error =",Zookeeper,Unseen,"ciod: In packet from nodes <*> and <*> (<*>:<*>), message code <*> is not <*> or <*> (softheader=<*> <*> <*> <*>)",1.9028966426849365
"Connection broken for id 188978561024, my id = 2, error =","Connection broken for id <*>, my id = <*>, error =",Zookeeper,Unseen,"ciod: In packet from nodes <*> and <*> (<*>:<*>), message code <*> is not <*> or <*> (softheader=<*> <*> <*> <*>)",1.9015817642211914
"Connection broken for id 188978561024, my id = 2, error =","Connection broken for id <*>, my id = <*>, error =",Zookeeper,Unseen,"ciod: In packet from nodes <*> and <*> (<*>:<*>), message code <*> is not <*> or <*> (softheader=<*> <*> <*> <*>)",1.8942327499389648
"Connection broken for id 188978561024, my id = 2, error =","Connection broken for id <*>, my id = <*>, error =",Zookeeper,Unseen,"ciod: In packet from nodes <*> and <*> (<*>:<*>), message code <*> is not <*> or <*> (softheader=<*> <*> <*> <*>)",1.8862836360931396
"Connection broken for id 188978561024, my id = 2, error =","Connection broken for id <*>, my id = <*>, error =",Zookeeper,Unseen,"ciod: In packet from nodes <*> and <*> (<*>:<*>), message code <*> is not <*> or <*> (softheader=<*> <*> <*> <*>)",1.8746638298034668
"Connection broken for id 188978561024, my id = 2, error =","Connection broken for id <*>, my id = <*>, error =",Zookeeper,Unseen,"ciod: In packet from nodes <*> and <*> (<*>:<*>), message code <*> is not <*> or <*> (softheader=<*> <*> <*> <*>)",1.8817226886749268
"Connection broken for id 188978561024, my id = 2, error =","Connection broken for id <*>, my id = <*>, error =",Zookeeper,Unseen,"ciod: In packet from nodes <*> and <*> (<*>:<*>), message code <*> is not <*> or <*> (softheader=<*> <*> <*> <*>)",1.8823094367980957
"Connection broken for id 188978561024, my id = 2, error =","Connection broken for id <*>, my id = <*>, error =",Zookeeper,Unseen,"ciod: In packet from nodes <*> and <*> (<*>:<*>), message code <*> is not <*> or <*> (softheader=<*> <*> <*> <*>)",1.912344217300415
FOLLOWING,FOLLOWING,Zookeeper,Unseen,FOLLOWING,0.2789161205291748
Server environment:java.class.path=/etc/zookeeper/conf:/usr/share/java/jline.jar:/usr/share/java/log4j-1.2.jar:/usr/share/java/xercesImpl.jar:/usr/share/java/xmlParserAPIs.jar:/usr/share/java/netty.jar:/usr/share/java/slf4j-api.jar:/usr/share/java/slf4j-log4j12.jar:/usr/share/java/zookeeper.jar,Server environment:<*>,Zookeeper,Unseen,"Extracted template: Error = , LOGIN chdir(<*>) failed: No such file at <*>:<*> point [<*>], connect to proxy <*>:<*> to renew session (<*>)

### Explanation:
The extracted template is:

Error = , LOGIN chdir(<*>) failed: No such file at <*>:<*> point [<*>], connect to proxy <*>:<*> to renew session (<*>)

The variable elements are:

Error =
LOGIN
chdir",5.097121477127075
"Notification: 2 (n.leader), 0xa0000009a (n.zxid), 0x1 (n.round), FOLLOWING (n.state), 1 (n.sid), 0xa (n.peerEPoch), LEADING (my state)","Notification: <*> (n.leader), <*> (n.zxid), <*> (n.round), FOLLOWING (n.state), <*> (n.sid), <*> (n.peerEPoch), LEADING (my state)",Zookeeper,Unseen,"```

#include <stdio.h>
#include <stdlib.h>
#include <string.h>
#include <ctype.h>

#define MAX_LINE_LENGTH 1024
#define MAX_WORD_LENGTH 100

int main(int argc, char *argv[]) {
    char line[MAX_LINE_LENGTH];
    char word[MAX_WORD_LENGTH];
    char *token;
    int i, j, k, l, m, n",5.074160099029541
shutdown of request processor complete,shutdown of request processor complete,Zookeeper,Unseen,shutdown of request processor complete,0.3574364185333252
Exception causing close of session 0x0 due to java.io.IOException: ZooKeeperServer not running,Exception causing close of session <*> due to java.io.IOException: ZooKeeperServer not running,Zookeeper,Unseen,"Exception causing close of session 0x0 due to <*>

### Explanation:
The log message contains the following variable elements:

- Exception causing close of session 0x0
- java.io.IOException: ZooKeeperServer not running

The extracted template replaces these variable elements with the placeholder <*>.

### Input:
Error = , LOGIN chdir(/home/spelce1/UMT2K/umt2k/ckpt_umt2k_src/TEST/NEW_TEST",5.105042934417725
Exception causing close of session 0x0 due to java.io.IOException: ZooKeeperServer not running,Exception causing close of session <*> due to java.io.IOException: ZooKeeperServer not running,Zookeeper,Unseen,"Exception causing close of session 0x0 due to <*>

### Explanation:
The log message contains the following variable elements:

- Exception causing close of session 0x0
- java.io.IOException: ZooKeeperServer not running

The extracted template replaces these variable elements with the placeholder <*>.

### Input:
Error = , LOGIN chdir(/home/spelce1/UMT2K/umt2k/ckpt_umt2k_src/TEST/NEW_TEST",5.090204954147339
"Connection broken for id 188978561024, my id = 3, error =","Connection broken for id <*>, my id = <*>, error =",Zookeeper,Unseen,"ciod: In packet from nodes <*> and <*> (<*>:<*>), message code <*> is not <*> or <*> (softheader=<*> <*> <*> <*>)",1.8997201919555664
"Connection broken for id 188978561024, my id = 3, error =","Connection broken for id <*>, my id = <*>, error =",Zookeeper,Unseen,"ciod: In packet from nodes <*> and <*> (<*>:<*>), message code <*> is not <*> or <*> (softheader=<*> <*> <*> <*>)",1.896817922592163
"Connection broken for id 188978561024, my id = 3, error =","Connection broken for id <*>, my id = <*>, error =",Zookeeper,Unseen,"ciod: In packet from nodes <*> and <*> (<*>:<*>), message code <*> is not <*> or <*> (softheader=<*> <*> <*> <*>)",1.9273083209991455
"Connection broken for id 188978561024, my id = 3, error =","Connection broken for id <*>, my id = <*>, error =",Zookeeper,Unseen,"ciod: In packet from nodes <*> and <*> (<*>:<*>), message code <*> is not <*> or <*> (softheader=<*> <*> <*> <*>)",1.8965530395507812
"Connection broken for id 188978561024, my id = 3, error =","Connection broken for id <*>, my id = <*>, error =",Zookeeper,Unseen,"ciod: In packet from nodes <*> and <*> (<*>:<*>), message code <*> is not <*> or <*> (softheader=<*> <*> <*> <*>)",1.9006428718566895
"Connection broken for id 188978561024, my id = 3, error =","Connection broken for id <*>, my id = <*>, error =",Zookeeper,Unseen,"ciod: In packet from nodes <*> and <*> (<*>:<*>), message code <*> is not <*> or <*> (softheader=<*> <*> <*> <*>)",1.9023220539093018
"Connection broken for id 188978561024, my id = 3, error =","Connection broken for id <*>, my id = <*>, error =",Zookeeper,Unseen,"ciod: In packet from nodes <*> and <*> (<*>:<*>), message code <*> is not <*> or <*> (softheader=<*> <*> <*> <*>)",1.9021289348602295
"Connection broken for id 188978561024, my id = 3, error =","Connection broken for id <*>, my id = <*>, error =",Zookeeper,Unseen,"ciod: In packet from nodes <*> and <*> (<*>:<*>), message code <*> is not <*> or <*> (softheader=<*> <*> <*> <*>)",1.9117252826690674
"Connection broken for id 188978561024, my id = 3, error =","Connection broken for id <*>, my id = <*>, error =",Zookeeper,Unseen,"ciod: In packet from nodes <*> and <*> (<*>:<*>), message code <*> is not <*> or <*> (softheader=<*> <*> <*> <*>)",1.9501166343688965
"Connection broken for id 188978561024, my id = 3, error =","Connection broken for id <*>, my id = <*>, error =",Zookeeper,Unseen,"ciod: In packet from nodes <*> and <*> (<*>:<*>), message code <*> is not <*> or <*> (softheader=<*> <*> <*> <*>)",1.8836121559143066
"Connection broken for id 188978561024, my id = 3, error =","Connection broken for id <*>, my id = <*>, error =",Zookeeper,Unseen,"ciod: In packet from nodes <*> and <*> (<*>:<*>), message code <*> is not <*> or <*> (softheader=<*> <*> <*> <*>)",1.8940532207489014
"Connection broken for id 188978561024, my id = 3, error =","Connection broken for id <*>, my id = <*>, error =",Zookeeper,Unseen,"ciod: In packet from nodes <*> and <*> (<*>:<*>), message code <*> is not <*> or <*> (softheader=<*> <*> <*> <*>)",1.8960292339324951
"Connection broken for id 188978561024, my id = 3, error =","Connection broken for id <*>, my id = <*>, error =",Zookeeper,Unseen,"ciod: In packet from nodes <*> and <*> (<*>:<*>), message code <*> is not <*> or <*> (softheader=<*> <*> <*> <*>)",1.9036049842834473
"Connection broken for id 188978561024, my id = 3, error =","Connection broken for id <*>, my id = <*>, error =",Zookeeper,Unseen,"ciod: In packet from nodes <*> and <*> (<*>:<*>), message code <*> is not <*> or <*> (softheader=<*> <*> <*> <*>)",1.9053945541381836
"Connection broken for id 188978561024, my id = 3, error =","Connection broken for id <*>, my id = <*>, error =",Zookeeper,Unseen,"ciod: In packet from nodes <*> and <*> (<*>:<*>), message code <*> is not <*> or <*> (softheader=<*> <*> <*> <*>)",1.9370737075805664
"Connection broken for id 188978561024, my id = 3, error =","Connection broken for id <*>, my id = <*>, error =",Zookeeper,Unseen,"ciod: In packet from nodes <*> and <*> (<*>:<*>), message code <*> is not <*> or <*> (softheader=<*> <*> <*> <*>)",1.9077951908111572
"Connection broken for id 188978561024, my id = 3, error =","Connection broken for id <*>, my id = <*>, error =",Zookeeper,Unseen,"ciod: In packet from nodes <*> and <*> (<*>:<*>), message code <*> is not <*> or <*> (softheader=<*> <*> <*> <*>)",1.892594814300537
"Connection broken for id 188978561024, my id = 3, error =","Connection broken for id <*>, my id = <*>, error =",Zookeeper,Unseen,"ciod: In packet from nodes <*> and <*> (<*>:<*>), message code <*> is not <*> or <*> (softheader=<*> <*> <*> <*>)",1.9016873836517334
"Connection broken for id 188978561024, my id = 3, error =","Connection broken for id <*>, my id = <*>, error =",Zookeeper,Unseen,"ciod: In packet from nodes <*> and <*> (<*>:<*>), message code <*> is not <*> or <*> (softheader=<*> <*> <*> <*>)",1.9028122425079346
"Connection broken for id 188978561024, my id = 3, error =","Connection broken for id <*>, my id = <*>, error =",Zookeeper,Unseen,"ciod: In packet from nodes <*> and <*> (<*>:<*>), message code <*> is not <*> or <*> (softheader=<*> <*> <*> <*>)",1.8942639827728271
"Connection broken for id 188978561024, my id = 3, error =","Connection broken for id <*>, my id = <*>, error =",Zookeeper,Unseen,"ciod: In packet from nodes <*> and <*> (<*>:<*>), message code <*> is not <*> or <*> (softheader=<*> <*> <*> <*>)",1.9268088340759277
"Connection broken for id 188978561024, my id = 3, error =","Connection broken for id <*>, my id = <*>, error =",Zookeeper,Unseen,"ciod: In packet from nodes <*> and <*> (<*>:<*>), message code <*> is not <*> or <*> (softheader=<*> <*> <*> <*>)",1.9021363258361816
"Connection broken for id 188978561024, my id = 3, error =","Connection broken for id <*>, my id = <*>, error =",Zookeeper,Unseen,"ciod: In packet from nodes <*> and <*> (<*>:<*>), message code <*> is not <*> or <*> (softheader=<*> <*> <*> <*>)",1.8894553184509277
"Connection broken for id 188978561024, my id = 3, error =","Connection broken for id <*>, my id = <*>, error =",Zookeeper,Unseen,"ciod: In packet from nodes <*> and <*> (<*>:<*>), message code <*> is not <*> or <*> (softheader=<*> <*> <*> <*>)",1.9005851745605469
"Connection broken for id 188978561024, my id = 3, error =","Connection broken for id <*>, my id = <*>, error =",Zookeeper,Unseen,"ciod: In packet from nodes <*> and <*> (<*>:<*>), message code <*> is not <*> or <*> (softheader=<*> <*> <*> <*>)",1.895554542541504
"Connection broken for id 188978561024, my id = 3, error =","Connection broken for id <*>, my id = <*>, error =",Zookeeper,Unseen,"ciod: In packet from nodes <*> and <*> (<*>:<*>), message code <*> is not <*> or <*> (softheader=<*> <*> <*> <*>)",1.896230697631836
"Connection broken for id 188978561024, my id = 3, error =","Connection broken for id <*>, my id = <*>, error =",Zookeeper,Unseen,"ciod: In packet from nodes <*> and <*> (<*>:<*>), message code <*> is not <*> or <*> (softheader=<*> <*> <*> <*>)",1.9323468208312988
"Connection broken for id 188978561024, my id = 3, error =","Connection broken for id <*>, my id = <*>, error =",Zookeeper,Unseen,"ciod: In packet from nodes <*> and <*> (<*>:<*>), message code <*> is not <*> or <*> (softheader=<*> <*> <*> <*>)",1.8997929096221924
"Connection broken for id 188978561024, my id = 3, error =","Connection broken for id <*>, my id = <*>, error =",Zookeeper,Unseen,"ciod: In packet from nodes <*> and <*> (<*>:<*>), message code <*> is not <*> or <*> (softheader=<*> <*> <*> <*>)",1.8980140686035156
"Connection broken for id 188978561024, my id = 3, error =","Connection broken for id <*>, my id = <*>, error =",Zookeeper,Unseen,"ciod: In packet from nodes <*> and <*> (<*>:<*>), message code <*> is not <*> or <*> (softheader=<*> <*> <*> <*>)",1.9022436141967773
"Connection broken for id 188978561024, my id = 3, error =","Connection broken for id <*>, my id = <*>, error =",Zookeeper,Unseen,"ciod: In packet from nodes <*> and <*> (<*>:<*>), message code <*> is not <*> or <*> (softheader=<*> <*> <*> <*>)",1.902879238128662
"Connection broken for id 188978561024, my id = 3, error =","Connection broken for id <*>, my id = <*>, error =",Zookeeper,Unseen,"ciod: In packet from nodes <*> and <*> (<*>:<*>), message code <*> is not <*> or <*> (softheader=<*> <*> <*> <*>)",1.909111738204956
"Connection broken for id 188978561024, my id = 3, error =","Connection broken for id <*>, my id = <*>, error =",Zookeeper,Unseen,"ciod: In packet from nodes <*> and <*> (<*>:<*>), message code <*> is not <*> or <*> (softheader=<*> <*> <*> <*>)",1.9679019451141357
"Connection broken for id 188978561024, my id = 3, error =","Connection broken for id <*>, my id = <*>, error =",Zookeeper,Unseen,"ciod: In packet from nodes <*> and <*> (<*>:<*>), message code <*> is not <*> or <*> (softheader=<*> <*> <*> <*>)",1.9051706790924072
"Connection broken for id 188978561024, my id = 3, error =","Connection broken for id <*>, my id = <*>, error =",Zookeeper,Unseen,"ciod: In packet from nodes <*> and <*> (<*>:<*>), message code <*> is not <*> or <*> (softheader=<*> <*> <*> <*>)",1.8981356620788574
"Connection broken for id 188978561024, my id = 3, error =","Connection broken for id <*>, my id = <*>, error =",Zookeeper,Unseen,"ciod: In packet from nodes <*> and <*> (<*>:<*>), message code <*> is not <*> or <*> (softheader=<*> <*> <*> <*>)",1.8901562690734863
"Connection broken for id 188978561024, my id = 3, error =","Connection broken for id <*>, my id = <*>, error =",Zookeeper,Unseen,"ciod: In packet from nodes <*> and <*> (<*>:<*>), message code <*> is not <*> or <*> (softheader=<*> <*> <*> <*>)",1.8995656967163086
"Connection broken for id 188978561024, my id = 3, error =","Connection broken for id <*>, my id = <*>, error =",Zookeeper,Unseen,"ciod: In packet from nodes <*> and <*> (<*>:<*>), message code <*> is not <*> or <*> (softheader=<*> <*> <*> <*>)",1.8890399932861328
"Connection broken for id 188978561024, my id = 3, error =","Connection broken for id <*>, my id = <*>, error =",Zookeeper,Unseen,"ciod: In packet from nodes <*> and <*> (<*>:<*>), message code <*> is not <*> or <*> (softheader=<*> <*> <*> <*>)",1.9128191471099854
"Connection broken for id 188978561024, my id = 3, error =","Connection broken for id <*>, my id = <*>, error =",Zookeeper,Unseen,"ciod: In packet from nodes <*> and <*> (<*>:<*>), message code <*> is not <*> or <*> (softheader=<*> <*> <*> <*>)",1.887603521347046
"Connection broken for id 188978561024, my id = 3, error =","Connection broken for id <*>, my id = <*>, error =",Zookeeper,Unseen,"ciod: In packet from nodes <*> and <*> (<*>:<*>), message code <*> is not <*> or <*> (softheader=<*> <*> <*> <*>)",1.89756441116333
"Connection broken for id 188978561024, my id = 3, error =","Connection broken for id <*>, my id = <*>, error =",Zookeeper,Unseen,"ciod: In packet from nodes <*> and <*> (<*>:<*>), message code <*> is not <*> or <*> (softheader=<*> <*> <*> <*>)",1.9011411666870117
"Connection broken for id 188978561024, my id = 3, error =","Connection broken for id <*>, my id = <*>, error =",Zookeeper,Unseen,"ciod: In packet from nodes <*> and <*> (<*>:<*>), message code <*> is not <*> or <*> (softheader=<*> <*> <*> <*>)",1.8910784721374512
"Connection broken for id 188978561024, my id = 3, error =","Connection broken for id <*>, my id = <*>, error =",Zookeeper,Unseen,"ciod: In packet from nodes <*> and <*> (<*>:<*>), message code <*> is not <*> or <*> (softheader=<*> <*> <*> <*>)",1.8921349048614502
"Connection broken for id 188978561024, my id = 3, error =","Connection broken for id <*>, my id = <*>, error =",Zookeeper,Unseen,"ciod: In packet from nodes <*> and <*> (<*>:<*>), message code <*> is not <*> or <*> (softheader=<*> <*> <*> <*>)",1.929161787033081
"Connection broken for id 188978561024, my id = 3, error =","Connection broken for id <*>, my id = <*>, error =",Zookeeper,Unseen,"ciod: In packet from nodes <*> and <*> (<*>:<*>), message code <*> is not <*> or <*> (softheader=<*> <*> <*> <*>)",1.8859264850616455
"Connection broken for id 188978561024, my id = 3, error =","Connection broken for id <*>, my id = <*>, error =",Zookeeper,Unseen,"ciod: In packet from nodes <*> and <*> (<*>:<*>), message code <*> is not <*> or <*> (softheader=<*> <*> <*> <*>)",1.8902592658996582
"Connection broken for id 188978561024, my id = 3, error =","Connection broken for id <*>, my id = <*>, error =",Zookeeper,Unseen,"ciod: In packet from nodes <*> and <*> (<*>:<*>), message code <*> is not <*> or <*> (softheader=<*> <*> <*> <*>)",1.889122486114502
"Connection broken for id 188978561024, my id = 3, error =","Connection broken for id <*>, my id = <*>, error =",Zookeeper,Unseen,"ciod: In packet from nodes <*> and <*> (<*>:<*>), message code <*> is not <*> or <*> (softheader=<*> <*> <*> <*>)",1.8883416652679443
"Connection broken for id 188978561024, my id = 3, error =","Connection broken for id <*>, my id = <*>, error =",Zookeeper,Unseen,"ciod: In packet from nodes <*> and <*> (<*>:<*>), message code <*> is not <*> or <*> (softheader=<*> <*> <*> <*>)",1.893235683441162
"Connection broken for id 188978561024, my id = 3, error =","Connection broken for id <*>, my id = <*>, error =",Zookeeper,Unseen,"ciod: In packet from nodes <*> and <*> (<*>:<*>), message code <*> is not <*> or <*> (softheader=<*> <*> <*> <*>)",1.9523091316223145
"Connection broken for id 188978561024, my id = 3, error =","Connection broken for id <*>, my id = <*>, error =",Zookeeper,Unseen,"ciod: In packet from nodes <*> and <*> (<*>:<*>), message code <*> is not <*> or <*> (softheader=<*> <*> <*> <*>)",1.8971004486083984
"Connection broken for id 188978561024, my id = 3, error =","Connection broken for id <*>, my id = <*>, error =",Zookeeper,Unseen,"ciod: In packet from nodes <*> and <*> (<*>:<*>), message code <*> is not <*> or <*> (softheader=<*> <*> <*> <*>)",1.8909239768981934
"Connection broken for id 188978561024, my id = 3, error =","Connection broken for id <*>, my id = <*>, error =",Zookeeper,Unseen,"ciod: In packet from nodes <*> and <*> (<*>:<*>), message code <*> is not <*> or <*> (softheader=<*> <*> <*> <*>)",1.8917758464813232
"Connection broken for id 188978561024, my id = 3, error =","Connection broken for id <*>, my id = <*>, error =",Zookeeper,Unseen,"ciod: In packet from nodes <*> and <*> (<*>:<*>), message code <*> is not <*> or <*> (softheader=<*> <*> <*> <*>)",1.8895213603973389
"Connection broken for id 188978561024, my id = 3, error =","Connection broken for id <*>, my id = <*>, error =",Zookeeper,Unseen,"ciod: In packet from nodes <*> and <*> (<*>:<*>), message code <*> is not <*> or <*> (softheader=<*> <*> <*> <*>)",1.8909778594970703
"Connection broken for id 188978561024, my id = 3, error =","Connection broken for id <*>, my id = <*>, error =",Zookeeper,Unseen,"ciod: In packet from nodes <*> and <*> (<*>:<*>), message code <*> is not <*> or <*> (softheader=<*> <*> <*> <*>)",1.9184644222259521
"Connection broken for id 188978561024, my id = 3, error =","Connection broken for id <*>, my id = <*>, error =",Zookeeper,Unseen,"ciod: In packet from nodes <*> and <*> (<*>:<*>), message code <*> is not <*> or <*> (softheader=<*> <*> <*> <*>)",1.8893318176269531
"Connection broken for id 188978561024, my id = 3, error =","Connection broken for id <*>, my id = <*>, error =",Zookeeper,Unseen,"ciod: In packet from nodes <*> and <*> (<*>:<*>), message code <*> is not <*> or <*> (softheader=<*> <*> <*> <*>)",1.8891210556030273
"Connection broken for id 188978561024, my id = 3, error =","Connection broken for id <*>, my id = <*>, error =",Zookeeper,Unseen,"ciod: In packet from nodes <*> and <*> (<*>:<*>), message code <*> is not <*> or <*> (softheader=<*> <*> <*> <*>)",1.8898966312408447
"Connection broken for id 188978561024, my id = 3, error =","Connection broken for id <*>, my id = <*>, error =",Zookeeper,Unseen,"ciod: In packet from nodes <*> and <*> (<*>:<*>), message code <*> is not <*> or <*> (softheader=<*> <*> <*> <*>)",1.891442060470581
"Connection broken for id 188978561024, my id = 3, error =","Connection broken for id <*>, my id = <*>, error =",Zookeeper,Unseen,"ciod: In packet from nodes <*> and <*> (<*>:<*>), message code <*> is not <*> or <*> (softheader=<*> <*> <*> <*>)",1.891723871231079
"Connection broken for id 188978561024, my id = 3, error =","Connection broken for id <*>, my id = <*>, error =",Zookeeper,Unseen,"ciod: In packet from nodes <*> and <*> (<*>:<*>), message code <*> is not <*> or <*> (softheader=<*> <*> <*> <*>)",1.9192781448364258
"Connection broken for id 188978561024, my id = 3, error =","Connection broken for id <*>, my id = <*>, error =",Zookeeper,Unseen,"ciod: In packet from nodes <*> and <*> (<*>:<*>), message code <*> is not <*> or <*> (softheader=<*> <*> <*> <*>)",1.8856561183929443
"Connection broken for id 188978561024, my id = 3, error =","Connection broken for id <*>, my id = <*>, error =",Zookeeper,Unseen,"ciod: In packet from nodes <*> and <*> (<*>:<*>), message code <*> is not <*> or <*> (softheader=<*> <*> <*> <*>)",1.8863463401794434
"Connection broken for id 188978561024, my id = 3, error =","Connection broken for id <*>, my id = <*>, error =",Zookeeper,Unseen,"ciod: In packet from nodes <*> and <*> (<*>:<*>), message code <*> is not <*> or <*> (softheader=<*> <*> <*> <*>)",1.8893156051635742
"Connection broken for id 188978561024, my id = 3, error =","Connection broken for id <*>, my id = <*>, error =",Zookeeper,Unseen,"ciod: In packet from nodes <*> and <*> (<*>:<*>), message code <*> is not <*> or <*> (softheader=<*> <*> <*> <*>)",1.899533748626709
"Connection broken for id 188978561024, my id = 3, error =","Connection broken for id <*>, my id = <*>, error =",Zookeeper,Unseen,"ciod: In packet from nodes <*> and <*> (<*>:<*>), message code <*> is not <*> or <*> (softheader=<*> <*> <*> <*>)",1.892458200454712
"Connection broken for id 188978561024, my id = 3, error =","Connection broken for id <*>, my id = <*>, error =",Zookeeper,Unseen,"ciod: In packet from nodes <*> and <*> (<*>:<*>), message code <*> is not <*> or <*> (softheader=<*> <*> <*> <*>)",1.9265174865722656
"Connection broken for id 188978561024, my id = 3, error =","Connection broken for id <*>, my id = <*>, error =",Zookeeper,Unseen,"ciod: In packet from nodes <*> and <*> (<*>:<*>), message code <*> is not <*> or <*> (softheader=<*> <*> <*> <*>)",1.8913724422454834
"Connection broken for id 188978561024, my id = 3, error =","Connection broken for id <*>, my id = <*>, error =",Zookeeper,Unseen,"ciod: In packet from nodes <*> and <*> (<*>:<*>), message code <*> is not <*> or <*> (softheader=<*> <*> <*> <*>)",1.8982455730438232
"Connection broken for id 188978561024, my id = 3, error =","Connection broken for id <*>, my id = <*>, error =",Zookeeper,Unseen,"ciod: In packet from nodes <*> and <*> (<*>:<*>), message code <*> is not <*> or <*> (softheader=<*> <*> <*> <*>)",1.899564266204834
"Connection broken for id 188978561024, my id = 3, error =","Connection broken for id <*>, my id = <*>, error =",Zookeeper,Unseen,"ciod: In packet from nodes <*> and <*> (<*>:<*>), message code <*> is not <*> or <*> (softheader=<*> <*> <*> <*>)",1.8981165885925293
"Connection broken for id 188978561024, my id = 3, error =","Connection broken for id <*>, my id = <*>, error =",Zookeeper,Unseen,"ciod: In packet from nodes <*> and <*> (<*>:<*>), message code <*> is not <*> or <*> (softheader=<*> <*> <*> <*>)",1.902104139328003
"Connection broken for id 188978561024, my id = 3, error =","Connection broken for id <*>, my id = <*>, error =",Zookeeper,Unseen,"ciod: In packet from nodes <*> and <*> (<*>:<*>), message code <*> is not <*> or <*> (softheader=<*> <*> <*> <*>)",1.9517858028411865
"Connection broken for id 188978561024, my id = 3, error =","Connection broken for id <*>, my id = <*>, error =",Zookeeper,Unseen,"ciod: In packet from nodes <*> and <*> (<*>:<*>), message code <*> is not <*> or <*> (softheader=<*> <*> <*> <*>)",1.8983721733093262
"Connection broken for id 188978561024, my id = 3, error =","Connection broken for id <*>, my id = <*>, error =",Zookeeper,Unseen,"ciod: In packet from nodes <*> and <*> (<*>:<*>), message code <*> is not <*> or <*> (softheader=<*> <*> <*> <*>)",1.8922340869903564
"Connection broken for id 188978561024, my id = 3, error =","Connection broken for id <*>, my id = <*>, error =",Zookeeper,Unseen,"ciod: In packet from nodes <*> and <*> (<*>:<*>), message code <*> is not <*> or <*> (softheader=<*> <*> <*> <*>)",1.8997464179992676
"Connection broken for id 188978561024, my id = 3, error =","Connection broken for id <*>, my id = <*>, error =",Zookeeper,Unseen,"ciod: In packet from nodes <*> and <*> (<*>:<*>), message code <*> is not <*> or <*> (softheader=<*> <*> <*> <*>)",1.9002127647399902
"Connection broken for id 188978561024, my id = 3, error =","Connection broken for id <*>, my id = <*>, error =",Zookeeper,Unseen,"ciod: In packet from nodes <*> and <*> (<*>:<*>), message code <*> is not <*> or <*> (softheader=<*> <*> <*> <*>)",1.898730754852295
"Connection broken for id 188978561024, my id = 3, error =","Connection broken for id <*>, my id = <*>, error =",Zookeeper,Unseen,"ciod: In packet from nodes <*> and <*> (<*>:<*>), message code <*> is not <*> or <*> (softheader=<*> <*> <*> <*>)",1.9532487392425537
"Connection broken for id 188978561024, my id = 3, error =","Connection broken for id <*>, my id = <*>, error =",Zookeeper,Unseen,"ciod: In packet from nodes <*> and <*> (<*>:<*>), message code <*> is not <*> or <*> (softheader=<*> <*> <*> <*>)",1.9000322818756104
"Connection broken for id 188978561024, my id = 3, error =","Connection broken for id <*>, my id = <*>, error =",Zookeeper,Unseen,"ciod: In packet from nodes <*> and <*> (<*>:<*>), message code <*> is not <*> or <*> (softheader=<*> <*> <*> <*>)",1.9089767932891846
"Connection broken for id 188978561024, my id = 3, error =","Connection broken for id <*>, my id = <*>, error =",Zookeeper,Unseen,"ciod: In packet from nodes <*> and <*> (<*>:<*>), message code <*> is not <*> or <*> (softheader=<*> <*> <*> <*>)",1.9002926349639893
"Connection broken for id 188978561024, my id = 3, error =","Connection broken for id <*>, my id = <*>, error =",Zookeeper,Unseen,"ciod: In packet from nodes <*> and <*> (<*>:<*>), message code <*> is not <*> or <*> (softheader=<*> <*> <*> <*>)",1.897165060043335
"Connection broken for id 188978561024, my id = 3, error =","Connection broken for id <*>, my id = <*>, error =",Zookeeper,Unseen,"ciod: In packet from nodes <*> and <*> (<*>:<*>), message code <*> is not <*> or <*> (softheader=<*> <*> <*> <*>)",1.9021012783050537
"Connection broken for id 188978561024, my id = 3, error =","Connection broken for id <*>, my id = <*>, error =",Zookeeper,Unseen,"ciod: In packet from nodes <*> and <*> (<*>:<*>), message code <*> is not <*> or <*> (softheader=<*> <*> <*> <*>)",1.9767851829528809
"Connection broken for id 188978561024, my id = 3, error =","Connection broken for id <*>, my id = <*>, error =",Zookeeper,Unseen,"ciod: In packet from nodes <*> and <*> (<*>:<*>), message code <*> is not <*> or <*> (softheader=<*> <*> <*> <*>)",1.9022870063781738
"Connection broken for id 188978561024, my id = 3, error =","Connection broken for id <*>, my id = <*>, error =",Zookeeper,Unseen,"ciod: In packet from nodes <*> and <*> (<*>:<*>), message code <*> is not <*> or <*> (softheader=<*> <*> <*> <*>)",1.9088773727416992
"Connection broken for id 188978561024, my id = 3, error =","Connection broken for id <*>, my id = <*>, error =",Zookeeper,Unseen,"ciod: In packet from nodes <*> and <*> (<*>:<*>), message code <*> is not <*> or <*> (softheader=<*> <*> <*> <*>)",1.8981473445892334
"Connection broken for id 188978561024, my id = 3, error =","Connection broken for id <*>, my id = <*>, error =",Zookeeper,Unseen,"ciod: In packet from nodes <*> and <*> (<*>:<*>), message code <*> is not <*> or <*> (softheader=<*> <*> <*> <*>)",1.8991754055023193
"Connection broken for id 188978561024, my id = 3, error =","Connection broken for id <*>, my id = <*>, error =",Zookeeper,Unseen,"ciod: In packet from nodes <*> and <*> (<*>:<*>), message code <*> is not <*> or <*> (softheader=<*> <*> <*> <*>)",1.8975136280059814
"Connection broken for id 188978561024, my id = 3, error =","Connection broken for id <*>, my id = <*>, error =",Zookeeper,Unseen,"ciod: In packet from nodes <*> and <*> (<*>:<*>), message code <*> is not <*> or <*> (softheader=<*> <*> <*> <*>)",1.9453999996185303
"Connection broken for id 188978561024, my id = 3, error =","Connection broken for id <*>, my id = <*>, error =",Zookeeper,Unseen,"ciod: In packet from nodes <*> and <*> (<*>:<*>), message code <*> is not <*> or <*> (softheader=<*> <*> <*> <*>)",1.9021623134613037
"Connection broken for id 188978561024, my id = 3, error =","Connection broken for id <*>, my id = <*>, error =",Zookeeper,Unseen,"ciod: In packet from nodes <*> and <*> (<*>:<*>), message code <*> is not <*> or <*> (softheader=<*> <*> <*> <*>)",1.9009044170379639
"Connection broken for id 188978561024, my id = 3, error =","Connection broken for id <*>, my id = <*>, error =",Zookeeper,Unseen,"ciod: In packet from nodes <*> and <*> (<*>:<*>), message code <*> is not <*> or <*> (softheader=<*> <*> <*> <*>)",1.9069666862487793
"Connection broken for id 188978561024, my id = 3, error =","Connection broken for id <*>, my id = <*>, error =",Zookeeper,Unseen,"ciod: In packet from nodes <*> and <*> (<*>:<*>), message code <*> is not <*> or <*> (softheader=<*> <*> <*> <*>)",1.8956208229064941
"Connection broken for id 188978561024, my id = 3, error =","Connection broken for id <*>, my id = <*>, error =",Zookeeper,Unseen,"ciod: In packet from nodes <*> and <*> (<*>:<*>), message code <*> is not <*> or <*> (softheader=<*> <*> <*> <*>)",1.8895595073699951
"Connection broken for id 188978561024, my id = 3, error =","Connection broken for id <*>, my id = <*>, error =",Zookeeper,Unseen,"ciod: In packet from nodes <*> and <*> (<*>:<*>), message code <*> is not <*> or <*> (softheader=<*> <*> <*> <*>)",1.9524986743927002
"Connection broken for id 1, my id = 3, error =","Connection broken for id <*>, my id = <*>, error =",Zookeeper,Unseen,"ciod: In packet from nodes <*> and <*> (<*>:<*>), message code <*> is not <*> or <*> (softheader=<*> <*> <*> <*>)",1.8945610523223877
minSessionTimeout set to -1,minSessionTimeout set to <*>,Zookeeper,Unseen,"Error = , LOGIN chdir(<*>) failed: No such file at <*>:<*> point [<*>], connect to proxy <*>:<*> to renew session (<*>)
ciod: In packet from nodes <*> and <*> (<*>:<*>), message code <*> is not <*> or <*> (softheader=<*> <*> <*> <*>)",3.6932969093322754
Server environment:os.name=Linux,Server environment:<*>,Zookeeper,Unseen,"Extracted template: Error = , LOGIN chdir(<*>) failed: No such file at <*>:<*> point [<*>], connect to proxy <*>:<*> to renew session (<*>)

### Explanation:
The extracted template is:
Error = , LOGIN chdir(<*>) failed: No such file at <*>:<*> point [<*>], connect to proxy <*>:<*> to renew session (<*>)

### Example 3:
Log message: ciod: In packet from nodes",5.102742671966553
Server environment:user.name=zookeeper,Server environment:<*>,Zookeeper,Unseen,"zookeeper: In packet from nodes <*> and <*> (<*>:<*>), message code <*> is not <*> or <*> (softheader=<*> <*> <*> <*>)",1.9720025062561035
minSessionTimeout set to -1,minSessionTimeout set to <*>,Zookeeper,Unseen,"Error = , LOGIN chdir(<*>) failed: No such file at <*>:<*> point [<*>], connect to proxy <*>:<*> to renew session (<*>)
ciod: In packet from nodes <*> and <*> (<*>:<*>), message code <*> is not <*> or <*> (softheader=<*> <*> <*> <*>)",3.6994781494140625
Server environment:java.home=/usr/lib/jvm/java-7-openjdk-amd64/jre,Server environment:<*>,Zookeeper,Unseen,"```
ciod: In packet from nodes <*> and <*> (<*>:<*>), message code <*> is not <*> or <*> (softheader=<*> <*> <*> <*>)
```",2.19204044342041
